record_type,ticker,anchor_year,cohort,guidance_issued_period,guidance_issued_year,target_period,guidance_category,metric_key,metric_label,metric_label_original,business_scope,guidance_text,guidance_value_raw,guidance_value_normalized,actual_period,actual_text,actual_value_raw,actual_value_normalized,verdict,explanation,confidence,revision_group,is_primary_guidance,unresolved_reason,guidance_source_type,guidance_source_label,guidance_source_url,actual_source_type,actual_source_label,actual_source_url
comparison,TSLA,2020,outside anchor-year cohorts,TSLA_Q1_2019,2019,FY2019,operating,deliveries,Deliveries,Deliveries in April 2019,consolidated,I will also note that we are tracking in April to the largest amount of deliveries from month 1 in the history of the company.,largest amount of deliveries from month 1 in company history,"{""low"": 1.0, ""high"": 1.0, ""value"": 1.0, ""unit"": ""number"", ""direction"": ""exact"", ""raw"": ""largest amount of deliveries from month 1 in company history""}",,,,,Not Verifiable After Exhaustive Search,explicit target-period evidence,low,deliveries_consolidated_fy2019,False,,transcript,TSLA_Q1_2019,,,,
comparison,TSLA,2020,outside anchor-year cohorts,TSLA_Q1_2019,2019,Q2 FY2019,operating,deliveries,Deliveries,Deliveries in Q2,consolidated,"Pierre Ferragu And my follow-up was really on Q2 like with 90,000 to 100,000 units you are getting back to fairly nice volumes and I am surprised you don’t – you just still expect a loss.","90,000 to 100,000 units","{""low"": 90000.0, ""high"": 100000.0, ""value"": 90000.0, ""unit"": ""number"", ""direction"": ""range"", ""raw"": ""90,000 to 100,000 units""}",Q2 FY2019,"And as we noted in our Q2 production and delivery release, our order backlog increased over the course of Q2.",2,"{""low"": 2.0, ""high"": 2.0, ""value"": 2.0, ""unit"": ""number"", ""direction"": ""exact"", ""raw"": ""2""}",Not Verifiable After Exhaustive Search,explicit target-period evidence,high,deliveries_consolidated_q2_fy2019,True,,transcript,TSLA_Q1_2019,,transcript,TSLA_Q2_2019,
comparison,TSLA,2020,outside anchor-year cohorts,TSLA_Q1_2019,2019,Q2 FY2019,operating,production,Production,Production rate of Model S and X,consolidated,"So just for the pervasive expectations, we will exit Q2 at a higher production rate than we did in Q1 on S and X and then return back to a more normal volume in Q3.","increase over Q1, higher exit rate in Q2 than Q1","{""low"": null, ""high"": null, ""value"": null, ""unit"": null, ""direction"": ""above"", ""raw"": ""increase over Q1, higher exit rate in Q2 than Q1""}",Q2 FY2019,"We had the regional service heads of U.S. at the factory last week, and it was incredibly helpful, just a closed loop on with service and production and with the software team.",,"{""low"": null, ""high"": null, ""value"": null, ""unit"": null, ""direction"": ""exact"", ""raw"": ""We had the regional service heads of U.S. at the factory last week, and it was incredibly helpful, just a closed loop on with service and production and with the software team.""}",Not Verifiable After Exhaustive Search,explicit target-period evidence,high,production_consolidated_q2_fy2019,True,,transcript,TSLA_Q1_2019,,transcript,TSLA_Q2_2019,
comparison,TSLA,2020,outside anchor-year cohorts,TSLA_Q1_2019,2019,FY2019,other assessable company-level guidance,powerwall_powerpack_growth,Powerwall Powerpack Growth,Powerwall and Powerpack growth,product:powerwall,"So, we expect that Powerwall and Powerpack to see a very significant percentage growth this year maybe on the order of 300% or some quite high number.",~300% growth,"{""low"": 300.0, ""high"": 300.0, ""value"": 300.0, ""unit"": ""percent"", ""direction"": ""exact"", ""raw"": ""~300% growth""}",,,,,Not Verifiable After Exhaustive Search,explicit target-period evidence,low,powerwall_powerpack_growth_product_powerwall_fy2019,True,,transcript,TSLA_Q1_2019,,,,
comparison,TSLA,2020,outside anchor-year cohorts,TSLA_Q1_2019,2019,Q3 FY2019,financial,profitability_timing,Profitability timing,Return to profitability,consolidated,"The teams are working extremely hard and making terrific progress on improving the cost efficiency of the business without sacrificing growth and that in combination with the efficiencies from unwinding the wave, is where we feel we will be comfortable returning to a place of profitability in Q3 once all of those pieces are in place.",return to profitability in Q3 2019,"{""low"": 2019.0, ""high"": 2019.0, ""value"": 2019.0, ""unit"": ""number"", ""direction"": ""exact"", ""raw"": ""return to profitability in Q3 2019""}",,,,,Not Verifiable After Exhaustive Search,explicit target-period evidence,low,profitability_timing_consolidated_q3_fy2019,False,,transcript,TSLA_Q1_2019,,,,
comparison,TSLA,2020,outside anchor-year cohorts,TSLA_Q2_2019,2019,,financial,gross_margin,Gross margin,Model 3 gross margin growth,product:model_3,"And so, overall in that our expectation is that the Model 3 gross margin will continue to grow.",expect continued growth,"{""low"": null, ""high"": null, ""value"": null, ""unit"": null, ""direction"": ""exact"", ""raw"": ""expect continued growth""}",,,,,Not Verifiable After Exhaustive Search,no defensible target period,low,gross_margin_product_model_3_unresolved,False,,transcript,TSLA_Q2_2019,,,,
comparison,TSLA,2020,outside anchor-year cohorts,TSLA_Q2_2019,2019,FY2019,financial,revenue,Revenue,Full self-driving revenue recognition and take rate,consolidated,"But as those features roll out, I would expect the take rate for full self-driving to increase significantly as well as the recognition -- revenue recognition for full self-driving to obviously match the roll out of the product.",increase over time with feature rollout,"{""low"": null, ""high"": null, ""value"": null, ""unit"": null, ""direction"": ""above"", ""raw"": ""increase over time with feature rollout""}",FY2019,"Under the terms of the arrangement, we are required to meet a cumulative capital expenditure target and an annual tax revenue target starting at the end of 2023, which we believe will be attainable even if our actual vehicle production at Gigafactory Shanghai were far lower than the volumes we are forecasting.","2023,","{""low"": 2023.0, ""high"": 2023.0, ""value"": 2023.0, ""unit"": ""number"", ""direction"": ""exact"", ""raw"": ""2023,""}",Not Verifiable After Exhaustive Search,explicit target-period evidence,high,revenue_consolidated_fy2019,True,,transcript,TSLA_Q2_2019,,filing,10-K FY2019 — ITEM 1. BUSINESS,
comparison,TSLA,2020,outside anchor-year cohorts,TSLA_Q2_2019,2019,Q4 FY2019,operating,production,Production,Model 3 Volume Production in Gigafactory Shanghai,product:model_3,"By the end of this year, we will -- we expect to be producing Model 3s in volume out of Gigafactory Shanghai.",volume production by end of 2019,"{""low"": 2019.0, ""high"": 2019.0, ""value"": 2019.0, ""unit"": ""number"", ""direction"": ""exact"", ""raw"": ""volume production by end of 2019""}",,,,,Not Verifiable After Exhaustive Search,explicit target-period evidence,low,production_product_model_3_q4_fy2019,True,,transcript,TSLA_Q2_2019,,,,
comparison,TSLA,2020,outside anchor-year cohorts,TSLA_Q2_2019,2019,Q3 FY2019,financial,profitability_timing,Profitability timing,Profitability,consolidated,"From a profitability standpoint, we expect to be probably around breakeven this quarter and profitable next quarter, so that's -- I feel pretty confident about that.","breakeven this quarter, profitable next quarter","{""low"": null, ""high"": null, ""value"": null, ""unit"": null, ""direction"": ""exact"", ""raw"": ""breakeven this quarter, profitable next quarter""}",,,,,Not Verifiable After Exhaustive Search,explicit target-period evidence,low,profitability_timing_consolidated_q3_fy2019,True,,transcript,TSLA_Q2_2019,,,,
comparison,TSLA,2020,outside anchor-year cohorts,TSLA_Q2_2019,2019,FY2019,operating,deliveries,Deliveries,Vehicle Deliveries,consolidated,"From a profitability standpoint, we expect to be probably around breakeven this quarter and profitable next quarter, so that's -- I feel pretty confident about that.","360,000 to 400,000 deliveries","{""low"": 360000.0, ""high"": 400000.0, ""value"": 360000.0, ""unit"": ""number"", ""direction"": ""range"", ""raw"": ""360,000 to 400,000 deliveries""}",FY2019,"The increase was partially offset by a decrease of 30,487 Model S and Model X cash deliveries.",137969,"{""low"": 137969.0, ""high"": 137969.0, ""value"": 137969.0, ""unit"": ""number"", ""direction"": ""exact"", ""raw"": ""137969""}",Not Verifiable After Exhaustive Search,explicit target-period evidence,high,deliveries_consolidated_fy2019,True,,transcript,TSLA_Q2_2019,,filing,10-K FY2019 — ITEM 3. LEGAL PROCEEDINGS,
comparison,TSLA,2020,outside anchor-year cohorts,TSLA_Q2_2019,2019,,financial,gross_margin,Gross margin,Gross Margin,consolidated,"Long term, like, in terms of vernacular that 30% gross margin is I think quite likely.",30%,"{""low"": 30.0, ""high"": 30.0, ""value"": 30.0, ""unit"": ""percent"", ""direction"": ""exact"", ""raw"": ""30%""}",,,,,Not Verifiable After Exhaustive Search,no defensible target period,low,gross_margin_consolidated_unresolved,False,,transcript,TSLA_Q2_2019,,,,
comparison,TSLA,2020,outside anchor-year cohorts,TSLA_Q2_2019,2019,FY2019,operating,production,Production,Gigafactory Shanghai production and Model Y production,product:model_y,"Model Y will be in production, addressing the most popular vehicle segment.",Gigafactory Shanghai producing at scale; Model Y in production; European Gigafactory underway,"{""low"": null, ""high"": null, ""value"": null, ""unit"": null, ""direction"": ""exact"", ""raw"": ""Gigafactory Shanghai producing at scale; Model Y in production; European Gigafactory underway""}",,,,,Not Verifiable After Exhaustive Search,explicit target-period evidence,low,production_product_model_y_fy2019,True,,transcript,TSLA_Q2_2019,,,,
comparison,TSLA,2020,outside anchor-year cohorts,TSLA_Q2_2019,2019,,operating,production,Production,Model Y Production Start,product:model_3,"Since Model Y has high component overlap with Model 3, it should be -- we expect it to be a lot easier to ramp.","preparations begun, ramp expected easier due to 75% parts commonality with Model 3","{""low"": 3.0, ""high"": 75.0, ""value"": 75.0, ""unit"": ""percent"", ""direction"": ""range"", ""raw"": ""preparations begun, ramp expected easier due to 75% parts commonality with Model 3""}",,,,,Not Verifiable After Exhaustive Search,no defensible target period,low,production_product_model_3_unresolved,False,,transcript,TSLA_Q2_2019,,,,
comparison,TSLA,2020,outside anchor-year cohorts,TSLA_Q2_2019,2019,,operating,deliveries,Deliveries,Growth rate of deliveries,consolidated,"So just, I think, really great work by the Tesla team to achieve that outcome, and we expect growth to continue in the future at -- for several years to come at 50% to 100% level.",50% to 100% growth for several years,"{""low"": 50.0, ""high"": 100.0, ""value"": 50.0, ""unit"": ""percent"", ""direction"": ""range"", ""raw"": ""50% to 100% growth for several years""}",,,,,Not Verifiable After Exhaustive Search,no defensible target period,low,deliveries_consolidated_unresolved,False,,transcript,TSLA_Q2_2019,,,,
comparison,TSLA,2020,outside anchor-year cohorts,TSLA_Q2_2019,2019,,financial,free_cash_flow,Free cash flow,Free Cash Flow,consolidated,"So, it’s a very important milestone, and I think we believe Tesla has – is now at the point of being self-funding, and we expect to be cash flow -- free cash flow positive in future quarters with the possible temporary exceptions around the launch and ramp of new product.",expected free cash flow positive in future quarters with possible temporary exceptions,"{""low"": null, ""high"": null, ""value"": null, ""unit"": null, ""direction"": ""exact"", ""raw"": ""expected free cash flow positive in future quarters with possible temporary exceptions""}",,,,,Not Verifiable After Exhaustive Search,no defensible target period,low,free_cash_flow_consolidated_unresolved,False,,transcript,TSLA_Q2_2019,,,,
comparison,TSLA,2020,outside anchor-year cohorts,TSLA_Q2_2019,2019,FY2019,operating,stores,Stores / locations,Service center openings,consolidated,"Then in terms of increasing service resources, initially we're opening service centers as fast as we can and have already opened to 25 new service locations this quarter and that will increase -- the rate of service center opening will increase dramatically through the course of this year as well as more Mobile Service.",25 new service locations opened this quarter; rate of openings to increase dramatically,"{""low"": 25.0, ""high"": 25.0, ""value"": 25.0, ""unit"": ""number"", ""direction"": ""exact"", ""raw"": ""25 new service locations opened this quarter; rate of openings to increase dramatically""}",,,,,Not Verifiable After Exhaustive Search,explicit target-period evidence,low,stores_consolidated_fy2019,True,,transcript,TSLA_Q2_2019,,,,
comparison,TSLA,2020,outside anchor-year cohorts,TSLA_Q2_2019,2019,FY2019,financial,revenue_growth,Revenue growth,Full self-driving revenue and take rate,consolidated,"We seem to get the features done, make sure they are great, roll them out, and recognize revenue and increase the take rate on full self-driving.",targeting 25% non-GAAP gross margin for the year,"{""low"": 25.0, ""high"": 25.0, ""value"": 25.0, ""unit"": ""percent"", ""direction"": ""exact"", ""raw"": ""targeting 25% non-GAAP gross margin for the year""}",Q4 FY2019,"Elon Musk You know, we're not quite sure what's going to happen with, but it is true that Model X, the introduction of Model X actually increased Model S sales because you would come in, look at the Model X and they like said okay, I'd prefer the Sedan and we're worried that X sales would of course S sales drop there -- actually could increase.",,"{""low"": null, ""high"": null, ""value"": null, ""unit"": null, ""direction"": ""exact"", ""raw"": ""Elon Musk You know, we're not quite sure what's going to happen with, but it is true that Model X, the introduction of Model X actually increased Model S sales because you would come in, look at the Model X and they like said okay, I'd prefer the Sedan and we're worried that X sales would of course S sales drop there -- actually could increase.""}",Not Verifiable After Exhaustive Search,explicit target-period evidence,high,revenue_growth_consolidated_fy2019,True,,transcript,TSLA_Q2_2019,,transcript,TSLA_Q4_2019,
comparison,TSLA,2020,outside anchor-year cohorts,TSLA_Q3_2019,2019,FY2019,other assessable company-level guidance,gigafactory_shanghai_template,Gigafactory Shanghai Template,Gigafactory Shanghai as Template for Future Growth,consolidated,And Gigafactory Shanghai will become a template for future growth.,planning to build Gigafactory in Europe and announce location in 2019,"{""low"": 2019.0, ""high"": 2019.0, ""value"": 2019.0, ""unit"": ""number"", ""direction"": ""exact"", ""raw"": ""planning to build Gigafactory in Europe and announce location in 2019""}",,,,,Not Verifiable After Exhaustive Search,explicit target-period evidence,low,gigafactory_shanghai_template_consolidated_fy2019,True,,transcript,TSLA_Q3_2019,,,,
comparison,TSLA,2020,outside anchor-year cohorts,TSLA_Q3_2019,2019,Q3 FY2019,operating,production,Production,Model 3 Volume Production,product:model_3,"Elon Musk Yeah, we're in trial production of Model 3, basically sending cars through the system, and we're ramping rapidly.",expecting to hit volume production in a few months,"{""low"": null, ""high"": null, ""value"": null, ""unit"": null, ""direction"": ""exact"", ""raw"": ""expecting to hit volume production in a few months""}",,,,,Not Verifiable After Exhaustive Search,explicit target-period evidence,low,production_product_model_3_q3_fy2019,True,,transcript,TSLA_Q3_2019,,,,
comparison,TSLA,2020,prior-year guidance resolved in anchor year,TSLA_Q3_2019,2019,FY2020,product or milestone,product_milestone,Product / strategic milestone,Model Y Launch Timeline,product:model_y,"Regarding Model Y, we're also ahead of schedule on Model Y preparations in Fremont, and we've moved the launch timeline from full 2020 to summer 2020.",launch moved from full 2020 to summer 2020,"{""low"": 2020.0, ""high"": 2020.0, ""value"": 2020.0, ""unit"": ""currency"", ""direction"": ""between"", ""raw"": ""launch moved from full 2020 to summer 2020""}",,,,,Not Verifiable After Exhaustive Search,"The loaded transcript, filing-section, filing-table, and XBRL search matrix did not contain a defensible actual for the same metric, scope, unit, and target period. Missing evidence is not treated as a miss.",low,product_milestone_product_model_y_fy2020,True,,transcript,TSLA_Q3_2019,,,,
comparison,TSLA,2020,outside anchor-year cohorts,TSLA_Q3_2019,2019,Q4 FY2019,product or milestone,product_milestone,Product / strategic milestone,Ramp Inefficiencies Impact on Q4,segment:gigafactory shanghai,"The amount of that is hard to forecast, given that it's a different type of factory design than we did here in Fremont.",some ramp inefficiencies expected in Q4 2019,"{""low"": 2019.0, ""high"": 2019.0, ""value"": 2019.0, ""unit"": ""number"", ""direction"": ""exact"", ""raw"": ""some ramp inefficiencies expected in Q4 2019""}",,,,,Not Verifiable After Exhaustive Search,explicit target-period evidence,low,product_milestone_segment_gigafactory_shanghai_q4_fy2019,True,,transcript,TSLA_Q3_2019,,,,
comparison,TSLA,2020,outside anchor-year cohorts,TSLA_Q3_2019,2019,,other assessable company-level guidance,model_y_asp,Model Y Asp,Model Y Average Selling Price,product:model_3,"The part that we've worked very hard on is controlling the cost of Model Y, and our steady state forecast for that program puts the cost at roughly equivalent to Model 3.",slightly higher than Model 3,"{""low"": 3.0, ""high"": 3.0, ""value"": 3.0, ""unit"": ""number"", ""direction"": ""exact"", ""raw"": ""slightly higher than Model 3""}",,,,,Not Verifiable After Exhaustive Search,no defensible target period,low,model_y_asp_product_model_3_unresolved,False,,transcript,TSLA_Q3_2019,,,,
comparison,TSLA,2020,outside anchor-year cohorts,TSLA_Q3_2019,2019,,other assessable company-level guidance,model_y_cost,Model Y Cost,Model Y Cost,product:model_3,"The part that we've worked very hard on is controlling the cost of Model Y, and our steady state forecast for that program puts the cost at roughly equivalent to Model 3.",roughly equivalent to Model 3,"{""low"": 3.0, ""high"": 3.0, ""value"": 3.0, ""unit"": ""number"", ""direction"": ""approximately"", ""raw"": ""roughly equivalent to Model 3""}",,,,,Not Verifiable After Exhaustive Search,no defensible target period,low,model_y_cost_product_model_3_unresolved,False,,transcript,TSLA_Q3_2019,,,,
comparison,TSLA,2020,prior-year guidance resolved in anchor year,TSLA_Q4_2019,2019,FY2020,financial,gross_margin,Gross margin,Gross Margin,segment:shanghai model 3,"And so and I've said this on previous earnings calls, I think it's fair to expect margin coming out of the Shanghai facility to match the same margin for the vehicle in Fremont.",match the same margin for the vehicle in Fremont,"{""low"": null, ""high"": null, ""value"": null, ""unit"": null, ""direction"": ""exact"", ""raw"": ""match the same margin for the vehicle in Fremont""}",,,,,Not Verifiable After Exhaustive Search,"The loaded transcript, filing-section, filing-table, and XBRL search matrix did not contain a defensible actual for the same metric, scope, unit, and target period. Missing evidence is not treated as a miss.",low,gross_margin_segment_shanghai_model_3_fy2020,True,,transcript,TSLA_Q4_2019,,,,
comparison,TSLA,2020,prior-year guidance resolved in anchor year,TSLA_Q4_2019,2019,FY2020,operating,production,Production,Production Rate,segment:fremont factory,At our Fremont factory we're producing at a rate roughly the same as the NUMMI factory did in its record year of 2006 and obviously we expect to exceed that significantly this year.,expect to exceed the NUMMI factory record year of 2006 production rate significantly in 2020,"{""low"": 2006.0, ""high"": 2020.0, ""value"": 2006.0, ""unit"": ""currency"", ""direction"": ""range"", ""raw"": ""expect to exceed the NUMMI factory record year of 2006 production rate significantly in 2020""}",,,,,Not Verifiable After Exhaustive Search,"The loaded transcript, filing-section, filing-table, and XBRL search matrix did not contain a defensible actual for the same metric, scope, unit, and target period. Missing evidence is not treated as a miss.",low,production_segment_fremont_factory_fy2020,True,,transcript,TSLA_Q4_2019,,,,
comparison,TSLA,2020,prior-year guidance resolved in anchor year,TSLA_Q4_2019,2019,Q1 FY2020,operating,production,Production,Production Ramp Delay,product:model_3,"At this point, we're expecting a 1 to 1.5 week delay in the ramp of Shanghai built Model 3 due to a government required factory shutdown.",expecting 1 to 1.5 week delay in ramp due to government shutdown in early 2020,"{""low"": 1.0, ""high"": 1.5, ""value"": 1.0, ""unit"": ""number"", ""direction"": ""range"", ""raw"": ""expecting 1 to 1.5 week delay in ramp due to government shutdown in early 2020""}",Q1 FY2020,"Automotive—Production We have experienced early success with the production ramp of Model Y at the Fremont Factory, and we were able to manufacture more vehicles in less than a full quarter of production than either in the first six months of Model 3 production at Fremont or in the first quarter of Model 3 production at Gigafactory Shanghai.",3,"{""low"": 3.0, ""high"": 3.0, ""value"": 3.0, ""unit"": ""number"", ""direction"": ""exact"", ""raw"": ""3""}",Missed,The actual is outside the stated range.,high,production_product_model_3_q1_fy2020,True,,transcript,TSLA_Q4_2019,,filing,10-Q Q1 2020 — ITEM 1. FINANCIAL STATEMENTS — Note 15 – Segment Reporting and Information about Geographic Areas,
comparison,TSLA,2020,prior-year guidance resolved in anchor year,TSLA_Q4_2019,2019,FY2020,financial,operating_expenses,Operating expenses,Operating Expenses,consolidated,But I think we're at a point now where OpEx will start to tick up at least if you look annually from 2019 to 2020 to support our international footprint and then the growth of the company.,OpEx will start to tick up annually from 2019 to 2020 but grow significantly slower than revenue growth,"{""low"": 2019.0, ""high"": 2020.0, ""value"": 2019.0, ""unit"": ""number"", ""direction"": ""between"", ""raw"": ""OpEx will start to tick up annually from 2019 to 2020 but grow significantly slower than revenue growth""}",,,,,Not Verifiable After Exhaustive Search,"The loaded transcript, filing-section, filing-table, and XBRL search matrix did not contain a defensible actual for the same metric, scope, unit, and target period. Missing evidence is not treated as a miss.",low,operating_expenses_consolidated_fy2020,True,,transcript,TSLA_Q4_2019,,,,
comparison,TSLA,2020,prior-year guidance resolved in anchor year,TSLA_Q4_2019,2019,FY2020,other assessable company-level guidance,production_deliveries,Production Deliveries,Run Rate Production and Delivery,product:model_3,"This year for the Shanghai built Model 3, we expect to achieve run rate production and delivery rates.",expect to achieve run rate production and delivery rates in 2020,"{""low"": 2020.0, ""high"": 2020.0, ""value"": 2020.0, ""unit"": ""number"", ""direction"": ""exact"", ""raw"": ""expect to achieve run rate production and delivery rates in 2020""}",Q4 FY2020,"It's -- unfortunately, there were a few years there where we had to devote the whole company to Model 3 production and building.",3,"{""low"": 3.0, ""high"": 3.0, ""value"": 3.0, ""unit"": ""number"", ""direction"": ""exact"", ""raw"": ""3""}",Missed,The actual is below the stated point target.,high,production_deliveries_product_model_3_fy2020,True,,transcript,TSLA_Q4_2019,,transcript,TSLA_Q4_2020,
comparison,TSLA,2020,prior-year guidance resolved in anchor year,TSLA_Q4_2019,2019,FY2020,financial,capital_expenditure,Capital expenditure,Capital Spending,product:model_3,We are also seeing strong order rates for the locally-built Model 3 and remain focused on continuing the production ramp and managing costs.,anticipate significant progress on factory construction resulting in continued increases in capital spending in 2020,"{""low"": 2020.0, ""high"": 2020.0, ""value"": 2020.0, ""unit"": ""number"", ""direction"": ""exact"", ""raw"": ""anticipate significant progress on factory construction resulting in continued increases in capital spending in 2020""}",,,,,Not Verifiable After Exhaustive Search,"The loaded transcript, filing-section, filing-table, and XBRL search matrix did not contain a defensible actual for the same metric, scope, unit, and target period. Missing evidence is not treated as a miss.",low,capital_expenditure_product_model_3_fy2020,True,,transcript,TSLA_Q4_2019,,,,
comparison,TSLA,2020,outside anchor-year cohorts,TSLA_Q1_2020,2020,Q1 FY2020,financial,gross_margin,Gross margin,Gross Margin,segment:china standard range model 3,And we feel confident that that's will still be a vehicle that delivers a good gross margin.,confident vehicle will deliver good gross margin despite price reduction,"{""low"": null, ""high"": null, ""value"": null, ""unit"": null, ""direction"": ""exact"", ""raw"": ""confident vehicle will deliver good gross margin despite price reduction""}",,,,,Not Verifiable After Exhaustive Search,explicit target-period evidence,low,gross_margin_segment_china_standard_range_model_3_q1_fy2020,True,,transcript,TSLA_Q1_2020,,,,
comparison,TSLA,2020,outside anchor-year cohorts,TSLA_Q1_2020,2020,Q1 FY2020,other assessable company-level guidance,price,Price,Price Reduction,product:model_3,"And we're actually excited to announce on this call that we will be reducing the price of the standard range Model 3 basically tomorrow, China time.",reducing price of standard range Model 3 in China starting Q1 2020,"{""low"": 3.0, ""high"": 3.0, ""value"": 3.0, ""unit"": ""number"", ""direction"": ""exact"", ""raw"": ""reducing price of standard range Model 3 in China starting Q1 2020""}",,,,,Not Verifiable After Exhaustive Search,explicit target-period evidence,low,price_product_model_3_q1_fy2020,True,,transcript,TSLA_Q1_2020,,,,
comparison,TSLA,2020,anchor-year guidance resolved in following year,TSLA_Q1_2020,2020,FY2021,operating,production,Production,Annual Production Capacity,segment:north_america,"And we're really looking forward to being in sometime next year, a truly global manufacturer with major factories in North America, China and Europe and a capacity of well over 1 million units a year.",well over 1 million units a year,"{""low"": 1000000.0, ""high"": null, ""value"": 1000000.0, ""unit"": ""currency"", ""direction"": ""above"", ""raw"": ""well over 1 million units a year""}",,,,,Not Verifiable After Exhaustive Search,"The loaded transcript, filing-section, filing-table, and XBRL search matrix did not contain a defensible actual for the same metric, scope, unit, and target period. Missing evidence is not treated as a miss.",low,production_segment_north_america_fy2021,True,,transcript,TSLA_Q1_2020,,,,
comparison,TSLA,2020,outside anchor-year cohorts,TSLA_Q1_2020,2020,,other assessable company-level guidance,driving_range_miles,Driving Range Miles,Model S Driving Range,consolidated,"As soon as the EPA reopens for testing, we will redo the test, and we're actually confident that we will achieve a 400-mile-or-greater range with the Model S. But to be clear, the Model S, for the past two months -- the true range of the Model S for the past two months has been 400 miles.",400 miles or greater,"{""low"": 400.0, ""high"": 400.0, ""value"": 400.0, ""unit"": ""number"", ""direction"": ""exact"", ""raw"": ""400 miles or greater""}",,,,,Not Verifiable After Exhaustive Search,no defensible target period,low,driving_range_miles_consolidated_unresolved,False,,transcript,TSLA_Q1_2020,,,,
comparison,TSLA,2020,outside anchor-year cohorts,TSLA_Q1_2020,2020,,other assessable company-level guidance,marginal_cost,Marginal Cost,Marginal Cost of Model Y,product:model_3,"But for a five-seater Model Y, we expect marginal costs of that car to be comparable to the Model 3 once we have reached say, 10,000 or 20,000 units or something like that and…[Technical Difficulty].","marginal costs of that car to be comparable to the Model 3 once we have reached say, 10,000 or 20,000 units","{""low"": 3.0, ""high"": 10000.0, ""value"": 3.0, ""unit"": ""number"", ""direction"": ""range"", ""raw"": ""marginal costs of that car to be comparable to the Model 3 once we have reached say, 10,000 or 20,000 units""}",,,,,Not Verifiable After Exhaustive Search,no defensible target period,low,marginal_cost_product_model_3_unresolved,False,,transcript,TSLA_Q1_2020,,,,
comparison,TSLA,2020,outside anchor-year cohorts,TSLA_Q1_2020,2020,,capacity or infrastructure,capacity,Capacity,Model Y Capacity Improvement,product:model_3,Model Y in Shanghai and Berlin are proceeding as planned and we're making progress on improving capacity for Model Y in Fremont and Model 3 in Shanghai.,progress on improving capacity for Model Y in Fremont and Shanghai,"{""low"": null, ""high"": null, ""value"": null, ""unit"": null, ""direction"": ""exact"", ""raw"": ""progress on improving capacity for Model Y in Fremont and Shanghai""}",,,,,Not Verifiable After Exhaustive Search,no defensible target period,low,capacity_product_model_3_unresolved,False,,transcript,TSLA_Q1_2020,,,,
comparison,TSLA,2020,outside anchor-year cohorts,TSLA_Q1_2020,2020,Q1 FY2020,operating,production_volume,Production volume,Manufacturing Cost,segment:shanghai model 3,"So fixed cost absorption from higher production volumes, which are occurring in Q2 and will occur through the rest of the year were not fully localized on the supply chain yet.",cost of vehicles produced in Shanghai in Q1 2020 is already lower than Fremont production cost with further cost reduction opportunities,"{""low"": 2020.0, ""high"": 2020.0, ""value"": 2020.0, ""unit"": ""number"", ""direction"": ""exact"", ""raw"": ""cost of vehicles produced in Shanghai in Q1 2020 is already lower than Fremont production cost with further cost reduction opportunities""}",,,,,Not Verifiable After Exhaustive Search,explicit target-period evidence,low,production_volume_segment_shanghai_model_3_q1_fy2020,True,,transcript,TSLA_Q1_2020,,,,
comparison,TSLA,2020,outside anchor-year cohorts,TSLA_Q1_2020,2020,,capacity or infrastructure,capacity,Capacity,Model Y Capacity Expansion,consolidated,We're confident this product will be our best-selling product ever.,"continuing Model Y capacity expansion at full speed at Giga Berlin, Giga Shanghai and Fremont","{""low"": null, ""high"": null, ""value"": null, ""unit"": null, ""direction"": ""exact"", ""raw"": ""continuing Model Y capacity expansion at full speed at Giga Berlin, Giga Shanghai and Fremont""}",,,,,Not Verifiable After Exhaustive Search,no defensible target period,low,capacity_consolidated_unresolved,False,,transcript,TSLA_Q1_2020,,,,
comparison,TSLA,2020,outside anchor-year cohorts,TSLA_Q2_2020,2020,FY2020,other assessable company-level guidance,local_sourcing_percentage_china,Local Sourcing Percentage China,Local Sourcing Percentage in China,segment:china factory,"And I mean, the proportion of local sourcing has literally been rising at like 5% to 10% a month, from 40 -- it was like 40% at the beginning this year, something like that, it will be like 80% by the end of this year, maybe more.",local sourcing rising from 40% to 80% by end of year,"{""low"": 40.0, ""high"": 80.0, ""value"": 40.0, ""unit"": ""percent"", ""direction"": ""between"", ""raw"": ""local sourcing rising from 40% to 80% by end of year""}",,,,,Not Verifiable After Exhaustive Search,explicit target-period evidence,low,local_sourcing_percentage_china_segment_china_factory_fy2020,True,,transcript,TSLA_Q2_2020,,,,
comparison,TSLA,2020,outside anchor-year cohorts,TSLA_Q2_2020,2020,,other assessable company-level guidance,model_y_cost_structure_convergence,Model Y Cost Structure Convergence,Model Y and Model 3 Cost Structure Convergence,product:model_3,"And as we said before, the Model Y cost structure and Model 3 cost structure will converge.",Model Y cost structure and Model 3 cost structure will converge,"{""low"": 3.0, ""high"": 3.0, ""value"": 3.0, ""unit"": ""number"", ""direction"": ""exact"", ""raw"": ""Model Y cost structure and Model 3 cost structure will converge""}",,,,,Not Verifiable After Exhaustive Search,no defensible target period,low,model_y_cost_structure_convergence_product_model_3_unresolved,False,,transcript,TSLA_Q2_2020,,,,
comparison,TSLA,2020,outside anchor-year cohorts,TSLA_Q2_2020,2020,,operating,production,Production,Regional Production Allocation,segment:north_america,But we expect California to do Model S and X for worldwide consumption and 3 and Y for the western half of North America.,"California to do Model S and X worldwide, 3 and Y for western North America","{""low"": 3.0, ""high"": 3.0, ""value"": 3.0, ""unit"": ""number"", ""direction"": ""exact"", ""raw"": ""California to do Model S and X worldwide, 3 and Y for western North America""}",,,,,Not Verifiable After Exhaustive Search,no defensible target period,low,production_segment_north_america_unresolved,False,,transcript,TSLA_Q2_2020,,,,
comparison,TSLA,2020,outside anchor-year cohorts,TSLA_Q2_2020,2020,FY2020,financial,regulatory_credit_revenue,Regulatory credit revenue,Regulatory Credit Revenue Trend,consolidated,"I do expect regulatory credit revenue to double in 2020 relative to 2019, and it will continue for some period of time, but eventually, the stream of regulatory credits will reduce.","regulatory credit revenue to double in 2020 relative to 2019, then eventually reduce","{""low"": 2019.0, ""high"": 2020.0, ""value"": 2020.0, ""unit"": ""number"", ""direction"": ""range"", ""raw"": ""regulatory credit revenue to double in 2020 relative to 2019, then eventually reduce""}",,,,,Not Verifiable After Exhaustive Search,explicit target-period evidence,low,regulatory_credit_revenue_consolidated_fy2020,False,,transcript,TSLA_Q2_2020,,,,
comparison,TSLA,2020,outside anchor-year cohorts,TSLA_Q2_2020,2020,,product or milestone,product_milestone,Product / strategic milestone,Battery Grid Management Capability,consolidated,"I mean, people turn their lights on and off, power plants turn on and off, factories ramp up and down and batteries are great to solve those problems.",battery managing grid intermittency of renewables and grid,"{""low"": null, ""high"": null, ""value"": null, ""unit"": null, ""direction"": ""exact"", ""raw"": ""battery managing grid intermittency of renewables and grid""}",,,,,Not Verifiable After Exhaustive Search,no defensible target period,low,product_milestone_consolidated_unresolved,False,,transcript,TSLA_Q2_2020,,,,
comparison,TSLA,2020,anchor-year guidance resolved in following year,TSLA_Q2_2020,2020,FY2021,financial,revenue_growth,Revenue growth,Sales Increase,consolidated,"Now we have more sales coming up in next year, as Elon just pointed out.",more sales coming up in next year,"{""low"": null, ""high"": null, ""value"": null, ""unit"": null, ""direction"": ""exact"", ""raw"": ""more sales coming up in next year""}",,,,,Not Verifiable After Exhaustive Search,"The loaded transcript, filing-section, filing-table, and XBRL search matrix did not contain a defensible actual for the same metric, scope, unit, and target period. Missing evidence is not treated as a miss.",low,revenue_growth_consolidated_fy2021,True,,transcript,TSLA_Q2_2020,,,,
comparison,TSLA,2020,outside anchor-year cohorts,TSLA_Q2_2020,2020,FY2020,financial,regulatory_credit_revenue,Regulatory credit revenue,Regulatory Credit Revenue 2020 Estimate,consolidated,"Services and other margin improved yet again, marking the fifth sequential quarter of improvement.",roughly double that of 2019,"{""low"": 2019.0, ""high"": 2019.0, ""value"": 2019.0, ""unit"": ""number"", ""direction"": ""approximately"", ""raw"": ""roughly double that of 2019""}",,,,,Not Verifiable After Exhaustive Search,explicit target-period evidence,low,regulatory_credit_revenue_consolidated_fy2020,True,,transcript,TSLA_Q2_2020,,,,
comparison,TSLA,2020,anchor-year guidance resolved in following year,TSLA_Q2_2020,2020,FY2021,operating,production,Production,Start of Production,consolidated,"So we'll start production next year, as we announced it before.",start production next year,"{""low"": null, ""high"": null, ""value"": null, ""unit"": null, ""direction"": ""exact"", ""raw"": ""start production next year""}",,,,,Superseded,"A later valid guidance statement for the same metric, scope, and target period superseded this statement before the outcome.",low,production_consolidated_fy2021,False,,transcript,TSLA_Q2_2020,,,,
comparison,TSLA,2020,outside anchor-year cohorts,TSLA_Q2_2020,2020,,other assessable company-level guidance,passenger_vehicle_range,Passenger Vehicle Range,Passenger Vehicle Range,consolidated,"So, I think people will really come to expect that as some number close to 300 miles as normal.",approximately 300 miles (U.S. EPA terms),"{""low"": 300.0, ""high"": 300.0, ""value"": 300.0, ""unit"": ""number"", ""direction"": ""approximately"", ""raw"": ""approximately 300 miles (U.S. EPA terms)""}",,,,,Not Verifiable After Exhaustive Search,no defensible target period,low,passenger_vehicle_range_consolidated_unresolved,False,,transcript,TSLA_Q2_2020,,,,
comparison,TSLA,2020,outside anchor-year cohorts,TSLA_Q2_2020,2020,,capacity or infrastructure,capacity,Capacity,Cost Structure Optimization in China,segment:china factory,The factory is still not running at full capacity yet as it continues to ramp.,continued opportunity to optimize cost structure as factory ramps,"{""low"": null, ""high"": null, ""value"": null, ""unit"": null, ""direction"": ""exact"", ""raw"": ""continued opportunity to optimize cost structure as factory ramps""}",,,,,Not Verifiable After Exhaustive Search,no defensible target period,low,capacity_segment_china_factory_unresolved,False,,transcript,TSLA_Q2_2020,,,,
comparison,TSLA,2020,outside anchor-year cohorts,TSLA_Q3_2020,2020,FY2020,operating,production,Production,Annualized Production Capacity,consolidated,"And you're going to increase capacity in Shanghai, open Berlin.",850000,"{""low"": 850000.0, ""high"": 850000.0, ""value"": 850000.0, ""unit"": ""number"", ""direction"": ""exact"", ""raw"": ""850000""}",FY2020,These increases were partially offset by idle capacity charges of $213 million as a result of a temporary suspension of production at the Fremont Factory and Gigafactory Nevada during the first half of 2020.,$213 million,"{""low"": 213000000.0, ""high"": 213000000.0, ""value"": 213000000.0, ""unit"": ""currency"", ""direction"": ""exact"", ""raw"": ""$213 million""}",Not Verifiable After Exhaustive Search,explicit target-period evidence,high,production_consolidated_fy2020,True,,transcript,TSLA_Q3_2020,,filing,10-K FY2020 — ITEM 7. MANAGEMENT’S DISCUSSION AND ANALYSIS OF FINANCIAL CONDITION AND RESULTS OF OPERATIONS,
comparison,TSLA,2020,anchor-year guidance resolved in following year,TSLA_Q3_2020,2020,FY2021,financial,capital_expenditure,Capital expenditure,Capital Spending 2021 and 2022,product:model_3,"As were previous investments in Model 3 Shanghai and Model Y in Fremont, we're expecting these programs to have already fully paid for their respective investments by the end of this year.",revised up expectations for capital spending by $2 billion to $2.5 billion,"{""low"": 2000000000.0, ""high"": 2500000000.0, ""value"": 2000000000.0, ""unit"": ""currency"", ""direction"": ""range"", ""raw"": ""revised up expectations for capital spending by $2 billion to $2.5 billion""}",,,,,Not Verifiable After Exhaustive Search,"The loaded transcript, filing-section, filing-table, and XBRL search matrix did not contain a defensible actual for the same metric, scope, unit, and target period. Missing evidence is not treated as a miss.",low,capital_expenditure_product_model_3_fy2021,True,,transcript,TSLA_Q3_2020,,,,
comparison,TSLA,2020,anchor-year guidance resolved in following year,TSLA_Q3_2020,2020,FY2021,operating,deliveries,Deliveries,Cybertruck Deliveries,consolidated,"I would say there's probably a lot of deliveries in 2022, and some deliveries towards the end of next year, if things go well.","many deliveries in 2022, some at end of 2021","{""low"": 2022.0, ""high"": 2022.0, ""value"": 2022.0, ""unit"": ""number"", ""direction"": ""exact"", ""raw"": ""many deliveries in 2022, some at end of 2021""}",,,,,Not Verifiable After Exhaustive Search,"The loaded transcript, filing-section, filing-table, and XBRL search matrix did not contain a defensible actual for the same metric, scope, unit, and target period. Missing evidence is not treated as a miss.",low,deliveries_consolidated_fy2021,True,,transcript,TSLA_Q3_2020,,,,
comparison,TSLA,2020,anchor-year guidance resolved in following year,TSLA_Q3_2020,2020,FY2021,operating,deliveries,Deliveries,Cybertruck Deliveries,product:cybertruck,"If it goes well, we'll be able to do some Cybertruck deliveries towards the end of next -- towards the end of next year, yes.","some deliveries towards end of 2021, more in 2022","{""low"": 2021.0, ""high"": 2021.0, ""value"": 2021.0, ""unit"": ""number"", ""direction"": ""exact"", ""raw"": ""some deliveries towards end of 2021, more in 2022""}",,,,,Not Verifiable After Exhaustive Search,"The loaded transcript, filing-section, filing-table, and XBRL search matrix did not contain a defensible actual for the same metric, scope, unit, and target period. Missing evidence is not treated as a miss.",low,deliveries_product_cybertruck_fy2021,True,,transcript,TSLA_Q3_2020,,,,
comparison,TSLA,2020,anchor-year guidance resolved in following year,TSLA_Q3_2020,2020,FY2021,capacity or infrastructure,capacity,Capacity,Energy Storage and Solar Deployments,segment:energy,Megapack is going to be a large growth segment for the business and deployments will continue to expand rapidly as the product reaches full capacity.,strong growth through 2021 and beyond,"{""low"": 2021.0, ""high"": 2021.0, ""value"": 2021.0, ""unit"": ""number"", ""direction"": ""exact"", ""raw"": ""strong growth through 2021 and beyond""}",,,,,Not Verifiable After Exhaustive Search,"The loaded transcript, filing-section, filing-table, and XBRL search matrix did not contain a defensible actual for the same metric, scope, unit, and target period. Missing evidence is not treated as a miss.",low,capacity_segment_energy_fy2021,True,,transcript,TSLA_Q3_2020,,,,
comparison,TSLA,2020,outside anchor-year cohorts,TSLA_Q3_2020,2020,,capacity or infrastructure,capacity,Capacity,PowerWall Orders and Capacity,product:powerwall,We have a very large backlog of PowerWall orders and we continue to invest to increase capacity to fulfill customer orders.,very large backlog and capacity investments ongoing,"{""low"": null, ""high"": null, ""value"": null, ""unit"": null, ""direction"": ""exact"", ""raw"": ""very large backlog and capacity investments ongoing""}",,,,,Not Verifiable After Exhaustive Search,no defensible target period,low,capacity_product_powerwall_unresolved,False,,transcript,TSLA_Q3_2020,,,,
comparison,TSLA,2020,anchor-year guidance resolved in following year,TSLA_Q3_2020,2020,FY2021,product or milestone,product_milestone,Product / strategic milestone,Megapack Deployments,segment:energy,We have more demand than supply through 2021 and we continue to ramp the product to match unprecedented demand across the globe through 2023 and beyond.,"demand exceeds supply through 2021, ramping through 2023 and beyond","{""low"": 2021.0, ""high"": 2021.0, ""value"": 2021.0, ""unit"": ""number"", ""direction"": ""exact"", ""raw"": ""demand exceeds supply through 2021, ramping through 2023 and beyond""}",,,,,Not Verifiable After Exhaustive Search,"The loaded transcript, filing-section, filing-table, and XBRL search matrix did not contain a defensible actual for the same metric, scope, unit, and target period. Missing evidence is not treated as a miss.",low,product_milestone_segment_energy_fy2021,True,,transcript,TSLA_Q3_2020,,,,
comparison,TSLA,2020,outside anchor-year cohorts,TSLA_Q3_2020,2020,FY2020,operating,deliveries,Deliveries,Vehicle Deliveries,consolidated,"We're also aiming to achieve our original 2020 guidance of 500,000 deliveries despite the operational interruptions earlier in the year.",500000,"{""low"": 500000.0, ""high"": 500000.0, ""value"": 500000.0, ""unit"": ""number"", ""direction"": ""exact"", ""raw"": ""500000""}",,,,,Not Verifiable After Exhaustive Search,explicit target-period evidence,low,deliveries_consolidated_fy2020,True,,transcript,TSLA_Q3_2020,,,,
comparison,TSLA,2020,anchor-year guidance resolved in following year,TSLA_Q4_2020,2020,FY2021,operating,production,Production,Volume Skew and Ramp Inefficiencies,consolidated,"As we increase production rates, volumes will skew towards the second half of the year, and ramp inefficiencies will be a part of this year's story and are necessary to achieve our long-term goals.",volumes skew to second half 2021; ramp inefficiencies expected,"{""low"": 2021.0, ""high"": 2021.0, ""value"": 2021.0, ""unit"": ""number"", ""direction"": ""exact"", ""raw"": ""volumes skew to second half 2021; ramp inefficiencies expected""}",,,,,Superseded,"A later valid guidance statement for the same metric, scope, and target period superseded this statement before the outcome.",low,production_consolidated_fy2021,False,,transcript,TSLA_Q4_2020,,,,
comparison,TSLA,2020,outside anchor-year cohorts,TSLA_Q4_2020,2020,FY2022,capacity or infrastructure,capacity,Capacity,Battery Cell Capacity 2022,consolidated,But we are installing capacity for -- in 2022 for 200 gigawatt hours a year and we think probably we should be able to achieve 30% of targeted design capacity in 2022.,installing capacity for 200 GWh; expect ~30% design capacity in 2022,"{""low"": 200.0, ""high"": 200.0, ""value"": 200.0, ""unit"": ""percent"", ""direction"": ""exact"", ""raw"": ""installing capacity for 200 GWh; expect ~30% design capacity in 2022""}",,,,,Not Verifiable After Exhaustive Search,explicit target-period evidence,low,capacity_consolidated_fy2022,True,,transcript,TSLA_Q4_2020,,,,
comparison,TSLA,2020,outside anchor-year cohorts,TSLA_Q4_2020,2020,FY2020,other assessable company-level guidance,service_center_openings,Service Center Openings,Service Center Openings,segment:north_america,"In North America, we opened 11 centers in December, and we have plans to open 46 in the first half of this year.",11 centers opened in Dec 2020; 46 planned in first half 2021,"{""low"": 11.0, ""high"": 11.0, ""value"": 11.0, ""unit"": ""number"", ""direction"": ""exact"", ""raw"": ""11 centers opened in Dec 2020; 46 planned in first half 2021""}",,,,,Not Verifiable After Exhaustive Search,explicit target-period evidence,low,service_center_openings_segment_north_america_fy2020,True,,transcript,TSLA_Q4_2020,,,,
comparison,TSLA,2020,anchor-year guidance resolved in following year,TSLA_Q4_2020,2020,FY2021,operating,production,Production,4680 Cell Production Ramp,consolidated,Our material supply chain is established and the team is on track for full production ramp this year.,on track for full production ramp in 2021; construction for 100 GWh 2022 goal underway,"{""low"": 2021.0, ""high"": 2021.0, ""value"": 2021.0, ""unit"": ""number"", ""direction"": ""exact"", ""raw"": ""on track for full production ramp in 2021; construction for 100 GWh 2022 goal underway""}",Q4 FY2021,"We continue to drive for vehicle volume growth at or above 50%, as Elon mentioned, and our plans show that this is actually achievable with just our Fremont and Shanghai factories.",above 50%,"{""low"": 50.0, ""high"": null, ""value"": 50.0, ""unit"": ""percent"", ""direction"": ""above"", ""raw"": ""above 50%""}",Not Verifiable After Exhaustive Search,"A candidate actual was found, but deterministic comparability checks rejected it: The guidance and actual do not have comparable numeric units.",high,production_consolidated_fy2021,True,,transcript,TSLA_Q4_2020,,transcript,TSLA_Q4_2021,
comparison,TSLA,2020,anchor-year guidance resolved in following year,TSLA_Q4_2020,2020,FY2021,operating,production_volume,Production volume,Long-term Volume CAGR,consolidated,"We continue to expect a long-term volume CAGR of 50%, of which we may materially exceed this in 2021.",0.5,"{""low"": 0.5, ""high"": 0.5, ""value"": 0.5, ""unit"": ""number"", ""direction"": ""exact"", ""raw"": ""0.5""}",Q4 FY2021,"We continue to drive for vehicle volume growth at or above 50%, as Elon mentioned, and our plans show that this is actually achievable with just our Fremont and Shanghai factories.",above 50%,"{""low"": 50.0, ""high"": null, ""value"": 50.0, ""unit"": ""percent"", ""direction"": ""above"", ""raw"": ""above 50%""}",Not Verifiable After Exhaustive Search,"A candidate actual was found, but deterministic comparability checks rejected it: The guidance and actual do not have comparable numeric units.",high,production_volume_consolidated_fy2021,True,,transcript,TSLA_Q4_2020,,transcript,TSLA_Q4_2021,
comparison,TSLA,2020,anchor-year guidance resolved in following year,TSLA_Q4_2020,2020,FY2021,financial,revenue,Revenue,Supercharging and Service Capacity Investment,consolidated,"We will continue to invest heavily in supercharging and service capacity while driving reductions on cost, including OpEx as a percentage of revenue.",continue heavy investment,"{""low"": null, ""high"": null, ""value"": null, ""unit"": null, ""direction"": ""exact"", ""raw"": ""continue heavy investment""}",FY2021,"Additionally, there was $340 million of additional payroll tax due to our CEO's option exercises from the 2012 CEO Performance Award, a $319 million increase in office, information technology, facilities-related expenses, sales and marketing activities and other costs and an increase of $145 million in stock-based compensation expense, of which $72 million was attributable to the 2018 CEO Performance Award.",$340 million,"{""low"": 340000000.0, ""high"": 340000000.0, ""value"": 340000000.0, ""unit"": ""currency"", ""direction"": ""exact"", ""raw"": ""$340 million""}",Not Verifiable After Exhaustive Search,"A candidate actual was found, but deterministic comparability checks rejected it: The evidence is qualitative but does not establish a comparable outcome.",high,revenue_consolidated_fy2021,True,,transcript,TSLA_Q4_2020,,filing,10-K FY2021 — ITEM 7. MANAGEMENT’S DISCUSSION AND ANALYSIS OF FINANCIAL CONDITION AND RESULTS OF OPERATIONS,
unpaired_actual,TSLA,2020,,,,,,production_deliveries,Production Deliveries,,product:model_3,,,,Q2 FY2019,"Automotive sales revenue increased $2.05 billion, or 66%, in the three months ended June 30, 2019 as compared to three months ended June 30, 2018, primarily due to an increase of 54,863 Model 3 deliveries from our significant production ramp in the second half of 2018, delivered at slightly lower average selling prices year-over-year from deliveries of Model 3 Standard Range and Standard Range Plus.",$2.05 billion increase,,,,,,,,,,,filing,10-Q Q2 2019 — ITEM 2. MANAGEMENT’S DISCUSSION AND ANALYSIS OF FINANCIAL CONDITION AND RESULTS OF OPERATIONS,
unpaired_actual,TSLA,2020,,,,,,revenue_growth,Revenue growth,,consolidated,,,,Q2 FY2019,"Additionally, there was an increase of $57.2 million in sales of regulatory credits to $111.2 million in the three months ended June 30, 2019 compared to $54.0 million in the same period in the prior year.","increase due to 54,863 Model 3 deliveries and $57.2 million increase in regulatory credits",,,,,,,,,,,filing,10-Q Q2 2019 — ITEM 2. MANAGEMENT’S DISCUSSION AND ANALYSIS OF FINANCIAL CONDITION AND RESULTS OF OPERATIONS,
unpaired_actual,TSLA,2020,,,,,,production_deliveries,Production Deliveries,,product:model_3,,,,FY2019,"41 Automotive sales revenue increased $3.00 billion , or 53% , in the six months ended June 30, 2019 as compared to the six months ended June 30, 2018 , primarily due to an increase of 97,609 Model 3 deliveries from our significant production ramp in the second half of 2018, delivered at average selling prices that remained relatively consistent year-over-year.",$3.00 billion increase,,,,,,,,,,,filing,10-Q Q2 2019 — ITEM 2. MANAGEMENT’S DISCUSSION AND ANALYSIS OF FINANCIAL CONDITION AND RESULTS OF OPERATIONS,
unpaired_actual,TSLA,2020,,,,,,revenue,Revenue,,segment:automotive,,,,FY2019,"Automotive leasing revenue increased $10.2 million, or 2%, in the six months ended June 30, 2019 as compared to the six months ended June 30, 2018.","$10.2 million increase, or 2%",,,,,,,,,,,filing,10-Q Q2 2019 — ITEM 2. MANAGEMENT’S DISCUSSION AND ANALYSIS OF FINANCIAL CONDITION AND RESULTS OF OPERATIONS,
unpaired_actual,TSLA,2020,,,,,,revenue,Revenue,,consolidated,,,,Q2 FY2019,"Services and other revenue increased $334.9 million, or 124%, in the three months ended June 30, 2019 as compared to the three months ended June 30, 2018.","$334.9 million increase, or 124%",,,,,,,,,,,filing,10-Q Q2 2019 — ITEM 2. MANAGEMENT’S DISCUSSION AND ANALYSIS OF FINANCIAL CONDITION AND RESULTS OF OPERATIONS,
unpaired_actual,TSLA,2020,,,,,,production_deliveries,Production Deliveries,,product:model_3,,,,Q2 FY2019,"Cost of automotive sales revenue increased $1.72 billion, or 68% , in the three months ended June 30, 2019 as compared to the three months ended June 30, 2018, primarily due to an increase of 54,863 Model 3 deliveries from our significant production ramp in the second half of 2018.","$1.72 billion increase, or 68%",,,,,,,,,,,filing,10-Q Q2 2019 — ITEM 2. MANAGEMENT’S DISCUSSION AND ANALYSIS OF FINANCIAL CONDITION AND RESULTS OF OPERATIONS,
unpaired_actual,TSLA,2020,,,,,,revenue,Revenue,,segment:automotive,,,,Q2 FY2019,"If customers elect to exercise the buyback options, we expect to be able to subsequently resell the returned vehicles, which resulted in a reduction of automotive cost of sales of $49.6 million for the three months ended June 30, 2019.",$49.6 million reduction,,,,,,,,,,,filing,10-Q Q2 2019 — ITEM 2. MANAGEMENT’S DISCUSSION AND ANALYSIS OF FINANCIAL CONDITION AND RESULTS OF OPERATIONS,
unpaired_actual,TSLA,2020,,,,,,gross_margin,Gross margin,,product:model_3,,,,FY2019,The decrease was partially offset by improvement of Model 3 margins compared to the prior period as we achieved significant manufacturing efficiencies in the production of Model 3 in the second half of 2018 and first half of 2019.,19%,,,,,,,,,,,filing,10-Q Q2 2019 — ITEM 2. MANAGEMENT’S DISCUSSION AND ANALYSIS OF FINANCIAL CONDITION AND RESULTS OF OPERATIONS,
unpaired_actual,TSLA,2020,,,,,,headcount,Headcount,,consolidated,,,,FY2019,"The decrease was primarily due to a $145.4 million decrease in employee and labor related expenses from decreased headcount, partially offset by a $47.0 million increase in stock-based compensation expense related to the 2018 CEO Performance Award and stock awards granted for new hires and refresher employee stock grants.","$86.0 million decrease, or 6%",,,,,,,,,,,filing,10-Q Q2 2019 — ITEM 2. MANAGEMENT’S DISCUSSION AND ANALYSIS OF FINANCIAL CONDITION AND RESULTS OF OPERATIONS,
unpaired_actual,TSLA,2020,,,,,,production_deliveries,Production Deliveries,,product:model_3,,,,Q3 FY2019,"42 Automotive sales revenue decreased $746 million , or 13% , in the three months ended September 30, 2019 as compared to the three months ended September 30, 2018 , primarily due to a decrease of 10,255 Model S and Model X cash deliveries , partially offset by an increase of 17,1 40 Model 3 cash deliveries from production scaling .",-746000000,,,,,,,,,,,filing,10-Q Q3 2019 — ITEM 2. MANAGEMENT’S DISCUSSION AND ANALYSIS OF FINANCIAL CONDITION AND RESULTS OF OPERATIONS,
unpaired_actual,TSLA,2020,,,,,,production_deliveries,Production Deliveries,,product:model_3,,,,FY2019,"Automotive sales revenue increased $2.25 billion, or 19%, in the nine months ended September 30, 2019 as compared to the nine months ended September 30, 2018, primarily due to an increase of 114,749 Model 3 cash deliveries from production scaling, partially offset by a decrease of 22,924 Model S and Model X cash deliveries .",2250000000,,,,,,,,,,,filing,10-Q Q3 2019 — ITEM 2. MANAGEMENT’S DISCUSSION AND ANALYSIS OF FINANCIAL CONDITION AND RESULTS OF OPERATIONS,
unpaired_actual,TSLA,2020,,,,,,regulatory_credit_revenue,Regulatory credit revenue,,consolidated,,,,FY2019,"Additionally, there was an increase of $137 million in sales of regulatory credits to $461 million in the nine months ended September 30, 2019 compared to $324 million in the same period in the prior year.",461000000,,,,,,,,,,,filing,10-Q Q3 2019 — ITEM 2. MANAGEMENT’S DISCUSSION AND ANALYSIS OF FINANCIAL CONDITION AND RESULTS OF OPERATIONS,
unpaired_actual,TSLA,2020,,,,,,revenue_growth,Revenue growth,,product:model_3,,,,Q3 FY2019,"There was an increase in cumulative vehicles under our direct vehicle leasing program, partially due to the introduction of Model 3 leasing in the second quarter of 2019, and an increase in the number of vehicles under leasing programs where our counterparty has elected to retained ownership of the vehicle during or at the end of the guarantee or lease period when compared to the three months ended September 30, 2018.",3,,,,,,,,,,,filing,10-Q Q3 2019 — ITEM 2. MANAGEMENT’S DISCUSSION AND ANALYSIS OF FINANCIAL CONDITION AND RESULTS OF OPERATIONS,
unpaired_actual,TSLA,2020,,,,,,revenue,Revenue,,segment:automotive,,,,FY2019,"Automotive leasing revenue increased $10 million, or 2%, in the nine months ended September 30, 2019 as compared to the nine months ended September 30, 2018.",10000000,,,,,,,,,,,filing,10-Q Q3 2019 — ITEM 2. MANAGEMENT’S DISCUSSION AND ANALYSIS OF FINANCIAL CONDITION AND RESULTS OF OPERATIONS,
unpaired_actual,TSLA,2020,,,,,,revenue,Revenue,,consolidated,,,,Q3 FY2019,"Services and other revenue increased $222 million, or 68%, in the three months ended September 30, 2019 as compared to the three months ended September 30, 2018.",222000000,,,,,,,,,,,filing,10-Q Q3 2019 — ITEM 2. MANAGEMENT’S DISCUSSION AND ANALYSIS OF FINANCIAL CONDITION AND RESULTS OF OPERATIONS,
unpaired_actual,TSLA,2020,,,,,,revenue,Revenue,,segment:automotive,,,,FY2019,"The increases in the three and nine months ended September, 2019 compared to the same periods in the prior year were primarily due to increases in used vehicle sales from increased volumes of trade-in vehicles, partially offset by lower average selling prices for traded-in Tesla vehicles due to price adjustments we made to our vehicle offerings during the first half of 2019.",786000000,,,,,,,,,,,filing,10-Q Q3 2019 — ITEM 2. MANAGEMENT’S DISCUSSION AND ANALYSIS OF FINANCIAL CONDITION AND RESULTS OF OPERATIONS,
unpaired_actual,TSLA,2020,,,,,,revenue,Revenue,,segment:energy generation and storage,,,,Q3 FY2019,"Energy generation and storage revenue increased by $3 million, or 1%, in the three months ended September 30, 2019 as compared to the three months ended September 30, 2018.",3000000,,,,,,,,,,,filing,10-Q Q3 2019 — ITEM 2. MANAGEMENT’S DISCUSSION AND ANALYSIS OF FINANCIAL CONDITION AND RESULTS OF OPERATIONS,
unpaired_actual,TSLA,2020,,,,,,revenue,Revenue,,product:model_3,,,,Q3 FY2019,"Cost of automotive sales revenue decreased $392 million, or 9%, in the three months ended September 30, 2019 as compared to the three months ended September 30, 2018, primarily due to a decrease of 10,255 Model S and Model X cash deliveries, lower average Model 3 costs per unit compared to the prior period primarily due to improvement of manufacturing efficiencies, and reductions of materials costs, including commercial negotiations with suppliers in the three months ended September 30, 2019.",-392000000,,,,,,,,,,,filing,10-Q Q3 2019 — ITEM 2. MANAGEMENT’S DISCUSSION AND ANALYSIS OF FINANCIAL CONDITION AND RESULTS OF OPERATIONS,
unpaired_actual,TSLA,2020,,,,,,production,Production,,product:model_3,,,,FY2019,"Gigafactory Shanghai In December 2019, we commenced production of Model 3 vehicles at Gigafactory Shanghai, which we have established in order to increase the affordability of our vehicles for customers in local markets by reducing transportation and manufacturing costs and eliminating certain tariffs on vehicles imported into China from the U.S. At Gigafactory Shanghai, we have installed annual production capacity for 150,000 Model 3 vehicles that we believe we will eventually be able to push to actual rates of production in excess of such number , subject to local production of battery packs, which we began ramping there later than other processes.",150000,,,,,,,,,,,filing,10-K FY2019 — ITEM 1. BUSINESS,
unpaired_actual,TSLA,2020,,,,,,energy_efficiency,Energy Efficiency,,product:model_y,,,,FY2020,"Now this is thanks to a great effort of our engineering team and we managed to achieve by far the highest energy efficiency of any electric SUV ever produced at 4.1 miles per kilowatt hour, which means Model Y four wheeler drive got EPA rating of 315 miles and this improvement is reflected on the configurator as of today.",4.1,,,,,,,,,,,transcript,TSLA_Q4_2019,
unpaired_actual,TSLA,2020,,,,,,epa_range,Epa Range,,product:model_y,,,,FY2020,"Now this is thanks to a great effort of our engineering team and we managed to achieve by far the highest energy efficiency of any electric SUV ever produced at 4.1 miles per kilowatt hour, which means Model Y four wheeler drive got EPA rating of 315 miles and this improvement is reflected on the configurator as of today.",315,,,,,,,,,,,transcript,TSLA_Q4_2019,
unpaired_actual,TSLA,2020,,,,,,production_deliveries,Production Deliveries,,product:model_3,,,,FY2019,"49 201 9 Compared to 201 8 Automotive sales revenue increased $2.32 billion, or 13%, in the year ended December 31, 2019 as compared to the year ended December 31, 2018, primarily due to an increase of 137,969 Model 3 cash deliveries from production scaling and an increase of $175 million in sales of regulatory credits to $594 million.",2320000000,,,,,,,,,,,filing,10-K FY2019 — ITEM 3. LEGAL PROCEEDINGS,
unpaired_actual,TSLA,2020,,,,,,revenue_growth,Revenue growth,,segment:automotive,,,,FY2019,"The increase was primarily due to an increase in used vehicle sales from an increased volume of trade-in vehicles, partially offset by lower average selling prices for traded-in Tesla vehicles due to price adjustments we made to our vehicle offerings in 2019.",835000000,,,,,,,,,,,filing,10-K FY2019 — ITEM 3. LEGAL PROCEEDINGS,
unpaired_actual,TSLA,2020,,,,,,revenue_growth,Revenue growth,,product:model_3,,,,FY2019,"51 201 9 Compared to 201 8 Cost of automotive sales revenue increased $2.25 billion, or 16%, in the year ended December 31, 2019 as compared to the year ended December 31, 2018, primarily due to an increase of 137,969 Model 3 cash deliveries and higher average Model S and Model X costs per unit compared to the prior year due to the discontinuation of lower end trims in 2019.",2250000000,,,,,,,,,,,filing,10-K FY2019 — ITEM 3. LEGAL PROCEEDINGS,
unpaired_actual,TSLA,2020,,,,,,production_deliveries,Production Deliveries,,segment:automotive,,,,FY2019,"Automotive During 2019, we achieved annual vehicle delivery and production records of 367,656 and 365,232 total vehicles, respectively.",367656,,,,,,,,,,,filing,10-K FY2019 — ITEM 3. LEGAL PROCEEDINGS,
unpaired_actual,TSLA,2020,,,,,,production_deliveries,Production Deliveries,,product:model_3,,,,Q1 FY2020,"38 Automotive sales revenue increased $1.38 billion, or 39% , in the three months ended March 31, 2020 as compared to the three months ended March 31, 2019 , primarily due to an increase of 21,174 Model 3 and Model Y cash deliveries from additional production capacity at Gigafactory Shanghai and the commencement of Model Y deliveries in the first quarter of 2020.",1380000000,,,,,,,,,,,filing,10-Q Q1 2020 — ITEM 1. FINANCIAL STATEMENTS — Note 15 – Segment Reporting and Information about Geographic Areas,
unpaired_actual,TSLA,2020,,,,,,revenue_growth,Revenue growth,,product:model_3,,,,Q1 FY2020,The increase s in automotive sales revenue were partially offset by a decrease in the average selling price of our Model 3 cash deliveries primarily due to Gigafactory Shanghai producing only Standard Range Plus Model 3 in the first quarter of 2020.,354000000,,,,,,,,,,,filing,10-Q Q1 2020 — ITEM 1. FINANCIAL STATEMENTS — Note 15 – Segment Reporting and Information about Geographic Areas,
unpaired_actual,TSLA,2020,,,,,,revenue_growth,Revenue growth,,product:model_3,,,,Q1 FY2020,"The increase was primarily due to an increase in cumulative vehicles under our direct vehicle leasing program, partially due to the introduction of Model 3 direct leasing in the second quarter of 2019, partially offset by a decrease in cumulative vehicles under our resale value guarantee leasing programs which are accounted for as operating leases.",24000000,,,,,,,,,,,filing,10-Q Q1 2020 — ITEM 1. FINANCIAL STATEMENTS — Note 15 – Segment Reporting and Information about Geographic Areas,
unpaired_actual,TSLA,2020,,,,,,revenue,Revenue,,product:model_3,,,,Q1 FY2020,"40 Cost of automotive sales revenue increased $843 m illion, or 30% , in the three months ended March 31, 2020 as compared to the three months ended March 31, 2019 , primarily due to an increase of 21,174 Model 3 and Model Y cash deliverie s .",843000000,,,,,,,,,,,filing,10-Q Q1 2020 — ITEM 1. FINANCIAL STATEMENTS — Note 15 – Segment Reporting and Information about Geographic Areas,
unpaired_actual,TSLA,2020,,,,,,revenue_growth,Revenue growth,,product:model_3,,,,Q1 FY2020,"The increase in cost of automotive sales revenue was partially offset by a decrease in average Model 3 costs per unit due to Gigafactory Shanghai producing only Standard Range Plus Model 3 in the first quarter of 2020 , lower freight and duty costs from local production in China , and additional manufacturing efficiencies in the production of Model 3 in our Fremont Factory .",409000000,,,,,,,,,,,filing,10-Q Q1 2020 — ITEM 1. FINANCIAL STATEMENTS — Note 15 – Segment Reporting and Information about Geographic Areas,
unpaired_actual,TSLA,2020,,,,,,capacity,Capacity,,consolidated,,,,Q1 FY2020,"Finished goods inventory increased from December 31, 2019 to March 31, 2020 due to limited capacity to deliver or install our products at the end of the first quarter in 2020.",4494000000,,,,,,,,,,,filing,10-Q Q1 2020 — ITEM 1. FINANCIAL STATEMENTS — Note 5 – Inventory,
unpaired_actual,TSLA,2020,,,,,,regulatory_credit_revenue,Regulatory credit revenue,,segment:automotive,,,,Q1 FY2020,"Even with all the challenges, we achieved a 20% automotive gross margin, excluding regulatory credits while ramping two major products.",20%,,,,,,,,,,,transcript,TSLA_Q1_2020,
unpaired_actual,TSLA,2020,,,,,,production,Production,,product:model_y,,,,Q1 FY2020,"Most surprisingly, Model Y was profitable already in its first quarter of production, something we haven't achieved with any product in the past.",profitable in first quarter of production,,,,,,,,,,,transcript,TSLA_Q1_2020,
unpaired_actual,TSLA,2020,,,,,,cash_and_cash_equivalents,Cash And Cash Equivalents,,segment:automotive,,,,Q1 FY2020,"As I mentioned in my opening remarks, we do have an increase in inventory of vehicles that we were unable to deliver at the end of Q1.",$8.1 billion,,,,,,,,,,,transcript,TSLA_Q1_2020,
unpaired_actual,TSLA,2020,,,,,,profitability_timing,Profitability timing,,product:model_y,,,,Q1 FY2020,"We successfully launched, ramped and demonstrated profitability of the Model Y, as Elon mentioned, significantly ahead of schedule.",profitability demonstrated significantly ahead of schedule,,,,,,,,,,,transcript,TSLA_Q1_2020,
unpaired_actual,TSLA,2020,,,,,,production_deliveries,Production Deliveries,,consolidated,,,,Q1 FY2020,Our free cash flows were impacted by the temporary – by the temporary increase in end of quarter inventory for all our products resulting from the abrupt suspension of production and delivery operations.,negative impact in Q1 due to inventory increase,,,,,,,,,,,transcript,TSLA_Q1_2020,
unpaired_actual,TSLA,2020,,,,,,vehicle_inventory_balance,Vehicle Inventory Balance,,consolidated,,,,Q1 FY2020,"Our vehicle inventory balance increased by 14,000 units at the end of Q1, which was a headwind to free cash flows in Q1, but it's helpful in Q2.","increase of 14,000 units",,,,,,,,,,,transcript,TSLA_Q1_2020,
unpaired_actual,TSLA,2020,,,,,,production_deliveries,Production Deliveries,,product:model_3,,,,Q2 FY2020,"These decreases were partially offset by an increase of $317 million from additional sales of regulatory credits to $428 million in the three months ended June 30, 2020 and an increase of 3,691 Model 3 and Model Y cash deliveries despite production limitations as a result of temporary suspension of production at the Fremont Factory during the first half of 2020.",decreased $257 million or 5%,,,,,,,,,,,filing,10-Q Q2 2020 — ITEM 1. FINANCIAL STATEMENTS — Note 15 – Segment Reporting and Information about Geographic Areas,
unpaired_actual,TSLA,2020,,,,,,revenue_growth,Revenue growth,,product:model_3,,,,FY2020,We were able to increase deliveries year over year from additional Model 3 production capacity at Gigafactory Shanghai.,increased $1.13 billion or 13%,,,,,,,,,,,filing,10-Q Q2 2020 — ITEM 1. FINANCIAL STATEMENTS — Note 15 – Segment Reporting and Information about Geographic Areas,
unpaired_actual,TSLA,2020,,,,,,regulatory_credit_revenue,Regulatory credit revenue,,product:model_3,,,,FY2020,"The increases in automotive sales revenue were partially offset by a decrease in the average selling price of Model 3 from a higher sales mix of lower end trims as we began delivering Standard Range variants internationally in June 2019 and a decrease of 7,245 Model S and Model X cash deliveries in the six months ended June 30, 2020 compared to the same period in the prior year.","$782 million for six months ended June 30, 2020",,,,,,,,,,,filing,10-Q Q2 2020 — ITEM 1. FINANCIAL STATEMENTS — Note 15 – Segment Reporting and Information about Geographic Areas,
unpaired_actual,TSLA,2020,,,,,,revenue_growth,Revenue growth,,segment:automotive,,,,Q2 FY2020,"Automotive leasing revenue increased $84 million, or 20%, in the six months ended June 30, 2020 as compared to the six months ended June 30, 2019.",$60 million or 29% increase in Q2 2020,,,,,,,,,,,filing,10-Q Q2 2020 — ITEM 1. FINANCIAL STATEMENTS — Note 15 – Segment Reporting and Information about Geographic Areas,
unpaired_actual,TSLA,2020,,,,,,revenue,Revenue,,segment:energy generation and storage,,,,FY2020,"Energy generation and storage revenue increased by $1 million, or 0%, in the three months ended June 30, 2020 as compared to the three months ended June 30, 2019.","decreased $30 million or 4% in six months ended June 30, 2020",,,,,,,,,,,filing,10-Q Q2 2020 — ITEM 1. FINANCIAL STATEMENTS — Note 15 – Segment Reporting and Information about Geographic Areas,
unpaired_actual,TSLA,2020,,,,,,revenue,Revenue,,product:model_3,,,,Q2 FY2020,"The decrease in cost of automotive sales revenue was partially offset by idle capacity charges of $189 million as a result of temporary suspension of production at the Fremont Factory and Gigafactory Nevada during the three months ended June 30, 2020 and an increase of 3,691 Model 3 and Model Y cash deliveries.",-540000000,,,,,,,,,,,filing,10-Q Q2 2020 — ITEM 1. FINANCIAL STATEMENTS — Note 15 – Segment Reporting and Information about Geographic Areas,
unpaired_actual,TSLA,2020,,,,,,revenue,Revenue,,product:model_3,,,,FY2020,"Cost of automotive sales revenue increased $303 million, or 4%, in the six months ended June 30, 2020 as compared to the six months ended June 30, 2019, primarily due to a decrease in average Model 3 costs per unit due to a higher sales mix of lower end trims, lower freight and duty costs from local production in China, and additional manufacturing efficiencies in the production of Model 3 in our Fremont Factory.",303000000,,,,,,,,,,,filing,10-Q Q2 2020 — ITEM 1. FINANCIAL STATEMENTS — Note 15 – Segment Reporting and Information about Geographic Areas,
unpaired_actual,TSLA,2020,,,,,,revenue_growth,Revenue growth,,segment:automotive,,,,FY2020,"Additionally, there was an increase to cost of automotive sales revenue from idle capacity charges of $213 million as a result of temporary suspension of production at the Fremont Factory and Gigafactory Nevada during the six months ended June 30, 2020.",37000000,,,,,,,,,,,filing,10-Q Q2 2020 — ITEM 1. FINANCIAL STATEMENTS — Note 15 – Segment Reporting and Information about Geographic Areas,
unpaired_actual,TSLA,2020,,,,,,revenue,Revenue,,segment:automotive,,,,FY2020,"Cost of automotive leasing revenue increased $42 million, or 40%, in the three months ended June 30, 2020 compared to the three months ended June 30, 2019.",213000000,,,,,,,,,,,filing,10-Q Q2 2020 — ITEM 1. FINANCIAL STATEMENTS — Note 15 – Segment Reporting and Information about Geographic Areas,
unpaired_actual,TSLA,2020,,,,,,revenue,Revenue,,segment:automotive,,,,Q2 FY2020,"Cost of automotive leasing revenue increased $47 million, or 21%, in the six months ended June 30, 2020 as compared to the six months ended June 30, 2019.",42000000,,,,,,,,,,,filing,10-Q Q2 2020 — ITEM 1. FINANCIAL STATEMENTS — Note 15 – Segment Reporting and Information about Geographic Areas,
unpaired_actual,TSLA,2020,,,,,,revenue,Revenue,,segment:automotive,,,,FY2020,"The increases in the three and six months ended June 30, 2020 compared to the same periods in the prior year were primarily due to an increase in cumulative vehicles under our direct vehicle leasing program and an increase in the number of vehicles under leasing programs where our counterparty has retained ownership of the vehicle during or at the end of the guarantee period.",47000000,,,,,,,,,,,filing,10-Q Q2 2020 — ITEM 1. FINANCIAL STATEMENTS — Note 15 – Segment Reporting and Information about Geographic Areas,
unpaired_actual,TSLA,2020,,,,,,regulatory_credit_revenue,Regulatory credit revenue,,product:model_3,,,,Q2 FY2020,"Gross margin for total automotive increased from 19% to 25% in the three and six months ended June 30, 2020 as compared to the three and six months ended June 30, 2019, primarily due an increase of $317 million and $455 million, respectively, in sales of regulatory credits and an improvement of Model 3 gross margin primarily from lower freight and duty costs from local production in China and additional manufacturing efficiencies in the production of Model 3 in our Fremont Factory .",25,,,,,,,,,,,filing,10-Q Q2 2020 — ITEM 1. FINANCIAL STATEMENTS — Note 15 – Segment Reporting and Information about Geographic Areas,
unpaired_actual,TSLA,2020,,,,,,gross_margin,Gross margin,,segment:automotive,,,,Q2 FY2020,"Gross margin for total automotive & services and other segment increased from 15% to 22% in the three months ended June 30, 2020 as compared to the three months ended June 30, 2019.",22,,,,,,,,,,,filing,10-Q Q2 2020 — ITEM 1. FINANCIAL STATEMENTS — Note 15 – Segment Reporting and Information about Geographic Areas,
unpaired_actual,TSLA,2020,,,,,,gross_margin,Gross margin,,segment:automotive,,,,FY2020,"Gross margin for total automotive & services and other segment increased from 14% to 22% in the six months ended June 30, 2020 as compared to the six months ended June 30, 2019.",22,,,,,,,,,,,filing,10-Q Q2 2020 — ITEM 1. FINANCIAL STATEMENTS — Note 15 – Segment Reporting and Information about Geographic Areas,
unpaired_actual,TSLA,2020,,,,,,revenue,Revenue,,segment:energy generation and storage,,,,Q2 FY2020,"Cost of energy generation and storage revenue increased by $23 million, or 7%, in the three months ended June 30, 2020 as compared to the three months ended June 30, 2019, primarily due to higher costs from temporary manufacturing utilization of our Solar Roof ramp and i dle capacity charges of $20 million as a result of temporary suspension of production at Gigafactory New York during the three months ended June 30, 2020, partially offset by a decrease in deployments of solar cash and loan jobs.",23000000,,,,,,,,,,,filing,10-Q Q2 2020 — ITEM 1. FINANCIAL STATEMENTS — Note 15 – Segment Reporting and Information about Geographic Areas,
unpaired_actual,TSLA,2020,,,,,,production,Production,,product:model_y,,,,Q1 FY2020,"Model Y, as we mentioned last quarter, was profitable in its first quarter of production.",,,,,,,,,,,,transcript,TSLA_Q2_2020,
unpaired_actual,TSLA,2020,,,,,,revenue,Revenue,,segment:automotive,,,,FY2020,"8 Tesla, Inc. Consolidated Statements of Cash Flows (in millions) (unaudited) Nine Months Ended September 30, 2020 2019 Cash Flows from Operating Activities Net income (loss) $ 566 $ ( 907 ) Adjustments to reconcile net income (loss) to net cash provided by operating activities: Depreciation, amortization and impairment 1,704 1,577 Stock-based compensation 1,101 617 Amortization of debt discounts and issuance costs 144 138 Inventory and purchase commitments write-downs 140 167 Loss on disposals of fixed assets 67 69 Foreign currency transaction net loss (gain) 144 ( 102 ) Non-cash interest and other operating activities 116 189 Operating cash flow related to repayment of discounted convertible notes — ( 188 ) Changes in operating assets and liabilities, net of effect of business combinations: Accounts receivable ( 550 ) ( 150 ) Inventory ( 602 ) ( 485 ) Operating lease vehicles ( 640 ) ( 467 ) Prepaid expenses and other current assets ( 290 ) ( 236 ) Other non-current assets ( 105 ) 46 Accounts payable and accrued liabilities 765 143 Deferred revenue 118 625 Customer deposits ( 15 ) ( 114 ) Other long-term liabilities 261 58 Net cash provided by operating activities 2,924 980 Cash Flows from Investing Activities Purchases of property and equipment excluding finance leases, net of sales ( 2,006 ) ( 915 ) Purchases of solar energy systems, net of sales ( 62 ) ( 68 ) Receipt of government grants 1 — Purchase of intangible assets ( 5 ) ( 5 ) Business combinations, net of cash acquired ( 13 ) ( 45 ) Net cash used in investing activities ( 2,085 ) ( 1,033 ) Cash Flows from Financing Activities Proceeds from issuances of common stock in public offerings, net of issuance costs 7,282 848 Proceeds from issuances of convertible and other debt 7,826 7,119 Repayments of convertible and other debt ( 7,537 ) ( 5,601 ) Collateralized lease repayments ( 224 ) ( 302 ) Proceeds from exercises of stock options and other stock issuances 361 167 Principal payments on finance leases ( 248 ) ( 223 ) Debt issuance costs ( 6 ) ( 32 ) Purchase of convertible note hedges — ( 476 ) Proceeds from issuance of warrants — 174 Proceeds from investments by noncontrolling interests in subsidiaries 23 153 Distributions paid to noncontrolling interests in subsidiaries ( 163 ) ( 211 ) Payments for buy-outs of noncontrolling interests in subsidiaries ( 33 ) ( 8 ) Net cash provided by financing activities 7,281 1,608 Effect of exchange rate changes on cash and cash equivalents and restricted cash 100 ( 6 ) Net increase in cash and cash equivalents and restricted cash 8,220 1,549 Cash and cash equivalents and restricted cash, beginning of period 6,783 4,277 Cash and cash equivalents and restricted cash, end of period $ 15,003 $ 5,826 Supplemental Non-Cash Investing and Financing Activities Equity issued in connection with business combination $ — $ 207 Acquisitions of property and equipment included in liabilities $ 913 $ 375 Leased assets obtained in exchange for finance lease liabilities $ 116 $ 497 Leased assets obtained in exchange for operating lease liabilities $ 333 $ 172 The accompanying notes are an integral part of these consolidated financial statements.",566000000,,,,,,,,,,,filing,10-Q Q3 2020 — ITEM 1. FINANCIAL STATEMENTS — Consolidated Financial Statements,
unpaired_actual,TSLA,2020,,,,,,revenue,Revenue,,consolidated,,,,FY2020,"The achievement status of the operational milestones as of September 30, 2020 was as follows: Total Annualized Revenue Annualized Adjusted EBITDA Milestone (in billions) Achievement Status Milestone (in billions) Achievement Status $ 20.0 Achieved and certified $ 1.5 Achieved and certified $ 35.0 Probable $ 3.0 Achieved and certified $ 55.0 - $ 4.5 Probable (1) $ 75.0 - $ 6.0 Probable $ 100.0 - $ 8.0 - $ 125.0 - $ 10.0 - $ 150.0 - $ 12.0 - $ 175.0 - $ 14.0 - (1) Under the terms of the award, this milestone will be achieved as of the date of issuance of this Quarterly Report on Form 10-Q.",20000000000,,,,,,,,,,,filing,10-Q Q3 2020 — ITEM 1. FINANCIAL STATEMENTS — Note 11 – Equity Incentive Plans,
unpaired_actual,TSLA,2020,,,,,,product_milestone,Product / strategic milestone,,consolidated,,,,FY2020,"In October 2020, the market capitalization milestone of $ 250.0 billion was achieved, and the operational milestone of annualized Adjusted EBITDA of $ 4.5 billion will be achieved as of the date of issuance of this Quarterly Report on Form 10-Q .",6000000000,,,,,,,,,,,filing,10-Q Q3 2020 — ITEM 1. FINANCIAL STATEMENTS — Note 11 – Equity Incentive Plans,
unpaired_actual,TSLA,2020,,,,,,revenue_growth,Revenue growth,,segment:automotive,,,,FY2020,"Additionally, we had an increase of $263 million from additional sales of regulatory credits to $397 million in the three months ended September 30, 2020.",2210000000,,,,,,,,,,,filing,10-Q Q3 2020 — ITEM 1. FINANCIAL STATEMENTS — Note 15 – Segment Reporting and Information about Geographic Areas,
unpaired_actual,TSLA,2020,,,,,,revenue,Revenue,,segment:automotive,,,,FY2020,"These increases were partially offset by 1,596 fewer Model S and Model X cash deliveries at relatively consistent combined average selling prices in the three months ended September 30, 2020 compared to the same period in the prior year.",3340000000,,,,,,,,,,,filing,10-Q Q3 2020 — ITEM 1. FINANCIAL STATEMENTS — Note 15 – Segment Reporting and Information about Geographic Areas,
unpaired_actual,TSLA,2020,,,,,,revenue,Revenue,,product:powerwall,,,,FY2020,"Energy generation and storage revenue increased by $177 million, or 44%, in the three months ended September 30, 2020 as compared to the three months ended September 30, 2019, primarily due to increases in deployments of Megapack, Powerwall and solar cash and loan jobs, partially offset by reduced average selling prices on our solar cash and loan jobs as a result of our low cost solar strategy.",177000000,,,,,,,,,,,filing,10-Q Q3 2020 — ITEM 1. FINANCIAL STATEMENTS — Note 15 – Segment Reporting and Information about Geographic Areas,
unpaired_actual,TSLA,2020,,,,,,revenue,Revenue,,product:powerwall,,,,FY2020,"Energy generation and storage revenue increased by $147 million, or 13%, in the nine months ended September 30, 2020 as compared to the nine months ended September 30, 2019, primarily due to increases in deployments of Megapack and Powerwall, partially offset by a decrease in deployments of Powerpack and reduced average selling prices on our solar cash and loan jobs as a result of our low cost solar strategy.",147000000,,,,,,,,,,,filing,10-Q Q3 2020 — ITEM 1. FINANCIAL STATEMENTS — Note 15 – Segment Reporting and Information about Geographic Areas,
unpaired_actual,TSLA,2020,,,,,,production_deliveries,Production Deliveries,,consolidated,,,,Q3 FY2020,"We achieved the record production deliveries, record revenue, record net income; both GAAP and non-GAAP and record free cash flow of $1.4 billion.",1400000000,,,,,,,,,,,transcript,TSLA_Q3_2020,
unpaired_actual,TSLA,2020,,,,,,production,Production,,consolidated,,,,FY2021,"Regarding the new Model S and X, we are launching the -- we're super excited to announce the new Model S and Model X are in production now and will be delivered in February.",February 2021,,,,,,,,,,,transcript,TSLA_Q4_2020,
unpaired_actual,TSLA,2020,,,,,,free_cash_flow,Free cash flow,,consolidated,,,,FY2020,"So -- and full year, we achieved free cash flow of nearly $2.8 billion after spending more than $3 billion on building new factories and other expenditures.",2800000000,,,,,,,,,,,transcript,TSLA_Q4_2020,
unpaired_actual,TSLA,2020,,,,,,profitability_timing,Profitability timing,,consolidated,,,,FY2020,"For net income, we achieved our first calendar year and 6 sequential quarters of profitability.",positive,,,,,,,,,,,transcript,TSLA_Q4_2020,
unpaired_actual,TSLA,2020,,,,,,gross_margin,Gross margin,,consolidated,,,,FY2020,"For net income, we achieved our first calendar year and 6 sequential quarters of profitability.",improved,,,,,,,,,,,transcript,TSLA_Q4_2020,
unpaired_actual,TSLA,2020,,,,,,production_deliveries,Production Deliveries,,product:model_3,,,,FY2020,"40 2020 compared to 2019 Automotive sales revenue increased $6.23 billion, or 31%, in the year ended December 31, 2020 as compared to the year ended December 31, 2019, primarily due to an increase of 129,268 Model 3 and Model Y cash deliveries despite production limitations as a result of temporary suspension of production at the Fremont Factory and Gigafactory Nevada during the first half of 2020.",6230000000,,,,,,,,,,,filing,10-K FY2020 — ITEM 7. MANAGEMENT’S DISCUSSION AND ANALYSIS OF FINANCIAL CONDITION AND RESULTS OF OPERATIONS,
unpaired_actual,TSLA,2020,,,,,,revenue,Revenue,,segment:automotive,,,,FY2020,"Automotive leasing revenue increased $183 million, or 21%, in the year ended December 31, 2020 as compared to the year ended December 31, 2019 , primarily due to an increase in cumulative vehicles under our direct operating lease program and the introduction of direct sales-type leasing programs which we began offering in volume during the third quarter of 2020 where we recognize all revenue associated with the sales-type lease upon delivery to the customer.",183000000,,,,,,,,,,,filing,10-K FY2020 — ITEM 7. MANAGEMENT’S DISCUSSION AND ANALYSIS OF FINANCIAL CONDITION AND RESULTS OF OPERATIONS,
unpaired_actual,TSLA,2020,,,,,,revenue,Revenue,,product:powerwall,,,,FY2020,"2020 compared to 2019 Energy generation and storage revenue increased by $463 million, or 30%, in the year ended December 31, 2020 as compared to the year ended December 31, 2019, primarily due to increases in deployments of Megapack, solar cash and loan jobs and Powerwall, partially offset by a decrease in deployments of Powerpack and reduced average selling prices on our solar cash and loan jobs as a result of our low cost solar strategy.",463000000,,,,,,,,,,,filing,10-K FY2020 — ITEM 7. MANAGEMENT’S DISCUSSION AND ANALYSIS OF FINANCIAL CONDITION AND RESULTS OF OPERATIONS,
unpaired_actual,TSLA,2020,,,,,,revenue,Revenue,,product:model_3,,,,FY2020,"Gross margin for total automotive increased from 21% to 26% in the year ended December 31, 2020 as compared to the year ended December 31, 2019 , primarily due to an improvement of Model 3 gross margin primarily from lower material, manufacturing, freight and duty costs from localized procurement and manufacturing in China, partially offset by a decrease in the average selling price of Model 3 due to a higher proportion of Model 3 Standard Range variants in our sales mix compared to the prior year.",26,,,,,,,,,,,filing,10-K FY2020 — ITEM 7. MANAGEMENT’S DISCUSSION AND ANALYSIS OF FINANCIAL CONDITION AND RESULTS OF OPERATIONS,
unpaired_actual,TSLA,2020,,,,,,regulatory_credit_revenue,Regulatory credit revenue,,product:model_y,,,,FY2020,"Additionally, there was an increase of $986 million in sales of regulatory credits and a positive impact from Model Y deliveries in 2020 as Model Y gross margin was higher than our prior year total automotive gross margin.",22,,,,,,,,,,,filing,10-K FY2020 — ITEM 7. MANAGEMENT’S DISCUSSION AND ANALYSIS OF FINANCIAL CONDITION AND RESULTS OF OPERATIONS,
unpaired_actual,TSLA,2020,,,,,,revenue,Revenue,,product:powerwall,,,,FY2020,"2020 compared to 2019 Cost of energy generation and storage revenue increased by $635 million, or 47%, in the year ended December 31, 2020 as compared to the year ended December 31, 2019 , primarily due to increases in deployments of Megapack, higher costs from temporary manufacturing underutilization of our Solar Roof ramp, increases in deployments of Powerwall and idle capacity charges of $20 million as a result of temporary suspension of production at Gigafactory New York during the first half of 2020.",635000000,,,,,,,,,,,filing,10-K FY2020 — ITEM 7. MANAGEMENT’S DISCUSSION AND ANALYSIS OF FINANCIAL CONDITION AND RESULTS OF OPERATIONS,
unpaired_actual,TSLA,2020,,,,,,gross_margin,Gross margin,,segment:energy,,,,FY2020,"Gross margin for energy generation and storage decreased from 12% to 1% in the year ended December 31, 2020 as compared to the year ended December 31, 2019 primarily due to a higher proportion of Solar Roof in our overall energy business which operated at lower gross margins as a result of temporary manufacturing underutilization during product ramp.",1,,,,,,,,,,,filing,10-K FY2020 — ITEM 7. MANAGEMENT’S DISCUSSION AND ANALYSIS OF FINANCIAL CONDITION AND RESULTS OF OPERATIONS,
unpaired_actual,TSLA,2020,,,,,,revenue,Revenue,,segment:automotive,,,,FY2020,"If customers elect to exercise the buyback option, we expect to be able to subsequently resell the returned vehicles, which resulted in a corresponding reduction in cost of automotive sales of $ 42 million for the year ended December 31, 2020.",-72000000,,,,,,,,,,,filing,10-K FY2020 — ITEM 8. FINANCIAL STATEME,
unpaired_actual,TSLA,2020,,,,,,revenue,Revenue,,segment:automotive,,,,Q1 FY2021,"7 Tesla, Inc. C onsolidated Statements of Cash Flows (in millions) (unaudited) Three Months Ended March 31, 2021 2020 Cash Flows from Operating Activities Net income $ 464 $ 68 Adjustments to reconcile net income to net cash provided by (used in) operating activities: Depreciation, amortization and impairment 621 553 Stock-based compensation 614 211 Inventory and purchase commitments write-downs 49 45 Foreign currency transaction net (gain) loss ( 2 ) 19 Non-cash interest and other operating activities 8 111 Digital assets gain, net ( 101 ) — Changes in operating assets and liabilities: Accounts receivable ( 24 ) ( 14 ) Inventory ( 106 ) ( 981 ) Operating lease vehicles ( 426 ) ( 197 ) Prepaid expenses and other current assets ( 143 ) ( 154 ) Other non-current assets ( 168 ) 40 Accounts payable and accrued liabilities 672 ( 265 ) Deferred revenue 162 53 Customer deposits ( 2 ) 88 Other long-term liabilities 23 ( 17 ) Net cash provided by (used in) operating activities 1,641 ( 440 ) Cash Flows from Investing Activities Purchases of property and equipment excluding finance leases, net of sales ( 1,348 ) ( 455 ) Purchases of solar energy systems, net of sales ( 12 ) ( 26 ) Purchases of digital assets ( 1,500 ) — Proceeds from sales of digital assets 272 — Receipt of government grants 6 1 Net cash used in investing activities ( 2,582 ) ( 480 ) Cash Flows from Financing Activities Proceeds from issuances of common stock in public offerings, net of issuance costs — 2,309 Proceeds from issuances of convertible and other debt 2,983 2,802 Repayments of convertible and other debt ( 4,038 ) ( 2,318 ) Collateralized lease repayments ( 6 ) ( 97 ) Proceeds from exercises of stock options and other stock issuances 183 160 Principal payments on finance leases ( 101 ) ( 100 ) Debt issuance costs ( 5 ) — Proceeds from investments by noncontrolling interests in subsidiaries — 19 Distributions paid to noncontrolling interests in subsidiaries ( 32 ) ( 67 ) Net cash (used in) provided by financing activities ( 1,016 ) 2,708 Effect of exchange rate changes on cash and cash equivalents and restricted cash ( 221 ) ( 24 ) Net (decrease) increase in cash and cash equivalents and restricted cash ( 2,178 ) 1,764 Cash and cash equivalents and restricted cash, beginning of period 19,901 6,783 Cash and cash equivalents and restricted cash, end of period $ 17,723 $ 8,547 Supplemental Non-Cash Investing and Financing Activities Acquisitions of property and equipment included in liabilities $ 1,061 $ 415 Leased assets obtained in exchange for finance lease liabilities $ 64 $ 32 Leased assets obtained in exchange for operating lease liabilities $ 179 $ 60 The accompanying notes are an integral part of these consolidated financial statements.",464000000,,,,,,,,,,,filing,10-Q Q1 2021 — ITEM 1. FINANCIAL STATEMENTS — Consolidated Financial Statements,
unpaired_actual,TSLA,2020,,,,,,revenue_growth,Revenue growth,,consolidated,,,,Q1 FY2021,"Services and other revenue increased $333 million, or 59%, in the three months ended March 31, 2021 as compared to the three months ended March 31, 2020, primarily due to increases in used vehicle revenue driven by an increase in trade-ins, non-warranty maintenance services revenue as our fleet continues to grow and retail merchandise revenue.",333000000,,,,,,,,,,,filing,10-Q Q1 2021 — ITEM 2. MANAGEMENT’S DISCUSSION AND ANALYSIS OF FINANCIAL CONDITION AND RESULTS OF OPERATIONS,
unpaired_actual,TSLA,2020,,,,,,revenue,Revenue,,product:powerwall,,,,Q1 FY2021,"Energy generation and storage revenue increased by $201 million, or 69%, in the three months ended March 31, 2021 as compared to the three months ended March 31, 2020, primarily due to increases in deployments of solar cash and loan jobs, Powerwall and Megapack, partially offset by reduced average selling prices on our solar cash and loan jobs as a result of our low cost solar strategy introduced mid-2020.",201000000,,,,,,,,,,,filing,10-Q Q1 2021 — ITEM 2. MANAGEMENT’S DISCUSSION AND ANALYSIS OF FINANCIAL CONDITION AND RESULTS OF OPERATIONS,
unpaired_actual,TSLA,2020,,,,,,revenue,Revenue,,product:model_3,,,,Q1 FY2021,"Cost of automotive sales revenue increased $2.76 billion, or 75%, in the three months ended March 31, 2021 as compared to the three months ended March 31, 2020, primarily due to an increase of 96,464 Model 3 and Model Y cash deliveries, partially offset by a decrease in combined average Model 3 and Model Y costs per unit due to lower material, manufacturing, freight and duty costs from localized procurement and manufacturing in China, a higher sales mix of Standard Range trims and reductions in Model Y average costs per unit as compared to the prior period due to temporary under-utilization of manufacturing capacity at lower production volumes during our production ramp in the first half of 2020.",2760000000,,,,,,,,,,,filing,10-Q Q1 2021 — ITEM 2. MANAGEMENT’S DISCUSSION AND ANALYSIS OF FINANCIAL CONDITION AND RESULTS OF OPERATIONS,
unpaired_actual,TSLA,2020,,,,,,revenue,Revenue,,segment:automotive,,,,Q1 FY2021,"Cost of automotive leasing revenue increased $38 million, or 31%, in the three months ended March 31, 2021 as compared to the three months ended March 31, 2020, primarily due to an increase in cumulative vehicles under our direct operating lease program and the introduction of direct sales-type leasing programs which we began offering in volume during the third quarter of 2020 where we recognize all cost of revenue associated with the sales-type lease upon delivery to the customer.",38000000,,,,,,,,,,,filing,10-Q Q1 2021 — ITEM 2. MANAGEMENT’S DISCUSSION AND ANALYSIS OF FINANCIAL CONDITION AND RESULTS OF OPERATIONS,
unpaired_actual,TSLA,2020,,,,,,powertrain_cost_reduction,Powertrain Cost Reduction,,consolidated,,,,Q1 FY2021,"Cost of services and other revenue increased $314 million, or 48%, in the three months ended March 31, 2021 as compared to the three months ended March 31, 2020, primarily due to increases in used vehicle cost of revenue driven by an increase in trade-ins, costs to support our increase in non-warranty maintenance services revenue and costs of retail merchandise as our sales have increased.",314000000,,,,,,,,,,,filing,10-Q Q1 2021 — ITEM 2. MANAGEMENT’S DISCUSSION AND ANALYSIS OF FINANCIAL CONDITION AND RESULTS OF OPERATIONS,
unpaired_actual,TSLA,2020,,,,,,gross_margin,Gross margin,,product:model_3,,,,Q1 FY2021,"There were increases from improvements of Model Y and Model 3 gross margins primarily from lower material, manufacturing, freight and duty costs from localized procurement and manufacturing in China and reductions in Model Y average costs per unit as compared to the prior period due to temporary under-utilization of manufacturing capacity at lower production volumes during our production ramp in the first half of 2020.",26,,,,,,,,,,,filing,10-Q Q1 2021 — ITEM 2. MANAGEMENT’S DISCUSSION AND ANALYSIS OF FINANCIAL CONDITION AND RESULTS OF OPERATIONS,
unpaired_actual,TSLA,2020,,,,,,revenue,Revenue,,consolidated,,,,Q1 FY2021,"There was no sales-type leasing revenue or associated cost of revenue recognized in the three months ended March 31, 2020 as we had not launched this offering.",42000000,,,,,,,,,,,filing,10-Q Q1 2021 — ITEM 1. FINANCIAL STATEMENTS — Note 2 – Summary of Significant Accounting Policies,
unpaired_actual,TSLA,2020,,,,,,revenue,Revenue,,product:model_3,,,,Q1 FY2021,These increases were partially offset by a decrease in the combined average selling price of Model 3 and Model Y due to a higher proportion of Standard Range variants in our sales mix compared to the prior period.,23,,,,,,,,,,,filing,10-Q Q1 2021 — ITEM 2. MANAGEMENT’S DISCUSSION AND ANALYSIS OF FINANCIAL CONDITION AND RESULTS OF OPERATIONS,
unpaired_actual,TSLA,2020,,,,,,gross_margin,Gross margin,,segment:energy,,,,Q1 FY2021,"Gross margin for energy generation and storage decreased from 4% to -20% in the three months ended March 31, 2021 as compared to the three months ended March 31, 2020 primarily due to a higher proportion of Solar Roof in our overall energy business which operated at lower gross margins as a result of temporary manufacturing underutilization during product ramp, increased service maintenance costs on solar energy systems where we are the lessor and lower gross margins in our energy storage business as we are ramping Megapack.",-20,,,,,,,,,,,filing,10-Q Q1 2021 — ITEM 2. MANAGEMENT’S DISCUSSION AND ANALYSIS OF FINANCIAL CONDITION AND RESULTS OF OPERATIONS,
unpaired_actual,TSLA,2020,,,,,,production_deliveries,Production Deliveries,,product:model_3,,,,Q1 FY2021,"Automotive sales revenue increased $3.81 billion, or 78%, in the three months ended March 31, 2021 as compared to the three months ended March 31, 2020, primarily due to an increase of 96,464 Model 3 and Model Y cash deliveries year over year from production ramping at both Gigafactory Shanghai and the Fremont Factory.",3810000000,,,,,,,,,,,filing,10-Q Q1 2021 — ITEM 2. MANAGEMENT’S DISCUSSION AND ANALYSIS OF FINANCIAL CONDITION AND RESULTS OF OPERATIONS,
unpaired_actual,TSLA,2020,,,,,,revenue,Revenue,,segment:automotive,,,,Q1 FY2021,"Automotive leasing revenue increased $58 million, or 24%, in the three months ended March 31, 2021 as compared to the three months ended March 31, 2020, primarily due to an increase in cumulative vehicles under our direct operating lease program and the introduction of direct sales-type leasing programs which we began offering in volume during the third quarter of 2020 where we recognize all revenue associated with the sales-type lease upon delivery to the customer.",58000000,,,,,,,,,,,filing,10-Q Q1 2021 — ITEM 2. MANAGEMENT’S DISCUSSION AND ANALYSIS OF FINANCIAL CONDITION AND RESULTS OF OPERATIONS,
unpaired_actual,TSLA,2020,,,,,,production_deliveries,Production Deliveries,,consolidated,,,,Q2 FY2021,"We achieved record production, deliveries, and surpassed over $1 billion in GAAP net income for the first time in Tesla's history.",1000000000,,,,,,,,,,,transcript,TSLA_Q2_2021,
unpaired_actual,TSLA,2020,,,,,,gross_profit,Gross profit,,segment:automotive,,,,Q2 FY2021,"In particular, auto gross profit and margin, excluding credits, increased substantially.",increased substantially,,,,,,,,,,,transcript,TSLA_Q2_2021,
unpaired_actual,TSLA,2020,,,,,,revenue,Revenue,,segment:energy generation and storage,,,,Q3 FY2021,"Energy generation and storage revenue increased by $227 million, or 39%, in the three months ended September 30, 2021 as compared to the three months ended September 30, 2020.",increased by $227 million or 39%,,,,,,,,,,,filing,10-Q Q3 2021 — ITEM 2. MANAGEMENT’S DISCUSSION AND ANALYSIS OF FINANCIAL CONDITION AND RESULTS OF OPERATIONS,
unpaired_actual,TSLA,2020,,,,,,revenue,Revenue,,segment:energy generation and storage,,,,FY2021,"Energy generation and storage revenue increased by $859 million, or 69%, in the nine months ended September 30, 2021 as compared to the nine months ended September 30, 2020.",increased by $859 million or 69%,,,,,,,,,,,filing,10-Q Q3 2021 — ITEM 2. MANAGEMENT’S DISCUSSION AND ANALYSIS OF FINANCIAL CONDITION AND RESULTS OF OPERATIONS,
unpaired_actual,TSLA,2020,,,,,,revenue,Revenue,,product:model_3,,,,Q3 FY2021,"Cost of automotive sales revenue increased $2.79 billion, or 52%, in the three months ended September 30, 2021 as compared to the three months ended September 30, 2020, primarily due to an increase of 101,183 Model 3 and Model Y cash deliveries, partially offset by a decrease in combined average Model 3 and Model Y costs per unit due to changes in regional production mix, as Gigafactory Shanghai has ramped in capacity, despite a higher proportion of Model Y compared to the prior period.",increased $2.79 billion or 52%,,,,,,,,,,,filing,10-Q Q3 2021 — ITEM 2. MANAGEMENT’S DISCUSSION AND ANALYSIS OF FINANCIAL CONDITION AND RESULTS OF OPERATIONS,
unpaired_actual,TSLA,2020,,,,,,revenue,Revenue,,product:model_3,,,,FY2021,"Cost of automotive sales revenue increased $8.95 billion, or 70%, in the nine months ended September 30, 2021 as compared to the nine months ended September 30, 2020, primarily due to an increase of 304,919 Model 3 and Model Y cash deliveries.",increased $8.95 billion or 70%,,,,,,,,,,,filing,10-Q Q3 2021 — ITEM 2. MANAGEMENT’S DISCUSSION AND ANALYSIS OF FINANCIAL CONDITION AND RESULTS OF OPERATIONS,
unpaired_actual,TSLA,2020,,,,,,revenue,Revenue,,segment:automotive,,,,Q3 FY2021,"35 Cost of automotive leasing revenue increased $167 million, or 40%, in the nine months ended September 30, 2021 as compared to the nine months ended September 30, 2020, primarily due to increases in cumulative vehicles and purchase options exercised under our direct operating lease program compared to the prior period and the introduction of direct sales-type leasing programs which we began offering in volume during the third quarter of 2020 where we recognize all cost of revenue associated with the sales-type lease upon delivery to the customer.",increased $89 million or 61%,,,,,,,,,,,filing,10-Q Q3 2021 — ITEM 2. MANAGEMENT’S DISCUSSION AND ANALYSIS OF FINANCIAL CONDITION AND RESULTS OF OPERATIONS,
unpaired_actual,TSLA,2020,,,,,,revenue,Revenue,,consolidated,,,,Q3 FY2021,"Cost of services and other revenue increased $266 million, or 41%, in the three months ended September 30, 2021 as compared to the three months ended September 30, 2020, primarily due to increases in costs to support our increase in non-warranty maintenance services revenue, used vehicle cost of revenue driven by increases in volume and values of trade-ins and costs of retail merchandise as our sales have increased.",increased $266 million or 41%,,,,,,,,,,,filing,10-Q Q3 2021 — ITEM 2. MANAGEMENT’S DISCUSSION AND ANALYSIS OF FINANCIAL CONDITION AND RESULTS OF OPERATIONS,
unpaired_actual,TSLA,2020,,,,,,revenue,Revenue,,segment:automotive,,,,FY2021,"Gross margin for total automotive increased from 28% to 30% in the three months ended September 30, 2021 as compared to the three months ended September 30, 2020.",increased $1.01 billion or 54%,,,,,,,,,,,filing,10-Q Q3 2021 — ITEM 2. MANAGEMENT’S DISCUSSION AND ANALYSIS OF FINANCIAL CONDITION AND RESULTS OF OPERATIONS,
unpaired_actual,TSLA,2020,,,,,,gross_margin,Gross margin,,segment:automotive,,,,Q3 FY2021,"Gross margin for total automotive increased from 26% to 29% in the nine months ended September 30, 2021 as compared to the nine months ended September 30, 2020.",increased from 28% to 30%,,,,,,,,,,,filing,10-Q Q3 2021 — ITEM 2. MANAGEMENT’S DISCUSSION AND ANALYSIS OF FINANCIAL CONDITION AND RESULTS OF OPERATIONS,
unpaired_actual,TSLA,2020,,,,,,revenue,Revenue,,product:model_3,,,,FY2021,The increases were primarily due to favorable changes in sales and production mix of Model 3 and Model Y as Gigafactory Shanghai has ramped in capacity.,increased from 26% to 29%,,,,,,,,,,,filing,10-Q Q3 2021 — ITEM 2. MANAGEMENT’S DISCUSSION AND ANALYSIS OF FINANCIAL CONDITION AND RESULTS OF OPERATIONS,
unpaired_actual,TSLA,2020,,,,,,revenue,Revenue,,product:model_3,,,,FY2021,Increased sales in Asia and exporting vehicles manufactured in Gigafactory Shanghai instead of the Fremont Factory to other regions have resulted in higher gross margins for both our Model 3 and Model Y product lines.,decreased significantly,,,,,,,,,,,filing,10-Q Q3 2021 — ITEM 2. MANAGEMENT’S DISCUSSION AND ANALYSIS OF FINANCIAL CONDITION AND RESULTS OF OPERATIONS,
unpaired_actual,TSLA,2020,,,,,,gross_margin,Gross margin,,segment:automotive,,,,Q3 FY2021,"Gross margin for total automotive & services and other segment increased from 25% to 28% in the three months ended September 30, 2021 as compared to the three months ended September 30, 2020.",increased from 25% to 28%,,,,,,,,,,,filing,10-Q Q3 2021 — ITEM 2. MANAGEMENT’S DISCUSSION AND ANALYSIS OF FINANCIAL CONDITION AND RESULTS OF OPERATIONS,
unpaired_actual,TSLA,2020,,,,,,gross_margin,Gross margin,,segment:automotive,,,,FY2021,"Gross margin for total automotive & services and other segment increased from 23% to 26% in the nine months ended September 30, 2021 as compared to the nine months ended September 30, 2020.",increased from 23% to 26%,,,,,,,,,,,filing,10-Q Q3 2021 — ITEM 2. MANAGEMENT’S DISCUSSION AND ANALYSIS OF FINANCIAL CONDITION AND RESULTS OF OPERATIONS,
unpaired_actual,TSLA,2020,,,,,,revenue,Revenue,,segment:energy generation and storage,,,,Q3 FY2021,"Cost of energy generation and storage revenue increased by $245 million, or 44%, in the three months ended September 30, 2021 as compared to the three months ended September 30, 2020.",increased $245 million or 44%,,,,,,,,,,,filing,10-Q Q3 2021 — ITEM 2. MANAGEMENT’S DISCUSSION AND ANALYSIS OF FINANCIAL CONDITION AND RESULTS OF OPERATIONS,
unpaired_actual,TSLA,2020,,,,,,revenue,Revenue,,segment:energy generation and storage,,,,FY2021,"Cost of energy generation and storage revenue increased by $990 million, or 83%, in the nine months ended September 30, 2021 as compared to the nine months ended September 30, 2020.",increased $990 million or 83%,,,,,,,,,,,filing,10-Q Q3 2021 — ITEM 2. MANAGEMENT’S DISCUSSION AND ANALYSIS OF FINANCIAL CONDITION AND RESULTS OF OPERATIONS,
unpaired_actual,TSLA,2020,,,,,,gross_margin,Gross margin,,segment:energy,,,,Q3 FY2021,"Gross margin for energy generation and storage decreased from 4% to 0% in the three months ended September 30, 2021 as compared to the three months ended September 30, 2020, primarily due to a higher proportion of Solar Roof in our overall energy business, which operated at lower gross margins as a result of temporary manufacturing underutilization during product ramp, despite gross margin improvements compared to the prior period, partially offset by improved gross margins in our energy storage business.",decreased from 4% to 0%,,,,,,,,,,,filing,10-Q Q3 2021 — ITEM 2. MANAGEMENT’S DISCUSSION AND ANALYSIS OF FINANCIAL CONDITION AND RESULTS OF OPERATIONS,
unpaired_actual,TSLA,2020,,,,,,headcount,Headcount,,consolidated,,,,Q3 FY2021,"The increase was primarily due to a $111 million increase in employee and labor related expenses due to an increase in headcount, a $60 million increase in facilities, outside services, freight and depreciation expenses, a $44 million increase in R&D expensed materials, and a $29 million increase in stock-based compensation expense.",increased $245 million or 67%,,,,,,,,,,,filing,10-Q Q3 2021 — ITEM 2. MANAGEMENT’S DISCUSSION AND ANALYSIS OF FINANCIAL CONDITION AND RESULTS OF OPERATIONS,
unpaired_actual,TSLA,2020,,,,,,headcount,Headcount,,consolidated,,,,FY2021,"The increase was primarily due to a $393 million increase in employee and labor related expenses due to an increase in headcount, a $221 million increase in R&D expensed materials, a $148 million increase in facilities, outside services, freight and depreciation expense and a $120 million increase in stock-based compensation expense.",increased $884 million or 91%,,,,,,,,,,,filing,10-Q Q3 2021 — ITEM 2. MANAGEMENT’S DISCUSSION AND ANALYSIS OF FINANCIAL CONDITION AND RESULTS OF OPERATIONS,
unpaired_actual,TSLA,2020,,,,,,revenue,Revenue,,consolidated,,,,Q3 FY2021,"The increase is primarily due to an increase of $134 million in employee and labor related expenses from increased headcount and a $106 million increase in office, information technology, facilities-related expenses, sales and marketing activities and other costs.",increased $106 million or 12%,,,,,,,,,,,filing,10-Q Q3 2021 — ITEM 2. MANAGEMENT’S DISCUSSION AND ANALYSIS OF FINANCIAL CONDITION AND RESULTS OF OPERATIONS,
unpaired_actual,TSLA,2020,,,,,,deliveries,Deliveries,,consolidated,,,,Q3 FY2021,"Overall, we delivered just over 240,000 cars, 20% higher than last quarter, and 70% higher than the same quarter last year.","just over 240,000 cars",,,,,,,,,,,transcript,TSLA_Q3_2021,
unpaired_actual,TSLA,2020,,,,,,production,Production,,consolidated,,,,Q3 FY2021,We were also able to achieve an annualized production run rate of over 1 million cars towards the end of the quarter.,over 1 million cars,,,,,,,,,,,transcript,TSLA_Q3_2021,
unpaired_actual,TSLA,2020,,,,,,operating_margin,Operating margin,,consolidated,,,,Q3 FY2021,We have achieved -- we've actually exceeded our long-term guidance on our operating margin target.,just under 15%,,,,,,,,,,,transcript,TSLA_Q3_2021,
unpaired_actual,TSLA,2020,,,,,,operating_margin,Operating margin,,consolidated,,,,Q3 FY2021,"As a result of the great progress on margins, volume, and appropriate management of overhead costs, we were able to achieve an operating margin of just under 15%, exceeding the long-term guidance we've laid out previously.",$3.1 billion,,,,,,,,,,,transcript,TSLA_Q3_2021,
unpaired_actual,TSLA,2020,,,,,,production_deliveries,Production Deliveries,,product:model_3,,,,FY2021,"2021 compared to 2020 Automotive sales revenue increased $19.52 billion, or 79%, in the year ended December 31, 2021 as compared to the year ended December 31, 2020, primarily due to an increase of 433,815 Model 3 and Model Y cash deliveries year over year from production ramping at both Gigafactory Shanghai and the Fremont Factory at a slightly higher combined average selling price from a higher proportion of Model Y sales offset by regional sales mix.","$19.52 billion increase, 79% growth",,,,,,,,,,,filing,10-K FY2021 — ITEM 7. MANAGEMENT’S DISCUSSION AND ANALYSIS OF FINANCIAL CONDITION AND RESULTS OF OPERATIONS,
unpaired_actual,TSLA,2020,,,,,,revenue,Revenue,,product:powerwall,,,,FY2021,"37 2021 compared to 2020 Energy generation and storage revenue increased by $795 million, or 40%, in the year ended December 31, 2021 as compared to the year ended December 31, 2020, primarily due to an increase in deployments of Megapack, solar cash and loan jobs, Powerwall and Solar Roof, partially offset by a decrease in Powerpack deployments as we phase out the product following the introduction of Megapack .","$795 million increase, 40% growth",,,,,,,,,,,filing,10-K FY2021 — ITEM 7. MANAGEMENT’S DISCUSSION AND ANALYSIS OF FINANCIAL CONDITION AND RESULTS OF OPERATIONS,
unpaired_actual,TSLA,2020,,,,,,revenue,Revenue,,product:model_3,,,,FY2021,The increase was primarily due to favorable changes in sales and production mix of Model 3 and Model Y as Gigafactory Shanghai has ramped in capacity.,decreased significantly,,,,,,,,,,,filing,10-K FY2021 — ITEM 7. MANAGEMENT’S DISCUSSION AND ANALYSIS OF FINANCIAL CONDITION AND RESULTS OF OPERATIONS,
unpaired_actual,TSLA,2020,,,,,,regulatory_credit_revenue,Regulatory credit revenue,,consolidated,,,,FY2021,"These increases were partially offset by a decrease of $115 million in sales of regulatory credits, which have negligible incremental costs associated with them.",26.9%,,,,,,,,,,,filing,10-K FY2021 — ITEM 7. MANAGEMENT’S DISCUSSION AND ANALYSIS OF FINANCIAL CONDITION AND RESULTS OF OPERATIONS,
unpaired_actual,TSLA,2020,,,,,,gross_margin,Gross margin,,segment:energy,,,,FY2021,"Gross margin for energy generation and storage decreased from 0.9% in the year ended December 31, 2020 to -4.6% in the year ended December 31, 2021, primarily due to a higher proportion of Solar Roof in our overall energy business which operated at a lower gross margin as a result of temporary manufacturing underutilization during product ramp despite an improvement in gross margin compared to the prior year and lower Powerpack gross margin as fixed cost absorptions are negatively impacted as we phase out the product following the introduction of Megapack.",-4.6%,,,,,,,,,,,filing,10-K FY2021 — ITEM 7. MANAGEMENT’S DISCUSSION AND ANALYSIS OF FINANCIAL CONDITION AND RESULTS OF OPERATIONS,
unpaired_actual,TSLA,2020,,,,,,headcount,Headcount,,consolidated,,,,FY2021,"The increase was primarily due to a $506 million increase in employee and labor related expenses due to an increase in headcount, a $263 million increase in R&D expensed materials, a $211 million increase in facilities, outside services, freight and depreciation expense and an $103 million increase in stock-based compensation expense.","$1.10 billion increase, 74% growth",,,,,,,,,,,filing,10-K FY2021 — ITEM 7. MANAGEMENT’S DISCUSSION AND ANALYSIS OF FINANCIAL CONDITION AND RESULTS OF OPERATIONS,
unpaired_actual,TSLA,2020,,,,,,headcount,Headcount,,consolidated,,,,FY2021,"The increase is primarily due to an increase of $568 million in employee and labor related expenses from increased headcount and increased payroll taxes due to our higher average share price in the year ended December 31, 2021 compared to the prior year.","$1.37 billion increase, 44% growth",,,,,,,,,,,filing,10-K FY2021 — ITEM 7. MANAGEMENT’S DISCUSSION AND ANALYSIS OF FINANCIAL CONDITION AND RESULTS OF OPERATIONS,
unpaired_actual,TSLA,2020,,,,,,production_deliveries,Production Deliveries,,product:model_3,,,,Q1 FY2019,"Automotive sales revenue increased $946.9 million, or 37%, in the three months ended March 31, 2019 as compared to three months ended March 31, 2018, primarily due to an increase of approximately 42,750 Model 3 deliveries from our significant production ramp in the second half of 2018, delivered at average selling prices that remained relatively consistent year-over-year.",$946.9 million,,,,,,,,,,,filing,10-Q Q1 2019 — ITEM 1. FINANCIAL STATEMENTS — Note 17 – Restructuring and Other,
unpaired_actual,TSLA,2020,,,,,,revenue_growth,Revenue growth,,consolidated,,,,Q1 FY2019,"Additionally, there was an increase of $170.6 million in sales of non-ZEV regulatory credits to $200.6 million in the three months ended March 31, 2019 compared to $30.0 million in the same period in the prior year.",$170.6 million,,,,,,,,,,,filing,10-Q Q1 2019 — ITEM 1. FINANCIAL STATEMENTS — Note 17 – Restructuring and Other,
unpaired_actual,TSLA,2020,,,,,,revenue,Revenue,,consolidated,,,,Q1 FY2019,"The above increases in revenue were offset by a decrease of approximately 8,610 Model S and Model X deliveries at lower average selling prices due to price adjustments we made to our vehicle offerings in the three months ended March 31, 2019.","approximately 8,610",,,,,,,,,,,filing,10-Q Q1 2019 — ITEM 1. FINANCIAL STATEMENTS — Note 17 – Restructuring and Other,
unpaired_actual,TSLA,2020,,,,,,revenue,Revenue,,segment:automotive,,,,Q1 FY2019,"Automotive leasing revenue increased $41.7 million, or 24%, in the three months ended March 31, 2019 as compared to the three months ended March 31, 2018.",$41.7 million,,,,,,,,,,,filing,10-Q Q1 2019 — ITEM 1. FINANCIAL STATEMENTS — Note 17 – Restructuring and Other,
unpaired_actual,TSLA,2020,,,,,,other_the_increase_was_primarily_due,Other The Increase Was Primarily Due,,segment:automotive,,,,Q1 FY2019,"The increase was primarily due to an increase in cumulative vehicles under our direct vehicle leasing program and an increase in the number of vehicles under leasing programs where our counterparty has retained ownership of the vehicle during or at the end of the guarantee period when compared to the three months ended March 31, 2018.","31,",,,,,,,,,,,filing,10-Q Q1 2019 — ITEM 1. FINANCIAL STATEMENTS — Note 17 – Restructuring and Other,
unpaired_actual,TSLA,2020,,,,,,revenue,Revenue,,consolidated,,,,Q1 FY2019,"Services and other revenue increased $229.5 million, or 87%, in the three months ended March 31, 2019 as compared to the three months ended March 31, 2018.",$229.5 million,,,,,,,,,,,filing,10-Q Q1 2019 — ITEM 1. FINANCIAL STATEMENTS — Note 17 – Restructuring and Other,
unpaired_actual,TSLA,2020,,,,,,production_deliveries,Production Deliveries,,product:model_3,,,,Q1 FY2019,"Cost of automotive sales revenue increased $764.8 million, or 37%, in the three months ended March 31, 2019 as compared to the three months ended March 31, 2018, primarily due to an increase of approximately 42,750 Model 3 deliveries from our significant production ramp in the second half of 2018.",$764.8 million,,,,,,,,,,,filing,10-Q Q1 2019 — ITEM 1. FINANCIAL STATEMENTS — Note 17 – Restructuring and Other,
unpaired_actual,TSLA,2020,,,,,,production_volume,Production volume,,product:model_3,,,,Q1 FY2019,The increase was partially offset by significant reductions in Model 3 average costs per unit compared to the prior period primarily due to temporary under-utilization of manufacturing capacity at lower production volumes in the first half of 2018 and other cost efficiencies.,3,,,,,,,,,,,filing,10-Q Q1 2019 — ITEM 1. FINANCIAL STATEMENTS — Note 17 – Restructuring and Other,
unpaired_actual,TSLA,2020,,,,,,product_milestone,Product / strategic milestone,,product:model_3,,,,Q1 FY2019,"However, we believe that the unique features and the safety aspects of our vehicles, our constant innovation, our growing brand, the increased affordability introduced with Model 3, the expansion of our global service and charging operations and infrastructure, and our future vehicles will continue to generate incremental demand for our vehicles by making them accessible to larger and previously untapped consumer and commercial markets.","3,",,,,,,,,,,,filing,10-Q Q1 2019 — ITEM 1. FINANCIAL STATEMENTS — Note 17 – Restructuring and Other,
unpaired_actual,TSLA,2020,,,,,,revenue,Revenue,,segment:automotive,,,,Q1 FY2019,"39 Cost of automotive leasing revenue increased $12.6 million, or 12%, in the three months ended March 31, 2019 compared to the three months ended March 31, 2018.",39,,,,,,,,,,,filing,10-Q Q1 2019 — ITEM 1. FINANCIAL STATEMENTS — Note 17 – Restructuring and Other,
unpaired_actual,TSLA,2020,,,,,,revenue,Revenue,,consolidated,,,,Q1 FY2019,"Cost of services and other revenue increased $304.6 million, or 80%, in the three months ended March 31, 2019 as compared to the three months ended March 31, 2018.",$304.6 million,,,,,,,,,,,filing,10-Q Q1 2019 — ITEM 1. FINANCIAL STATEMENTS — Note 17 – Restructuring and Other,
unpaired_actual,TSLA,2020,,,,,,production,Production,,product:model_3,,,,Q1 FY2019,Model 3 margins improved compared to the prior period as we achieved significant manufacturing efficiencies in the production of Model 3 in the second half of 2018.,3,,,,,,,,,,,filing,10-Q Q1 2019 — ITEM 1. FINANCIAL STATEMENTS — Note 17 – Restructuring and Other,
unpaired_actual,TSLA,2020,,,,,,deliveries,Deliveries,,consolidated,,,,Q1 FY2019,"This increase was partially offset by lower Model S and Model X deliveries at lower margins due to lower average selling prices from price adjustments we made to our vehicle offerings in the three months ended March 31, 2019.","31,",,,,,,,,,,,filing,10-Q Q1 2019 — ITEM 1. FINANCIAL STATEMENTS — Note 17 – Restructuring and Other,
unpaired_actual,TSLA,2020,,,,,,headcount,Headcount,,consolidated,,,,Q1 FY2019,"The increase was primarily due to a $51.6 million increase in stock-based compensation expense related to the 2018 CEO Performance Award and stock awards granted for new hires and refresher employee stock grants, partially offset by a $27.8 million decrease in employee and labor related expenses from decreased headcount and certain other expenses.",$51.6 million,,,,,,,,,,,filing,10-Q Q1 2019 — ITEM 1. FINANCIAL STATEMENTS — Note 17 – Restructuring and Other,
unpaired_actual,TSLA,2020,,,,,,capital_expenditure,Capital expenditure,,product:model_3,,,,Q1 FY2019,"The amount of interest we capitalize is driven by our construction in progress balance, which decreased year-over-year due to our declining Model 3 capital expenditure ramp.",3,,,,,,,,,,,filing,10-Q Q1 2019 — ITEM 1. FINANCIAL STATEMENTS — Note 17 – Restructuring and Other,
unpaired_actual,TSLA,2020,,,,,,production,Production,,product:model_3,,,,Q1 FY2019,"The increase in net operating assets and liabilities was mainly driven by an increase in inventory, as a result of an increase in Model 3 production, and a decrease in accounts payable and accrued liabilities.",3,,,,,,,,,,,filing,10-Q Q1 2019 — ITEM 1. FINANCIAL STATEMENTS — Note 17 – Restructuring and Other,
unpaired_actual,TSLA,2020,,,,,,regulatory_credit_revenue,Regulatory credit revenue,,product:model_3,,,,Q1 FY2019,"The decrease in cash from certain operating activities was partially offset by an increase in deferred revenue, as a result of increased Model 3 deliveries and receipt of regulatory credits which will be delivered at a future date.",3,,,,,,,,,,,filing,10-Q Q1 2019 — ITEM 1. FINANCIAL STATEMENTS — Note 17 – Restructuring and Other,
unpaired_actual,TSLA,2020,,,,,,gross_profit,Gross profit,,segment:automotive,,,,Q1 FY2019,"As such pricing changes may impact our vehicles’ resale values, we increased our estimates of the volume of vehicles that may potentially be returned to us under pre-existing resale value guarantees provided to customers and partners for certain financing programs, which resulted in a net reduction in gross profit in the first quarter of 2019.",2019.,,,,,,,,,,,filing,10-Q Q1 2019 — ITEM 1. FINANCIAL STATEMENTS — Note 17 – Restructuring and Other,
unpaired_actual,TSLA,2020,,,,,,production,Production,,product:model_3,,,,Q1 FY2019,"Ultimately, achieving increased Model 3 production cost-effectively will require that we timely address any bottlenecks, such as an isolated supplier limitation in the first quarter of 2019, that may arise as we continue to ramp, and establish and maintain sustained supplier capacity, not only at our U.S. manufacturing facilities but also locally at Gigafactory Shanghai.",3,,,,,,,,,,,filing,10-Q Q1 2019 — ITEM 1. FINANCIAL STATEMENTS — Note 17 – Restructuring and Other,
unpaired_actual,TSLA,2020,,,,,,revenue,Revenue,,consolidated,,,,Q1 FY2019,"We experienced a decline in Model S and Model X deliveries in the first quarter of 2019 as compared to recent historical levels, which we believe was caused by weaker demand due to seasonality, a pull-forward of sales into the fourth quarter of 2019 in the United States as a result of the first federal tax credit reduction, and the discontinuation of our 75 kWh battery pack versions.",2019,,,,,,,,,,,filing,10-Q Q1 2019 — ITEM 1. FINANCIAL STATEMENTS — Note 17 – Restructuring and Other,
unpaired_actual,TSLA,2020,,,,,,revenue,Revenue,,consolidated,,,,Q1 FY2019,"As of March 31, 2019, maturities of our operating lease receivables from customers for each of the next five years and thereafter were as follows (in thousands): Nine months ending December 31, 2019 $ 392,255 2020 446,135 2021 293,069 2022 189,094 2023 188,787 Thereafter 2,469,055 Total $ 3,978,395 24 As previously reported in our Annual Report on Form 10-K for the year ended December 31, 2018 and under legacy lease accounting (ASC 840) , future minimum lease payments to be received from customers under non-cancellable leases as of December 31, 2018 are as follows (in thousands): 2019 $ 501,625 2020 418,299 2021 270,838 2022 186,807 2023 188,809 Thereafter 2,469,732 Total $ 4,036,110 The above tables do not include vehicle sales to customers or leasing partners with a resale value guarantee as the cash payments were received upfront.","31,",,,,,,,,,,,filing,10-Q Q1 2019 — ITEM 1. FINANCIAL STATEMENTS — Note 11 – Leases,
unpaired_actual,TSLA,2020,,,,,,revenue,Revenue,,consolidated,,,,Q1 FY2019,"Following the adoption of the new lease standard, solar energy system sales and PPAs that commence after January 1, 2019, where we are the lessor and were previously accounted for as leases, will no longer meet the definition of a lease and are therefore not included in the table as of March 31, 2019 (refer to Note 2, Summary of Significant Accounting Policies ).","1,",,,,,,,,,,,filing,10-Q Q1 2019 — ITEM 1. FINANCIAL STATEMENTS — Note 11 – Leases,
unpaired_actual,TSLA,2020,,,,,,revenue,Revenue,,consolidated,,,,Q1 FY2019,"2016-02, Leases , solar energy system sales and PPAs that commence after January 1, 2019, where we are the lessor and were previously accounted for as leases, will no longer meet the definition of a lease and will instead be accounted for in accordance with ASC 606 (refer to the Leases section below for details).",2016,,,,,,,,,,,filing,10-Q Q1 2019 — ITEM 1. FINANCIAL STATEMENTS — Note 2 – Summary of Significant Accounting Policies,
unpaired_actual,TSLA,2020,,,,,,product_milestone,Product / strategic milestone,,consolidated,,,,Q1 FY2019,"25 As of March 31, 2019, the following operational milestone was considered probable of achievement: • Adjusted EBITDA of $3.0 billion Stock-based compensation expense associated with the 2018 CEO Performance Award is recognized over the longer of the expected achievement period for each pair of market capitalization or operational milestones, beginning at the point in time when the relevant operational milestone is considered probable of being met.",25,,,,,,,,,,,filing,10-Q Q1 2019 — ITEM 1. FINANCIAL STATEMENTS — Note 12 – Equity Incentive Plans,
unpaired_actual,TSLA,2020,,,,,,production,Production,,product:model_3,,,,Q1 FY2019,"As this was our first quarter delivering Model 3 vehicles outside of North America, finished goods inventory has increased as there are longer lead times associated with finite production capabilities at a single factory from which all Model 3 vehicles are shipped globally.",3,,,,,,,,,,,filing,10-Q Q1 2019 — ITEM 1. FINANCIAL STATEMENTS — Note 5 – Inventory,
unpaired_actual,TSLA,2020,,,,,,revenue,Revenue,,segment:automotive,,,,Q1 FY2019,"Due to price adjustments we made to our vehicle offerings during the three months ended March 31, 2019 , we increased our sales return reserve significantly on vehicles previously sold under our buyback options program.","31,",,,,,,,,,,,filing,10-Q Q1 2019 — ITEM 1. FINANCIAL STATEMENTS — Note 8 – Other Long-Term Liabilities,
unpaired_actual,TSLA,2020,,,,,,product_milestone,Product / strategic milestone,,product:model_3,,,,Q1 FY2019,"47 We have limited experience to date in manufacturing vehicles at the high volumes that we recently achieved and to which we anticipate ramping further for Model 3, and to be successful, we will need to complete the implementation and ramp of efficient and cost-effective manufacturing capabilities, processes and supply chai ns necessary to support such volumes, including at Gigafactory Shanghai.",47,,,,,,,,,,,filing,10-Q Q1 2019 — ITEM 1. LEGAL PROCEEDINGS,
unpaired_actual,TSLA,2020,,,,,,other_that_necessarily_takes_a_while,Other That Necessarily Takes A While,,consolidated,,,,Q1 FY2019,"That necessarily takes a while to scale up because we have to be confident that the Solar Roof is going to last on the order of 30 years and because the warranty is sort of 20, 25 years and so the rate at which you can iterate on Solar Roof is necessarily slowed down by [indiscernible] which you can do accelerate aging on the roof and we want the installation process to be simple and easy, which is actually the Tesla Buffalo factory a few weeks ago and I was pretty impressed with the team and we are looking forward to scaling that up significantly through the balance of this year and next.",30,,,,,,,,,,,transcript,TSLA_Q1_2019,
unpaired_actual,TSLA,2020,,,,,,production,Production,,consolidated,,,,Q1 FY2019,We did reduce production in Q1 as was noted.,1,,,,,,,,,,,transcript,TSLA_Q1_2019,
unpaired_actual,TSLA,2020,,,,,,production,Production,,consolidated,,,,Q1 FY2019,That was part of the retooling that we put in place to get the longer range vehicle out with the improved suspension and we are in the process of increasing production backup over the course of Q2.,2.,,,,,,,,,,,transcript,TSLA_Q1_2019,
unpaired_actual,TSLA,2020,,,,,,other_pierre_ferragu_and_my_follow,Other Pierre Ferragu And My Follow,,consolidated,,,,Q1 FY2019,"Pierre Ferragu And my follow-up was really on Q2 like with 90,000 to 100,000 units you are getting back to fairly nice volumes and I am surprised you don’t – you just still expect a loss.",2,,,,,,,,,,,transcript,TSLA_Q1_2019,
unpaired_actual,TSLA,2020,,,,,,deliveries,Deliveries,,segment:automotive,,,,Q1 FY2019,"So I will say it again, like we initially delivered the half of all vehicles produced or half of all deliveries occurred in literally the final 10 days of Q1.",10,,,,,,,,,,,transcript,TSLA_Q1_2019,
unpaired_actual,TSLA,2020,,,,,,other_i_mean_what_we_saw,Other I Mean What We Saw,,consolidated,,,,Q1 FY2019,"I mean, what we saw on February 28 when we launched the standard range, the standard range class variances, is that there’s pent-up demand for those products that released very quickly after it was announced.",28,,,,,,,,,,,transcript,TSLA_Q1_2019,
unpaired_actual,TSLA,2020,,,,,,stores,Stores / locations,,consolidated,,,,Q1 FY2019,"So, we actually will continue to add stores in locations are no-brainers.",,,,,,,,,,,,transcript,TSLA_Q1_2019,
unpaired_actual,TSLA,2020,,,,,,other_and_then_the_third_piece,Other And Then The Third Piece,,product:model_3,,,,Q1 FY2019,"And then the third piece which applies to S and X, but also Model 3, we’re seeing an increased take rate on our full Self-Driving offering.","3,",,,,,,,,,,,transcript,TSLA_Q1_2019,
unpaired_actual,TSLA,2020,,,,,,other_elon_musk_yes_i_should,Other Elon Musk Yes I Should,,product:model_3,,,,Q1 FY2019,"Elon Musk Yes, I should mention that the upgraded powertrain for S and X was actually launched in a significant cost down because we essentially took the high volume, we’re driving units of the Model 3 which is extremely efficient magnet motor and product electronics and we made a version for that for the contract unit of S and X.",3,,,,,,,,,,,transcript,TSLA_Q1_2019,
unpaired_actual,TSLA,2020,,,,,,other_and_we_thought_it_was,Other And We Thought It Was,,product:model_3,,,,Q1 FY2019,"And we thought it was important to offer the $35,000 Model 3 and then to create a sort of bundled package for the Model 3 with the increased range because we think actually that difference between 220 and 240 is quite important more people realizing in range and posher interior and Autopilot.","$35,000",,,,,,,,,,,transcript,TSLA_Q1_2019,
unpaired_actual,TSLA,2020,,,,,,other_but_we_see_very_few,Other But We See Very Few,,consolidated,,,,Q1 FY2019,"But we see very few people actually take us up on that $35,000 offer, but it’s there and will remain there.","$35,000",,,,,,,,,,,transcript,TSLA_Q1_2019,
unpaired_actual,TSLA,2020,,,,,,other_we_launched_the_standard_range,Other We Launched The Standard Range,,product:model_3,,,,Q1 FY2019,"We launched the standard range lineup for Model 3 product retooling from Model S and Model X, which Elon just talk about and suspension upgrade and then we implemented various pricing adjustments and work to do the corresponding impact that had on our order mix in deliverable cars.",3,,,,,,,,,,,transcript,TSLA_Q1_2019,
unpaired_actual,TSLA,2020,,,,,,deliveries,Deliveries,,consolidated,,,,Q1 FY2019,"And the two components to this which we have discussed is that an international operation naturally commands additional working capital because of transit times, but then also the stress on our delivery operations meant that not all of our cars will be delivered, both of these factors which occurred in Q1.",1.,,,,,,,,,,,transcript,TSLA_Q1_2019,
unpaired_actual,TSLA,2020,,,,,,revenue,Revenue,,segment:automotive,,,,Q1 FY2019,"Within the automotive business, one thing that I want to note here is that automotive revenue was negatively impacted by $501 million attributed to the reserve increase for S and X that I just noted.",$501 million,,,,,,,,,,,transcript,TSLA_Q1_2019,
unpaired_actual,TSLA,2020,,,,,,gross_margin,Gross margin,,product:model_3,,,,Q1 FY2019,"Within automotive gross margin, Model 3 gross margin declined slightly to approximately 20%.",3,,,,,,,,,,,transcript,TSLA_Q1_2019,
unpaired_actual,TSLA,2020,,,,,,other_one_is_the_pricing_adjustments,Other One Is The Pricing Adjustments,,consolidated,,,,Q1 FY2019,One is the pricing adjustments that we made on February 28 as well as the makeshift towards the standard range lineup which we launched.,28,,,,,,,,,,,transcript,TSLA_Q1_2019,
unpaired_actual,TSLA,2020,,,,,,capital_expenditure,Capital expenditure,,product:model_3,,,,Q1 FY2019,"As we noted in the letter, CapEx bringing up capacity 50% for Giga Shanghai as compared to Model 3 in the U.S. and then 50% our internal forecast that we are executing against is actually better than that.",50%,,,,,,,,,,,transcript,TSLA_Q1_2019,
unpaired_actual,TSLA,2020,,,,,,revenue,Revenue,,consolidated,,,,Q2 FY2019,"The above increases in revenue were offset by a decrease of 4,063 Model S and Model X deliveries at lower average selling prices due to price adjustments we made to our vehicle offerings in the first half of 2019.","4,063",,,,,,,,,,,filing,10-Q Q2 2019 — ITEM 2. MANAGEMENT’S DISCUSSION AND ANALYSIS OF FINANCIAL CONDITION AND RESULTS OF OPERATIONS,
unpaired_actual,TSLA,2020,,,,,,revenue_growth,Revenue growth,,consolidated,,,,Q2 FY2019,"Additionally, there was an increase of $ 192.9 million in sales of regulatory credits to $ 327.2 million in the six months ended June 30 , 2019 compared to $ 134.3 million in the same period in the prior year.",$ 192.9 million,,,,,,,,,,,filing,10-Q Q2 2019 — ITEM 2. MANAGEMENT’S DISCUSSION AND ANALYSIS OF FINANCIAL CONDITION AND RESULTS OF OPERATIONS,
unpaired_actual,TSLA,2020,,,,,,revenue,Revenue,,consolidated,,,,Q2 FY2019,"The above increases in revenue were offset by a decrease of 12,669 Model S and Model X deliveries at lower average selling prices due to price adjustments we made to our vehicle offerings in the first half of 2019.","12,669",,,,,,,,,,,filing,10-Q Q2 2019 — ITEM 2. MANAGEMENT’S DISCUSSION AND ANALYSIS OF FINANCIAL CONDITION AND RESULTS OF OPERATIONS,
unpaired_actual,TSLA,2020,,,,,,other_the_increase_was_primarily_due,Other The Increase Was Primarily Due,,segment:automotive,,,,Q2 FY2019,"The increase was primarily due to an increase in cumulative vehicles under our direct vehicle leasing program and an increase in the number of vehicles under leasing programs where our counterparty has retained ownership of the vehicle during or at the end of the guarantee period when compared to the six months ended June 30, 2018.","30,",,,,,,,,,,,filing,10-Q Q2 2019 — ITEM 2. MANAGEMENT’S DISCUSSION AND ANALYSIS OF FINANCIAL CONDITION AND RESULTS OF OPERATIONS,
unpaired_actual,TSLA,2020,,,,,,revenue,Revenue,,consolidated,,,,Q2 FY2019,"Services and other revenue increased $564.5 million, or 106%, in the six months ended June 30, 2019 as compared to the six months ended June 30, 2018.",$564.5 million,,,,,,,,,,,filing,10-Q Q2 2019 — ITEM 2. MANAGEMENT’S DISCUSSION AND ANALYSIS OF FINANCIAL CONDITION AND RESULTS OF OPERATIONS,
unpaired_actual,TSLA,2020,,,,,,revenue,Revenue,,segment:automotive,,,,Q2 FY2019,"The increases in the three and six months ended June 30, 2019 compared to the same periods in the prior year were primarily due to increases in used vehicle sales from increased volumes of trade-in vehicles, partially offset by lower average selling prices for them due to price adjustments we made to our vehicle offerings during the first half of 2019 and an increase in trade-ins of relatively lower priced non-Tesla vehicles.","30,",,,,,,,,,,,filing,10-Q Q2 2019 — ITEM 2. MANAGEMENT’S DISCUSSION AND ANALYSIS OF FINANCIAL CONDITION AND RESULTS OF OPERATIONS,
unpaired_actual,TSLA,2020,,,,,,production_volume,Production volume,,product:model_3,,,,Q2 FY2019,The increase was partially offset by significant reductions in Model 3 average costs per unit compared to the prior period primarily due to temporary under-utilization of manufacturing capacity at lower production volumes in the first half of 2018 and other cost efficiencies.,3,,,,,,,,,,,filing,10-Q Q2 2019 — ITEM 2. MANAGEMENT’S DISCUSSION AND ANALYSIS OF FINANCIAL CONDITION AND RESULTS OF OPERATIONS,
unpaired_actual,TSLA,2020,,,,,,production_deliveries,Production Deliveries,,product:model_3,,,,Q2 FY2019,"43 Cost of automotive sales revenue increased $2.49 billion , or 54% , in the six months ended June 30, 2019 as compared to the six months ended June 30, 2018 , primarily due to an increase of 97,609 Model 3 deliveries from our significant production ramp in the second half of 2018.",43,,,,,,,,,,,filing,10-Q Q2 2019 — ITEM 2. MANAGEMENT’S DISCUSSION AND ANALYSIS OF FINANCIAL CONDITION AND RESULTS OF OPERATIONS,
unpaired_actual,TSLA,2020,,,,,,revenue,Revenue,,segment:automotive,,,,Q2 FY2019,"If customers elect to exercise the buyback option s , we expect to be able to subsequently resell the returned vehicles, which resulted in a reduction of automotive cost of sales of $ 458.4 million for the six months ended June 30, 2019 .",$ 458.4 million,,,,,,,,,,,filing,10-Q Q2 2019 — ITEM 2. MANAGEMENT’S DISCUSSION AND ANALYSIS OF FINANCIAL CONDITION AND RESULTS OF OPERATIONS,
unpaired_actual,TSLA,2020,,,,,,revenue,Revenue,,consolidated,,,,Q2 FY2019,"Cost of services and other revenue increased $356.6 million, or 92%, in the three months ended June 30, 2019 as compared to the three months ended June 30, 2018.",$356.6 million,,,,,,,,,,,filing,10-Q Q2 2019 — ITEM 2. MANAGEMENT’S DISCUSSION AND ANALYSIS OF FINANCIAL CONDITION AND RESULTS OF OPERATIONS,
unpaired_actual,TSLA,2020,,,,,,revenue,Revenue,,consolidated,,,,Q2 FY2019,"Cost of services and other revenue increased $661.2 million, or 86%, in the six months ended June 30, 2019 as compared to the six months ended June 30, 2018.",$661.2 million,,,,,,,,,,,filing,10-Q Q2 2019 — ITEM 2. MANAGEMENT’S DISCUSSION AND ANALYSIS OF FINANCIAL CONDITION AND RESULTS OF OPERATIONS,
unpaired_actual,TSLA,2020,,,,,,revenue,Revenue,,segment:automotive,,,,Q2 FY2019,"The increases in the three and six months ended June 30, 2019 compared to the same periods in the prior year were primarily due to the costs of used vehicle sales from the increased volumes of trade-in vehicles.","30,",,,,,,,,,,,filing,10-Q Q2 2019 — ITEM 2. MANAGEMENT’S DISCUSSION AND ANALYSIS OF FINANCIAL CONDITION AND RESULTS OF OPERATIONS,
unpaired_actual,TSLA,2020,,,,,,production,Production,,product:model_3,,,,Q2 FY2019,The decrease was partially offset by improvement of Model 3 margins compared to the prior period as we achieved significant manufacturing efficiencies in the production of Model 3 in the second half of 2018 and first half of 2019.,3,,,,,,,,,,,filing,10-Q Q2 2019 — ITEM 2. MANAGEMENT’S DISCUSSION AND ANALYSIS OF FINANCIAL CONDITION AND RESULTS OF OPERATIONS,
unpaired_actual,TSLA,2020,,,,,,capital_expenditure,Capital expenditure,,product:model_3,,,,Q2 FY2019,"The amount of interest we capitalize is driven by our construction in progress balance, which decreased year-over-year due to our declining Model 3 capital expenditure ramp Interest expense increased by $16.3 million, or 5%, in the six months ended June 30, 2019 as compared to the six months ended June 30, 2018.",3,,,,,,,,,,,filing,10-Q Q2 2019 — ITEM 2. MANAGEMENT’S DISCUSSION AND ANALYSIS OF FINANCIAL CONDITION AND RESULTS OF OPERATIONS,
unpaired_actual,TSLA,2020,,,,,,capital_expenditure,Capital expenditure,,product:model_3,,,,Q2 FY2019,"The amount of interest we capitalize is driven by our construction in progress balance, which decreased year-over-year due to our declining Model 3 capital expenditure ramp.",3,,,,,,,,,,,filing,10-Q Q2 2019 — ITEM 2. MANAGEMENT’S DISCUSSION AND ANALYSIS OF FINANCIAL CONDITION AND RESULTS OF OPERATIONS,
unpaired_actual,TSLA,2020,,,,,,regulatory_credit_revenue,Regulatory credit revenue,,product:model_3,,,,Q2 FY2019,"The decrease in net operating assets and liabilities was mainly driven by a smaller increase in inventory, as a result of an increase in Model 3 deliveries, and an increase in deferred revenue as a result of increased Model 3 deliveries and receipt of regulatory credits which will be delivered at a future date.",3,,,,,,,,,,,filing,10-Q Q2 2019 — ITEM 2. MANAGEMENT’S DISCUSSION AND ANALYSIS OF FINANCIAL CONDITION AND RESULTS OF OPERATIONS,
unpaired_actual,TSLA,2020,,,,,,deliveries,Deliveries,,segment:automotive,,,,Q2 FY2019,"In addition, our deliveries of Model S and Model X increased from the first quarter of 2019, and we delivered significantly more of these vehicles than we produced during the quarter as we focus on managing our working capital position through inventory reduction.","2019,",,,,,,,,,,,filing,10-Q Q2 2019 — ITEM 2. MANAGEMENT’S DISCUSSION AND ANALYSIS OF FINANCIAL CONDITION AND RESULTS OF OPERATIONS,
unpaired_actual,TSLA,2020,,,,,,stores,Stores / locations,,consolidated,,,,Q2 FY2019,"Then in terms of increasing service resources, initially we're opening service centers as fast as we can and have already opened to 25 new service locations this quarter and that will increase -- the rate of service center opening will increase dramatically through the course of this year as well as more Mobile Service.",25,,,,,,,,,,,transcript,TSLA_Q2_2019,
unpaired_actual,TSLA,2020,,,,,,other_i_think_this_level_of,Other I Think This Level Of,,consolidated,,,,Q2 FY2019,"I think this level of growth is possibly unprecedented, might be the fastest that any large complex manufactured item has grown in history.",,,,,,,,,,,,transcript,TSLA_Q2_2019,
unpaired_actual,TSLA,2020,,,,,,revenue,Revenue,,product:model_3,,,,Q2 FY2019,"In Europe, Model 3 is approaching sales levels of its established premium competitors, and it was awarded a five-star rating from Euro NCAP earlier this month.",3,,,,,,,,,,,transcript,TSLA_Q2_2019,
unpaired_actual,TSLA,2020,,,,,,revenue,Revenue,,product:model_3,,,,Q2 FY2019,"And part of the reason I ask is, at least by my analysis it looks like maybe 70% of the Model 3 sold in the quarter were in the U.S., which is sort of higher than your normalized percentage of U. S. sales.",70%,,,,,,,,,,,transcript,TSLA_Q2_2019,
unpaired_actual,TSLA,2020,,,,,,other_just_first_question_on_the,Other Just First Question On The,,product:model_3,,,,Q2 FY2019,"Just first question on the guidance, I know previously there was a target out there of 25% kind of on S and X and Model 3.",25%,,,,,,,,,,,transcript,TSLA_Q2_2019,
unpaired_actual,TSLA,2020,,,,,,other_as_you_saw_from_q1,Other As You Saw From Q1,,consolidated,,,,Q2 FY2019,"As you saw from Q1 to Q2, that declined.",1,,,,,,,,,,,transcript,TSLA_Q2_2019,
unpaired_actual,TSLA,2020,,,,,,product_milestone,Product / strategic milestone,,segment:automotive,,,,Q2 FY2019,"For Model S and Model X, ASPs were impacted by pricing actions applied to inventory of vehicles built prior to the launch of our powertrain and suspension upgrades in April, the majority of which were sold and delivered in Q2.",2.,,,,,,,,,,,transcript,TSLA_Q2_2019,
unpaired_actual,TSLA,2020,,,,,,deliveries,Deliveries,,consolidated,,,,Q2 FY2019,"So far this year, we've demonstrated our ability to manage global deliveries and logistics at a higher rate, but the most important thing is that we've demonstrated our ability to generate significant organic demand as nearly all orders generated in Q2 were non-reservation holders.",2,,,,,,,,,,,transcript,TSLA_Q2_2019,
unpaired_actual,TSLA,2020,,,,,,revenue,Revenue,,segment:automotive,,,,Q3 FY2019,"8 Tesla, Inc. Consolidated Statements of Cash Flows (in millions) (unaudited) Nine Months Ended September 30, 2019 2018 Cash Flows from Operating Activities Net loss $ ( 907 ) $ ( 1,273 ) Adjustments to reconcile net loss to net cash provided by operating activities: Depreciation, amortization and impairment 1,577 1,404 Stock-based compensation 617 544 Amortization of debt discounts and issuance costs 138 121 Inventory write-downs 167 60 Loss on disposals of fixed assets 69 133 Foreign currency transaction gains ( 102 ) ( 7 ) Non-cash interest and other operating activities 189 22 Operating cash flow related to repayment of discounted convertible notes ( 188 ) — Changes in operating assets and liabilities, net of effect of business combinations: Accounts receivable ( 150 ) ( 686 ) Inventory ( 485 ) ( 1,111 ) Operating lease vehicles ( 467 ) ( 189 ) Prepaid expenses and other current assets ( 236 ) ( 31 ) Other non-current assets 46 ( 62 ) Accounts payable and accrued liabilities 142 1,628 Deferred revenue 625 284 Customer deposits ( 114 ) 10 Resale value guarantee ( 112 ) ( 58 ) Other long-term liabilities 171 74 Net cash provided by operating activities 980 863 Cash Flows from Investing Activities Purchases of property and equipment excluding finance leases, net of sales ( 915 ) ( 1,776 ) Purchases of solar energy systems ( 68 ) ( 189 ) Purchase of intangible assets ( 5 ) — Business combinations, net of cash acquired ( 45 ) ( 7 ) Net cash used in investing activities ( 1,033 ) ( 1,972 ) Cash Flows from Financing Activities Proceeds from issuances of common stock in public offerings 848 — Proceeds from issuances of convertible and other debt 7,119 3,947 Repayments of convertible and other debt ( 5,601 ) ( 3,111 ) Repayments of borrowings issued to related parties — ( 100 ) Collateralized lease repayments ( 302 ) ( 343 ) Proceeds from exercises of stock options and other stock issuances 167 220 Principal payments on finance leases ( 223 ) ( 106 ) Common stock and debt issuance costs ( 32 ) ( 5 ) Purchase of convertible note hedges ( 476 ) — Proceeds from issuance of warrants 174 — Proceeds from investments by noncontrolling interests in subsidiaries 153 366 Distributions paid to noncontrolling interests in subsidiaries ( 211 ) ( 179 ) Payments for buy-outs of noncontrolling interests in subsidiaries ( 8 ) ( 3 ) Net cash provided by financing activities 1,608 686 Effect of exchange rate changes on cash and cash equivalents and restricted cash ( 6 ) ( 19 ) Net increase (decrease) in cash and cash equivalents and restricted cash 1,549 ( 442 ) Cash and cash equivalents and restricted cash, beginning of period 4,277 3,965 Cash and cash equivalents and restricted cash, end of period $ 5,826 $ 3,523 Supplemental Non-Cash Investing and Financing Activities Equity issued in connection with business combination $ 207 $ — Acquisitions of property and equipment included in liabilities $ 375 $ 306 Estimated fair value of facilities under build-to-suit leases $ — $ 62 The accompanying notes are an integral part of these consolidated financial statements.",8,,,,,,,,,,,filing,10-Q Q3 2019 — ITEM 1. FINANCIAL STATEMENTS — Consolidated Financial Statements,
unpaired_actual,TSLA,2020,,,,,,other_other_information_related_to_leases,Other Other Information Related To Leases,,consolidated,,,,Q3 FY2019,"Other information related to leases where we are the lessee is as follows: September 30, 2019 Weighted-average remaining lease term: Operating leases 6.6 years Finance leases 4.2 years Weighted-average discount rate: Operating leases 6.5 % Finance leases 6.6 % 27 Supplemental cash flow information related to leases where we are the lessee is as follows (in millions) : Nine Months Ended September 30, 2019 Cash paid for amounts included in the measurement of lease liabilities: Operating cash outflows from operating leases $ 262 Operating cash outflows from finance leases (interest payments) $ 76 Financing cash outflows from finance leases $ 223 Leased assets obtained in exchange for finance lease liabilities $ 497 Leased assets obtained in exchange for operating lease liabilities $ 172 As of September 30, 2019 , the maturities of our operating and finance lease liabilities (excluding short-term leases) are as follows (in millions): Operating Finance Leases Leases Three months ending December 31, 2019 $ 76 $ 122 2020 289 474 2021 256 456 2022 206 576 2023 174 141 Thereafter 562 18 Total minimum lease payments 1,563 1,787 Less: Interest 312 183 Present value of lease obligations 1,251 1,604 Less: Current portion 223 387 Long-term portion of lease obligations $ 1,028 $ 1,217 As previously reported in our Annual Report on Form 10-K for the year ended December 31, 2018 and under legacy lease accounting (ASC 840), future minimum lease payments under non-cancellable leases as of December 31, 2018 are as follows (in millions): Operating Finance Leases Leases 2019 $ 276 $ 417 2020 257 503 2021 230 506 2022 183 24 2023 158 5 Thereafter 524 6 Total minimum lease payments $ 1,628 1,461 Less: Interest 122 Present value of lease obligations 1,339 Less: Current portion 346 Long-term portion of lease obligations $ 993 28 Non-cancellable Operating Lease Receivables Under the new lease standard, we are the lessor of certain vehicle arrangements as described in Note 2, Summary of Significant Accounting Policies .","30,",,,,,,,,,,,filing,10-Q Q3 2019 — ITEM 1. FINANCIAL STATEMENTS — Note 12 – Leases,
unpaired_actual,TSLA,2020,,,,,,revenue,Revenue,,consolidated,,,,Q3 FY2019,"As of September 30, 2019, maturities of our operating lease receivables from customers for each of the next five years and thereafter were as follows (in millions): Three months ending December 31, 2019 $ 155 2020 568 2021 418 2022 251 2023 188 Thereafter 2,458 Total $ 4,038 As previously reported in our Annual Report on Form 10-K for the year ended December 31, 2018 and under legacy lease accounting (ASC 840), future minimum lease payments to be received from customers under non-cancellable leases as of December 31, 2018 are as follows (in millions): 2019 $ 502 2020 418 2021 271 2022 187 2023 189 Thereafter 2,469 Total $ 4,036 The above tables do not include vehicle sales to customers or leasing partners with a resale value guarantee as the cash payments were received upfront.","30,",,,,,,,,,,,filing,10-Q Q3 2019 — ITEM 1. FINANCIAL STATEMENTS — Note 12 – Leases,
unpaired_actual,TSLA,2020,,,,,,revenue,Revenue,,consolidated,,,,Q3 FY2019,"Following the adoption of the new lease standard, solar energy system sales and PPAs that commence after January 1, 2019, where we are the lessor and were previously accounted for as leases, will no longer meet the definition of a lease and are therefore not included in the table as of September 30, 2019 (refer to Note 2, Summary of Significant Accounting Policies ).","1,",,,,,,,,,,,filing,10-Q Q3 2019 — ITEM 1. FINANCIAL STATEMENTS — Note 12 – Leases,
unpaired_actual,TSLA,2020,,,,,,product_milestone,Product / strategic milestone,,consolidated,,,,Q3 FY2019,"As of September 30, 2019, the following operational milestone was considered probable of achievement: • Adjusted EBITDA of $ 3.0 billion Stock-based compensation expense associated with the 2018 CEO Performance Award is recognized ratably over the longer of the expected achievement period for each pair of market capitalization or operational milestones, beginning at the point in time, which may or may not be the grant date, when the relevant operational milestone is considered probable of being met.","30,",,,,,,,,,,,filing,10-Q Q3 2019 — ITEM 1. FINANCIAL STATEMENTS — Note 13 – Equity Incentive Plans,
unpaired_actual,TSLA,2020,,,,,,revenue,Revenue,,segment:automotive,,,,Q3 FY2019,"If customers elect to exercise the buyback option, we expect to be able to subsequently resell the returned vehicles, which resulted in a corresponding reduction in cost of automotive sales of $ 451 million for the nine months ended September 30, 2019.",$ 451 million,,,,,,,,,,,filing,10-Q Q3 2019 — ITEM 1. FINANCIAL STATEMENTS — Note 2 – Summary of Significant Accounting Policies,
unpaired_actual,TSLA,2020,,,,,,revenue,Revenue,,consolidated,,,,Q3 FY2019,"2016-02, Leases , solar energy system sales and PPAs that commence after January 1, 2019, where we are the lessor and were previously accounted for as leases, will no longer meet the definition of a lease and will instead be accounted for in accordance with ASC 606 (refer to the Leases section below for details).",2016,,,,,,,,,,,filing,10-Q Q3 2019 — ITEM 1. FINANCIAL STATEMENTS — Note 2 – Summary of Significant Accounting Policies,
unpaired_actual,TSLA,2020,,,,,,revenue,Revenue,,segment:automotive,,,,Q3 FY2019,"18 The allocation of the purchase price is based on management’s estimate of the Acquisition Date fair values of the assets acquired and liabilities assumed, as follows (in millions): Assets acquired: Cash and cash equivalents $ 32 Accounts receivable 24 Inventory 32 Property, plant and equipment 27 Operating lease right-of-use assets 10 Intangible assets 105 Prepaid expenses and other assets, current and non-current 3 Total assets acquired 233 Liabilities and equity assumed: Accounts payable ( 10 ) Accrued liabilities and other ( 28 ) Debt and financial leases, current and non-current ( 44 ) Deferred revenue, current ( 1 ) Other long-term liabilities ( 14 ) Additional paid-in capital ( 8 ) Total liabilities and equity assumed ( 105 ) Net assets acquired 128 Goodwill 79 Total purchase price $ 207 Goodwill represented the excess of the purchase price over the fair value of the net assets acquired and was primarily attributable to the expected synergies from integrating Maxwell’s technology into our automotive business as well as the acquired talent.",18,,,,,,,,,,,filing,10-Q Q3 2019 — ITEM 1. FINANCIAL STATEMENTS — Note 3 – Business Combinations,
unpaired_actual,TSLA,2020,,,,,,revenue,Revenue,,segment:automotive,,,,Q3 FY2019,"Due to price adjustments we made to our vehicle offerings during the nine months ended September 30, 2019 , we increased our sales return reserve significantly on vehicles previously sold under our buyback options program.","30,",,,,,,,,,,,filing,10-Q Q3 2019 — ITEM 1. FINANCIAL STATEMENTS — Note 9 – Other Long-Term Liabilities,
unpaired_actual,TSLA,2020,,,,,,production,Production,,product:model_3,,,,Q3 FY2019,"Our future business depends in large part on our ability to execute on our plans to manufacture, market and sell the Model 3 vehicle, which we are offering at a lower price point and for which we achieved a stabilized production rate relatively recently and are producing at significantly higher volumes than the Model S or Model X vehicles.",3,,,,,,,,,,,filing,10-Q Q3 2019 — ITEM 1A. RISK FACTORS,
unpaired_actual,TSLA,2020,,,,,,product_milestone,Product / strategic milestone,,product:model_3,,,,Q3 FY2019,"We have limited experience to date in manufacturing vehicles at the high volumes that we recently achieved and to which we anticipate ramping further for Model 3, and to be successful, we will need to complete the implementation and ramp of efficient and cost-effective manufacturing capabilities, processes and supply chains necessary to support such volumes, particularly at Gigafactory Shanghai.","3,",,,,,,,,,,,filing,10-Q Q3 2019 — ITEM 1A. RISK FACTORS,
unpaired_actual,TSLA,2020,,,,,,production,Production,,product:model_3,,,,Q3 FY2019,"54 Our production plan for Model 3 is based on many key assumptions, including: • that we will be able to sustain and further expand our high-volume production of Model 3 at the Tesla Factory without exceeding our projected costs and on our projected timeline; • that we will be able to scale production in the first phase of Gigafactory Shanghai to support our international ramp for Model 3 in accordance with our projected timelines, costs and increased capital efficiency; • that we will be able to continue to expand output at Gigafactory 1 in a timely manner to produce high volumes of quality lithium-ion cells to be integrated into battery modules and finished battery packs and drive unit components for Model 3, including in part to support production in China as the level of local sourcing and manufacturing there progressively increases, all at costs that allow us to sell Model 3 at our target gross margins; • that the equipment and processes which we have selected for Model 3 production will be able to accurately manufacture high volumes of the different variants of Model 3 within specified design tolerances, with high quality and at the maximum output rates that we have planned for them; • that we will be able to maintain suppliers for the necessary components on terms and conditions that are acceptable to us and that we will be able to obtain high-quality components on a timely basis and in the necessary quantities to support high-volume production; and • that we will be able to attract, recruit, hire, train and retain skilled employees to operate our planned high-volume production facilities to support Model 3, including at the Tesla Factory, Gigafactory 1 and Gigafactory Shanghai.",54,,,,,,,,,,,filing,10-Q Q3 2019 — ITEM 1A. RISK FACTORS,
unpaired_actual,TSLA,2020,,,,,,revenue,Revenue,,product:model_3,,,,Q3 FY2019,"We may also face difficulties meeting our sales and delivery goals in both existing markets as well as new markets into which we expand, such as in Europe and China where we saw challenges in initially ramping our logistical channels as we delivered Model 3 there for the first time in the first quarter of 2019.",3,,,,,,,,,,,filing,10-Q Q3 2019 — ITEM 1A. RISK FACTORS,
unpaired_actual,TSLA,2020,,,,,,revenue_growth,Revenue growth,,product:model_3,,,,Q3 FY2019,"The higher proportion of Model 3 leases , which was introduced in the second quarter of 2019, and Model 3 deliveries in our overall population of vehicle deliveries as compared to the prior period contribu ted to the overall decrease of automotive sales revenue despite our overall deliveries increase.",3,,,,,,,,,,,filing,10-Q Q3 2019 — ITEM 2. MANAGEMENT’S DISCUSSION AND ANALYSIS OF FINANCIAL CONDITION AND RESULTS OF OPERATIONS,
unpaired_actual,TSLA,2020,,,,,,revenue_growth,Revenue growth,,product:model_3,,,,Q3 FY2019,"The higher proportion of Model 3 leases, which was introduced in the second quarter of 2019, and Model 3 deliveries in our overall population of vehicle deliveries as compared to the prior period contributed to a smaller increase in automotive sales revenue than our overall deliveries increase.",3,,,,,,,,,,,filing,10-Q Q3 2019 — ITEM 2. MANAGEMENT’S DISCUSSION AND ANALYSIS OF FINANCIAL CONDITION AND RESULTS OF OPERATIONS,
unpaired_actual,TSLA,2020,,,,,,other_the_increase_was_primarily_due,Other The Increase Was Primarily Due,,segment:automotive,,,,Q3 FY2019,"The increase was primarily due to an increase in cumulative vehicles under our direct vehicle leasing program and an increase in the number of vehicles under our resale value guarantee leasing programs where our counterparty has retained ownership of the vehicle during or at the end of the guarantee period when compared to the nine months ended September 30, 2018.","30,",,,,,,,,,,,filing,10-Q Q3 2019 — ITEM 2. MANAGEMENT’S DISCUSSION AND ANALYSIS OF FINANCIAL CONDITION AND RESULTS OF OPERATIONS,
unpaired_actual,TSLA,2020,,,,,,revenue,Revenue,,consolidated,,,,Q3 FY2019,"Services and other revenue increased $786 million, or 91%, in the nine months ended September 30, 2019 as compared to the nine months ended September 30, 2018.",$786 million,,,,,,,,,,,filing,10-Q Q3 2019 — ITEM 2. MANAGEMENT’S DISCUSSION AND ANALYSIS OF FINANCIAL CONDITION AND RESULTS OF OPERATIONS,
unpaired_actual,TSLA,2020,,,,,,deliveries,Deliveries,,product:model_3,,,,Q3 FY2019,"The decrease was partially offset by an increase of 17,140 Model 3 cash deliveries and higher average Model S and Model X costs per unit compared to the prior period from discontinuation of lower end trims in 2019.","17,140",,,,,,,,,,,filing,10-Q Q3 2019 — ITEM 2. MANAGEMENT’S DISCUSSION AND ANALYSIS OF FINANCIAL CONDITION AND RESULTS OF OPERATIONS,
unpaired_actual,TSLA,2020,,,,,,production,Production,,consolidated,,,,Q3 FY2019,"And I think one of the stats we will publish in the future along with our vehicle production is that how much sustainable energy Tesla produced, or Tesla customers produced with our products.",,,,,,,,,,,,transcript,TSLA_Q3_2019,
unpaired_actual,TSLA,2020,,,,,,gross_margin,Gross margin,,segment:automotive,,,,Q3 FY2019,"I was hoping that you could give us a little bit more color on sizing up the key factors in the auto gross margin improvement from Q3 to Q2, particularly you mentioned some nonrecurring items in the letter.",3,,,,,,,,,,,transcript,TSLA_Q3_2019,
unpaired_actual,TSLA,2020,,,,,,other_as_i_mentioned_in_my,Other As I Mentioned In My,,consolidated,,,,Q3 FY2019,"As I mentioned in my opening remarks, S and X average selling prices increased from Q2 to Q3.",2,,,,,,,,,,,transcript,TSLA_Q3_2019,
unpaired_actual,TSLA,2020,,,,,,revenue,Revenue,,segment:automotive,,,,Q3 FY2019,"But I do think that the demand for new cars will rise as the world transitions away from combustion engine vehicles, just as when people had CRT TVs, there's no cathode ray tube TVs, the sales rate was just basically replacement rate.",,,,,,,,,,,,transcript,TSLA_Q3_2019,
unpaired_actual,TSLA,2020,,,,,,other_and_so_i_think_part,Other And So I Think Part,,product:model_3,,,,Q3 FY2019,"And so, I think part of the story here is, as we have launched, ramped and stabilized Model 3, that's kind of consumed a lot of the attention around the company.","3,",,,,,,,,,,,transcript,TSLA_Q3_2019,
unpaired_actual,TSLA,2020,,,,,,revenue,Revenue,,consolidated,,,,Q3 FY2019,Elon Musk Model S sales increased.,,,,,,,,,,,,transcript,TSLA_Q3_2019,
unpaired_actual,TSLA,2020,,,,,,revenue,Revenue,,consolidated,,,,Q3 FY2019,"When we launched Model X, Model S sales increased.",,,,,,,,,,,,transcript,TSLA_Q3_2019,
unpaired_actual,TSLA,2020,,,,,,product_milestone,Product / strategic milestone,,product:model_3,,,,Q3 FY2019,But we saw with Fremont that the ramp on Model 3 was lumpy.,3,,,,,,,,,,,transcript,TSLA_Q3_2019,
unpaired_actual,TSLA,2020,,,,,,production,Production,,consolidated,,,,Q3 FY2019,"But -- and I think if you look over a reasonable enough time frame, the production will actually be fairly smooth.",,,,,,,,,,,,transcript,TSLA_Q3_2019,
unpaired_actual,TSLA,2020,,,,,,revenue,Revenue,,consolidated,,,,Q3 FY2019,Model S and X ASPs increased even accounting for revenue deferrals related to free unlimited supercharging.,,,,,,,,,,,,transcript,TSLA_Q3_2019,
unpaired_actual,TSLA,2020,,,,,,other_and_model_3_asps_declined,Other And Model 3 Asps Declined,,product:model_3,,,,Q3 FY2019,"And Model 3 ASPs declined slightly, driven by mix in Asia, pricing action in EMEA.",3,,,,,,,,,,,transcript,TSLA_Q3_2019,
unpaired_actual,TSLA,2020,,,,,,operating_expenses,Operating expenses,,consolidated,,,,Q3 FY2019,"Our services and other loss reduced yet again, reflecting our focus to improve efficiency of this area of the business, and we further reduced operating expenses despite increased orders, deliveries and new programs in development.",,,,,,,,,,,,transcript,TSLA_Q3_2019,
unpaired_actual,TSLA,2020,,,,,,other_our_cash_balance_increased_by,Other Our Cash Balance Increased By,,consolidated,,,,Q3 FY2019,"Our cash balance increased by approximately the same amount as our free cash flows, and we exited the quarter with our highest quarter-ending cash balance ever of just over $5.3 billion.",$5.3 billion,,,,,,,,,,,transcript,TSLA_Q3_2019,
unpaired_actual,TSLA,2020,,,,,,other_this_impact_was_material_in,Other This Impact Was Material In,,consolidated,,,,Q3 FY2019,This impact was material in Q3 as the lease rate increased substantially by 50%.,3,,,,,,,,,,,transcript,TSLA_Q3_2019,
unpaired_actual,TSLA,2020,,,,,,capital_expenditure,Capital expenditure,,product:model_y,,,,Q3 FY2019,"In addition, CapEx spend increased, driven primarily by Gigafactory Shanghai and Model Y spending.",,,,,,,,,,,,transcript,TSLA_Q3_2019,
unpaired_actual,TSLA,2020,,,,,,capacity,Capacity,,consolidated,,,,Q3 FY2019,Our pace of execution on these factories and capacity expansion has increased significantly.,,,,,,,,,,,,transcript,TSLA_Q3_2019,
unpaired_actual,TSLA,2020,,,,,,other_and_this_created_a_lot,Other And This Created A Lot,,segment:north_america,,,,Q4 FY2019,"And this created a lot of cost, because you got to ship those cars, so they got lot of finished goods, sitting on the order or waiting at the port or going through customs, tariffs, transport, it's -- and then the factory complexity in California is very high, because you've got different regulatory requirements in China, North America and Europe.",,,,,,,,,,,,transcript,TSLA_Q4_2019,
unpaired_actual,TSLA,2020,,,,,,product_milestone,Product / strategic milestone,,product:model_3,,,,Q4 FY2019,I think some of our learnings during the Model 3 launch period where we grew too quickly and with too much complexity.,3,,,,,,,,,,,transcript,TSLA_Q4_2019,
unpaired_actual,TSLA,2020,,,,,,other_well_actually_the_core_chemistry,Other Well Actually The Core Chemistry,,consolidated,,,,Q4 FY2019,"Well, actually the core chemistry inside the 18650 cell has improved many times over the years.",18650,,,,,,,,,,,transcript,TSLA_Q4_2019,
unpaired_actual,TSLA,2020,,,,,,other_unidentified_company_representative_no_other,Other Unidentified Company Representative No Other,,consolidated,,,,Q4 FY2019,"Unidentified Company Representative No other than to say that the 18650 line is running smoothly for really long time and in a world where self-supply is fueling growth like or part of the fuel growth, I don't see a reason to turn that self-supply off, so… Elon Musk Yes, and actually the Model S and X actually have more range than we are currently stating on the website.",18650,,,,,,,,,,,transcript,TSLA_Q4_2019,
unpaired_actual,TSLA,2020,,,,,,production,Production,,segment:automotive,,,,Q4 FY2019,"So the thing we're going to be really focused on is increasing battery production capacity because that's very fundamental because if you don't improve battery production capacity, then you end up just shifting unit volume from one product to another and you haven't actually produced more electric vehicles.",,,,,,,,,,,,transcript,TSLA_Q4_2019,
unpaired_actual,TSLA,2020,,,,,,other_for_the_cybertruck_a_few,Other For The Cybertruck A Few,,product:cybertruck,,,,Q4 FY2019,"For the Cybertruck, a few months ago we revealed obviously we revealed the Cybertruck, and that was -- that went viral and we tried to build a product that -a product that is superior in every way without any preconceptions of how such product should look.",,,,,,,,,,,,transcript,TSLA_Q4_2019,
unpaired_actual,TSLA,2020,,,,,,free_cash_flow,Free cash flow,,product:model_y,,,,Q4 FY2019,"So and then stepping back in 2018 from a financial standpoint, we were free cash flow was breakeven, but in 2019 we managed to generate more than $1 billion free cash flow, while building a factory in Shanghai in record time and while building parts of Model Y in production.",2018,,,,,,,,,,,transcript,TSLA_Q4_2019,
unpaired_actual,TSLA,2020,,,,,,gross_margin,Gross margin,,consolidated,,,,Q4 FY2019,"Zachary Kirkhorn Yes, we were negative gross margin on the products that we built in Q4, but the team in China, I think did a great job managing cost during the launch.","4,",,,,,,,,,,,transcript,TSLA_Q4_2019,
unpaired_actual,TSLA,2020,,,,,,other_if_you_look_back_10,Other If You Look Back 10,,product:powerwall,,,,Q4 FY2019,"If you look back 10 years from today to 2010, we will produce approximately a 1,000 times more cars in 2020 then we produced in 2010, 8,000 and we have also Solarglass and solar retrofit, Powerwall and Powerpack other things too.",10,,,,,,,,,,,transcript,TSLA_Q4_2019,
unpaired_actual,TSLA,2020,,,,,,product_milestone,Product / strategic milestone,,product:model_3,,,,Q4 FY2019,"This is evidenced by the launch of Model 3 in Shanghai, as well as Model Y in Fremont, programs that were both launched in under one year.",3,,,,,,,,,,,transcript,TSLA_Q4_2019,
unpaired_actual,TSLA,2020,,,,,,other_finally_on_stock_based_compensation,Other Finally On Stock Based Compensation,,consolidated,,,,Q4 FY2019,"Finally on stock-based compensation, it increased sequentially by $82 million driven almost entirely by an expense related to the next tranche of the CEO grant.",$82 million,,,,,,,,,,,transcript,TSLA_Q4_2019,
unpaired_actual,TSLA,2020,,,,,,subscribers,Subscribers / customers,,consolidated,,,,FY2019,"Insurance In August 2019, we launched an insurance product designed for our customers, which offers rates that are often better than other alternatives.","2019,",,,,,,,,,,,filing,10-K FY2019 — ITEM 1. BUSINESS,
unpaired_actual,TSLA,2020,,,,,,other_for_example_significant_transit_time,Other For Example Significant Transit Time,,product:model_3,,,,FY2019,"For example, significant transit time may be required to transport vehicles in volume into international markets, and we also saw challenges in initially ramping our logistical channels in China and Europe as we delivered Model 3 there for the first time in the first quarter of 2019.",3,,,,,,,,,,,filing,10-K FY2019 — ITEM 1A. RISK FACTORS,
unpaired_actual,TSLA,2020,,,,,,production,Production,,product:model_3,,,,FY2019,"Currently, we have installed annual production capacity for 150,000 Model 3 vehicles there that we believe we will eventually be able to push to actual rates of production in excess of such number , and we have commenced construction of the next phase of Gigafactory Shanghai to add Model Y manufacturing capacity at least equivalent to that for Model 3 .","150,000",,,,,,,,,,,filing,10-K FY2019 — ITEM 1A. RISK FACTORS,
unpaired_actual,TSLA,2020,,,,,,other_the_decrease_was_partially_offset,Other The Decrease Was Partially Offset,,product:model_3,,,,FY2019,"The decrease was partially offset by an increase in cumulative vehicles under our direct vehicle leasing program, partially due to the introduction of Model 3 direct leasing in the second quarter of 2019.",3,,,,,,,,,,,filing,10-K FY2019 — ITEM 3. LEGAL PROCEEDINGS,
unpaired_actual,TSLA,2020,,,,,,revenue,Revenue,,consolidated,,,,FY2019,"Services and other revenue increased $835 million, or 60%, in the year ended December 31, 2019 as compared to the year ended December 31, 2018.",$835 million,,,,,,,,,,,filing,10-K FY2019 — ITEM 3. LEGAL PROCEEDINGS,
unpaired_actual,TSLA,2020,,,,,,revenue,Revenue,,product:powerwall,,,,FY2019,"2019 Compared to 2018 Energy generation and storage revenue decreased by $24 million, or 2%, in the year ended December 31, 2019 as compared to the year ended December 31, 2018, primarily due to decreases in deployments of solar cash and loan jobs partially offset increases in deployments of Powerwall, Powerpack, and Megapack.",2019,,,,,,,,,,,filing,10-K FY2019 — ITEM 3. LEGAL PROCEEDINGS,
unpaired_actual,TSLA,2020,,,,,,production_volume,Production volume,,product:model_3,,,,FY2019,"The increases were partially offset by a decrease of 30,487 Model S and Model X cash deliveries and a decrease in average Model 3 costs per unit compared to the prior year primarily due to lower end trims introduced in 2019 and temporary under-utilization of manufacturing capacity at lower production volumes in the first half of 2018.","30,487",,,,,,,,,,,filing,10-K FY2019 — ITEM 3. LEGAL PROCEEDINGS,
unpaired_actual,TSLA,2020,,,,,,revenue,Revenue,,segment:automotive,,,,FY2019,"If customers elect to exercise the buyback options, we expect to be able to subsequently resell the returned vehicles, which resulted in a reduction of automotive cost of sales of $451 million for the year ended December 31, 2019.",$451 million,,,,,,,,,,,filing,10-K FY2019 — ITEM 3. LEGAL PROCEEDINGS,
unpaired_actual,TSLA,2020,,,,,,other_the_decrease_was_partially_offset,Other The Decrease Was Partially Offset,,product:model_3,,,,FY2019,"The decrease was partially offset by an increase in cumulative vehicles under our direct vehicle leasing program, partially due to the introduction of Model 3 leasing in the second quarter of 2019.",3,,,,,,,,,,,filing,10-K FY2019 — ITEM 3. LEGAL PROCEEDINGS,
unpaired_actual,TSLA,2020,,,,,,revenue,Revenue,,consolidated,,,,FY2019,"Cost of services and other revenue increased $890 million, or 47%, in the year ended December 31, 2019 as compared to the year ended December 31, 2018.",$890 million,,,,,,,,,,,filing,10-K FY2019 — ITEM 3. LEGAL PROCEEDINGS,
unpaired_actual,TSLA,2020,,,,,,regulatory_credit_revenue,Regulatory credit revenue,,product:model_3,,,,FY2019,The decrease was partially offset by improvement of Model 3 margins compared to the prior year as we achieved additional manufacturing efficiencies in the production of Model 3 and an increase of $175 million in sales of regulatory credits.,3,,,,,,,,,,,filing,10-K FY2019 — ITEM 3. LEGAL PROCEEDINGS,
unpaired_actual,TSLA,2020,,,,,,headcount,Headcount,,consolidated,,,,FY2019,"The decrease was primarily due to a $302 million decrease in employee and labor related expenses from decreased headcount and cost efficiency initiatives, partially offset by a $112 million increase in stock-based compensation expense.",$302 million,,,,,,,,,,,filing,10-K FY2019 — ITEM 3. LEGAL PROCEEDINGS,
unpaired_actual,TSLA,2020,,,,,,product_milestone,Product / strategic milestone,,consolidated,,,,FY2019,The increase in stock-based compensation expense was primarily related to the 2018 CEO Performance Award as we recorded a $72 million cumulative catch-up expense for the service provided from the grant date when an additional operational milestone was considered probable of being met in the fourth quarter of 2019.,2018,,,,,,,,,,,filing,10-K FY2019 — ITEM 3. LEGAL PROCEEDINGS,
unpaired_actual,TSLA,2020,,,,,,other_for_details_regarding_our_indebtedness,Other For Details Regarding Our Indebtedness,,segment:automotive,,,,FY2019,"For details regarding our indebtedness and financing funds, refer to Note 12, Debt , and Note 17, Variable Interest Entity Arrangements , to the consolidated financial statements included elsewhere in this Annual Report on Form 10-K. Summary of Cash Flows Year Ended December 31, (Dollars in millions) 2019 2018 2017 Net cash provided by (used in) operating activities $ 2,405 $ 2,098 $ (61 ) Net cash used in investing activities $ (1,436 ) $ (2,337 ) $ (4,196 ) Net cash provided by financing activities $ 1,529 $ 574 $ 4,415 Cash Flows from Operating Activities Our cash flows from operating activities are significantly affected by our cash investments to support the growth of our business in areas such as research and development and selling, general and administrative and working capital, especially inventory, which includes vehicles in transit.","12,",,,,,,,,,,,filing,10-K FY2019 — ITEM 3. LEGAL PROCEEDINGS,
unpaired_actual,TSLA,2020,,,,,,production,Production,,product:model_3,,,,FY2019,"The increase in net operating assets and liabilities was mainly driven by a smaller increase in accounts payable and accrued liabilities in 2019 as compared to 2018, as we were ramping for Model 3 production in 2018 and a larger increase in operating lease vehicles in 2019 as compared to 2018 as we began offering Model 3 leasing in 2019.",2019,,,,,,,,,,,filing,10-K FY2019 — ITEM 3. LEGAL PROCEEDINGS,
unpaired_actual,TSLA,2020,,,,,,revenue_growth,Revenue growth,,consolidated,,,,FY2019,The increase in net operating assets and liabilities was partially offset by a smaller increase in inventory and a larger increase in deferred revenue in 2019 as compared to 2018.,2019,,,,,,,,,,,filing,10-K FY2019 — ITEM 3. LEGAL PROCEEDINGS,
unpaired_actual,TSLA,2020,,,,,,production,Production,,product:model_3,,,,FY2019,"At Gigafactory Shanghai, we have installed annual production capacity for 150,000 Model 3 vehicles that we believe we will eventually be able to push to actual rates of production in excess of such number , subject to local production of battery packs, which we began ramping there later than other processes.","150,000",,,,,,,,,,,filing,10-K FY2019 — ITEM 3. LEGAL PROCEEDINGS,
unpaired_actual,TSLA,2020,,,,,,revenue,Revenue,,segment:automotive,,,,FY2019,"If customers elect to exercise the buyback option, we expect to be able to subsequently resell the returned vehicles, which resulted in a corresponding reduction in cost of automotive sales of $ 451 million for the year ended December 31, 2019.",$ 451 million,,,,,,,,,,,filing,10-K FY2019 — ITEM 7A. QUANTITATIVE AND QUALITATIVE DISCLOSURES ABOUT MARKET RISK,
unpaired_actual,TSLA,2020,,,,,,revenue,Revenue,,segment:automotive,,,,FY2019,"The allocation of the purchase price is based on management’s estimate of the Acquisition Date fair values of the assets acquired and liabilities assumed, as follows (in millions): Assets acquired: Cash and cash equivalents $ 32 Accounts receivable 24 Inventory 32 Property, plant and equipment, net 27 Operating lease right-of-use assets 10 Intangible assets 105 Prepaid expenses and other assets, current and non-current 3 Total assets acquired 233 Liabilities and equity assumed: Accounts payable ( 10 ) Accrued liabilities and other ( 28 ) Debt and finance leases, current and non-current ( 44 ) Deferred revenue, current ( 1 ) Other long-term liabilities ( 14 ) Additional paid-in capital ( 8 ) Total liabilities and equity assumed ( 105 ) Net assets acquired 128 Goodwill 79 Total purchase price $ 207 Goodwill represented the excess of the purchase price over the fair value of the net assets acquired and was primarily attributable to the expected synergies from integrating Maxwell’s technology into our automotive segment as well as the acquired talent.",$ 32,,,,,,,,,,,filing,10-K FY2019 — ITEM 7A. QUANTITATIVE AND QUALITATIVE DISCLOSURES ABOUT MARKET RISK,
unpaired_actual,TSLA,2020,,,,,,revenue,Revenue,,segment:automotive,,,,FY2019,"Due to price adjustments we made to our vehicle offerings during 2019, we increased our sales return reserve significantly on vehicles previously sold under our buyback options program.","2019,",,,,,,,,,,,filing,10-K FY2019 — ITEM 7A. QUANTITATIVE AND QUALITATIVE DISCLOSURES ABOUT MARKET RISK,
unpaired_actual,TSLA,2020,,,,,,revenue,Revenue,,segment:automotive,,,,Q1 FY2020,"7 Tesla, Inc. Consolidated Statements of Cash Flows (in millions) (unaudited) Three Months Ended March 31, 2020 2019 Cash Flows from Operating Activities Net income (loss) $ 68 $ ( 668 ) Adjustments to reconcile net income (loss) to net cash used in operating activities: Depreciation, amortization and impairment 553 468 Stock-based compensation 211 208 Amortization of debt discounts and issuance costs 46 40 Inventory and purchase commitments write-downs 45 81 Loss on disposals of fixed assets 7 18 Foreign currency transaction net loss (gain) 19 ( 39 ) Non-cash interest and other operating activities 58 116 Operating cash flow related to repayment of discounted convertible notes — ( 188 ) Changes in operating assets and liabilities, net of effect of business combinations: Accounts receivable ( 14 ) ( 100 ) Inventory ( 981 ) ( 809 ) Operating lease vehicles ( 197 ) 13 Prepaid expenses and other current assets ( 154 ) ( 46 ) Other non-current assets 40 28 Accounts payable and accrued liabilities ( 265 ) ( 41 ) Deferred revenue 53 318 Customer deposits 88 ( 25 ) Other long-term liabilities ( 17 ) ( 14 ) Net cash used in operating activities ( 440 ) ( 640 ) Cash Flows from Investing Activities Purchases of property and equipment excluding finance leases, net of sales ( 455 ) ( 280 ) Purchases of solar energy systems, net of sales ( 26 ) ( 25 ) Receipt of government grants 1 — Business combinations, net of cash acquired — ( 1 ) Net cash used in investing activities ( 480 ) ( 306 ) Cash Flows from Financing Activities Proceeds from issuances of common stock in public offerings, net of issuance costs 2,309 — Proceeds from issuances of convertible and other debt 2,802 1,494 Repayments of convertible and other debt ( 2,318 ) ( 1,970 ) Collateralized lease repayments ( 97 ) ( 134 ) Proceeds from exercises of stock options and other stock issuances 160 78 Principal payments on finance leases ( 100 ) ( 67 ) Debt issuance costs — ( 8 ) Proceeds from investments by noncontrolling interests in subsidiaries 19 47 Distributions paid to noncontrolling interests in subsidiaries ( 67 ) ( 85 ) Payments for buy-outs of noncontrolling interests in subsidiaries — ( 8 ) Net cash provided by (used in) financing activities 2,708 ( 653 ) Effect of exchange rate changes on cash and cash equivalents and restricted cash ( 24 ) 5 Net increase (decrease) in cash and cash equivalents and restricted cash 1,764 ( 1,594 ) Cash and cash equivalents and restricted cash, beginning of period 6,783 4,277 Cash and cash equivalents and restricted cash, end of period $ 8,547 $ 2,683 Supplemental Non-Cash Investing and Financing Activities Acquisitions of property and equipment included in liabilities $ 415 $ 120 Leased assets obtained in exchange for finance lease liabilities $ 32 $ 218 Leased assets obtained in exchange for operating lease liabilities $ 60 $ 22 The accompanying notes are an integral part of these consolidated financial statements.",7,,,,,,,,,,,filing,10-Q Q1 2020 — ITEM 1. FINANCIAL STATEMENTS — Consolidated Financial Statements,
unpaired_actual,TSLA,2020,,,,,,product_milestone,Product / strategic milestone,,consolidated,,,,Q1 FY2020,"If the related market capitalization milestone is achieved earlier than its expected achievement period and the achievement of the related operational milestone, then the stock-based compensation expense will be recognized over the expected achievement period for the operational milestone, which may accelerate the rate at which such expense is recognized.",,,,,,,,,,,,filing,10-Q Q1 2020 — ITEM 1. FINANCIAL STATEMENTS — Note 11 – Equity Incentive Plans,
unpaired_actual,TSLA,2020,,,,,,product_milestone,Product / strategic milestone,,consolidated,,,,Q1 FY2020,The market capitalization milestone period and the valuation of each tranche were determined using a Monte Carlo simulation and is used as the basis for determining the expected achievement period.,,,,,,,,,,,,filing,10-Q Q1 2020 — ITEM 1. FINANCIAL STATEMENTS — Note 11 – Equity Incentive Plans,
unpaired_actual,TSLA,2020,,,,,,product_milestone,Product / strategic milestone,,consolidated,,,,Q1 FY2020,No tranches of the 2018 CEO Performance Award will vest unless a market capitalization and a matching operational milestone are both achieved.,2018,,,,,,,,,,,filing,10-Q Q1 2020 — ITEM 1. FINANCIAL STATEMENTS — Note 11 – Equity Incentive Plans,
unpaired_actual,TSLA,2020,,,,,,revenue_growth,Revenue growth,,consolidated,,,,Q1 FY2020,"There was also an increase of $139 million from additional sales of regulatory credits to $354 million in the three months ended March 31, 2020.",$139 million,,,,,,,,,,,filing,10-Q Q1 2020 — ITEM 1. FINANCIAL STATEMENTS — Note 15 – Segment Reporting and Information about Geographic Areas,
unpaired_actual,TSLA,2020,,,,,,revenue,Revenue,,segment:automotive,,,,Q1 FY2020,"Automotive leasing revenue increased $24 million, or 11%, in the three months ended March 31, 2020 as compared to the three months ended March 31, 2019.",$24 million,,,,,,,,,,,filing,10-Q Q1 2020 — ITEM 1. FINANCIAL STATEMENTS — Note 15 – Segment Reporting and Information about Geographic Areas,
unpaired_actual,TSLA,2020,,,,,,revenue,Revenue,,consolidated,,,,Q1 FY2020,"Services and other revenue increased $67 million, or 14%, in the three months ended March 31, 2020 as compared to the three months ended March 31, 2019.",$67 million,,,,,,,,,,,filing,10-Q Q1 2020 — ITEM 1. FINANCIAL STATEMENTS — Note 15 – Segment Reporting and Information about Geographic Areas,
unpaired_actual,TSLA,2020,,,,,,revenue,Revenue,,segment:automotive,,,,Q1 FY2020,"D ue to pricing adjustments we made to our vehicle offerings in the three months ended March 31, 2019, we estimated that there was a greater likelihood that customers would exercise their buyback options and if customers elect to exercise the buyback option, we expect to be able to subsequently resell the returned vehicles, which resulted in a reduction of automotive cost of sales of $409 million that did not similarly occur this period.","31,",,,,,,,,,,,filing,10-Q Q1 2020 — ITEM 1. FINANCIAL STATEMENTS — Note 15 – Segment Reporting and Information about Geographic Areas,
unpaired_actual,TSLA,2020,,,,,,revenue,Revenue,,segment:automotive,,,,Q1 FY2020,"Cost of automotive leasing revenue increased $5 million, or 4%, in the year ended March 31, 2020 compared to the year ended March 31, 2019.",$5 million,,,,,,,,,,,filing,10-Q Q1 2020 — ITEM 1. FINANCIAL STATEMENTS — Note 15 – Segment Reporting and Information about Geographic Areas,
unpaired_actual,TSLA,2020,,,,,,other_the_increase_was_primarily_due,Other The Increase Was Primarily Due,,product:model_3,,,,Q1 FY2020,"The increase was primarily due to an increase in cumulative vehicles under our direct vehicle leasing program, partially due to the introduction of Model 3 direct leasing in the second quarter of 2019, partially offset by a decrease in cumulative vehicles under our resale value guarantee leasing programs which are accounted for as operating leases.",3,,,,,,,,,,,filing,10-Q Q1 2020 — ITEM 1. FINANCIAL STATEMENTS — Note 15 – Segment Reporting and Information about Geographic Areas,
unpaired_actual,TSLA,2020,,,,,,regulatory_credit_revenue,Regulatory credit revenue,,product:model_3,,,,Q1 FY2020,"Gross margin for total automotive increased from 20% to 26% in the three months ended March 31, 2020 as compared to the three months ended March 31, 2019, primarily due an increase of $139 million in sales of regulatory credits and an improvement of Model 3 gross margin primarily from lower freight and duty costs from local production in China and additional manufacturing efficiencies in the production of Model 3 in our Fremont Factory .",20%,,,,,,,,,,,filing,10-Q Q1 2020 — ITEM 1. FINANCIAL STATEMENTS — Note 15 – Segment Reporting and Information about Geographic Areas,
unpaired_actual,TSLA,2020,,,,,,gross_margin,Gross margin,,segment:automotive,,,,Q1 FY2020,"Gross margin for total automotive & services and other segment increased from 13% to 21% in the three months ended March 31, 2020 as compared to the three months ended March 31, 2019, primarily due to the automotive gross margin impacts discussed above and improved services and other gross margin from increased operational efficiencies.",13%,,,,,,,,,,,filing,10-Q Q1 2020 — ITEM 1. FINANCIAL STATEMENTS — Note 15 – Segment Reporting and Information about Geographic Areas,
unpaired_actual,TSLA,2020,,,,,,gross_margin,Gross margin,,segment:automotive,,,,Q1 FY2020,"Additionally, there was an increase due to a lower proportion of services and other within the segment in the three months ended March 31, 2020, which operates at a lower gross margin than our automotive business.","31,",,,,,,,,,,,filing,10-Q Q1 2020 — ITEM 1. FINANCIAL STATEMENTS — Note 15 – Segment Reporting and Information about Geographic Areas,
unpaired_actual,TSLA,2020,,,,,,gross_margin,Gross margin,,consolidated,,,,Q1 FY2020,"Gross margin for energy generation and storage increased from 2% to 4% in the three months ended March 31, 2020 as compared to the three months ended March 31, 2019.",2%,,,,,,,,,,,filing,10-Q Q1 2020 — ITEM 1. FINANCIAL STATEMENTS — Note 15 – Segment Reporting and Information about Geographic Areas,
unpaired_actual,TSLA,2020,,,,,,revenue_growth,Revenue growth,,product:model_3,,,,Q1 FY2020,"The increase in working capital was mainly driven by a smaller increase in deferred revenue, due to higher deferred regulatory credits in the three months ended March 31, 2019, a larger decrease in accounts payable and accrued liabilities from less sales related tax due as a result of quarter-over-quarter changes in deliveries, an increase in operating lease vehicles in the three months ended March 31, 2020 as compared to a decrease for the same period in 2019, as Model 3 leases were introduced in the second quarter of 2019, and a larger increase in inventory from buildup of finished goods from limited capacity to deliver or install our products at the end of the first quarter of 2020.","31,",,,,,,,,,,,filing,10-Q Q1 2020 — ITEM 1. FINANCIAL STATEMENTS — Note 15 – Segment Reporting and Information about Geographic Areas,
unpaired_actual,TSLA,2020,,,,,,subscribers,Subscribers / customers,,consolidated,,,,Q1 FY2020,"The increase in working capital was partially offset by an increase in customer deposits in the three months ended March 31, 2020 as compared to a decrease for the same period in 2019.","31,",,,,,,,,,,,filing,10-Q Q1 2020 — ITEM 1. FINANCIAL STATEMENTS — Note 15 – Segment Reporting and Information about Geographic Areas,
unpaired_actual,TSLA,2020,,,,,,production,Production,,product:model_3,,,,Q1 FY2020,"We continue to increase our addressable market by offering additional Model 3 trims in China that will be produced at Gigafactory Shanghai, and for Model Y, ramping production at the Fremont Factory and preparing for future production at Gigafactory Shanghai and Gigafactory Berlin.",3,,,,,,,,,,,filing,10-Q Q1 2020 — ITEM 1. FINANCIAL STATEMENTS — Note 15 – Segment Reporting and Information about Geographic Areas,
unpaired_actual,TSLA,2020,,,,,,subscribers,Subscribers / customers,,product:model_3,,,,Q1 FY2020,"However, if our customer vehicles, particularly in the rapidly growing Model 3 fleet and newly launched Model Y fleet, experience unexpected reliability issues, it could outpace and overburden our servicing capabilities and parts inventory.",3,,,,,,,,,,,filing,10-Q Q1 2020 — ITEM 1. FINANCIAL STATEMENTS — Note 15 – Segment Reporting and Information about Geographic Areas,
unpaired_actual,TSLA,2020,,,,,,production,Production,,product:model_3,,,,Q1 FY2020,"Currently, we have installed annual production capacity for 200,000 Model 3 vehicles there that we believe we will eventually be able to push to actual rates of production in excess of such number , and we have commenced construction of the next phase of Gigafactory Shanghai to add Model Y manufacturing capacity at least equivalent to that for Model 3 .","200,000",,,,,,,,,,,filing,10-Q Q1 2020 — ITEM 1. LEGAL PROCEEDINGS,
unpaired_actual,TSLA,2020,,,,,,other_for_example_significant_transit_time,Other For Example Significant Transit Time,,product:model_3,,,,Q1 FY2020,"For example, significant transit time may be required to transport vehicles in volume into international markets, and we also saw challenges in initially ramping our logistical channels in China and Europe as we delivered Model 3 there for the first time in the first quarter of 2019.",3,,,,,,,,,,,filing,10-Q Q1 2020 — ITEM 1. LEGAL PROCEEDINGS,
unpaired_actual,TSLA,2020,,,,,,other_and_we_re_actually_excited,Other And We Re Actually Excited,,product:model_3,,,,Q1 FY2020,"And we're actually excited to announce on this call that we will be reducing the price of the standard range Model 3 basically tomorrow, China time.",3,,,,,,,,,,,transcript,TSLA_Q1_2020,
unpaired_actual,TSLA,2020,,,,,,production_volume,Production volume,,consolidated,,,,Q1 FY2020,"So fixed cost absorption from higher production volumes, which are occurring in Q2 and will occur through the rest of the year were not fully localized on the supply chain yet.",2,,,,,,,,,,,transcript,TSLA_Q1_2020,
unpaired_actual,TSLA,2020,,,,,,other_so_we_expect_this_to,Other So We Expect This To,,consolidated,,,,Q1 FY2020,So we expect this to be a product that is international and actually seeing a tremendous amount of interest from China on the Solar Roof.,,,,,,,,,,,,transcript,TSLA_Q1_2020,
unpaired_actual,TSLA,2020,,,,,,other_there_have_been_a_lot,Other There Have Been A Lot,,consolidated,,,,Q1 FY2020,"There have been a lot of comparisons drawn to the state of the U.S. economy in the early 1930s when Roosevelt began a series of new deals and infrastructure projects or post-World War 2 when Eisenhower launched the U.S. Highway Act and JFK launched the Apollo Program, which you could say was influenced by the Cold War, clearly, and you benefited from and our space program benefited from.",1930,,,,,,,,,,,transcript,TSLA_Q1_2020,
unpaired_actual,TSLA,2020,,,,,,other_but_it_s_similar_to,Other But It S Similar To,,product:model_3,,,,Q1 FY2020,But it's similar to the ASP trends that we had with Model 3 when we launched that product in Fremont two years ago.,3,,,,,,,,,,,transcript,TSLA_Q1_2020,
unpaired_actual,TSLA,2020,,,,,,other_on_other_technology_fronts_we,Other On Other Technology Fronts We,,consolidated,,,,Q1 FY2020,"On other technology fronts, we increased the range of model S and X yet again, this time to 391 miles for Model S and 351 miles for Model X.",391,,,,,,,,,,,transcript,TSLA_Q1_2020,
unpaired_actual,TSLA,2020,,,,,,other_as_soon_as_the_epa,Other As Soon As The Epa,,consolidated,,,,Q1 FY2020,"As soon as the EPA reopens for testing, we will redo the test, and we're actually confident that we will achieve a 400-mile-or-greater range with the Model S. But to be clear, the Model S, for the past two months -- the true range of the Model S for the past two months has been 400 miles.",400,,,,,,,,,,,transcript,TSLA_Q1_2020,
unpaired_actual,TSLA,2020,,,,,,gross_margin,Gross margin,,consolidated,,,,Q1 FY2020,"And so I think the sentiment of your question was, if you were to remove those factors, was there a sequential increase in gross margin.",,,,,,,,,,,,transcript,TSLA_Q1_2020,
unpaired_actual,TSLA,2020,,,,,,revenue,Revenue,,segment:automotive,,,,Q2 FY2020,"8 Tesla, Inc. Consolidated Statements of Cash Flows (in millions) (unaudited) Six Months Ended June 30, 2020 2019 Cash Flows from Operating Activities Net income (loss) $ 197 $ ( 1,057 ) Adjustments to reconcile net income (loss) to net cash provided by operating activities: Depreciation, amortization and impairment 1,120 1,047 Stock-based compensation 558 418 Amortization of debt discounts and issuance costs 94 82 Inventory and purchase commitments write-downs 88 116 Loss on disposals of fixed assets 12 48 Foreign currency transaction net loss (gain) 38 ( 11 ) Non-cash interest and other operating activities 110 157 Operating cash flow related to repayment of discounted convertible notes — ( 188 ) Changes in operating assets and liabilities, net of effect of business combinations: Accounts receivable ( 236 ) ( 168 ) Inventory ( 535 ) ( 352 ) Operating lease vehicles ( 330 ) ( 176 ) Prepaid expenses and other current assets ( 301 ) ( 139 ) Other non-current assets ( 16 ) 42 Accounts payable and accrued liabilities ( 372 ) 87 Deferred revenue ( 20 ) 476 Customer deposits 5 ( 160 ) Other long-term liabilities 112 2 Net cash provided by operating activities 524 224 Cash Flows from Investing Activities Purchases of property and equipment excluding finance leases, net of sales ( 1,001 ) ( 530 ) Purchases of solar energy systems, net of sales ( 46 ) ( 43 ) Receipt of government grants 1 — Purchase of intangible assets — ( 5 ) Business combinations, net of cash acquired — 31 Net cash used in investing activities ( 1,046 ) ( 547 ) Cash Flows from Financing Activities Proceeds from issuances of common stock in public offerings, net of issuance costs 2,309 848 Proceeds from issuances of convertible and other debt 4,946 5,008 Repayments of convertible and other debt ( 4,226 ) ( 3,700 ) Collateralized lease repayments ( 168 ) ( 219 ) Proceeds from exercises of stock options and other stock issuances 217 96 Principal payments on finance leases ( 154 ) ( 143 ) Debt issuance costs — ( 30 ) Purchase of convertible note hedges — ( 476 ) Proceeds from issuance of warrants — 174 Proceeds from investments by noncontrolling interests in subsidiaries 19 89 Distributions paid to noncontrolling interests in subsidiaries ( 110 ) ( 149 ) Payments for buy-outs of noncontrolling interests in subsidiaries ( 2 ) ( 8 ) Net cash provided by financing activities 2,831 1,490 Effect of exchange rate changes on cash and cash equivalents and restricted cash 14 5 Net increase in cash and cash equivalents and restricted cash 2,323 1,172 Cash and cash equivalents and restricted cash, beginning of period 6,783 4,277 Cash and cash equivalents and restricted cash, end of period $ 9,106 $ 5,449 Supplemental Non-Cash Investing and Financing Activities Equity issued in connection with business combination $ — $ 207 Acquisitions of property and equipment included in liabilities $ 668 $ 287 Leased assets obtained in exchange for finance lease liabilities $ 54 $ 469 Leased assets obtained in exchange for operating lease liabilities $ 187 $ 119 The accompanying notes are an integral part of these consolidated financial statements.",8,,,,,,,,,,,filing,10-Q Q2 2020 — ITEM 1. FINANCIAL STATEMENTS — Consolidated Financial Statements,
unpaired_actual,TSLA,2020,,,,,,revenue,Revenue,,consolidated,,,,Q2 FY2020,"The achievement status of the operational milestones as of June 30, 2020 was as follows: Total Annualized Revenue Annualized Adjusted EBITDA Milestone (in billions) Achievement Status Milestone (in billions) Achievement Status $ 20.0 Achieved and certified $ 1.5 Achieved $ 35.0 Probable $ 3.0 Achieved $ 55.0 - $ 4.5 Probable $ 75.0 - $ 6.0 - $ 100.0 - $ 8.0 - $ 125.0 - $ 10.0 - $ 150.0 - $ 12.0 - $ 175.0 - $ 14.0 - Stock-based compensation expense associated with each tranche under the 2018 CEO Performance Award is recognized over the longer of (i) the expected achievement period for the operational milestone for such tranche and (ii) the expected achievement period for the related market capitalization milestone determined on the grant date, beginning at the point in time when the relevant operational milestone is considered probable of being met.","30,",,,,,,,,,,,filing,10-Q Q2 2020 — ITEM 1. FINANCIAL STATEMENTS — Note 11 – Equity Incentive Plans,
unpaired_actual,TSLA,2020,,,,,,production_deliveries,Production Deliveries,,product:model_3,,,,Q2 FY2020,"Automotive sales revenue increased $1.13 billion, or 13%, in the six months ended June 30, 2020 as compared to the six months ended June 30, 2019 , primarily due to an increase of 24,865 Model 3 and Model Y cash deliveries despite production limitations as a result of temporary suspension of production at the Fremont Factory during the first half of 2020.",$1.13 billion,,,,,,,,,,,filing,10-Q Q2 2020 — ITEM 1. FINANCIAL STATEMENTS — Note 15 – Segment Reporting and Information about Geographic Areas,
unpaired_actual,TSLA,2020,,,,,,deliveries,Deliveries,,product:model_3,,,,Q2 FY2020,We were able to increase deliveries year over year from additional Model 3 production capacity at Gigafactory Shanghai.,3,,,,,,,,,,,filing,10-Q Q2 2020 — ITEM 1. FINANCIAL STATEMENTS — Note 15 – Segment Reporting and Information about Geographic Areas,
unpaired_actual,TSLA,2020,,,,,,revenue_growth,Revenue growth,,consolidated,,,,Q2 FY2020,"There was also an increase of $455 million from additional sales of regulatory credits to $782 million in the six months ended June 30, 2020.",$455 million,,,,,,,,,,,filing,10-Q Q2 2020 — ITEM 1. FINANCIAL STATEMENTS — Note 15 – Segment Reporting and Information about Geographic Areas,
unpaired_actual,TSLA,2020,,,,,,revenue,Revenue,,segment:automotive,,,,Q2 FY2020,"Automotive leasing revenue increased $60 million, or 29%, in the three months ended June 30, 2020 as compared to the three months ended June 30, 2019.",$60 million,,,,,,,,,,,filing,10-Q Q2 2020 — ITEM 1. FINANCIAL STATEMENTS — Note 15 – Segment Reporting and Information about Geographic Areas,
unpaired_actual,TSLA,2020,,,,,,other_the_increases_in_the_three,Other The Increases In The Three,,segment:automotive,,,,Q2 FY2020,"The increases in the three and six months ended June 30, 2020 compared to the same periods in the prior year were primarily due to an increase in cumulative vehicles under our direct vehicle leasing program and an increase in the number of vehicles under leasing programs where our counterparty has retained ownership of the vehicle during or at the end of the guarantee period.","30,",,,,,,,,,,,filing,10-Q Q2 2020 — ITEM 1. FINANCIAL STATEMENTS — Note 15 – Segment Reporting and Information about Geographic Areas,
unpaired_actual,TSLA,2020,,,,,,revenue_growth,Revenue growth,,product:model_3,,,,Q2 FY2020,"The decreases in cost of automotive sales revenue were partially offset by an increase of 24,865 Model 3 and Model Y cash deliveries.","24,865",,,,,,,,,,,filing,10-Q Q2 2020 — ITEM 1. FINANCIAL STATEMENTS — Note 15 – Segment Reporting and Information about Geographic Areas,
unpaired_actual,TSLA,2020,,,,,,revenue,Revenue,,segment:automotive,,,,Q2 FY2020,"Due to pricing adjustments we made to our vehicle offerings in the six months ended June 30, 2019, we estimated that there was a greater likelihood that customers would exercise their buyback options and if customers elect to exercise the buyback option, we expect to be able to subsequently resell the returned vehicles, which resulted in a reduction of cost of automotive sales revenue of $458 million.","30,",,,,,,,,,,,filing,10-Q Q2 2020 — ITEM 1. FINANCIAL STATEMENTS — Note 15 – Segment Reporting and Information about Geographic Areas,
unpaired_actual,TSLA,2020,,,,,,production,Production,,consolidated,,,,Q2 FY2020,"The increases were partially offset by idle capacity charges of $189 million and $213 million as a result of temporary suspension of production at the Fremont Factory during the three and six months ended June 30, 2020, respectively.",$189 million,,,,,,,,,,,filing,10-Q Q2 2020 — ITEM 1. FINANCIAL STATEMENTS — Note 15 – Segment Reporting and Information about Geographic Areas,
unpaired_actual,TSLA,2020,,,,,,revenue,Revenue,,segment:automotive,,,,Q2 FY2020,"The increases to gross margin in the three and six months ended June 30, 2020 compared to the same periods in the prior year were primarily due to the automotive gross margin impacts discussed above and improved services and other gross margin from increased operational efficiencies in our non-warranty maintenance services business and improved used vehicle sales margins.","30,",,,,,,,,,,,filing,10-Q Q2 2020 — ITEM 1. FINANCIAL STATEMENTS — Note 15 – Segment Reporting and Information about Geographic Areas,
unpaired_actual,TSLA,2020,,,,,,gross_margin,Gross margin,,segment:automotive,,,,Q2 FY2020,"Additionally, there was an increase due to a lower proportion of services and other within the segment in the three and six months ended June 30, 2020, which operates at a lower gross margin than our automotive business.","30,",,,,,,,,,,,filing,10-Q Q2 2020 — ITEM 1. FINANCIAL STATEMENTS — Note 15 – Segment Reporting and Information about Geographic Areas,
unpaired_actual,TSLA,2020,,,,,,revenue,Revenue,,consolidated,,,,Q2 FY2020,"With the release of stoplight and stop sign recognition and response, we recognized $48 million of deferred revenue in the period.",$48 million,,,,,,,,,,,transcript,TSLA_Q2_2020,
unpaired_actual,TSLA,2020,,,,,,regulatory_credit_revenue,Regulatory credit revenue,,consolidated,,,,Q2 FY2020,Regulatory credit revenue increased sequentially to $428 million.,$428 million,,,,,,,,,,,transcript,TSLA_Q2_2020,
unpaired_actual,TSLA,2020,,,,,,other_in_the_energy_business_our,Other In The Energy Business Our,,segment:energy,,,,Q2 FY2020,"In the Energy business, our Megapack product achieved its first quarterly profit.",,,,,,,,,,,,transcript,TSLA_Q2_2020,
unpaired_actual,TSLA,2020,,,,,,other_and_our_solar_installation_business,Other And Our Solar Installation Business,,consolidated,,,,Q2 FY2020,"And our solar installation business was impacted by permit office closures, limiting installation volume.",,,,,,,,,,,,transcript,TSLA_Q2_2020,
unpaired_actual,TSLA,2020,,,,,,other_stock_based_comp_increased_from,Other Stock Based Comp Increased From,,consolidated,,,,Q2 FY2020,Stock-based comp increased from Q1 to Q2.,1,,,,,,,,,,,transcript,TSLA_Q2_2020,
unpaired_actual,TSLA,2020,,,,,,other_on_cash_flows_our_cash,Other On Cash Flows Our Cash,,consolidated,,,,Q2 FY2020,"On cash flows, our cash balance increased to our highest level yet of $8.6 billion, which included free cash flows of over $400 million.",$8.6 billion,,,,,,,,,,,transcript,TSLA_Q2_2020,
unpaired_actual,TSLA,2020,,,,,,deliveries,Deliveries,,consolidated,,,,Q2 FY2020,"Second, due to payment terms associated with financing and enterprise customers, settlement time lines for certain methods of cash payments and geographic mix of our deliveries, our cash balance and associated receivables are impacted significantly by how many cars are delivered in the final weeks and days of the quarter.",,,,,,,,,,,,transcript,TSLA_Q2_2020,
unpaired_actual,TSLA,2020,,,,,,product_milestone,Product / strategic milestone,,consolidated,,,,Q2 FY2020,"Elon Musk Well, the actual major milestone that's happening right now is really a transition of the autonomy system of the cars like AI, if you will, from thinking about things in -- like two and a half feet.",,,,,,,,,,,,transcript,TSLA_Q2_2020,
unpaired_actual,TSLA,2020,,,,,,deliveries,Deliveries,,segment:automotive,,,,Q2 FY2020,"And as a result, we were able to achieve our fourth consecutive profitable quarter, and although the automotive industry was down about 30% year-over-year in the first half of the year, we managed to grow deliveries in the first half of the year.",about 30%,,,,,,,,,,,transcript,TSLA_Q2_2020,
unpaired_actual,TSLA,2020,,,,,,other_i_think_part_of_the,Other I Think Part Of The,,consolidated,,,,Q2 FY2020,"I think part of the Alien Dreadnought concept is not just automation, but minimizing the number of process steps and complexity involved in the manufacturing system, which involves really integrating design and manufacturing across from like when the raw materials enter the factory to the finished goods exit.",,,,,,,,,,,,transcript,TSLA_Q2_2020,
unpaired_actual,TSLA,2020,,,,,,other_but_the_supply_chain_if,Other But The Supply Chain If,,consolidated,,,,Q2 FY2020,"But the supply chain, if you put like a GPS tracker on a molecule from when it got mined to when it was in a usable product, it would look insane.",,,,,,,,,,,,transcript,TSLA_Q2_2020,
unpaired_actual,TSLA,2020,,,,,,production,Production,,consolidated,,,,Q2 FY2020,It's actually extremely exciting and fulfilling to design new production systems.,,,,,,,,,,,,transcript,TSLA_Q2_2020,
unpaired_actual,TSLA,2020,,,,,,production,Production,,product:model_3,,,,Q2 FY2020,"What we're seeing with our passenger vehicles is that our powertrain efficiency and tire efficiency, drive coefficient like basically all of the things that, like, you know, our HVAC, going to a heat pump, basically our total vehicle efficiency has gotten good enough with Model 3, for example, that we actually are comfortable having an iron phosphate battery pack in Model 3 in China and that that'll be in volume production later this year.","3,",,,,,,,,,,,transcript,TSLA_Q2_2020,
unpaired_actual,TSLA,2020,,,,,,other_and_i_mean_the_proportion,Other And I Mean The Proportion,,consolidated,,,,Q2 FY2020,"And I mean, the proportion of local sourcing has literally been rising at like 5% to 10% a month, from 40 -- it was like 40% at the beginning this year, something like that, it will be like 80% by the end of this year, maybe more.",5%,,,,,,,,,,,transcript,TSLA_Q2_2020,
unpaired_actual,TSLA,2020,,,,,,other_so_actually_a_ton_of,Other So Actually A Ton Of,,consolidated,,,,Q2 FY2020,"So, actually, a ton of our suppliers are in Germany within like a few hundred kilometers of the factory.",,,,,,,,,,,,transcript,TSLA_Q2_2020,
unpaired_actual,TSLA,2020,,,,,,other_because_i_know_your_margin,Other Because I Know Your Margin,,consolidated,,,,Q2 FY2020,"Because I know your margin has been 5% over the last 12 months, but it's actually less than 1%, excluding EV credit, so it’s a 4 point contribution right now.",5%,,,,,,,,,,,transcript,TSLA_Q2_2020,
unpaired_actual,TSLA,2020,,,,,,revenue,Revenue,,consolidated,,,,Q2 FY2020,"You then layer on top of that, as Elon was discussing earlier, the potential for software-based revenue, particularly full self-driving, there's the revenue recognition portion of that, that we have today, that, that will expand as we release more features.",,,,,,,,,,,,transcript,TSLA_Q2_2020,
unpaired_actual,TSLA,2020,,,,,,revenue,Revenue,,consolidated,,,,Q2 FY2020,"There's still incredible opportunity there that we were working on, particularly on how customers interact with the company from sales and service and what their flow is and how we get cars to them.",,,,,,,,,,,,transcript,TSLA_Q2_2020,
unpaired_actual,TSLA,2020,,,,,,profitability_timing,Profitability timing,,consolidated,,,,Q2 FY2020,"On net income, overall, as Elon mentioned, we achieved our fourth sequential quarter of profitability.",,,,,,,,,,,,transcript,TSLA_Q2_2020,
unpaired_actual,TSLA,2020,,,,,,revenue,Revenue,,consolidated,,,,Q3 FY2020,"Each of the 12 vesting tranches of the 2018 CEO Performance Award will vest upon certification by the Board of Directors that both (i) the market capitalization milestone for such tranche, which begins at $ 100.0 billion for the first tranche and increases by increments of $ 50.0 billion thereafter (based on both a six calendar month trailing average and a 30 calendar day trailing average, counting only trading days), has been achieved, and (ii) any one of the following eight operational milestones focused on total revenue or eight operational milestones focused on Adjusted EBITDA have been achieved for the previous four consecutive fiscal quarters on an annualized basis.",12,,,,,,,,,,,filing,10-Q Q3 2020 — ITEM 1. FINANCIAL STATEMENTS — Note 11 – Equity Incentive Plans,
unpaired_actual,TSLA,2020,,,,,,product_milestone,Product / strategic milestone,,consolidated,,,,Q3 FY2020,"Stock-based compensation expense associated with each tranche under the 2018 CEO Performance Award is recognized over the longer of (i) the expected achievement period for the operational milestone for such tranche and (ii) the expected achievement period for the related market capitalization milestone determined on the grant date, beginning at the point in time when the relevant operational milestone is considered probable of being achieved.",2018,,,,,,,,,,,filing,10-Q Q3 2020 — ITEM 1. FINANCIAL STATEMENTS — Note 11 – Equity Incentive Plans,
unpaired_actual,TSLA,2020,,,,,,product_milestone,Product / strategic milestone,,consolidated,,,,Q3 FY2020,"Therefore, the remaining unamortized expense of $ 95 million and $ 118 million associated with the second and third tranches, respectively, which were previously expected to be recognized ratably in future quarters through the first quarter of 2022 as determined on the grant date for the second market capitalization milestone period and through the first quarter of 2023 as determined on the grant date for the third market capitalization milestone period, were accelerated into the third quarter of 2020.",$ 95 million,,,,,,,,,,,filing,10-Q Q3 2020 — ITEM 1. FINANCIAL STATEMENTS — Note 11 – Equity Incentive Plans,
unpaired_actual,TSLA,2020,,,,,,product_milestone,Product / strategic milestone,,consolidated,,,,Q3 FY2020,"Therefore, we expect that the remaining unamortized expense of $ 122 million associated with the fourth market capitalization milestone period, which was previously expected to be recognized ratably in future quarters through the third quarter of 2023 as determined on the grant date, will be accelerated into the fourth quarter of 2020.",$ 122 million,,,,,,,,,,,filing,10-Q Q3 2020 — ITEM 1. FINANCIAL STATEMENTS — Note 11 – Equity Incentive Plans,
unpaired_actual,TSLA,2020,,,,,,production_deliveries,Production Deliveries,,product:model_3,,,,Q3 FY2020,"Automotive sales revenue increased $3.34 billion, or 24%, in the nine months ended September 30, 2020 as compared to the nine months ended September 30, 2019 , primarily due to an increase of 66,685 Model 3 and Model Y cash deliveries despite production limitations as a result of temporary suspension of production at the Fremont Factory and Gigafactory Nevada during the first half of 2020.",$3.34 billion,,,,,,,,,,,filing,10-Q Q3 2020 — ITEM 1. FINANCIAL STATEMENTS — Note 15 – Segment Reporting and Information about Geographic Areas,
unpaired_actual,TSLA,2020,,,,,,revenue_growth,Revenue growth,,consolidated,,,,Q3 FY2020,"There was also an increase of $718 million from additional sales of regulatory credits to $1.18 billion in the nine months ended September 30, 2020.",$718 million,,,,,,,,,,,filing,10-Q Q3 2020 — ITEM 1. FINANCIAL STATEMENTS — Note 15 – Segment Reporting and Information about Geographic Areas,
unpaired_actual,TSLA,2020,,,,,,revenue,Revenue,,product:model_3,,,,Q3 FY2020,"These factors increasing automotive sales revenue were partially offset by a decrease in the average selling price of Model 3 from inclusion of lower priced China manufactured Model 3 and an increase in Standard Range variants in our overall sales mix and 8,841 fewer Model S and Model X cash deliveries at relatively consistent combined average selling prices in the nine months ended September 30, 2020 compared to the same period in the prior year.",3,,,,,,,,,,,filing,10-Q Q3 2020 — ITEM 1. FINANCIAL STATEMENTS — Note 15 – Segment Reporting and Information about Geographic Areas,
unpaired_actual,TSLA,2020,,,,,,revenue,Revenue,,segment:automotive,,,,Q3 FY2020,"Automotive leasing revenue increased $44 million, or 20%, in the three months ended September 30, 2020 as compared to the three months ended September 30, 2019, primarily due to the introduction of direct sales-type leasing programs which we began offering in volume during the third quarter of 2020 and where we recognize all revenue associated with the sales-type lease upon delivery to the customer.",$44 million,,,,,,,,,,,filing,10-Q Q3 2020 — ITEM 1. FINANCIAL STATEMENTS — Note 15 – Segment Reporting and Information about Geographic Areas,
unpaired_actual,TSLA,2020,,,,,,revenue,Revenue,,segment:automotive,,,,Q3 FY2020,"Automotive leasing revenue increased $128 million, or 20%, in the nine months ended September 30, 2020 as compared to the nine months ended September 30, 2019, primarily due to an increase in cumulative vehicles under our direct operating lease program and the introduction of direct sales-type leasing programs which we began offering in volume during the third quarter of 2020 where we recognize all revenue associated with the sales-type lease upon delivery to the customer.",$128 million,,,,,,,,,,,filing,10-Q Q3 2020 — ITEM 1. FINANCIAL STATEMENTS — Note 15 – Segment Reporting and Information about Geographic Areas,
unpaired_actual,TSLA,2020,,,,,,revenue_growth,Revenue growth,,segment:automotive,,,,Q3 FY2020,"Services and other revenue increased $33 million, or 6%, in the three months ended September 30, 2020 as compared to the three months ended September 30, 2019, primarily due to an increase in non-warranty maintenance services revenue as our fleet continues to grow, an increase in retail merchandise revenue and an increase in the volume of traded-in Tesla vehicles sales at lower average selling prices.",$33 million,,,,,,,,,,,filing,10-Q Q3 2020 — ITEM 1. FINANCIAL STATEMENTS — Note 15 – Segment Reporting and Information about Geographic Areas,
unpaired_actual,TSLA,2020,,,,,,revenue_growth,Revenue growth,,segment:automotive,,,,Q3 FY2020,"38 Services and other revenue decreased $18 million, or 1% , in the nine months ended September 30, 2020 as compared to the nine months ended September 30, 2019 , primarily due to a decrease in the volume of used vehicle sales at increased average selling prices as traded-in Tesla vehicles made up a larger portion of the overall sales mix, partially offset by an increase in non-warranty maintenance services revenue as our fleet continues to grow, an overall increase in retail merchandise revenue and an increase in sales by our acquired subsidiaries to third party customers due to additional acquired subsidiaries since 2019 .",38,,,,,,,,,,,filing,10-Q Q3 2020 — ITEM 1. FINANCIAL STATEMENTS — Note 15 – Segment Reporting and Information about Geographic Areas,
unpaired_actual,TSLA,2020,,,,,,revenue,Revenue,,product:model_3,,,,Q3 FY2020,"Cost of automotive sales revenue increased $1.35 billion, or 34%, in the three months ended September 30, 2020 as compared to the three months ended September 30, 2019, primarily due to an increase of 41,820 Model 3 and Model Y cash deliveries, partially offset by a decrease in average Model 3 costs per unit due to a higher sales mix of lower end trims and lower freight and duty costs from local production in China.",$1.35 billion,,,,,,,,,,,filing,10-Q Q3 2020 — ITEM 1. FINANCIAL STATEMENTS — Note 15 – Segment Reporting and Information about Geographic Areas,
unpaired_actual,TSLA,2020,,,,,,revenue,Revenue,,product:model_3,,,,Q3 FY2020,"Cost of automotive sales revenue increased $1.65 billion, or 15%, in the nine months ended September 30, 2020 as compared to the nine months ended September 30, 2019, primarily due to an increase of 66,685 Model 3 and Model Y cash deliveries.",$1.65 billion,,,,,,,,,,,filing,10-Q Q3 2020 — ITEM 1. FINANCIAL STATEMENTS — Note 15 – Segment Reporting and Information about Geographic Areas,
unpaired_actual,TSLA,2020,,,,,,revenue,Revenue,,segment:automotive,,,,Q3 FY2020,"Due to pricing adjustments we made to our vehicle offerings during the nine months ended September 30, 2019, we estimated that there was a greater likelihood that customers would exercise their buyback options and if customers elect to exercise the buyback option, we expect to be able to subsequently resell the returned vehicles, which resulted in a reduction of cost of automotive sales revenue of $451 million.","30,",,,,,,,,,,,filing,10-Q Q3 2020 — ITEM 1. FINANCIAL STATEMENTS — Note 15 – Segment Reporting and Information about Geographic Areas,
unpaired_actual,TSLA,2020,,,,,,revenue_growth,Revenue growth,,segment:automotive,,,,Q3 FY2020,"Additionally, there was an increase to cost of automotive sales revenue from idle capacity charges of $213 million as a result of temporary suspension of production at the Fremont Factory and Gigafactory Nevada during the first half of 2020.",$213 million,,,,,,,,,,,filing,10-Q Q3 2020 — ITEM 1. FINANCIAL STATEMENTS — Note 15 – Segment Reporting and Information about Geographic Areas,
unpaired_actual,TSLA,2020,,,,,,revenue,Revenue,,segment:automotive,,,,Q3 FY2020,"Cost of automotive leasing revenue increased $28 million, or 24%, in the three months ended September 30, 2020 compared to the three months ended September 30, 2019, primarily due to the introduction of direct sales-type leasing programs which we began offering in volume during the third quarter of 2020 and where we recognize all revenue associated with the sales-type lease upon delivery to the customer.",$28 million,,,,,,,,,,,filing,10-Q Q3 2020 — ITEM 1. FINANCIAL STATEMENTS — Note 15 – Segment Reporting and Information about Geographic Areas,
unpaired_actual,TSLA,2020,,,,,,revenue,Revenue,,segment:automotive,,,,Q3 FY2020,"Cost of automotive leasing revenue increased $75 million, or 22%, in the nine months ended September 30, 2020 as compared to the nine months ended September 30, 2019, primarily due to an increase in cumulative vehicles under our direct operating lease program and the introduction of direct sales-type leasing programs which we began offering in volume during the third quarter of 2020 and where we recognize all revenue associated with the sales-type lease upon delivery to the customer.",$75 million,,,,,,,,,,,filing,10-Q Q3 2020 — ITEM 1. FINANCIAL STATEMENTS — Note 15 – Segment Reporting and Information about Geographic Areas,
unpaired_actual,TSLA,2020,,,,,,revenue_growth,Revenue growth,,segment:automotive,,,,Q3 FY2020,"Cost of services and other revenue decreased $23 million, or 3%, in the three months ended September 30, 2020 as compared to the three months ended September 30, 2019, primarily due to decreased costs of used vehicle sales from a decrease in the volume of traded-in non-Tesla vehicle sales, partially offset by increases in non-warranty maintenance services as our fleet continues to grow and an increase in costs of used vehicle sales from an increase in the volume of traded-in Tesla vehicles.",$23 million,,,,,,,,,,,filing,10-Q Q3 2020 — ITEM 1. FINANCIAL STATEMENTS — Note 15 – Segment Reporting and Information about Geographic Areas,
unpaired_actual,TSLA,2020,,,,,,revenue_growth,Revenue growth,,consolidated,,,,Q3 FY2020,"Cost of services and other revenue decreased $246 million, or 12%, in the nine months ended September 30, 2020 as compared to the nine months ended September 30, 2019, primarily due to decreased costs of used vehicle sales from lower sales volume, partially offset by increases in non-warranty maintenance services as our fleet continues to grow, increase in cost of sales by our acquired subsidiaries to third party customers in line with the increase in revenue and an increase in costs of retail merchandise as our sales have increased.",$246 million,,,,,,,,,,,filing,10-Q Q3 2020 — ITEM 1. FINANCIAL STATEMENTS — Note 15 – Segment Reporting and Information about Geographic Areas,
unpaired_actual,TSLA,2020,,,,,,regulatory_credit_revenue,Regulatory credit revenue,,product:model_3,,,,Q3 FY2020,"40 Gross margin for total automotive increased f rom 23% to 28% in the three months ended September 30, 2020 as compared to the three months ended September 30, 2019 , primarily due to an increase of $263 million in sales of regulatory credits and an improvement of Model 3 gross margin primarily from lower freight and duty costs from local production in China, partially offset by a decrease in average selling prices of Model 3 from inclusion of lower priced China manufactured Model 3 in our sales mix in the three months ended September 30, 2020.",40,,,,,,,,,,,filing,10-Q Q3 2020 — ITEM 1. FINANCIAL STATEMENTS — Note 15 – Segment Reporting and Information about Geographic Areas,
unpaired_actual,TSLA,2020,,,,,,profitability_timing,Profitability timing,,consolidated,,,,Q3 FY2020,"On net income, we achieved our fifth sequential quarter of profitability, our best net income, and nearly double-digit operating margins.",,,,,,,,,,,,transcript,TSLA_Q3_2020,
unpaired_actual,TSLA,2020,,,,,,regulatory_credit_revenue,Regulatory credit revenue,,segment:automotive,,,,Q3 FY2020,"On automotive gross margin, including regulatory credits, it increased materially from 18.7% to 23.7%, with some of our programs achieving greater than 25% gross margin.",18.7%,,,,,,,,,,,transcript,TSLA_Q3_2020,
unpaired_actual,TSLA,2020,,,,,,other_we_are_also_seeing_benefits,Other We Are Also Seeing Benefits,,consolidated,,,,Q3 FY2020,"We are also seeing benefits from the ongoing upward trend of locally built and delivered cars, which has increased from under 50% at the beginning of last year to over 70% most recently, which is a core component of our cost reduction strategy.",50%,,,,,,,,,,,transcript,TSLA_Q3_2020,
unpaired_actual,TSLA,2020,,,,,,production,Production,,product:powerwall,,,,Q3 FY2020,"In the Energy business, we achieved record storage deployments, aided by the positive reception of the Megapack and Powerwall products as production and deployments grow.",,,,,,,,,,,,transcript,TSLA_Q3_2020,
unpaired_actual,TSLA,2020,,,,,,other_on_cash_flows_our_cash,Other On Cash Flows Our Cash,,consolidated,,,,Q3 FY2020,"On cash flows, our cash balance increased to $14.5 billion, which includes free cash flows of $1.4 billion, our highest yet.",$14.5 billion,,,,,,,,,,,transcript,TSLA_Q3_2020,
unpaired_actual,TSLA,2020,,,,,,other_as_were_previous_investments_in,Other As Were Previous Investments In,,product:model_3,,,,Q3 FY2020,"As were previous investments in Model 3 Shanghai and Model Y in Fremont, we're expecting these programs to have already fully paid for their respective investments by the end of this year.",3,,,,,,,,,,,transcript,TSLA_Q3_2020,
unpaired_actual,TSLA,2020,,,,,,other_q3_was_a_strong_quarter,Other Q3 Was A Strong Quarter,,segment:energy,,,,Q3 FY2020,"Q3 was a strong quarter for the Energy business, and we're poised for continued strong growth in Energy storage and solar.",3,,,,,,,,,,,transcript,TSLA_Q3_2020,
unpaired_actual,TSLA,2020,,,,,,profitability_timing,Profitability timing,,consolidated,,,,Q3 FY2020,"As a result, our fixed costs remained relatively flat as our volume and efficiency increase, leading to increased profitability in the retrofit business.",,,,,,,,,,,,transcript,TSLA_Q3_2020,
unpaired_actual,TSLA,2020,,,,,,subscribers,Subscribers / customers,,consolidated,,,,Q3 FY2020,"Overall, our reduced installation time provides a better customer experience, and will enable the business to grow exponentially as scale effects allow for increased efficiency.",,,,,,,,,,,,transcript,TSLA_Q3_2020,
unpaired_actual,TSLA,2020,,,,,,production,Production,,consolidated,,,,Q3 FY2020,"Andrew Baglino And to derisk the manufacturing system itself, that was one of the reasons why we located our pilot production facility here in Fremont, so we can rapidly iterate on manufacturing scale-up challenges, provide rapid feedback to the design of both the product and the equipment.",,,,,,,,,,,,transcript,TSLA_Q3_2020,
unpaired_actual,TSLA,2020,,,,,,gross_margin,Gross margin,,product:model_3,,,,Q4 FY2020,"Automotive gross margin in Q4 was primarily impacted by two things; first, we invested in improving our products built in Fremont, including converting over to the new Model S and Model X, launching the single-piece castings on Model Y and introducing heat pump on Model 3.",4,,,,,,,,,,,transcript,TSLA_Q4_2020,
unpaired_actual,TSLA,2020,,,,,,capacity,Capacity,,consolidated,,,,Q4 FY2020,"Our services and other P&L was impacted by many of the same factors just mentioned, including onboarding costs associated with new service capacity.",,,,,,,,,,,,transcript,TSLA_Q4_2020,
unpaired_actual,TSLA,2020,,,,,,revenue,Revenue,,consolidated,,,,Q4 FY2020,"OpEx as a percentage of revenue continues to reduce despite impacts from items mentioned, as well as increased investment in development of future products.",,,,,,,,,,,,transcript,TSLA_Q4_2020,
unpaired_actual,TSLA,2020,,,,,,other_so_we_re_actually_seeing,Other So We Re Actually Seeing,,consolidated,,,,Q4 FY2020,So we're actually seeing tremendous growth in solar quarter-over-quarter last year.,,,,,,,,,,,,transcript,TSLA_Q4_2020,
unpaired_actual,TSLA,2020,,,,,,revenue,Revenue,,segment:automotive,,,,Q4 FY2020,This would be a huge for loyalty and overall increased sales of vehicles who are offering more FSD sales on used vehicles.,,,,,,,,,,,,transcript,TSLA_Q4_2020,
unpaired_actual,TSLA,2020,,,,,,other_in_north_america_we_opened,Other In North America We Opened,,segment:north_america,,,,Q4 FY2020,"In North America, we opened 11 centers in December, and we have plans to open 46 in the first half of this year.",11,,,,,,,,,,,transcript,TSLA_Q4_2020,
unpaired_actual,TSLA,2020,,,,,,revenue_growth,Revenue growth,,consolidated,,,,Q4 FY2020,2020 regulatory credit sales ended up being higher than our expectations.,2020,,,,,,,,,,,transcript,TSLA_Q4_2020,
unpaired_actual,TSLA,2020,,,,,,revenue_growth,Revenue growth,,consolidated,,,,Q4 FY2020,Most of our regulatory credit revenue from Q4 was not lined up prior to the beginning of the quarter.,4,,,,,,,,,,,transcript,TSLA_Q4_2020,
unpaired_actual,TSLA,2020,,,,,,product_milestone,Product / strategic milestone,,consolidated,,,,Q4 FY2020,"So, as you saw in our Q4 numbers, the expansion of service centers and mobile service from Q3 to Q4 increased quite a bit and was also quite a bit higher than the first part of the year.",4,,,,,,,,,,,transcript,TSLA_Q4_2020,
unpaired_actual,TSLA,2020,,,,,,other_we_will_have_cells_group,Other We Will Have Cells Group,,product:4680,,,,Q4 FY2020,We will have cells group in ourselves for Semi when we were producing the 4680 volume.,4680,,,,,,,,,,,transcript,TSLA_Q4_2020,
unpaired_actual,TSLA,2020,,,,,,capacity,Capacity,,consolidated,,,,Q4 FY2020,"So in addition to building up capacity, some of the goals you highlighted was to cut the pricing or the cost by about 50%, boost the range by about 50% over a number of years.",about 50%,,,,,,,,,,,transcript,TSLA_Q4_2020,
unpaired_actual,TSLA,2020,,,,,,other_we_will_be_actually_raising,Other We Will Be Actually Raising,,consolidated,,,,Q4 FY2020,"We will be actually raising the price of Model S for these new models, so people -- because the old model -- the new model will be $10,000 more.","$10,000",,,,,,,,,,,transcript,TSLA_Q4_2020,
unpaired_actual,TSLA,2020,,,,,,profitability_timing,Profitability timing,,consolidated,,,,Q4 FY2020,"So in conclusion, while 2020 was a turning point for Tesla and in terms of profitability, we believe this is just the beginning.",2020,,,,,,,,,,,transcript,TSLA_Q4_2020,
unpaired_actual,TSLA,2020,,,,,,headcount,Headcount,,consolidated,,,,Q4 FY2020,"Stock-based comp increased, part of which is driven by the rise of the stock price over the course of our 2020 employee performance grant process and a portion of which is unique to Q4 only.",2020,,,,,,,,,,,transcript,TSLA_Q4_2020,
unpaired_actual,TSLA,2020,,,,,,subscribers,Subscribers / customers,,consolidated,,,,FY2020,"Insurance In August 2019, we launched an insurance product designed for our customers, which offers rates that are often better than other alternatives.","2019,",,,,,,,,,,,filing,10-K FY2020 — ITEM 1. BUSINESS,
unpaired_actual,TSLA,2020,,,,,,revenue_growth,Revenue growth,,consolidated,,,,FY2020,"There was also an increase of $986 million from additional sales of regulatory credits to $1.58 billion in the year ended December 31, 2020.",$986 million,,,,,,,,,,,filing,10-K FY2020 — ITEM 7. MANAGEMENT’S DISCUSSION AND ANALYSIS OF FINANCIAL CONDITION AND RESULTS OF OPERATIONS,
unpaired_actual,TSLA,2020,,,,,,revenue_growth,Revenue growth,,consolidated,,,,FY2020,"Services and other revenue increased $80 million, or 4%, in the year ended December 31, 2020 as compared to the year ended December 31, 2019, primarily due to an increase in non-warranty maintenance services revenue as our fleet continues to grow, an increase in retail merchandise revenue and an increase in sales by our acquired subsidiaries to third party customers as we had a partial year of sales in the prior year from our mid-year 2019 acquisitions.",$80 million,,,,,,,,,,,filing,10-K FY2020 — ITEM 7. MANAGEMENT’S DISCUSSION AND ANALYSIS OF FINANCIAL CONDITION AND RESULTS OF OPERATIONS,
unpaired_actual,TSLA,2020,,,,,,revenue,Revenue,,product:model_3,,,,FY2020,"2020 compared to 2019 Cost of automotive sales revenue increased $3.76 billion, or 24%, in the year ended December 31, 2020 as compared to the year ended December 31, 2019 , primarily due to an increase of 129,268 Model 3 and Model Y cash deliveries.",2020,,,,,,,,,,,filing,10-K FY2020 — ITEM 7. MANAGEMENT’S DISCUSSION AND ANALYSIS OF FINANCIAL CONDITION AND RESULTS OF OPERATIONS,
unpaired_actual,TSLA,2020,,,,,,revenue,Revenue,,segment:automotive,,,,FY2020,"Due to pricing adjustments we made to our vehicle offerings during the year ended December 31, 2019, we estimated that there was a greater likelihood that customers would exercise their buyback options and if customers elect to exercise the buyback option, we expect to be able to subsequently resell the returned vehicles, which resulted in a reduction of cost of automotive sales revenue of $451 million.","31,",,,,,,,,,,,filing,10-K FY2020 — ITEM 7. MANAGEMENT’S DISCUSSION AND ANALYSIS OF FINANCIAL CONDITION AND RESULTS OF OPERATIONS,
unpaired_actual,TSLA,2020,,,,,,revenue_growth,Revenue growth,,segment:automotive,,,,FY2020,"Additionally, there was an increase to cost of automotive sales revenue from idle capacity charges of $213 million as a result of temporary suspension of production at the Fremont Factory and Gigafactory Nevada during the first half of 2020.",$213 million,,,,,,,,,,,filing,10-K FY2020 — ITEM 7. MANAGEMENT’S DISCUSSION AND ANALYSIS OF FINANCIAL CONDITION AND RESULTS OF OPERATIONS,
unpaired_actual,TSLA,2020,,,,,,revenue,Revenue,,segment:automotive,,,,FY2020,"42 Cost of automotive leasing revenue increased $104 million , or 23% , in the year ended December 31, 2020 as compared to the year ended December 31, 2019 , primarily due to an increase in cumulative vehicles under our direct operating lease program and the introduction of direct sales-type leasing programs which we began offering in volume during the third quarter of 2020 where we recognize all cost of revenue associated with the sales-type lease upon delivery to the customer.",42,,,,,,,,,,,filing,10-K FY2020 — ITEM 7. MANAGEMENT’S DISCUSSION AND ANALYSIS OF FINANCIAL CONDITION AND RESULTS OF OPERATIONS,
unpaired_actual,TSLA,2020,,,,,,powertrain_cost_reduction,Powertrain Cost Reduction,,consolidated,,,,FY2020,"Cost of services and other revenue decreased $99 million, or 4%, in the year ended December 31, 2020 as compared to the year ended December 31, 2019 , primarily due to a decrease in used vehicle cost of revenue driven by a reduction in non-Tesla trade-ins, partially offset by increases in non-warranty maintenance services as our fleet continues to grow and an increase in costs of retail merchandise as our sales have increased.",$99 million,,,,,,,,,,,filing,10-K FY2020 — ITEM 7. MANAGEMENT’S DISCUSSION AND ANALYSIS OF FINANCIAL CONDITION AND RESULTS OF OPERATIONS,
unpaired_actual,TSLA,2020,,,,,,gross_margin,Gross margin,,segment:automotive,,,,FY2020,"Gross margin for total automotive & services and other segment increased from 17% to 22% in the year ended December 31, 2020 as compared to the year ended December 31, 2019, primarily due to the automotive gross margin impacts discussed above and a lower proportion of services and other, which operated at a lower gross margin than our automotive business, within the segment in the year ended December 31, 2020.",17%,,,,,,,,,,,filing,10-K FY2020 — ITEM 7. MANAGEMENT’S DISCUSSION AND ANALYSIS OF FINANCIAL CONDITION AND RESULTS OF OPERATIONS,
unpaired_actual,TSLA,2020,,,,,,headcount,Headcount,,consolidated,,,,FY2020,"The increase was primarily due to a $62 million increase in expensed materials as we continue to expand our product roadmap , $61 million increase in stock-based compensation expense primarily related to the issuance of equity awards in fiscal year 2020 at higher grant date fair values due to our increased share price, $20 million increase in facilities, freight and depreciation expenses and a $20 million increase in employee and labor related expenses.",$62 million,,,,,,,,,,,filing,10-K FY2020 — ITEM 7. MANAGEMENT’S DISCUSSION AND ANALYSIS OF FINANCIAL CONDITION AND RESULTS OF OPERATIONS,
unpaired_actual,TSLA,2020,,,,,,headcount,Headcount,,consolidated,,,,FY2020,The remaining stock-based compensation expense increase of $83 million attributable to other directors and employees is primarily related to the issuance of equity awards in fiscal year 2020 at higher grant date fair values due to our increased share price.,$83 million,,,,,,,,,,,filing,10-K FY2020 — ITEM 7. MANAGEMENT’S DISCUSSION AND ANALYSIS OF FINANCIAL CONDITION AND RESULTS OF OPERATIONS,
unpaired_actual,TSLA,2020,,,,,,revenue_growth,Revenue growth,,consolidated,,,,FY2020,"The increase in stock-based compensation was partially offset by a decrease of $90 million in customer promotional costs, facilities-related expenses and sales and marketing activities.",$90 million,,,,,,,,,,,filing,10-K FY2020 — ITEM 7. MANAGEMENT’S DISCUSSION AND ANALYSIS OF FINANCIAL CONDITION AND RESULTS OF OPERATIONS,
unpaired_actual,TSLA,2020,,,,,,other_for_details_regarding_our_indebtedness,Other For Details Regarding Our Indebtedness,,segment:automotive,,,,FY2020,"For details regarding our indebtedness and financing funds , refer to Note 12, Debt , and Note 17, Variable Interest Entity Arrangements to the consolidated financial statements included elsewhere in this Annual Report on Form 10-K. Summary of Cash Flows Year Ended December 31, (Dollars in millions) 2020 2019 2018 Net cash provided by operating activities $ 5,943 $ 2,405 $ 2,098 Net cash used in investing activities $ (3,132 ) $ (1,436 ) $ (2,337 ) Net cash provided by financing activities $ 9,973 $ 1,529 $ 574 46 Cash Flows from Operating Activities Our cash flows from operating activities are significantly affected by our cash investments to support the growth of our business in areas such as research and development and selling, general and administrative and working capital, especially inventory, which includes vehicles in transit.","12,",,,,,,,,,,,filing,10-K FY2020 — ITEM 7. MANAGEMENT’S DISCUSSION AND ANALYSIS OF FINANCIAL CONDITION AND RESULTS OF OPERATIONS,
unpaired_actual,TSLA,2020,,,,,,production,Production,,consolidated,,,,FY2020,"The decrease in our net operating assets and liabilities was mainly driven by a larger increase in accounts payable and accrued liabilities in the year ended December 31, 2020 as compared to the prior year from ramp up in production at the Fremont Factory and Gigafactory Shanghai.","31,",,,,,,,,,,,filing,10-K FY2020 — ITEM 7. MANAGEMENT’S DISCUSSION AND ANALYSIS OF FINANCIAL CONDITION AND RESULTS OF OPERATIONS,
unpaired_actual,TSLA,2020,,,,,,regulatory_credit_revenue,Regulatory credit revenue,,product:model_3,,,,FY2020,"The decrease in our net operating assets and liabilities was partially offset by a smaller increase in deferred revenue primarily due to delivery of regulatory credits in 2020 under a previous arrangement where we had received payment in advance as of December 31, 2019, a larger increase in operating lease vehicles as Model 3 direct leasing was introduced in the second quarter of 2019 and Model Y direct leasing was introduced in the third quarter of 2020, and a larger increase in accounts receivables of government rebates already passed through to customers.",2020,,,,,,,,,,,filing,10-K FY2020 — ITEM 7. MANAGEMENT’S DISCUSSION AND ANALYSIS OF FINANCIAL CONDITION AND RESULTS OF OPERATIONS,
unpaired_actual,TSLA,2020,,,,,,production,Production,,product:model_3,,,,FY2020,"Cash Flows from Investing Activities Cash flows from investing activities and their variability across each period related primarily to capital expenditures, which were $3.16 billion for the year ended December 31, 2020, mainly for Model Y production expansion at the Fremont Factory, expansion of Gigafactory Shanghai and construction of Gigafactory Berlin and Gigafactory Texas , and $1.33 billion for the year ended December 31, 2019, mainly for Gigafactory Shanghai construction, Model 3 production ramp and Model Y preparations .",$3.16 billion,,,,,,,,,,,filing,10-K FY2020 — ITEM 7. MANAGEMENT’S DISCUSSION AND ANALYSIS OF FINANCIAL CONDITION AND RESULTS OF OPERATIONS,
unpaired_actual,TSLA,2020,,,,,,revenue,Revenue,,segment:automotive,,,,FY2020,"75 The allocation of the purchase price was based on management’s estimate of the Acquisition Date fair values of the assets acquired and liabilities assumed, as follows (in millions): Assets acquired: Cash and cash equivalents $ 32 Accounts receivable 24 Inventory 32 Property, plant and equipment, net 27 Operating lease right-of-use assets 10 Intangible assets 105 Prepaid expenses and other assets, current and non-current 3 Total assets acquired 233 Liabilities and equity assumed: Accounts payable ( 10 ) Accrued liabilities and other ( 28 ) Debt and finance leases, current and non-current ( 44 ) Deferred revenue, current ( 1 ) Other long-term liabilities ( 14 ) Additional paid-in capital ( 8 ) Total liabilities and equity assumed ( 105 ) Net assets acquired 128 Goodwill 79 Total purchase price $ 207 Goodwill represented the excess of the purchase price over the fair value of the net assets acquired and was primarily attributable to the expected synergies from integrating Maxwell’s technology into our automotive segment as well as the acquired talent.",75,,,,,,,,,,,filing,10-K FY2020 — ITEM 8. FINANCIAL STATEME,
unpaired_actual,TSLA,2020,,,,,,revenue,Revenue,,segment:automotive,,,,FY2020,"57 Tesla, Inc. Consolidated Statements of Cash Flows (in millions) Year Ended December 31, 2020 2019 2018 Cash Flows from Operating Activities Net income (loss) $ 862 $ ( 775 ) $ ( 1,063 ) Adjustments to reconcile net income (loss) to net cash provided by operating activities: Depreciation, amortization and impairment 2,322 2,154 1,901 Stock-based compensation 1,734 898 749 Amortization of debt discounts and issuance costs 180 188 159 Inventory and purchase commitments write-downs 202 193 85 Loss on disposals of fixed assets 117 146 162 Foreign currency transaction net loss (gain) 114 ( 48 ) ( 2 ) Non-cash interest and other operating activities 228 186 49 Operating cash flow related to repayment of discounted convertible senior notes — ( 188 ) — Changes in operating assets and liabilities, net of effect of business combinations: Accounts receivable ( 652 ) ( 367 ) ( 497 ) Inventory ( 422 ) ( 429 ) ( 1,023 ) Operating lease vehicles ( 1,072 ) ( 764 ) ( 215 ) Prepaid expenses and other current assets ( 251 ) ( 288 ) ( 82 ) Other non-current assets ( 344 ) 115 ( 207 ) Accounts payable and accrued liabilities 2,102 646 1,797 Deferred revenue 321 801 406 Customer deposits 7 ( 58 ) ( 96 ) Other long-term liabilities 495 ( 5 ) ( 25 ) Net cash provided by operating activities 5,943 2,405 2,098 Cash Flows from Investing Activities Purchases of property and equipment excluding finance leases, net of sales ( 3,157 ) ( 1,327 ) ( 2,101 ) Purchases of solar energy systems, net of sales ( 75 ) ( 105 ) ( 218 ) Receipt of government grants 123 46 — Purchase of intangible assets ( 10 ) ( 5 ) — Business combinations, net of cash acquired ( 13 ) ( 45 ) ( 18 ) Net cash used in investing activities ( 3,132 ) ( 1,436 ) ( 2,337 ) Cash Flows from Financing Activities Proceeds from issuances of common stock in public offerings, net of issuance costs 12,269 848 — Proceeds from issuances of convertible and other debt 9,713 10,669 6,176 Repayments of convertible and other debt ( 11,623 ) ( 9,161 ) ( 5,247 ) Repayments of borrowings issued to related parties — — ( 100 ) Collateralized lease repayments ( 240 ) ( 389 ) ( 559 ) Proceeds from exercises of stock options and other stock issuances 417 263 296 Principal payments on finance leases ( 338 ) ( 321 ) ( 181 ) Debt issuance costs ( 6 ) ( 37 ) ( 15 ) Purchase of convertible note hedges — ( 476 ) — Proceeds from issuance of warrants — 174 — Proceeds from investments by noncontrolling interests in subsidiaries 24 279 437 Distributions paid to noncontrolling interests in subsidiaries ( 208 ) ( 311 ) ( 227 ) Payments for buy-outs of noncontrolling interests in subsidiaries ( 35 ) ( 9 ) ( 6 ) Net cash provided by financing activities 9,973 1,529 574 Effect of exchange rate changes on cash and cash equivalents and restricted cash 334 8 ( 23 ) Net increase in cash and cash equivalents and restricted cash 13,118 2,506 312 Cash and cash equivalents and restricted cash, beginning of period 6,783 4,277 3,965 Cash and cash equivalents and restricted cash, end of period $ 19,901 $ 6,783 $ 4,277 Supplemental Non-Cash Investing and Financing Activities Equity issued in connection with business combination $ — $ 207 $ — Acquisitions of property and equipment included in liabilities $ 1,088 $ 562 $ 249 Estimated fair value of facilities under build-to-suit leases $ — $ — $ 94 Supplemental Disclosures Cash paid during the period for interest, net of amounts capitalized $ 444 $ 455 $ 381 Cash paid during the period for taxes, net of refunds $ 115 $ 54 $ 35 The accompanying notes are an integral part of these consolidated financial statements.",57,,,,,,,,,,,filing,10-K FY2020 — ITEM 8. FINANCIAL STATEME,
unpaired_actual,TSLA,2020,,,,,,product_milestone,Product / strategic milestone,,consolidated,,,,Q1 FY2021,"Historically, the expected market capitalization achievement times were generally later than the related expected operational milestone achievement times.",,,,,,,,,,,,filing,10-Q Q1 2021 — ITEM 1. FINANCIAL STATEMENTS — Note 11 – Equity Incentive Plans,
unpaired_actual,TSLA,2020,,,,,,revenue,Revenue,,consolidated,,,,Q1 FY2021,"Each of the 12 vesting tranches of the 2018 CEO Performance Award will vest upon certification by the Board of Directors that both (i) the market capitalization milestone for such tranche, which begins at $ 100.0 billion for the first tranche and increases by increments of $ 50.0 billion thereafter (based on both a six calendar month trailing average and a 30 calendar day trailing average, counting only trading days), has been achieved, and (ii) any one of the following eight operational milestones focused on total revenue or any one of the eight operational milestones focused on Adjusted EBITDA have been achieved for the four consecutive fiscal quarters on an annualized basis and subsequently reported by us in our financial statements filed with our Forms 10-Q and/or 10-K.",12,,,,,,,,,,,filing,10-Q Q1 2021 — ITEM 1. FINANCIAL STATEMENTS — Note 11 – Equity Incentive Plans,
unpaired_actual,TSLA,2020,,,,,,revenue,Revenue,,consolidated,,,,Q1 FY2021,"Although an operational milestone is deemed achieved in the last quarter of the relevant annualized period, it may be certified only after the financial statements supporting its achievement have been filed with our Forms 10-Q and/or 10-K. Total Annualized Revenue Annualized Adjusted EBITDA Milestone (in billions) Achievement Status Milestone (in billions) Achievement Status $ 20.0 Achieved $ 1.5 Achieved $ 35.0 Achieved (1) $ 3.0 Achieved $ 55.0 Probable $ 4.5 Achieved $ 75.0 - $ 6.0 Achieved (1) $ 100.0 - $ 8.0 Probable $ 125.0 - $ 10.0 - $ 150.0 - $ 12.0 - $ 175.0 - $ 14.0 - (1) Achieved in the first quarter of 2021 and expected to be certified following the filing of this Quarterly Report on Form 10-Q.",10,,,,,,,,,,,filing,10-Q Q1 2021 — ITEM 1. FINANCIAL STATEMENTS — Note 11 – Equity Incentive Plans,
unpaired_actual,TSLA,2020,,,,,,product_milestone,Product / strategic milestone,,consolidated,,,,Q1 FY2021,"On the grant date, a Monte Carlo simulation was used to determine for each tranche (i) a fixed amount of expense for such tranche and (ii) the future time when the market capitalization milestone for such tranche was expected to be achieved, or its “expected market capitalization milestone achievement time.” Separately, based on a subjective assessment of our future financial performance, each quarter we determine whether it is probable that we will achieve each operational milestone that has not previously been achieved or deemed probable of achievement and if so, the future time when we expect to achieve that operational milestone, or its “expected operational milestone achievement time.” When we first determine that an operational milestone has become probable of being achieved, we allocate the entire expense for the related tranche over the number of quarters between the grant date and the then-applicable “expected full achievement time.” The “expected full achievement time” at any given time is the later of (i) the expected operational milestone achievement time (if the related operational milestone has not yet been achieved) and (ii) the expected market capitalization milestone achievement time (if the related market capitalization milestone has not yet been achieved).",,,,,,,,,,,,filing,10-Q Q1 2021 — ITEM 1. FINANCIAL STATEMENTS — Note 11 – Equity Incentive Plans,
unpaired_actual,TSLA,2020,,,,,,revenue,Revenue,,consolidated,,,,Q1 FY2021,We believe the capital expenditure requirement and the tax revenue target will be attainable even if our actual vehicle production was far lower than the volumes we are forecasting.,,,,,,,,,,,,filing,10-Q Q1 2021 — ITEM 1. FINANCIAL STATEMENTS — Note 12 – Commitments and Contingencies,
unpaired_actual,TSLA,2020,,,,,,regulatory_credit_revenue,Regulatory credit revenue,,consolidated,,,,Q1 FY2021,"Additionally, there was a positive impact from an increase of $164 million in sales of regulatory credits.",$164 million,,,,,,,,,,,filing,10-Q Q1 2021 — ITEM 2. MANAGEMENT’S DISCUSSION AND ANALYSIS OF FINANCIAL CONDITION AND RESULTS OF OPERATIONS,
unpaired_actual,TSLA,2020,,,,,,gross_margin,Gross margin,,segment:automotive,,,,Q1 FY2021,"Gross margin for total automotive & services and other segment increased from 21% to 23% in the three months ended March 31, 2021 as compared to the three months ended March 31, 2020, primarily due to the automotive gross margin impacts discussed above and an improvement in our services and other gross margin.",21%,,,,,,,,,,,filing,10-Q Q1 2021 — ITEM 2. MANAGEMENT’S DISCUSSION AND ANALYSIS OF FINANCIAL CONDITION AND RESULTS OF OPERATIONS,
unpaired_actual,TSLA,2020,,,,,,revenue,Revenue,,product:powerwall,,,,Q1 FY2021,"34 Cost of energy generation and storage revenue increased by $313 million, or 111%, in the three months ended March 31, 2021 as compared to the three months ended March 31, 2020, primarily due to increases in deployments of solar cash and loan jobs, Solar Roof, Powerwall and Megapack and increased service maintenance costs on solar energy systems where we are the lessor, partially offset by reductions in average costs per unit of Solar Roof and solar cash and loan jobs from improved overhead utilization as deployments increased.",34,,,,,,,,,,,filing,10-Q Q1 2021 — ITEM 2. MANAGEMENT’S DISCUSSION AND ANALYSIS OF FINANCIAL CONDITION AND RESULTS OF OPERATIONS,
unpaired_actual,TSLA,2020,,,,,,headcount,Headcount,,consolidated,,,,Q1 FY2021,"The increase was primarily due to an $147 million increase in employee and labor related expenses due to an increase in headcount and increased payroll taxes related to appreciation of our stock price, a $122 million increase in R&D expensed materials and outside services and a $60 million increase in stock-based compensation expense.",$147 million,,,,,,,,,,,filing,10-Q Q1 2021 — ITEM 2. MANAGEMENT’S DISCUSSION AND ANALYSIS OF FINANCIAL CONDITION AND RESULTS OF OPERATIONS,
unpaired_actual,TSLA,2020,,,,,,revenue,Revenue,,consolidated,,,,Q1 FY2021,"R&D expenses as a percentage of revenue increased from 5% to 6% in the three months ended March 31, 2021 as compared to the three months ended March 31, 2020.",5%,,,,,,,,,,,filing,10-Q Q1 2021 — ITEM 2. MANAGEMENT’S DISCUSSION AND ANALYSIS OF FINANCIAL CONDITION AND RESULTS OF OPERATIONS,
unpaired_actual,TSLA,2020,,,,,,revenue_growth,Revenue growth,,consolidated,,,,Q1 FY2021,"The increase in expense under the 2018 CEO Performance Award was due to the catch-up expense of $116 million recognized in the three months ended March 31, 2021 when the operational milestone of annualized revenue of $55.0 billion became probable of being achieved as well as the acceleration of the expense related to the fifth and sixth tranches as their market capitalization milestones were achieved earlier than originally forecasted due to rapid appreciation of our stock price since 2020 (see Note 11, Equity Incentive Plans , to the consolidated financial statements included elsewhere in this Quarterly Report on Form 10-Q).",2018,,,,,,,,,,,filing,10-Q Q1 2021 — ITEM 2. MANAGEMENT’S DISCUSSION AND ANALYSIS OF FINANCIAL CONDITION AND RESULTS OF OPERATIONS,
unpaired_actual,TSLA,2020,,,,,,headcount,Headcount,,consolidated,,,,Q1 FY2021,"Additionally, there was an increase of $125 million in employee and labor related expenses from increased headcount and increased payroll taxes related to appreciation of our stock price.",$125 million,,,,,,,,,,,filing,10-Q Q1 2021 — ITEM 2. MANAGEMENT’S DISCUSSION AND ANALYSIS OF FINANCIAL CONDITION AND RESULTS OF OPERATIONS,
unpaired_actual,TSLA,2020,,,,,,production,Production,,consolidated,,,,Q1 FY2021,"The decrease in our net operating assets and liabilities was mainly driven by an increase in accounts payable and accrued liabilities in the three months ended March 31, 2021 as compared to a decrease in the three months ended March 31, 2020 from ramp up in production at Gigafactory Shanghai and the Fremont Factory and a smaller increase in inventory from buildup of finished goods from limited capacity to deliver or install our products at the end of the first quarter of 2020.","31,",,,,,,,,,,,filing,10-Q Q1 2021 — ITEM 2. MANAGEMENT’S DISCUSSION AND ANALYSIS OF FINANCIAL CONDITION AND RESULTS OF OPERATIONS,
unpaired_actual,TSLA,2020,,,,,,revenue_growth,Revenue growth,,consolidated,,,,Q1 FY2021,"There was also an increase of $164 million from additional sales of regulatory credits to $518 million in the three months ended March 31, 2021.",$164 million,,,,,,,,,,,filing,10-Q Q1 2021 — ITEM 2. MANAGEMENT’S DISCUSSION AND ANALYSIS OF FINANCIAL CONDITION AND RESULTS OF OPERATIONS,
unpaired_actual,TSLA,2020,,,,,,revenue,Revenue,,segment:automotive,,,,Q1 FY2021,"The increases in automotive sales revenue were partially offset by a decrease from 8,380 fewer Model S and Model X cash deliveries at a slightly lower combined average selling price in the three months ended March 31, 2021 compared to the prior period as we phase out the inventory of older models to get ready for the introduction of the updated versions.","8,380",,,,,,,,,,,filing,10-Q Q1 2021 — ITEM 2. MANAGEMENT’S DISCUSSION AND ANALYSIS OF FINANCIAL CONDITION AND RESULTS OF OPERATIONS,
unpaired_actual,TSLA,2020,,,,,,operating_expenses,Operating expenses,,consolidated,,,,Q1 FY2021,"On operating expenses, these increased for Q1, which was driven by our investments in technology and growth.","1,",,,,,,,,,,,transcript,TSLA_Q1_2021,
unpaired_actual,TSLA,2020,,,,,,production_deliveries,Production Deliveries,,consolidated,,,,Q1 FY2021,"Tesla achieved record production, deliveries and surpassed $1 billion in non-GAAP net income for the first time.",$1 billion,,,,,,,,,,,transcript,TSLA_Q1_2021,
unpaired_actual,TSLA,2020,,,,,,stores,Stores / locations,,consolidated,,,,Q1 FY2021,"Elon and I were looking for a place to store cash that wasn’t being immediately used, trying to get some level of return on this but also preserve liquidity.",,,,,,,,,,,,transcript,TSLA_Q1_2021,
unpaired_actual,TSLA,2020,,,,,,production,Production,,consolidated,,,,Q1 FY2021,The truly profound thing on the car side is that Tesla was the first American car company to achieve volume production of a car in 100 years and not go bankrupt.,100,,,,,,,,,,,transcript,TSLA_Q1_2021,
unpaired_actual,TSLA,2020,,,,,,production,Production,,consolidated,,,,Q1 FY2021,"And second, actually on your production ramp.",,,,,,,,,,,,transcript,TSLA_Q1_2021,
unpaired_actual,TSLA,2020,,,,,,product_milestone,Product / strategic milestone,,consolidated,,,,Q1 FY2021,"Now at the same time, we are actually trying to have our cell supply partners ramp up their supply as much as possible.",,,,,,,,,,,,transcript,TSLA_Q1_2021,
unpaired_actual,TSLA,2020,,,,,,other_and_so_we_expect_that,Other And So We Expect That,,consolidated,,,,Q1 FY2021,"And so we expect that to decrease over time, but it was high in Q1 for a lot of the reasons that Elon had mentioned.",1,,,,,,,,,,,transcript,TSLA_Q1_2021,
unpaired_actual,TSLA,2020,,,,,,other_model_3_and_model_y,Other Model 3 And Model Y,,product:model_3,,,,Q1 FY2021,Model 3 and Model Y were steps of improvement in that.,3,,,,,,,,,,,transcript,TSLA_Q1_2021,
unpaired_actual,TSLA,2020,,,,,,other_so_which_meant_that_tesla,Other So Which Meant That Tesla,,consolidated,,,,Q1 FY2021,"So - which meant that Tesla worldwide was dependent on drive units made at our factory in Nevada, Giga Nevada.",,,,,,,,,,,,transcript,TSLA_Q1_2021,
unpaired_actual,TSLA,2020,,,,,,other_so_with_respect_to_model,Other So With Respect To Model,,consolidated,,,,Q1 FY2021,"So with respect to Model S and X, there were more challenges than expected in developing the Plaid Model S or what we call the Paladium program, which is the new version of Model S and X, which has a revised interior and new battery pack and new drive units and new internal electronics and has, for example, a PlayStation 5 level infotainment system.",5,,,,,,,,,,,transcript,TSLA_Q1_2021,
unpaired_actual,TSLA,2020,,,,,,gross_margin,Gross margin,,product:model_y,,,,Q1 FY2021,"First, we successfully launched and began the ramp of Model Y in Shanghai, achieving positive gross margin in the first quarter of production and receiving a great reception from the market.",,,,,,,,,,,,transcript,TSLA_Q1_2021,
unpaired_actual,TSLA,2020,,,,,,deliveries,Deliveries,,consolidated,,,,Q1 FY2021,The reduction in Model S and X deliveries from Q4 to Q1 were a meaningful headwind to free cash flows and profit generation.,4,,,,,,,,,,,transcript,TSLA_Q1_2021,
unpaired_actual,TSLA,2020,,,,,,production,Production,,consolidated,,,,Q1 FY2021,"While the Tesla team in partnership with our suppliers did tremendous work keeping our factories running, we did experience high expedite costs in the quarter and they were also higher than they were in Q4, with some minor interruptions to production over the course of the quarter.","4,",,,,,,,,,,,transcript,TSLA_Q1_2021,
unpaired_actual,TSLA,2020,,,,,,product_milestone,Product / strategic milestone,,consolidated,,,,Q1 FY2021,This was driven by Solar Roof-related ramp costs and winter seasonality in the lease BPA business.,,,,,,,,,,,,transcript,TSLA_Q1_2021,
unpaired_actual,TSLA,2020,,,,,,revenue,Revenue,,segment:automotive,,,,Q2 FY2021,"8 Tesla, Inc. C onsolidated Statements of Cash Flows (in millions) (unaudited) Six Months Ended June 30, 2021 2020 Cash Flows from Operating Activities Net income $ 1,642 $ 197 Adjustments to reconcile net income to net cash provided by operating activities: Depreciation, amortization and impairment 1,302 1,120 Stock-based compensation 1,088 558 Inventory and purchase commitments write-downs 88 88 Foreign currency transaction net (gain) loss ( 1 ) 38 Non-cash interest and other operating activities 60 216 Digital assets gain, net ( 78 ) — Changes in operating assets and liabilities: Accounts receivable ( 283 ) ( 236 ) Inventory ( 687 ) ( 535 ) Operating lease vehicles ( 916 ) ( 330 ) Prepaid expenses and other current assets ( 131 ) ( 301 ) Other non-current assets ( 289 ) ( 16 ) Accounts payable and accrued liabilities 1,592 ( 372 ) Deferred revenue 279 ( 20 ) Customer deposits 52 5 Other long-term liabilities 47 112 Net cash provided by operating activities 3,765 524 Cash Flows from Investing Activities Purchases of property and equipment excluding finance leases, net of sales ( 2,853 ) ( 1,001 ) Purchases of solar energy systems, net of sales ( 22 ) ( 46 ) Purchases of digital assets ( 1,500 ) — Proceeds from sales of digital assets 272 — Receipt of government grants 6 1 Net cash used in investing activities ( 4,097 ) ( 1,046 ) Cash Flows from Financing Activities Proceeds from issuances of common stock in public offerings, net of issuance costs — 2,309 Proceeds from issuances of convertible and other debt 4,862 4,946 Repayments of convertible and other debt ( 7,408 ) ( 4,226 ) Collateralized lease repayments ( 8 ) ( 168 ) Proceeds from exercises of stock options and other stock issuances 253 217 Principal payments on finance leases ( 196 ) ( 154 ) Debt issuance costs ( 5 ) — Proceeds from investments by noncontrolling interests in subsidiaries 2 19 Distributions paid to noncontrolling interests in subsidiaries ( 65 ) ( 110 ) Payments for buy-outs of noncontrolling interests in subsidiaries — ( 2 ) Net cash (used in) provided by financing activities ( 2,565 ) 2,831 Effect of exchange rate changes on cash and cash equivalents and restricted cash ( 179 ) 14 Net (decrease) increase in cash and cash equivalents and restricted cash ( 3,076 ) 2,323 Cash and cash equivalents and restricted cash, beginning of period 19,901 6,783 Cash and cash equivalents and restricted cash, end of period $ 16,825 $ 9,106 Supplemental Non-Cash Investing and Financing Activities Acquisitions of property and equipment included in liabilities $ 1,768 $ 668 Leased assets obtained in exchange for finance lease liabilities $ 177 $ 54 Leased assets obtained in exchange for operating lease liabilities $ 341 $ 187 The accompanying notes are an integral part of these consolidated financial statements.",8,,,,,,,,,,,filing,10-Q Q2 2021 — ITEM 1. FINANCIAL STATEMENTS — Consolidated Financial Statements,
unpaired_actual,TSLA,2020,,,,,,revenue,Revenue,,consolidated,,,,Q2 FY2021,"Each of the 12 vesting tranches of the 2018 CEO Performance Award will vest upon certification by the Board of Directors that both (i) the market capitalization milestone for such tranche, which begins at $ 100.0 billion for the first tranche and increases by increments of $ 50.0 billion thereafter (based on both a six calendar month trailing average and a 30 calendar day trailing average, counting only trading days), has been achieved, and (ii) any one of the following eight operational milestones focused on total revenue or any one of the eight operational milestones focused on Adjusted EBITDA have been achieved for the four consecutive fiscal quarters on an annualized basis and subsequently reported by us in our consolidated financial statements filed with our Forms 10-Q and/or 10-K.",12,,,,,,,,,,,filing,10-Q Q2 2021 — ITEM 1. FINANCIAL STATEMENTS — Note 11 – Equity Incentive Plans,
unpaired_actual,TSLA,2020,,,,,,production_deliveries,Production Deliveries,,product:model_3,,,,Q2 FY2021,"Automotive sales revenue increased $8.78 billion, or 90%, in the six months ended June 30, 2021 as compared to the six months ended June 30, 2020, primarily due to an increase of 203,736 Model 3 and Model Y cash deliveries year over year from production ramping at both Gigafactory Shanghai and the Fremont Factory.",$8.78 billion,,,,,,,,,,,filing,10-Q Q2 2021 — ITEM 2. MANAGEMENT’S DISCUSSION AND ANALYSIS OF FINANCIAL CONDITION AND RESULTS OF OPERATIONS,
unpaired_actual,TSLA,2020,,,,,,revenue_growth,Revenue growth,,consolidated,,,,Q2 FY2021,"There was also an increase of $90 million from additional sales of regulatory credits to $872 million in the six months ended June 30, 2021.",$90 million,,,,,,,,,,,filing,10-Q Q2 2021 — ITEM 2. MANAGEMENT’S DISCUSSION AND ANALYSIS OF FINANCIAL CONDITION AND RESULTS OF OPERATIONS,
unpaired_actual,TSLA,2020,,,,,,revenue,Revenue,,product:model_y,,,,Q2 FY2021,"The increases in automotive sales revenue were partially offset by a decrease from 15,912 fewer Model S and Model X cash deliveries in the six months ended June 30, 2021 compared to the prior period as we started delivering the new Model S as well as reductions in the average selling price of Model Y due to the regional sales mix compared to the prior period.","15,912",,,,,,,,,,,filing,10-Q Q2 2021 — ITEM 2. MANAGEMENT’S DISCUSSION AND ANALYSIS OF FINANCIAL CONDITION AND RESULTS OF OPERATIONS,
unpaired_actual,TSLA,2020,,,,,,revenue,Revenue,,segment:automotive,,,,Q2 FY2021,"35 Automotive leasing revenue increased $64 million, or 24%, in the three months ended June 30, 2021 as compared to the three months ended June 30, 2020.",35,,,,,,,,,,,filing,10-Q Q2 2021 — ITEM 2. MANAGEMENT’S DISCUSSION AND ANALYSIS OF FINANCIAL CONDITION AND RESULTS OF OPERATIONS,
unpaired_actual,TSLA,2020,,,,,,revenue,Revenue,,segment:automotive,,,,Q2 FY2021,"Automotive leasing revenue increased $122 million, or 24%, in the six months ended June 30, 2021 as compared to the six months ended June 30, 2020.",$122 million,,,,,,,,,,,filing,10-Q Q2 2021 — ITEM 2. MANAGEMENT’S DISCUSSION AND ANALYSIS OF FINANCIAL CONDITION AND RESULTS OF OPERATIONS,
unpaired_actual,TSLA,2020,,,,,,revenue_growth,Revenue growth,,segment:automotive,,,,Q2 FY2021,These increases were primarily due to an increase in cumulative vehicles under our direct operating lease program and the introduction of direct sales-type leasing programs which we began offering in volume during the third quarter of 2020 where we recognize all revenue associated with the sales-type lease upon delivery to the customer.,2020,,,,,,,,,,,filing,10-Q Q2 2021 — ITEM 2. MANAGEMENT’S DISCUSSION AND ANALYSIS OF FINANCIAL CONDITION AND RESULTS OF OPERATIONS,
unpaired_actual,TSLA,2020,,,,,,revenue,Revenue,,consolidated,,,,Q2 FY2021,"Services and other revenue increased $464 million, or 95%, in the three months ended June 30, 2021 as compared to the three months ended June 30, 2020.",$464 million,,,,,,,,,,,filing,10-Q Q2 2021 — ITEM 2. MANAGEMENT’S DISCUSSION AND ANALYSIS OF FINANCIAL CONDITION AND RESULTS OF OPERATIONS,
unpaired_actual,TSLA,2020,,,,,,revenue,Revenue,,consolidated,,,,Q2 FY2021,"Services and other revenue increased $797 million, or 76%, in the six months ended June 30, 2021 as compared to the six months ended June 30, 2020.",$797 million,,,,,,,,,,,filing,10-Q Q2 2021 — ITEM 2. MANAGEMENT’S DISCUSSION AND ANALYSIS OF FINANCIAL CONDITION AND RESULTS OF OPERATIONS,
unpaired_actual,TSLA,2020,,,,,,revenue,Revenue,,consolidated,,,,Q2 FY2021,"Energy generation and storage revenue increased by $431 million, or 116%, in the three months ended June 30, 2021 as compared to the three months ended June 30, 2020.",$431 million,,,,,,,,,,,filing,10-Q Q2 2021 — ITEM 2. MANAGEMENT’S DISCUSSION AND ANALYSIS OF FINANCIAL CONDITION AND RESULTS OF OPERATIONS,
unpaired_actual,TSLA,2020,,,,,,revenue,Revenue,,consolidated,,,,Q2 FY2021,"Energy generation and storage revenue increased by $632 million, or 95%, in the six months ended June 30, 2021 as compared to the six months ended June 30, 2020.",$632 million,,,,,,,,,,,filing,10-Q Q2 2021 — ITEM 2. MANAGEMENT’S DISCUSSION AND ANALYSIS OF FINANCIAL CONDITION AND RESULTS OF OPERATIONS,
unpaired_actual,TSLA,2020,,,,,,revenue,Revenue,,product:model_3,,,,Q2 FY2021,"36 Cost of automotive sales revenue increased $3.41 billion, or 92%, in the three months ended June 30, 2021 as compared to the three months ended June 30, 2020, primarily due to an increase of 107,272 Model 3 and Model Y cash deliveries and higher outbound freight and duties in China as Model 3 vehicles manufactured in Gigafactory Shanghai were exported to other regions offset by a decrease in combined average Model 3 and Model Y costs per unit due to lower material, manufacturing, inbound freight and duty costs from localized procurement and manufacturing in China.",36,,,,,,,,,,,filing,10-Q Q2 2021 — ITEM 2. MANAGEMENT’S DISCUSSION AND ANALYSIS OF FINANCIAL CONDITION AND RESULTS OF OPERATIONS,
unpaired_actual,TSLA,2020,,,,,,production_volume,Production volume,,product:model_y,,,,Q2 FY2021,"There was also reductions in Model Y average costs per unit as compared to the prior period due to temporary under-utilization of manufacturing capacity at lower production volumes during our production ramp in the first half of 2020, in addition to idle capacity charges of $189 million due to the temporary suspension of production at the Fremont Factory and Gigafactory Nevada during the three months ended June 30, 2020.","2020,",,,,,,,,,,,filing,10-Q Q2 2021 — ITEM 2. MANAGEMENT’S DISCUSSION AND ANALYSIS OF FINANCIAL CONDITION AND RESULTS OF OPERATIONS,
unpaired_actual,TSLA,2020,,,,,,revenue,Revenue,,product:model_3,,,,Q2 FY2021,"Additionally, there was a decrease of 7,532 Model S and Model X cash deliveries in the three months ended June 30, 2021 compared to the prior period as we started delivering the new Model S. Cost of automotive sales revenue increased $6.16 billion, or 83%, in the six months ended June 30, 2021 as compared to the six months ended June 30, 2020, primarily due to an increase of 203,736 Model 3 and Model Y cash deliveries and higher outbound freight and duties in China as Model 3 vehicles manufactured in Gigafactory Shanghai were exported to other regions offset by a decrease in combined average Model 3 and Model Y costs per unit due to lower material, manufacturing, inbound freight and duty costs from localized procurement and manufacturing in China.","7,532",,,,,,,,,,,filing,10-Q Q2 2021 — ITEM 2. MANAGEMENT’S DISCUSSION AND ANALYSIS OF FINANCIAL CONDITION AND RESULTS OF OPERATIONS,
unpaired_actual,TSLA,2020,,,,,,production_volume,Production volume,,product:model_y,,,,Q2 FY2021,"There were also reductions in Model Y average costs per unit as compared to the prior period due to temporary under-utilization of manufacturing capacity at lower production volumes during our production ramp in the first half of 2020, in addition to idle capacity charges of $213 million due to the temporary suspension of production at the Fremont Factory and Gigafactory Nevada during the six months ended June 30, 2020.","2020,",,,,,,,,,,,filing,10-Q Q2 2021 — ITEM 2. MANAGEMENT’S DISCUSSION AND ANALYSIS OF FINANCIAL CONDITION AND RESULTS OF OPERATIONS,
unpaired_actual,TSLA,2020,,,,,,revenue,Revenue,,segment:automotive,,,,Q2 FY2021,"Additionally, there was a decrease of 15,912 Model S and Model X cash deliveries in the six months ended June 30, 2021 compared to the prior period as we started delivering the new Model S. Cost of automotive leasing revenue increased $40 million, or 27%, in the three months ended June 30, 2021 as compared to the three months ended June 30, 2020.","15,912",,,,,,,,,,,filing,10-Q Q2 2021 — ITEM 2. MANAGEMENT’S DISCUSSION AND ANALYSIS OF FINANCIAL CONDITION AND RESULTS OF OPERATIONS,
unpaired_actual,TSLA,2020,,,,,,revenue,Revenue,,segment:automotive,,,,Q2 FY2021,"Cost of automotive leasing revenue increased $78 million, or 29%, in the six months ended June 30, 2021 as compared to the six months ended June 30, 2020.",$78 million,,,,,,,,,,,filing,10-Q Q2 2021 — ITEM 2. MANAGEMENT’S DISCUSSION AND ANALYSIS OF FINANCIAL CONDITION AND RESULTS OF OPERATIONS,
unpaired_actual,TSLA,2020,,,,,,revenue_growth,Revenue growth,,segment:automotive,,,,Q2 FY2021,These increases were primarily due to an increase in cumulative vehicles under our direct operating lease program and the introduction of direct sales-type leasing programs which we began offering in volume during the third quarter of 2020 where we recognize all cost of revenue associated with the sales-type lease upon delivery to the customer.,2020,,,,,,,,,,,filing,10-Q Q2 2021 — ITEM 2. MANAGEMENT’S DISCUSSION AND ANALYSIS OF FINANCIAL CONDITION AND RESULTS OF OPERATIONS,
unpaired_actual,TSLA,2020,,,,,,revenue,Revenue,,consolidated,,,,Q2 FY2021,"Cost of services and other revenue increased $428 million, or 77%, in the three months ended June 30, 2021 as compared to the three months ended June 30, 2020.",$428 million,,,,,,,,,,,filing,10-Q Q2 2021 — ITEM 2. MANAGEMENT’S DISCUSSION AND ANALYSIS OF FINANCIAL CONDITION AND RESULTS OF OPERATIONS,
unpaired_actual,TSLA,2020,,,,,,revenue,Revenue,,consolidated,,,,Q2 FY2021,"Cost of services and other revenue increased $742 million, or 62%, in the six months ended June 30, 2021 as compared to the six months ended June 30, 2020.",$742 million,,,,,,,,,,,filing,10-Q Q2 2021 — ITEM 2. MANAGEMENT’S DISCUSSION AND ANALYSIS OF FINANCIAL CONDITION AND RESULTS OF OPERATIONS,
unpaired_actual,TSLA,2020,,,,,,gross_margin,Gross margin,,segment:automotive,,,,Q2 FY2021,"Gross margin for total automotive increased from 25% to 28% in the three and six months ended June 30, 2021 as compared to the three and six months ended June 30, 2020.",25%,,,,,,,,,,,filing,10-Q Q2 2021 — ITEM 2. MANAGEMENT’S DISCUSSION AND ANALYSIS OF FINANCIAL CONDITION AND RESULTS OF OPERATIONS,
unpaired_actual,TSLA,2020,,,,,,revenue,Revenue,,product:model_y,,,,Q2 FY2021,"There were also reductions in Model Y average costs per unit as compared to the prior period due to temporary under-utilization of manufacturing capacity at lower production volumes during our production ramp in the first half of 2020, in addition to idle capacity charges of $189 million and $213 million in cost of automotive sales revenue due to the temporary suspension of production at the Fremont Factory and Gigafactory Nevada during the three and six months ended June 30, 2020, respectively .","2020,",,,,,,,,,,,filing,10-Q Q2 2021 — ITEM 2. MANAGEMENT’S DISCUSSION AND ANALYSIS OF FINANCIAL CONDITION AND RESULTS OF OPERATIONS,
unpaired_actual,TSLA,2020,,,,,,gross_margin,Gross margin,,segment:automotive,,,,Q2 FY2021,"Gross margin for total automotive & services and other segment increased from 22% to 26% in the three months ended June 30, 2021 as compared to the three months ended June 30, 2020.",22%,,,,,,,,,,,filing,10-Q Q2 2021 — ITEM 2. MANAGEMENT’S DISCUSSION AND ANALYSIS OF FINANCIAL CONDITION AND RESULTS OF OPERATIONS,
unpaired_actual,TSLA,2020,,,,,,gross_margin,Gross margin,,segment:automotive,,,,Q2 FY2021,"Gross margin for total automotive & services and other segment increased from 22% to 25% in the six months ended June 30, 2021 as compared to the six months ended June 30, 2020.",22%,,,,,,,,,,,filing,10-Q Q2 2021 — ITEM 2. MANAGEMENT’S DISCUSSION AND ANALYSIS OF FINANCIAL CONDITION AND RESULTS OF OPERATIONS,
unpaired_actual,TSLA,2020,,,,,,revenue,Revenue,,consolidated,,,,Q2 FY2021,"37 Cost of energy generation and storage revenue increased by $432 million, or 124%, in the three months ended June 30, 2021 as compared to the three months ended June 30, 2020.",37,,,,,,,,,,,filing,10-Q Q2 2021 — ITEM 2. MANAGEMENT’S DISCUSSION AND ANALYSIS OF FINANCIAL CONDITION AND RESULTS OF OPERATIONS,
unpaired_actual,TSLA,2020,,,,,,revenue,Revenue,,consolidated,,,,Q2 FY2021,"Cost of energy generation and storage revenue increased by $745 million, or 118%, in the six months ended June 30, 2021 as compared to the six months ended June 30, 2020.",$745 million,,,,,,,,,,,filing,10-Q Q2 2021 — ITEM 2. MANAGEMENT’S DISCUSSION AND ANALYSIS OF FINANCIAL CONDITION AND RESULTS OF OPERATIONS,
unpaired_actual,TSLA,2020,,,,,,revenue,Revenue,,consolidated,,,,Q2 FY2021,"Additionally, opex as a percentage of revenue has declined, and in particular SG&A, representing the work we've done to become more efficient as we scale the company, while still making the required R&D investments to support our future.",,,,,,,,,,,,transcript,TSLA_Q2_2021,
unpaired_actual,TSLA,2020,,,,,,other_but_anything_produced_at_a,Other But Anything Produced At A,,consolidated,,,,Q2 FY2021,"But anything produced at a high volume, which is really what's relevant here is, it's going to move as fast as the slowest of the say rough order magnitude 10,000 unique parts and processes.","10,000",,,,,,,,,,,transcript,TSLA_Q2_2021,
unpaired_actual,TSLA,2020,,,,,,other_andrew_baglino_senior_vice_president,Other Andrew Baglino Senior Vice President,,segment:energy,,,,Q2 FY2021,"Andrew Baglino -- Senior Vice President, Powertrain and Energy Engineering Yeah, given concerns over cell's bottlenecking growth, our target is to grow the cell supply ahead of the 50% year-on-year growth targets of the vehicle business, and also enable increased energy storage deployments.",50%,,,,,,,,,,,transcript,TSLA_Q2_2021,
unpaired_actual,TSLA,2020,,,,,,capacity,Capacity,,consolidated,,,,Q2 FY2021,"Andrew Baglino -- Senior Vice President, Powertrain and Energy Engineering I think it's also important to comment that increasing the utilization of the network actually reduces our costs, which allows us to lower charging prices for our customers and make the network more profitable, allows us to grow the network faster.",,,,,,,,,,,,transcript,TSLA_Q2_2021,
unpaired_actual,TSLA,2020,,,,,,production,Production,,consolidated,,,,Q2 FY2021,"So it was an incredibly intense effort of planning new chips, writing new firmware, integrating it to the vehicle and testing it in order to maintain production.",,,,,,,,,,,,transcript,TSLA_Q2_2021,
unpaired_actual,TSLA,2020,,,,,,product_milestone,Product / strategic milestone,,consolidated,,,,Q2 FY2021,Those who have not actually been involved in manufacturing ramp-up just have no idea how painful and difficult it is.,,,,,,,,,,,,transcript,TSLA_Q2_2021,
unpaired_actual,TSLA,2020,,,,,,product_milestone,Product / strategic milestone,,consolidated,,,,Q2 FY2021,"Lars Moravy -- Vice President, Vehicle Engineering Yeah, I mean, I think if you look at the expansion we've done in Shanghai, that factory was built in less than a year and ramped in five to six months to full volume.",,,,,,,,,,,,transcript,TSLA_Q2_2021,
unpaired_actual,TSLA,2020,,,,,,production,Production,,consolidated,,,,Q2 FY2021,It took longer than that to actually reach volume production -- a high volume production.,,,,,,,,,,,,transcript,TSLA_Q2_2021,
unpaired_actual,TSLA,2020,,,,,,product_milestone,Product / strategic milestone,,consolidated,,,,Q2 FY2021,"Let's see, in terms of FSD subscription, we were able to launch Full Self-Driving subscription last month, and we expect it to build slowly and then -- but then gather a lot of momentum over time.",,,,,,,,,,,,transcript,TSLA_Q2_2021,
unpaired_actual,TSLA,2020,,,,,,other_with_regard_to_giga_texas,Other With Regard To Giga Texas,,consolidated,,,,Q2 FY2021,"With regard to Giga Texas and Giga Berlin, we're actually doing this earnings call from Giga Texas.",,,,,,,,,,,,transcript,TSLA_Q2_2021,
unpaired_actual,TSLA,2020,,,,,,other_and_i_was_wondering_if,Other And I Was Wondering If,,product:4680,,,,Q2 FY2021,"And I was wondering if the first 4680 cells that we see on the road will definitely come from Tesla's own manufacturing lines, or whether it could be coming actually from outside suppliers as well.",4680,,,,,,,,,,,transcript,TSLA_Q2_2021,
unpaired_actual,TSLA,2020,,,,,,production,Production,,consolidated,,,,Q2 FY2021,It is trivial by comparison with actual production.,,,,,,,,,,,,transcript,TSLA_Q2_2021,
unpaired_actual,TSLA,2020,,,,,,production_deliveries,Production Deliveries,,consolidated,,,,Q2 FY2021,"This was primarily driven by better cost optimization across our factories, good execution against our cost reduction plan, as well as increases in production and delivery volumes.",,,,,,,,,,,,transcript,TSLA_Q2_2021,
unpaired_actual,TSLA,2020,,,,,,other_this_volume_increase_was_made,Other This Volume Increase Was Made,,segment:automotive,,,,Q2 FY2021,"This volume increase was made possible by a steady decrease in ASPs of more than 10%, driven by a road map to increase affordability and shifting mix toward our more affordable vehicles.",more than 10%,,,,,,,,,,,transcript,TSLA_Q2_2021,
unpaired_actual,TSLA,2020,,,,,,gross_margin,Gross margin,,product:model_3,,,,Q2 FY2021,"Yet over that same period of time, our auto gross margin, excluding credit, has increased nearly 10 percentage points to our highest yet since the introduction of Model 3.",10 percent,,,,,,,,,,,transcript,TSLA_Q2_2021,
unpaired_actual,TSLA,2020,,,,,,revenue,Revenue,,segment:automotive,,,,Q3 FY2021,"8 Tesla, Inc. C onsolidated Statements of Cash Flows (in millions) (unaudited) Nine Months Ended September 30, 2021 2020 Cash Flows from Operating Activities Net income $ 3,301 $ 566 Adjustments to reconcile net income to net cash provided by operating activities: Depreciation, amortization and impairment 2,063 1,704 Stock-based compensation 1,563 1,101 Inventory and purchase commitments write-downs 128 140 Foreign currency transaction net loss 8 144 Non-cash interest and other operating activities 213 327 Digital assets gain, net ( 27 ) — Changes in operating assets and liabilities: Accounts receivable ( 148 ) ( 550 ) Inventory ( 1,175 ) ( 602 ) Operating lease vehicles ( 1,526 ) ( 640 ) Prepaid expenses and other current assets ( 287 ) ( 290 ) Other non-current assets ( 744 ) ( 105 ) Accounts payable and accrued liabilities 2,764 765 Deferred revenue 452 118 Customer deposits 80 ( 15 ) Other long-term liabilities 247 261 Net cash provided by operating activities 6,912 2,924 Cash Flows from Investing Activities Purchases of property and equipment excluding finance leases, net of sales ( 4,672 ) ( 2,006 ) Purchases of solar energy systems, net of sales ( 28 ) ( 62 ) Purchases of digital assets ( 1,500 ) — Proceeds from sales of digital assets 272 — Purchases of marketable securities ( 30 ) — Receipt of government grants 6 1 Purchase of intangible assets — ( 5 ) Business combinations, net of cash acquired — ( 13 ) Net cash used in investing activities ( 5,952 ) ( 2,085 ) Cash Flows from Financing Activities Proceeds from issuances of common stock in public offerings, net of issuance costs — 7,282 Proceeds from issuances of convertible and other debt 7,633 7,826 Repayments of convertible and other debt ( 11,589 ) ( 7,537 ) Collateralized lease repayments ( 9 ) ( 224 ) Proceeds from exercises of stock options and other stock issuances 445 361 Principal payments on finance leases ( 311 ) ( 248 ) Debt issuance costs ( 9 ) ( 6 ) Proceeds from investments by noncontrolling interests in subsidiaries 2 23 Distributions paid to noncontrolling interests in subsidiaries ( 108 ) ( 163 ) Payments for buy-outs of noncontrolling interests in subsidiaries — ( 33 ) Net cash (used in) provided by financing activities ( 3,946 ) 7,281 Effect of exchange rate changes on cash and cash equivalents and restricted cash ( 221 ) 100 Net (decrease) increase in cash and cash equivalents and restricted cash ( 3,207 ) 8,220 Cash and cash equivalents and restricted cash, beginning of period 19,901 6,783 Cash and cash equivalents and restricted cash, end of period $ 16,694 $ 15,003 Supplemental Non-Cash Investing and Financing Activities Acquisitions of property and equipment included in liabilities $ 2,040 $ 913 Leased assets obtained in exchange for finance lease liabilities $ 355 $ 116 Leased assets obtained in exchange for operating lease liabilities $ 670 $ 333 The accompanying notes are an integral part of these consolidated financial statements.",8,,,,,,,,,,,filing,10-Q Q3 2021 — ITEM 1. FINANCIAL STATEMENTS — Consolidated Financial Statements,
unpaired_actual,TSLA,2020,,,,,,revenue,Revenue,,consolidated,,,,Q3 FY2021,"Each of the 12 vesting tranches of the 2018 CEO Performance Award will vest upon certification by the Board of Directors that both (i) the market capitalization milestone for such tranche, which begins at $ 100.0 billion for the first tranche and increases by increments of $ 50.0 billion thereafter (based on both a six calendar month trailing average and a 30 calendar day trailing average, counting only trading days), has been achieved, and (ii) any one of the following eight operational milestones focused on total revenue or any one of the eight operational milestones focused on Adjusted EBITDA have been achieved for the four consecutive fiscal quarters on an annualized basis and subsequently reported by us in our consolidated financial statements filed with our Forms 10-Q and/or 10-K.",12,,,,,,,,,,,filing,10-Q Q3 2021 — ITEM 1. FINANCIAL STATEMENTS — Note 11 – Equity Incentive Plans,
unpaired_actual,TSLA,2020,,,,,,revenue,Revenue,,consolidated,,,,Q3 FY2021,"Although an operational milestone is deemed achieved in the last quarter of the relevant annualized period, it may be certified only after the financial statements supporting its achievement have been filed with our Forms 10-Q and/or 10-K. Total Annualized Revenue Annualized Adjusted EBITDA Milestone (in billions) Achievement Status Milestone (in billions) Achievement Status $ 20.0 Achieved $ 1.5 Achieved $ 35.0 Achieved $ 3.0 Achieved $ 55.0 Probable $ 4.5 Achieved $ 75.0 - $ 6.0 Achieved $ 100.0 - $ 8.0 Achieved (1) $ 125.0 - $ 10.0 Probable $ 150.0 - $ 12.0 Probable $ 175.0 - $ 14.0 - (1) Achieved in the third quarter of 2021 and expected to be certified following the filing of this Quarterly Report on Form 10-Q.",10,,,,,,,,,,,filing,10-Q Q3 2021 — ITEM 1. FINANCIAL STATEMENTS — Note 11 – Equity Incentive Plans,
unpaired_actual,TSLA,2020,,,,,,headcount,Headcount,,consolidated,,,,Q3 FY2021,"In addition, 54 as we have increased our employee headcount and operations, we are and may continue to be subject to increased scrutiny, including litigation and government investigations relating to allegations such as discrimination and workplace misconduct, that we will need to defend against.",54,,,,,,,,,,,filing,10-Q Q3 2021 — ITEM 1A. RISK FACTORS,
unpaired_actual,TSLA,2020,,,,,,production_volume,Production volume,,product:model_3,,,,Q3 FY2021,"These increases were partially offset by a decrease of 21,767 Model S and Model X cash deliveries at higher costs per unit due to temporary under-utilization of manufacturing capacity at lower production volumes during our current production ramp of the new version of Model S. Additionally, there was a decrease in combined average Model 3 and Model Y costs per unit due to changes in regional production mix, as Gigafactory Shanghai has ramped in capacity, despite a higher proportion of Model Y compared to the prior period and lower material, manufacturing, inbound freight and duty costs from localized procurement and manufacturing in China.","21,767",,,,,,,,,,,filing,10-Q Q3 2021 — ITEM 2. MANAGEMENT’S DISCUSSION AND ANALYSIS OF FINANCIAL CONDITION AND RESULTS OF OPERATIONS,
unpaired_actual,TSLA,2020,,,,,,revenue,Revenue,,segment:automotive,,,,Q3 FY2021,"Cost of automotive leasing revenue increased $89 million, or 61%, in the three months ended September 30, 2021 as compared to the three months ended September 30, 2020, primarily due to increases in cumulative vehicles and purchase options exercised under our direct operating lease program compared to the prior period.",$89 million,,,,,,,,,,,filing,10-Q Q3 2021 — ITEM 2. MANAGEMENT’S DISCUSSION AND ANALYSIS OF FINANCIAL CONDITION AND RESULTS OF OPERATIONS,
unpaired_actual,TSLA,2020,,,,,,revenue,Revenue,,consolidated,,,,Q3 FY2021,"Cost of services and other revenue increased $1.01 billion, or 54%, in the nine months ended September 30, 2021 as compared to the nine months ended September 30, 2020, primarily due to increases in used vehicle cost of revenue driven by increases in volume and values of trade-ins, costs to support our increase in non-warranty maintenance services revenue and costs of retail merchandise as our sales have increased.",$1.01 billion,,,,,,,,,,,filing,10-Q Q3 2021 — ITEM 2. MANAGEMENT’S DISCUSSION AND ANALYSIS OF FINANCIAL CONDITION AND RESULTS OF OPERATIONS,
unpaired_actual,TSLA,2020,,,,,,gross_margin,Gross margin,,product:powerwall,,,,Q3 FY2021,"36 Gross margin for energy generation and storage decreased from 4% to -4% in the nine months ended September 30, 2021 as compared to the nine months ended September 30, 2020, primarily due to a higher proportion of Solar Roof in our overall energy business which operated at lower gross margins as a result of temporary manufacturing underutilization during product ramp despite improvements in gross margins compared to the prior period and increased service maintenance costs on solar energy systems where we are the lessor, partially offset by a higher proportion of Powerwall in our overall energy business which operated at higher gross margins.",36,,,,,,,,,,,filing,10-Q Q3 2021 — ITEM 2. MANAGEMENT’S DISCUSSION AND ANALYSIS OF FINANCIAL CONDITION AND RESULTS OF OPERATIONS,
unpaired_actual,TSLA,2020,,,,,,revenue_growth,Revenue growth,,consolidated,,,,Q3 FY2021,"The increase is primarily due to an increase of $445 million in employee and labor related expenses from increased headcount and a $223 million increase in office, information technology, facilities-related expenses, sales and marketing activities and other costs.",$445 million,,,,,,,,,,,filing,10-Q Q3 2021 — ITEM 2. MANAGEMENT’S DISCUSSION AND ANALYSIS OF FINANCIAL CONDITION AND RESULTS OF OPERATIONS,
unpaired_actual,TSLA,2020,,,,,,production,Production,,consolidated,,,,Q3 FY2021,"Over the last 12 months, we've done about 430,000 cars of production.",12,,,,,,,,,,,transcript,TSLA_Q3_2021,
unpaired_actual,TSLA,2020,,,,,,product_milestone,Product / strategic milestone,,product:model_y,,,,Q3 FY2021,"So most recently, the ramp up to Model Y, which was our biggest contributor of volume in Q3.",3.,,,,,,,,,,,transcript,TSLA_Q3_2021,
unpaired_actual,TSLA,2020,,,,,,other_and_so_over_the_last,Other And So Over The Last,,consolidated,,,,Q3 FY2021,"And so, over the last year, we've grown our physical footprint of service centers by 35%.",35%,,,,,,,,,,,transcript,TSLA_Q3_2021,
unpaired_actual,TSLA,2020,,,,,,other_we_ve_grown_our_footprint,Other We Ve Grown Our Footprint,,consolidated,,,,Q3 FY2021,We've grown our footprint of mobile repair by over 40%.,40%,,,,,,,,,,,transcript,TSLA_Q3_2021,
unpaired_actual,TSLA,2020,,,,,,capacity,Capacity,,consolidated,,,,Q3 FY2021,"While we certainly have work to do in an expanding capacity in some congested areas, average congestion on the network has decreased over the past 18 months.",18,,,,,,,,,,,transcript,TSLA_Q3_2021,
unpaired_actual,TSLA,2020,,,,,,other_our_q3_results_were_announced,Other Our Q3 Results Were Announced,,consolidated,,,,Q3 FY2021,Our Q3 results were announced at about 3 p.m. Central Time in the Update deck we published at the same link as this webcast.,3,,,,,,,,,,,transcript,TSLA_Q3_2021,
unpaired_actual,TSLA,2020,,,,,,other_i_actually_i_m_very,Other I Actually I M Very,,consolidated,,,,Q3 FY2021,"I actually, I'm very intrigued by what you guys are doing on the insurance front, and you have now in the market index us, an insurance product for which the premium varies as a function of the safety score of the driver.",,,,,,,,,,,,transcript,TSLA_Q3_2021,
unpaired_actual,TSLA,2020,,,,,,subscribers,Subscribers / customers,,consolidated,,,,Q3 FY2021,"With the feedback loop back to the customer on how they are driving after every drive, the attributes that they were successful on or unsuccessful on, and the tips of things that they can do to improve their safety.",,,,,,,,,,,,transcript,TSLA_Q3_2021,
unpaired_actual,TSLA,2020,,,,,,other_we_then_included_the_safety,Other We Then Included The Safety,,consolidated,,,,Q3 FY2021,"We then included the safety score as part of the FSD Beta enrollment program where we have almost 150,000 cars currently using the safety score.","150,000",,,,,,,,,,,transcript,TSLA_Q3_2021,
unpaired_actual,TSLA,2020,,,,,,subscribers,Subscribers / customers,,consolidated,,,,Q3 FY2021,The first is that the probability of collision for a customer using safety score versus not is 30% lower.,30%,,,,,,,,,,,transcript,TSLA_Q3_2021,
unpaired_actual,TSLA,2020,,,,,,regulatory_credit_revenue,Regulatory credit revenue,,segment:automotive,,,,Q3 FY2021,"Financially, our auto gross margins reached 30.5% on a GAAP basis and just under 29%, excluding regulatory credits, which was our strongest yet.",30.5%,,,,,,,,,,,transcript,TSLA_Q3_2021,
unpaired_actual,TSLA,2020,,,,,,other_this_benefit_primarily_comes_from,Other This Benefit Primarily Comes From,,product:model_y,,,,Q3 FY2021,"This benefit primarily comes from higher volumes, particularly out of the Shanghai factory, increased mix of the Model Y as we -- and we have made good progress increasing Model S volumes.",,,,,,,,,,,,transcript,TSLA_Q3_2021,
unpaired_actual,TSLA,2020,,,,,,capacity,Capacity,,consolidated,,,,Q3 FY2021,"On cash, we generated record operating cash flows of $3.1 billion and continued to invest heavily in the build-out of manufacturing, supercharging, and service capacity.",$3.1 billion,,,,,,,,,,,transcript,TSLA_Q3_2021,
unpaired_actual,TSLA,2020,,,,,,other_so_we_re_trying_to,Other So We Re Trying To,,consolidated,,,,Q3 FY2021,"So, we're trying to think through if somebody orders a car now, it could be delivered in some cases, and depending upon the car and which factory, could be a couple of months, could be a couple of quarters.",,,,,,,,,,,,transcript,TSLA_Q3_2021,
unpaired_actual,TSLA,2020,,,,,,capital_expenditure,Capital expenditure,,consolidated,,,,Q4 FY2021,"Our free cash flows have remained strong, reaching record levels in Q4 of $2.8 billion, despite increased CapEx.",4,,,,,,,,,,,transcript,TSLA_Q4_2021,
unpaired_actual,TSLA,2020,,,,,,operating_margin,Operating margin,,consolidated,,,,Q4 FY2021,"Additionally, we reached the highest operating margin in the industry in the last widely reported quarter at over 14% GAAP operating margin.",14%,,,,,,,,,,,transcript,TSLA_Q4_2021,
unpaired_actual,TSLA,2020,,,,,,other_and_last_year_was_difficult,Other And Last Year Was Difficult,,consolidated,,,,Q4 FY2021,"And last year was difficult to predict and hopefully, this year will be smooth sailing, but I'm not sure what you do for an encore to 2021, 2020.","2021,",,,,,,,,,,,transcript,TSLA_Q4_2021,
unpaired_actual,TSLA,2020,,,,,,other_but_i_think_anyone_who,Other But I Think Anyone Who,,consolidated,,,,Q4 FY2021,"But I think anyone who's been in the FSD beta program, I mean, if they were just to plot the progress of the beta interventions per mile, it's obviously trending to a very small number of interventions per mile and pace of improvement is fast.",,,,,,,,,,,,transcript,TSLA_Q4_2021,
unpaired_actual,TSLA,2020,,,,,,production,Production,,consolidated,,,,Q4 FY2021,Like you actually have to reach scale production and have cash and exceed cash out.,,,,,,,,,,,,transcript,TSLA_Q4_2021,
unpaired_actual,TSLA,2020,,,,,,production,Production,,consolidated,,,,Q4 FY2021,"Sort through them and say, which one are we actually going to going through blood, sweat and tears in terms of bringing to volume production.",,,,,,,,,,,,transcript,TSLA_Q4_2021,
unpaired_actual,TSLA,2020,,,,,,other_so_if_we_d_actually,Other So If We D Actually,,segment:automotive,,,,Q4 FY2021,"So, if we'd actually introduced an additional product, that would then require a bunch of attention and resources on that increased complexity of the additional product, resulting in fewer vehicles actually being delivered.",,,,,,,,,,,,transcript,TSLA_Q4_2021,
unpaired_actual,TSLA,2020,,,,,,revenue,Revenue,,product:4680,,,,Q4 FY2021,"As we sit today, sales from suppliers is actually -- it sort of exceeds our other factory-limiting constraints that you mentioned, Elon, in 2022 or to say differently, 4680 cells are not a constraint to our 2022 volume plans, based on the information we have.",2022,,,,,,,,,,,transcript,TSLA_Q4_2021,
unpaired_actual,TSLA,2020,,,,,,other_and_we_believe_our_first,Other And We Believe Our First,,product:4680,,,,Q4 FY2021,And we believe our first 4680 vehicles will be delivered this quarter.,4680,,,,,,,,,,,transcript,TSLA_Q4_2021,
unpaired_actual,TSLA,2020,,,,,,gross_margin,Gross margin,,segment:automotive,,,,Q4 FY2021,"For Q4 specifically, automotive gross margin, excluding credits, increased to 29.2%, which is our highest yet.",4,,,,,,,,,,,transcript,TSLA_Q4_2021,
unpaired_actual,TSLA,2020,,,,,,other_in_2021_we_launched_our,Other In 2021 We Launched Our,,consolidated,,,,FY2021,"In 2021, we launched our insurance product using real-time driving behavior in select states, which offers rates that are often better than other alternatives and promotes safer driving.","2021,",,,,,,,,,,,filing,10-K FY2021 — ITEM 1. BUSINESS,
unpaired_actual,TSLA,2020,,,,,,powertrain_cost_reduction,Powertrain Cost Reduction,,segment:automotive,,,,FY2021,"Programs and Incentives California Alternative Energy and Advanced Transportation Financing Authority Tax Incentives We have agreements with the California Alternative Energy and Advanced Transportation Financing Authority that provide multi-year sales tax exclusions on purchases of manufacturing equipment that will be used for specific purposes, including the expansion and ongoing development of electric vehicles and powertrain production in California, thus reducing our cost basis in the related assets in our consolidated financial statements included elsewhere in this Annual Report on Form 10-K. Gigafactory Nevada—Nevada Tax Incentives In connection with the construction of Gigafactory Nevada, we entered into agreements with the State of Nevada and Storey County in Nevada that provide abatements for specified taxes, discounts to the base tariff energy rates and transferable tax credits in consideration of capital investment and hiring targets that were met at Gigafactory Nevada.",10,,,,,,,,,,,filing,10-K FY2021 — ITEM 1. BUSINESS,
unpaired_actual,TSLA,2020,,,,,,subscribers,Subscribers / customers,,consolidated,,,,FY2021,"7 Insurance In August 2019, we launched an insurance product designed for our customers in California.",7,,,,,,,,,,,filing,10-K FY2021 — ITEM 1. BUSINESS,
unpaired_actual,TSLA,2020,,,,,,revenue,Revenue,,segment:automotive,,,,FY2021,"Additionally, we had a $365 million net release of our sales return reserve on vehicles sold with resale value guarantees, which increased our automotive sales revenue, due to actual return rates being lower than expected and increases in resale values of our vehicles in 2021.",$365 million,,,,,,,,,,,filing,10-K FY2021 — ITEM 7. MANAGEMENT’S DISCUSSION AND ANALYSIS OF FINANCIAL CONDITION AND RESULTS OF OPERATIONS,
unpaired_actual,TSLA,2020,,,,,,revenue,Revenue,,segment:automotive,,,,FY2021,"The increases in automotive sales revenue were partially offset by a decrease of 28,819 Model S and Model X cash deliveries at a higher combined average selling price as deliveries of the new versions of Model S and Model X only began ramping in the second and fourth quarters of 2021, respectively.","28,819",,,,,,,,,,,filing,10-K FY2021 — ITEM 7. MANAGEMENT’S DISCUSSION AND ANALYSIS OF FINANCIAL CONDITION AND RESULTS OF OPERATIONS,
unpaired_actual,TSLA,2020,,,,,,revenue,Revenue,,segment:automotive,,,,FY2021,"Automotive leasing revenue increased $590 million, or 56%, in the year ended December 31, 2021 as compared to the year ended December 31, 2020, primarily due to an increase in cumulative vehicles under our direct operating lease program and an increase in direct sales-type leasing revenue as we have a full year of sales in 2021 since we began offering the program during the third quarter of 2020 .",$590 million,,,,,,,,,,,filing,10-K FY2021 — ITEM 7. MANAGEMENT’S DISCUSSION AND ANALYSIS OF FINANCIAL CONDITION AND RESULTS OF OPERATIONS,
unpaired_actual,TSLA,2020,,,,,,revenue_growth,Revenue growth,,segment:automotive,,,,FY2021,"Services and other revenue increased $1.50 billion, or 65%, in the year ended December 31, 2021 as compared to the year ended December 31, 2020, primarily due to an increase in used vehicle revenue driven by increases in volume and average selling prices of used vehicles, non-warranty maintenance services revenue as our fleet continues to grow and retail merchandise revenue.",$1.50 billion,,,,,,,,,,,filing,10-K FY2021 — ITEM 7. MANAGEMENT’S DISCUSSION AND ANALYSIS OF FINANCIAL CONDITION AND RESULTS OF OPERATIONS,
unpaired_actual,TSLA,2020,,,,,,revenue,Revenue,,product:model_3,,,,FY2021,"2021 compared to 2020 Cost of automotive sales revenue increased $12.72 billion, or 65%, in the year ended December 31, 2021 as compared to the year ended December 31, 2020, primarily due to an increase of 433,815 Model 3 and Model Y cash deliveries.",2021,,,,,,,,,,,filing,10-K FY2021 — ITEM 7. MANAGEMENT’S DISCUSSION AND ANALYSIS OF FINANCIAL CONDITION AND RESULTS OF OPERATIONS,
unpaired_actual,TSLA,2020,,,,,,production_volume,Production volume,,product:model_3,,,,FY2021,"These increases were partially offset by a decrease of 28,819 Model S and Model X cash deliveries at higher costs per unit due to temporary under-utilization of manufacturing capacity at lower production volumes during our current production ramp of the new versions of Model S and Model X. Additionally, there was a decrease in combined average Model 3 and Model Y costs per unit due to changes in regional production mix as Gigafactory Shanghai has ramped in capacity, where costs are lower from localized procurement and manufacturing in China.","28,819",,,,,,,,,,,filing,10-K FY2021 — ITEM 7. MANAGEMENT’S DISCUSSION AND ANALYSIS OF FINANCIAL CONDITION AND RESULTS OF OPERATIONS,
unpaired_actual,TSLA,2020,,,,,,revenue,Revenue,,segment:automotive,,,,FY2021,"38 Cost of automotive leasing revenue increased $415 million, or 74%, in the year ended December 31, 2021 as compared to the year ended December 31, 2020, primarily due to an increase in cumulative vehicles under our direct operating lease program and an increase in direct sales-type leasing cost of revenues from more sales in the current year.",38,,,,,,,,,,,filing,10-K FY2021 — ITEM 7. MANAGEMENT’S DISCUSSION AND ANALYSIS OF FINANCIAL CONDITION AND RESULTS OF OPERATIONS,
unpaired_actual,TSLA,2020,,,,,,powertrain_cost_reduction,Powertrain Cost Reduction,,segment:automotive,,,,FY2021,"Cost of services and other revenue increased $1.24 billion, or 46%, in the year ended December 31, 2021 as compared to the year ended December 31, 2020, primarily due to an increase in used vehicle cost of revenue driven by increases in volume and costs of non-Tesla used vehicles, costs to support our increase in non-warranty maintenance services revenue and costs of retail merchandise as our sales have increased.",$1.24 billion,,,,,,,,,,,filing,10-K FY2021 — ITEM 7. MANAGEMENT’S DISCUSSION AND ANALYSIS OF FINANCIAL CONDITION AND RESULTS OF OPERATIONS,
unpaired_actual,TSLA,2020,,,,,,gross_margin,Gross margin,,segment:automotive,,,,FY2021,"Gross margin for total automotive increased from 25.6% in the year ended December 31, 2020 to 29.3% in the year ended December 31, 2021.",25.6%,,,,,,,,,,,filing,10-K FY2021 — ITEM 7. MANAGEMENT’S DISCUSSION AND ANALYSIS OF FINANCIAL CONDITION AND RESULTS OF OPERATIONS,
unpaired_actual,TSLA,2020,,,,,,gross_margin,Gross margin,,segment:automotive,,,,FY2021,"Gross margin for total automotive & services and other segment increased from 22.4% in the year ended December 31, 2020 to 26.9% in the year ended December 31, 2021, primarily due to the automotive gross margin impacts discussed above and an improvement in our services and other gross margin.",22.4%,,,,,,,,,,,filing,10-K FY2021 — ITEM 7. MANAGEMENT’S DISCUSSION AND ANALYSIS OF FINANCIAL CONDITION AND RESULTS OF OPERATIONS,
unpaired_actual,TSLA,2020,,,,,,revenue,Revenue,,product:powerwall,,,,FY2021,"2021 compared to 2020 Cost of energy generation and storage revenue increased by $942 million, or 48%, in the year ended December 31, 2021 as compared to the year ended December 31, 2020, primarily due to increases in deployments of Solar Roof, solar cash and loan jobs, Megapack and Powerwall, partially offset by reductions in average costs per unit of Solar Roof as deployments have increased and a decrease in Powerpack deployments as we phase out the product following the introduction of Megapack.",2021,,,,,,,,,,,filing,10-K FY2021 — ITEM 7. MANAGEMENT’S DISCUSSION AND ANALYSIS OF FINANCIAL CONDITION AND RESULTS OF OPERATIONS,
unpaired_actual,TSLA,2020,,,,,,revenue,Revenue,,consolidated,,,,FY2021,"See Note 13, Equity Incentive Plans , to the consolidated financial statements included elsewhere in this Annual Report on Form 10-K. SG&A expenses as a percentage of revenue decreased from 10% in the year ended December 31, 2020 to 8% in the year ended December 31, 2021.","13,",,,,,,,,,,,filing,10-K FY2021 — ITEM 7. MANAGEMENT’S DISCUSSION AND ANALYSIS OF FINANCIAL CONDITION AND RESULTS OF OPERATIONS,
unpaired_actual,TSLA,2020,,,,,,production,Production,,consolidated,,,,FY2021,"The decrease in our net operating assets and liabilities was mainly driven by a larger increase of accounts payable and accrued liabilities in the year ended December 31, 2021 as compared to the prior year from ramp up in production at Gigafactory Shanghai and the Fremont Factory.","31,",,,,,,,,,,,filing,10-K FY2021 — ITEM 7. MANAGEMENT’S DISCUSSION AND ANALYSIS OF FINANCIAL CONDITION AND RESULTS OF OPERATIONS,
unpaired_actual,TSLA,2020,,,,,,subscribers,Subscribers / customers,,consolidated,,,,FY2021,"As of December 31, 2021 and 2020, the total outstanding balance of MyPower customer notes receivable, net of allowance for expected credit losses, was $ 299 million and $ 334 million, respectively, of which $ 11 million and $ 9 million were due in the next 12 months as of December 31, 2021 and 2020, respectively.","31,",,,,,,,,,,,filing,10-K FY2021 — ITEM 8. FINANCIAL STATEME,
unpaired_actual,TSLA,2020,,,,,,revenue,Revenue,,segment:automotive,,,,FY2021,"52 Tesla, Inc. C onsolidated Statements of Cash Flows (in millions) Year Ended December 31, 2021 2020 2019 Cash Flows from Operating Activities Net income (loss) $ 5,644 $ 862 $ ( 775 ) Adjustments to reconcile net income (loss) to net cash provided by operating activities: Depreciation, amortization and impairment 2,911 2,322 2,154 Stock-based compensation 2,121 1,734 898 Inventory and purchase commitments write-downs 140 202 193 Foreign currency transaction net unrealized (gain) loss ( 55 ) 114 ( 48 ) Non-cash interest and other operating activities 245 525 520 Digital assets gain, net ( 27 ) — — Operating cash flow related to repayment of discounted convertible senior notes — — ( 188 ) Changes in operating assets and liabilities: Accounts receivable ( 130 ) ( 652 ) ( 367 ) Inventory ( 1,709 ) ( 422 ) ( 429 ) Operating lease vehicles ( 2,114 ) ( 1,072 ) ( 764 ) Prepaid expenses and other current assets ( 271 ) ( 251 ) ( 288 ) Other non-current assets ( 1,291 ) ( 344 ) 115 Accounts payable and accrued liabilities 4,578 2,102 646 Deferred revenue 793 321 801 Customer deposits 186 7 ( 58 ) Other long-term liabilities 476 495 ( 5 ) Net cash provided by operating activities 11,497 5,943 2,405 Cash Flows from Investing Activities Purchases of property and equipment excluding finance leases, net of sales ( 6,482 ) ( 3,157 ) ( 1,327 ) Purchases of solar energy systems, net of sales ( 32 ) ( 75 ) ( 105 ) Purchases of digital assets ( 1,500 ) — — Proceeds from sales of digital assets 272 — — Purchases of marketable securities ( 132 ) — — Receipt of government grants 6 123 46 Purchase of intangible assets — ( 10 ) ( 5 ) Business combinations, net of cash acquired — ( 13 ) ( 45 ) Net cash used in investing activities ( 7,868 ) ( 3,132 ) ( 1,436 ) Cash Flows from Financing Activities Proceeds from issuances of common stock in public offerings, net of issuance costs — 12,269 848 Proceeds from issuances of convertible and other debt 8,883 9,713 10,669 Repayments of convertible and other debt ( 14,167 ) ( 11,623 ) ( 9,161 ) Collateralized lease repayments ( 9 ) ( 240 ) ( 389 ) Proceeds from exercises of stock options and other stock issuances 707 417 263 Principal payments on finance leases ( 439 ) ( 338 ) ( 321 ) Debt issuance costs ( 9 ) ( 6 ) ( 37 ) Purchase of convertible note hedges — — ( 476 ) Proceeds from issuance of warrants — — 174 Proceeds from investments by noncontrolling interests in subsidiaries 2 24 279 Distributions paid to noncontrolling interests in subsidiaries ( 161 ) ( 208 ) ( 311 ) Payments for buy-outs of noncontrolling interests in subsidiaries ( 10 ) ( 35 ) ( 9 ) Net cash (used in) provided by financing activities ( 5,203 ) 9,973 1,529 Effect of exchange rate changes on cash and cash equivalents and restricted cash ( 183 ) 334 8 Net (decrease) increase in cash and cash equivalents and restricted cash ( 1,757 ) 13,118 2,506 Cash and cash equivalents and restricted cash, beginning of period 19,901 6,783 4,277 Cash and cash equivalents and restricted cash, end of period $ 18,144 $ 19,901 $ 6,783 Supplemental Non-Cash Investing and Financing Activities Equity issued in connection with business combination $ — $ — $ 207 Acquisitions of property and equipment included in liabilities $ 2,251 $ 1,088 $ 562 Supplemental Disclosures Cash paid during the period for interest, net of amounts capitalized $ 266 $ 444 $ 455 Cash paid during the period for taxes, net of refunds $ 561 $ 115 $ 54 The accompanying notes are an integral part of these consolidated financial statements.",52,,,,,,,,,,,filing,10-K FY2021 — ITEM 8. FINANCIAL STATEME,
unpaired_actual,TSLA,2020,,,,,,product_milestone,Product / strategic milestone,,consolidated,,,,FY2021,"For the year ended December 31, 2021, accrued purchases increased as we continued construction and expansion of our facilities and operations.","31,",,,,,,,,,,,filing,10-K FY2021 — ITEM 8. FINANCIAL STATEME,
unpaired_actual,TSLA,2020,,,,,,revenue,Revenue,,consolidated,,,,Q1 FY2019,SEC XBRL Revenue for Q1 FY2019: 4541464000 USD,$4541464000,,,,,,,,,,,xbrl,XBRL Revenue Q1 FY2019,
unpaired_actual,TSLA,2020,,,,,,gross_profit,Gross Profit,,consolidated,,,,Q1 FY2019,SEC XBRL Gross Profit for Q1 FY2019: 565743000 USD,$565743000,,,,,,,,,,,xbrl,XBRL Gross Profit Q1 FY2019,
unpaired_actual,TSLA,2020,,,,,,operating_income,Operating Income,,consolidated,,,,Q1 FY2019,SEC XBRL Operating Income for Q1 FY2019: -521831000 USD,$-521831000,,,,,,,,,,,xbrl,XBRL Operating Income Q1 FY2019,
unpaired_actual,TSLA,2020,,,,,,net_income,Net Income,,consolidated,,,,Q1 FY2019,SEC XBRL Net Income for Q1 FY2019: -702135000 USD,$-702135000,,,,,,,,,,,xbrl,XBRL Net Income Q1 FY2019,
unpaired_actual,TSLA,2020,,,,,,eps,Diluted EPS,,consolidated,,,,Q1 FY2019,SEC XBRL Diluted EPS for Q1 FY2019: -4.1 USD/share,$-4.1,,,,,,,,,,,xbrl,XBRL Diluted EPS Q1 FY2019,
unpaired_actual,TSLA,2020,,,,,,operating_cash_flow,Operating Cash Flow,,consolidated,,,,Q1 FY2019,SEC XBRL Operating Cash Flow for Q1 FY2019: -639606000 USD,$-639606000,,,,,,,,,,,xbrl,XBRL Operating Cash Flow Q1 FY2019,
unpaired_actual,TSLA,2020,,,,,,capital_expenditure,Capital Expenditures,,consolidated,,,,Q1 FY2019,SEC XBRL Capital Expenditures for Q1 FY2019: 279932000 USD,$279932000,,,,,,,,,,,xbrl,XBRL Capital Expenditures Q1 FY2019,
unpaired_actual,TSLA,2020,,,,,,gross_margin,Gross margin,,consolidated,,,,Q1 FY2019,SEC XBRL derived Gross margin for Q1 FY2019: 12.4573% (565743000 / 4541464000),12.4573%,,,,,,,,,,,xbrl,XBRL Gross margin Q1 FY2019,
unpaired_actual,TSLA,2020,,,,,,operating_margin,Operating margin,,consolidated,,,,Q1 FY2019,SEC XBRL derived Operating margin for Q1 FY2019: -11.4904% (-521831000 / 4541464000),-11.4904%,,,,,,,,,,,xbrl,XBRL Operating margin Q1 FY2019,
unpaired_actual,TSLA,2020,,,,,,revenue,Revenue,,consolidated,,,,Q2 FY2019,SEC XBRL Revenue for Q2 FY2019: 6349676000 USD,$6349676000,,,,,,,,,,,xbrl,XBRL Revenue Q2 FY2019,
unpaired_actual,TSLA,2020,,,,,,gross_profit,Gross Profit,,consolidated,,,,Q2 FY2019,SEC XBRL Gross Profit for Q2 FY2019: 921046000 USD,$921046000,,,,,,,,,,,xbrl,XBRL Gross Profit Q2 FY2019,
unpaired_actual,TSLA,2020,,,,,,operating_income,Operating Income,,consolidated,,,,Q2 FY2019,SEC XBRL Operating Income for Q2 FY2019: -167458000 USD,$-167458000,,,,,,,,,,,xbrl,XBRL Operating Income Q2 FY2019,
unpaired_actual,TSLA,2020,,,,,,net_income,Net Income,,consolidated,,,,Q2 FY2019,SEC XBRL Net Income for Q2 FY2019: -408334000 USD,$-408334000,,,,,,,,,,,xbrl,XBRL Net Income Q2 FY2019,
unpaired_actual,TSLA,2020,,,,,,eps,Diluted EPS,,consolidated,,,,Q2 FY2019,SEC XBRL Diluted EPS for Q2 FY2019: -2.31 USD/share,$-2.31,,,,,,,,,,,xbrl,XBRL Diluted EPS Q2 FY2019,
unpaired_actual,TSLA,2020,,,,,,operating_cash_flow,Operating Cash Flow,,consolidated,,,,Q2 FY2019,SEC XBRL Operating Cash Flow for Q2 FY2019: 863606000 USD,$863606000,,,,,,,,,,,xbrl,XBRL Operating Cash Flow Q2 FY2019,
unpaired_actual,TSLA,2020,,,,,,capital_expenditure,Capital Expenditures,,consolidated,,,,Q2 FY2019,SEC XBRL Capital Expenditures for Q2 FY2019: 250068000 USD,$250068000,,,,,,,,,,,xbrl,XBRL Capital Expenditures Q2 FY2019,
unpaired_actual,TSLA,2020,,,,,,gross_margin,Gross margin,,consolidated,,,,Q2 FY2019,SEC XBRL derived Gross margin for Q2 FY2019: 14.5054% (921046000 / 6349676000),14.5054%,,,,,,,,,,,xbrl,XBRL Gross margin Q2 FY2019,
unpaired_actual,TSLA,2020,,,,,,operating_margin,Operating margin,,consolidated,,,,Q2 FY2019,SEC XBRL derived Operating margin for Q2 FY2019: -2.6373% (-167458000 / 6349676000),-2.6373%,,,,,,,,,,,xbrl,XBRL Operating margin Q2 FY2019,
unpaired_actual,TSLA,2020,,,,,,revenue,Revenue,,consolidated,,,,Q3 FY2019,SEC XBRL Revenue for Q3 FY2019: 6303000000 USD,$6303000000,,,,,,,,,,,xbrl,XBRL Revenue Q3 FY2019,
unpaired_actual,TSLA,2020,,,,,,gross_profit,Gross Profit,,consolidated,,,,Q3 FY2019,SEC XBRL Gross Profit for Q3 FY2019: 1191000000 USD,$1191000000,,,,,,,,,,,xbrl,XBRL Gross Profit Q3 FY2019,
unpaired_actual,TSLA,2020,,,,,,operating_income,Operating Income,,consolidated,,,,Q3 FY2019,SEC XBRL Operating Income for Q3 FY2019: 261000000 USD,$261000000,,,,,,,,,,,xbrl,XBRL Operating Income Q3 FY2019,
unpaired_actual,TSLA,2020,,,,,,net_income,Net Income,,consolidated,,,,Q3 FY2019,SEC XBRL Net Income for Q3 FY2019: 143000000 USD,$143000000,,,,,,,,,,,xbrl,XBRL Net Income Q3 FY2019,
unpaired_actual,TSLA,2020,,,,,,eps,Diluted EPS,,consolidated,,,,Q3 FY2019,SEC XBRL Diluted EPS for Q3 FY2019: 0.78 USD/share,$0.78,,,,,,,,,,,xbrl,XBRL Diluted EPS Q3 FY2019,
unpaired_actual,TSLA,2020,,,,,,operating_cash_flow,Operating Cash Flow,,consolidated,,,,Q3 FY2019,SEC XBRL Operating Cash Flow for Q3 FY2019: 756000000 USD,$756000000,,,,,,,,,,,xbrl,XBRL Operating Cash Flow Q3 FY2019,
unpaired_actual,TSLA,2020,,,,,,capital_expenditure,Capital Expenditures,,consolidated,,,,Q3 FY2019,SEC XBRL Capital Expenditures for Q3 FY2019: 385000000 USD,$385000000,,,,,,,,,,,xbrl,XBRL Capital Expenditures Q3 FY2019,
unpaired_actual,TSLA,2020,,,,,,gross_margin,Gross margin,,consolidated,,,,Q3 FY2019,SEC XBRL derived Gross margin for Q3 FY2019: 18.8958% (1191000000 / 6303000000),18.8958%,,,,,,,,,,,xbrl,XBRL Gross margin Q3 FY2019,
unpaired_actual,TSLA,2020,,,,,,operating_margin,Operating margin,,consolidated,,,,Q3 FY2019,SEC XBRL derived Operating margin for Q3 FY2019: 4.1409% (261000000 / 6303000000),4.1409%,,,,,,,,,,,xbrl,XBRL Operating margin Q3 FY2019,
unpaired_actual,TSLA,2020,,,,,,revenue,Revenue,,consolidated,,,,Q4 FY2019,SEC XBRL Revenue for FY2019: 7384000000 USD,$7384000000,,,,,,,,,,,xbrl,XBRL Revenue FY2019,
unpaired_actual,TSLA,2020,,,,,,gross_profit,Gross Profit,,consolidated,,,,Q4 FY2019,SEC XBRL Gross Profit for FY2019: 1391000000 USD,$1391000000,,,,,,,,,,,xbrl,XBRL Gross Profit FY2019,
unpaired_actual,TSLA,2020,,,,,,operating_income,Operating Income,,consolidated,,,,Q4 FY2019,SEC XBRL Operating Income for FY2019: -69000000 USD,$-69000000,,,,,,,,,,,xbrl,XBRL Operating Income FY2019,
unpaired_actual,TSLA,2020,,,,,,net_income,Net Income,,consolidated,,,,Q4 FY2019,SEC XBRL Net Income for FY2019: 105000000 USD,$105000000,,,,,,,,,,,xbrl,XBRL Net Income FY2019,
unpaired_actual,TSLA,2020,,,,,,eps,Diluted EPS,,consolidated,,,,Q4 FY2019,SEC XBRL Diluted EPS for FY2019: -4.92 USD/share,$-4.92,,,,,,,,,,,xbrl,XBRL Diluted EPS FY2019,
unpaired_actual,TSLA,2020,,,,,,operating_cash_flow,Operating Cash Flow,,consolidated,,,,Q4 FY2019,SEC XBRL Operating Cash Flow for FY2019: 2405000000 USD,$2405000000,,,,,,,,,,,xbrl,XBRL Operating Cash Flow FY2019,
unpaired_actual,TSLA,2020,,,,,,capital_expenditure,Capital Expenditures,,consolidated,,,,Q4 FY2019,SEC XBRL Capital Expenditures for FY2019: 1327000000 USD,$1327000000,,,,,,,,,,,xbrl,XBRL Capital Expenditures FY2019,
unpaired_actual,TSLA,2020,,,,,,gross_margin,Gross margin,,consolidated,,,,Q4 FY2019,SEC XBRL derived Gross margin for FY2019: 18.8380% (1391000000 / 7384000000),18.8380%,,,,,,,,,,,xbrl,XBRL Gross margin FY2019,
unpaired_actual,TSLA,2020,,,,,,operating_margin,Operating margin,,consolidated,,,,Q4 FY2019,SEC XBRL derived Operating margin for FY2019: -0.9345% (-69000000 / 7384000000),-0.9345%,,,,,,,,,,,xbrl,XBRL Operating margin FY2019,
unpaired_actual,TSLA,2020,,,,,,revenue,Revenue,,consolidated,,,,Q1 FY2020,SEC XBRL Revenue for Q1 FY2020: 5985000000 USD,$5985000000,,,,,,,,,,,xbrl,XBRL Revenue Q1 FY2020,
unpaired_actual,TSLA,2020,,,,,,gross_profit,Gross Profit,,consolidated,,,,Q1 FY2020,SEC XBRL Gross Profit for Q1 FY2020: 1234000000 USD,$1234000000,,,,,,,,,,,xbrl,XBRL Gross Profit Q1 FY2020,
unpaired_actual,TSLA,2020,,,,,,operating_income,Operating Income,,consolidated,,,,Q1 FY2020,SEC XBRL Operating Income for Q1 FY2020: 283000000 USD,$283000000,,,,,,,,,,,xbrl,XBRL Operating Income Q1 FY2020,
unpaired_actual,TSLA,2020,,,,,,net_income,Net Income,,consolidated,,,,Q1 FY2020,SEC XBRL Net Income for Q1 FY2020: 16000000 USD,$16000000,,,,,,,,,,,xbrl,XBRL Net Income Q1 FY2020,
unpaired_actual,TSLA,2020,,,,,,eps,Diluted EPS,,consolidated,,,,Q1 FY2020,SEC XBRL Diluted EPS for Q1 FY2020: 0.08 USD/share,$0.08,,,,,,,,,,,xbrl,XBRL Diluted EPS Q1 FY2020,
unpaired_actual,TSLA,2020,,,,,,operating_cash_flow,Operating Cash Flow,,consolidated,,,,Q1 FY2020,SEC XBRL Operating Cash Flow for Q1 FY2020: -440000000 USD,$-440000000,,,,,,,,,,,xbrl,XBRL Operating Cash Flow Q1 FY2020,
unpaired_actual,TSLA,2020,,,,,,capital_expenditure,Capital Expenditures,,consolidated,,,,Q1 FY2020,SEC XBRL Capital Expenditures for Q1 FY2020: 455000000 USD,$455000000,,,,,,,,,,,xbrl,XBRL Capital Expenditures Q1 FY2020,
unpaired_actual,TSLA,2020,,,,,,gross_margin,Gross margin,,consolidated,,,,Q1 FY2020,SEC XBRL derived Gross margin for Q1 FY2020: 20.6182% (1234000000 / 5985000000),20.6182%,,,,,,,,,,,xbrl,XBRL Gross margin Q1 FY2020,
unpaired_actual,TSLA,2020,,,,,,operating_margin,Operating margin,,consolidated,,,,Q1 FY2020,SEC XBRL derived Operating margin for Q1 FY2020: 4.7285% (283000000 / 5985000000),4.7285%,,,,,,,,,,,xbrl,XBRL Operating margin Q1 FY2020,
unpaired_actual,TSLA,2020,,,,,,revenue,Revenue,,consolidated,,,,Q2 FY2020,SEC XBRL Revenue for Q2 FY2020: 6036000000 USD,$6036000000,,,,,,,,,,,xbrl,XBRL Revenue Q2 FY2020,
unpaired_actual,TSLA,2020,,,,,,gross_profit,Gross Profit,,consolidated,,,,Q2 FY2020,SEC XBRL Gross Profit for Q2 FY2020: 1267000000 USD,$1267000000,,,,,,,,,,,xbrl,XBRL Gross Profit Q2 FY2020,
unpaired_actual,TSLA,2020,,,,,,operating_income,Operating Income,,consolidated,,,,Q2 FY2020,SEC XBRL Operating Income for Q2 FY2020: 327000000 USD,$327000000,,,,,,,,,,,xbrl,XBRL Operating Income Q2 FY2020,
unpaired_actual,TSLA,2020,,,,,,net_income,Net Income,,consolidated,,,,Q2 FY2020,SEC XBRL Net Income for Q2 FY2020: 104000000 USD,$104000000,,,,,,,,,,,xbrl,XBRL Net Income Q2 FY2020,
unpaired_actual,TSLA,2020,,,,,,eps,Diluted EPS,,consolidated,,,,Q2 FY2020,SEC XBRL Diluted EPS for Q2 FY2020: 0.5 USD/share,$0.5,,,,,,,,,,,xbrl,XBRL Diluted EPS Q2 FY2020,
unpaired_actual,TSLA,2020,,,,,,operating_cash_flow,Operating Cash Flow,,consolidated,,,,Q2 FY2020,SEC XBRL Operating Cash Flow for Q2 FY2020: 964000000 USD,$964000000,,,,,,,,,,,xbrl,XBRL Operating Cash Flow Q2 FY2020,
unpaired_actual,TSLA,2020,,,,,,capital_expenditure,Capital Expenditures,,consolidated,,,,Q2 FY2020,SEC XBRL Capital Expenditures for Q2 FY2020: 546000000 USD,$546000000,,,,,,,,,,,xbrl,XBRL Capital Expenditures Q2 FY2020,
unpaired_actual,TSLA,2020,,,,,,gross_margin,Gross margin,,consolidated,,,,Q2 FY2020,SEC XBRL derived Gross margin for Q2 FY2020: 20.9907% (1267000000 / 6036000000),20.9907%,,,,,,,,,,,xbrl,XBRL Gross margin Q2 FY2020,
unpaired_actual,TSLA,2020,,,,,,operating_margin,Operating margin,,consolidated,,,,Q2 FY2020,SEC XBRL derived Operating margin for Q2 FY2020: 5.4175% (327000000 / 6036000000),5.4175%,,,,,,,,,,,xbrl,XBRL Operating margin Q2 FY2020,
unpaired_actual,TSLA,2020,,,,,,revenue,Revenue,,consolidated,,,,Q3 FY2020,SEC XBRL Revenue for Q3 FY2020: 8771000000 USD,$8771000000,,,,,,,,,,,xbrl,XBRL Revenue Q3 FY2020,
unpaired_actual,TSLA,2020,,,,,,gross_profit,Gross Profit,,consolidated,,,,Q3 FY2020,SEC XBRL Gross Profit for Q3 FY2020: 2063000000 USD,$2063000000,,,,,,,,,,,xbrl,XBRL Gross Profit Q3 FY2020,
unpaired_actual,TSLA,2020,,,,,,operating_income,Operating Income,,consolidated,,,,Q3 FY2020,SEC XBRL Operating Income for Q3 FY2020: 809000000 USD,$809000000,,,,,,,,,,,xbrl,XBRL Operating Income Q3 FY2020,
unpaired_actual,TSLA,2020,,,,,,net_income,Net Income,,consolidated,,,,Q3 FY2020,SEC XBRL Net Income for Q3 FY2020: 331000000 USD,$331000000,,,,,,,,,,,xbrl,XBRL Net Income Q3 FY2020,
unpaired_actual,TSLA,2020,,,,,,eps,Diluted EPS,,consolidated,,,,Q3 FY2020,SEC XBRL Diluted EPS for Q3 FY2020: 0.27 USD/share,$0.27,,,,,,,,,,,xbrl,XBRL Diluted EPS Q3 FY2020,
unpaired_actual,TSLA,2020,,,,,,operating_cash_flow,Operating Cash Flow,,consolidated,,,,Q3 FY2020,SEC XBRL Operating Cash Flow for Q3 FY2020: 2400000000 USD,$2400000000,,,,,,,,,,,xbrl,XBRL Operating Cash Flow Q3 FY2020,
unpaired_actual,TSLA,2020,,,,,,capital_expenditure,Capital Expenditures,,consolidated,,,,Q3 FY2020,SEC XBRL Capital Expenditures for Q3 FY2020: 1005000000 USD,$1005000000,,,,,,,,,,,xbrl,XBRL Capital Expenditures Q3 FY2020,
unpaired_actual,TSLA,2020,,,,,,gross_margin,Gross margin,,consolidated,,,,Q3 FY2020,SEC XBRL derived Gross margin for Q3 FY2020: 23.5207% (2063000000 / 8771000000),23.5207%,,,,,,,,,,,xbrl,XBRL Gross margin Q3 FY2020,
unpaired_actual,TSLA,2020,,,,,,operating_margin,Operating margin,,consolidated,,,,Q3 FY2020,SEC XBRL derived Operating margin for Q3 FY2020: 9.2236% (809000000 / 8771000000),9.2236%,,,,,,,,,,,xbrl,XBRL Operating margin Q3 FY2020,
unpaired_actual,TSLA,2020,,,,,,revenue,Revenue,,consolidated,,,,Q4 FY2020,SEC XBRL Revenue for FY2020: 10744000000 USD,$10744000000,,,,,,,,,,,xbrl,XBRL Revenue FY2020,
unpaired_actual,TSLA,2020,,,,,,gross_profit,Gross Profit,,consolidated,,,,Q4 FY2020,SEC XBRL Gross Profit for FY2020: 2066000000 USD,$2066000000,,,,,,,,,,,xbrl,XBRL Gross Profit FY2020,
unpaired_actual,TSLA,2020,,,,,,operating_income,Operating Income,,consolidated,,,,Q4 FY2020,SEC XBRL Operating Income for FY2020: 1994000000 USD,$1994000000,,,,,,,,,,,xbrl,XBRL Operating Income FY2020,
unpaired_actual,TSLA,2020,,,,,,net_income,Net Income,,consolidated,,,,Q4 FY2020,SEC XBRL Net Income for FY2020: 270000000 USD,$270000000,,,,,,,,,,,xbrl,XBRL Net Income FY2020,
unpaired_actual,TSLA,2020,,,,,,eps,Diluted EPS,,consolidated,,,,Q4 FY2020,SEC XBRL Diluted EPS for FY2020: 0.64 USD/share,$0.64,,,,,,,,,,,xbrl,XBRL Diluted EPS FY2020,
unpaired_actual,TSLA,2020,,,,,,operating_cash_flow,Operating Cash Flow,,consolidated,,,,Q4 FY2020,SEC XBRL Operating Cash Flow for FY2020: 5943000000 USD,$5943000000,,,,,,,,,,,xbrl,XBRL Operating Cash Flow FY2020,
unpaired_actual,TSLA,2020,,,,,,capital_expenditure,Capital Expenditures,,consolidated,,,,Q4 FY2020,SEC XBRL Capital Expenditures for FY2020: 3157000000 USD,$3157000000,,,,,,,,,,,xbrl,XBRL Capital Expenditures FY2020,
unpaired_actual,TSLA,2020,,,,,,gross_margin,Gross margin,,consolidated,,,,Q4 FY2020,SEC XBRL derived Gross margin for FY2020: 19.2293% (2066000000 / 10744000000),19.2293%,,,,,,,,,,,xbrl,XBRL Gross margin FY2020,
unpaired_actual,TSLA,2020,,,,,,operating_margin,Operating margin,,consolidated,,,,Q4 FY2020,SEC XBRL derived Operating margin for FY2020: 18.5592% (1994000000 / 10744000000),18.5592%,,,,,,,,,,,xbrl,XBRL Operating margin FY2020,
unpaired_actual,TSLA,2020,,,,,,revenue,Revenue,,consolidated,,,,Q1 FY2021,SEC XBRL Revenue for Q1 FY2021: 10389000000 USD,$10389000000,,,,,,,,,,,xbrl,XBRL Revenue Q1 FY2021,
unpaired_actual,TSLA,2020,,,,,,gross_profit,Gross Profit,,consolidated,,,,Q1 FY2021,SEC XBRL Gross Profit for Q1 FY2021: 2215000000 USD,$2215000000,,,,,,,,,,,xbrl,XBRL Gross Profit Q1 FY2021,
unpaired_actual,TSLA,2020,,,,,,operating_income,Operating Income,,consolidated,,,,Q1 FY2021,SEC XBRL Operating Income for Q1 FY2021: 594000000 USD,$594000000,,,,,,,,,,,xbrl,XBRL Operating Income Q1 FY2021,
unpaired_actual,TSLA,2020,,,,,,net_income,Net Income,,consolidated,,,,Q1 FY2021,SEC XBRL Net Income for Q1 FY2021: 438000000 USD,$438000000,,,,,,,,,,,xbrl,XBRL Net Income Q1 FY2021,
unpaired_actual,TSLA,2020,,,,,,eps,Diluted EPS,,consolidated,,,,Q1 FY2021,SEC XBRL Diluted EPS for Q1 FY2021: 0.39 USD/share,$0.39,,,,,,,,,,,xbrl,XBRL Diluted EPS Q1 FY2021,
unpaired_actual,TSLA,2020,,,,,,operating_cash_flow,Operating Cash Flow,,consolidated,,,,Q1 FY2021,SEC XBRL Operating Cash Flow for Q1 FY2021: 1641000000 USD,$1641000000,,,,,,,,,,,xbrl,XBRL Operating Cash Flow Q1 FY2021,
unpaired_actual,TSLA,2020,,,,,,capital_expenditure,Capital Expenditures,,consolidated,,,,Q1 FY2021,SEC XBRL Capital Expenditures for Q1 FY2021: 1348000000 USD,$1348000000,,,,,,,,,,,xbrl,XBRL Capital Expenditures Q1 FY2021,
unpaired_actual,TSLA,2020,,,,,,gross_margin,Gross margin,,consolidated,,,,Q1 FY2021,SEC XBRL derived Gross margin for Q1 FY2021: 21.3206% (2215000000 / 10389000000),21.3206%,,,,,,,,,,,xbrl,XBRL Gross margin Q1 FY2021,
unpaired_actual,TSLA,2020,,,,,,operating_margin,Operating margin,,consolidated,,,,Q1 FY2021,SEC XBRL derived Operating margin for Q1 FY2021: 5.7176% (594000000 / 10389000000),5.7176%,,,,,,,,,,,xbrl,XBRL Operating margin Q1 FY2021,
unpaired_actual,TSLA,2020,,,,,,revenue,Revenue,,consolidated,,,,Q2 FY2021,SEC XBRL Revenue for Q2 FY2021: 11958000000 USD,$11958000000,,,,,,,,,,,xbrl,XBRL Revenue Q2 FY2021,
unpaired_actual,TSLA,2020,,,,,,gross_profit,Gross Profit,,consolidated,,,,Q2 FY2021,SEC XBRL Gross Profit for Q2 FY2021: 2884000000 USD,$2884000000,,,,,,,,,,,xbrl,XBRL Gross Profit Q2 FY2021,
unpaired_actual,TSLA,2020,,,,,,operating_income,Operating Income,,consolidated,,,,Q2 FY2021,SEC XBRL Operating Income for Q2 FY2021: 1312000000 USD,$1312000000,,,,,,,,,,,xbrl,XBRL Operating Income Q2 FY2021,
unpaired_actual,TSLA,2020,,,,,,net_income,Net Income,,consolidated,,,,Q2 FY2021,SEC XBRL Net Income for Q2 FY2021: 1142000000 USD,$1142000000,,,,,,,,,,,xbrl,XBRL Net Income Q2 FY2021,
unpaired_actual,TSLA,2020,,,,,,eps,Diluted EPS,,consolidated,,,,Q2 FY2021,SEC XBRL Diluted EPS for Q2 FY2021: 1.02 USD/share,$1.02,,,,,,,,,,,xbrl,XBRL Diluted EPS Q2 FY2021,
unpaired_actual,TSLA,2020,,,,,,operating_cash_flow,Operating Cash Flow,,consolidated,,,,Q2 FY2021,SEC XBRL Operating Cash Flow for Q2 FY2021: 2124000000 USD,$2124000000,,,,,,,,,,,xbrl,XBRL Operating Cash Flow Q2 FY2021,
unpaired_actual,TSLA,2020,,,,,,capital_expenditure,Capital Expenditures,,consolidated,,,,Q2 FY2021,SEC XBRL Capital Expenditures for Q2 FY2021: 1505000000 USD,$1505000000,,,,,,,,,,,xbrl,XBRL Capital Expenditures Q2 FY2021,
unpaired_actual,TSLA,2020,,,,,,gross_margin,Gross margin,,consolidated,,,,Q2 FY2021,SEC XBRL derived Gross margin for Q2 FY2021: 24.1177% (2884000000 / 11958000000),24.1177%,,,,,,,,,,,xbrl,XBRL Gross margin Q2 FY2021,
unpaired_actual,TSLA,2020,,,,,,operating_margin,Operating margin,,consolidated,,,,Q2 FY2021,SEC XBRL derived Operating margin for Q2 FY2021: 10.9717% (1312000000 / 11958000000),10.9717%,,,,,,,,,,,xbrl,XBRL Operating margin Q2 FY2021,
unpaired_actual,TSLA,2020,,,,,,revenue,Revenue,,consolidated,,,,Q3 FY2021,SEC XBRL Revenue for Q3 FY2021: 13757000000 USD,$13757000000,,,,,,,,,,,xbrl,XBRL Revenue Q3 FY2021,
unpaired_actual,TSLA,2020,,,,,,gross_profit,Gross Profit,,consolidated,,,,Q3 FY2021,SEC XBRL Gross Profit for Q3 FY2021: 3660000000 USD,$3660000000,,,,,,,,,,,xbrl,XBRL Gross Profit Q3 FY2021,
unpaired_actual,TSLA,2020,,,,,,operating_income,Operating Income,,consolidated,,,,Q3 FY2021,SEC XBRL Operating Income for Q3 FY2021: 2004000000 USD,$2004000000,,,,,,,,,,,xbrl,XBRL Operating Income Q3 FY2021,
unpaired_actual,TSLA,2020,,,,,,net_income,Net Income,,consolidated,,,,Q3 FY2021,SEC XBRL Net Income for Q3 FY2021: 1618000000 USD,$1618000000,,,,,,,,,,,xbrl,XBRL Net Income Q3 FY2021,
unpaired_actual,TSLA,2020,,,,,,eps,Diluted EPS,,consolidated,,,,Q3 FY2021,SEC XBRL Diluted EPS for Q3 FY2021: 1.44 USD/share,$1.44,,,,,,,,,,,xbrl,XBRL Diluted EPS Q3 FY2021,
unpaired_actual,TSLA,2020,,,,,,operating_cash_flow,Operating Cash Flow,,consolidated,,,,Q3 FY2021,SEC XBRL Operating Cash Flow for Q3 FY2021: 3147000000 USD,$3147000000,,,,,,,,,,,xbrl,XBRL Operating Cash Flow Q3 FY2021,
unpaired_actual,TSLA,2020,,,,,,capital_expenditure,Capital Expenditures,,consolidated,,,,Q3 FY2021,SEC XBRL Capital Expenditures for Q3 FY2021: 1819000000 USD,$1819000000,,,,,,,,,,,xbrl,XBRL Capital Expenditures Q3 FY2021,
unpaired_actual,TSLA,2020,,,,,,gross_margin,Gross margin,,consolidated,,,,Q3 FY2021,SEC XBRL derived Gross margin for Q3 FY2021: 26.6046% (3660000000 / 13757000000),26.6046%,,,,,,,,,,,xbrl,XBRL Gross margin Q3 FY2021,
unpaired_actual,TSLA,2020,,,,,,operating_margin,Operating margin,,consolidated,,,,Q3 FY2021,SEC XBRL derived Operating margin for Q3 FY2021: 14.5671% (2004000000 / 13757000000),14.5671%,,,,,,,,,,,xbrl,XBRL Operating margin Q3 FY2021,
unpaired_actual,TSLA,2020,,,,,,revenue,Revenue,,consolidated,,,,Q4 FY2021,SEC XBRL Revenue for FY2021: 53823000000 USD,$53823000000,,,,,,,,,,,xbrl,XBRL Revenue FY2021,
unpaired_actual,TSLA,2020,,,,,,gross_profit,Gross Profit,,consolidated,,,,Q4 FY2021,SEC XBRL Gross Profit for FY2021: 13606000000 USD,$13606000000,,,,,,,,,,,xbrl,XBRL Gross Profit FY2021,
unpaired_actual,TSLA,2020,,,,,,operating_income,Operating Income,,consolidated,,,,Q4 FY2021,SEC XBRL Operating Income for FY2021: 6523000000 USD,$6523000000,,,,,,,,,,,xbrl,XBRL Operating Income FY2021,
unpaired_actual,TSLA,2020,,,,,,net_income,Net Income,,consolidated,,,,Q4 FY2021,SEC XBRL Net Income for FY2021: 5519000000 USD,$5519000000,,,,,,,,,,,xbrl,XBRL Net Income FY2021,
unpaired_actual,TSLA,2020,,,,,,eps,Diluted EPS,,consolidated,,,,Q4 FY2021,SEC XBRL Diluted EPS for FY2021: 4.9 USD/share,$4.9,,,,,,,,,,,xbrl,XBRL Diluted EPS FY2021,
unpaired_actual,TSLA,2020,,,,,,operating_cash_flow,Operating Cash Flow,,consolidated,,,,Q4 FY2021,SEC XBRL Operating Cash Flow for FY2021: 11497000000 USD,$11497000000,,,,,,,,,,,xbrl,XBRL Operating Cash Flow FY2021,
unpaired_actual,TSLA,2020,,,,,,capital_expenditure,Capital Expenditures,,consolidated,,,,Q4 FY2021,SEC XBRL Capital Expenditures for FY2021: 6482000000 USD,$6482000000,,,,,,,,,,,xbrl,XBRL Capital Expenditures FY2021,
unpaired_actual,TSLA,2020,,,,,,gross_margin,Gross margin,,consolidated,,,,Q4 FY2021,SEC XBRL derived Gross margin for FY2021: 25.2792% (13606000000 / 53823000000),25.2792%,,,,,,,,,,,xbrl,XBRL Gross margin FY2021,
unpaired_actual,TSLA,2020,,,,,,operating_margin,Operating margin,,consolidated,,,,Q4 FY2021,SEC XBRL derived Operating margin for FY2021: 12.1194% (6523000000 / 53823000000),12.1194%,,,,,,,,,,,xbrl,XBRL Operating margin FY2021,
