record_type,ticker,anchor_year,cohort,guidance_issued_period,guidance_issued_year,target_period,target_coverage_complete,target_coverage_missing_sources,guidance_category,metric_key,metric_label,metric_label_original,business_scope,guidance_text,guidance_value_raw,guidance_value_normalized,actual_period,actual_text,actual_value_raw,actual_value_normalized,verdict,explanation,confidence,comparison_scope,is_out_of_cohort,revision_group,is_primary_guidance,unresolved_reason,guidance_source_type,guidance_source_label,guidance_source_url,actual_source_type,actual_source_label,actual_source_url
comparison,NVDA,2021,prior-year guidance resolved in anchor year,NVDA_Q4_2020,2020,Q1 FY2021,False,"[""NVDA_Q1_2021"", ""10-Q Q1 2021""]",financial,operating_expenses,Operating expenses,GAAP and non-GAAP operating expenses,consolidated,"GAAP and non-GAAP operating expenses are expected to be approximately $1.05 billion and $835 million, respectively.","approximately $1.05 billion and $835 million, respectively","{""low"": 1050000000.0, ""high"": 1050000000.0, ""value"": 1050000000.0, ""unit"": ""currency"", ""direction"": ""approximately"", ""raw"": ""approximately $1.05 billion and $835 million, respectively""}",,,,,Coverage Incomplete,"The target period is not fully covered by the loaded source corpus. Missing expected evidence sources: NVDA_Q1_2021, 10-Q Q1 2021. This item remains open and is not scored.",low,active_cohort,False,operating_expenses_consolidated_q1_fy2021,True,"The target period is not fully covered by the loaded source corpus. Missing expected evidence sources: NVDA_Q1_2021, 10-Q Q1 2021. This item remains open and is not scored.",transcript,NVDA_Q4_2020,,,,
comparison,NVDA,2021,prior-year guidance resolved in anchor year,NVDA_Q4_2020,2020,Q1 FY2021,False,"[""NVDA_Q1_2021"", ""10-Q Q1 2021""]",financial,revenue,Revenue,GAAP and non-GAAP gross margins,consolidated,"We expect revenue to be $3 billion, plus or minus 2%.","$3 billion, plus or minus 2%","{""low"": 2940000000.0, ""high"": 3060000000.0, ""value"": 3000000000.0, ""unit"": ""currency"", ""direction"": ""range"", ""raw"": ""$3 billion, plus or minus 2%""}",,,,,Superseded,"A later valid guidance statement for the same metric, scope, and target period superseded this statement before the outcome.",low,active_cohort,False,revenue_consolidated_q1_fy2021,False,,transcript,NVDA_Q4_2020,,,,
comparison,NVDA,2021,prior-year guidance resolved in anchor year,NVDA_Q4_2020,2020,Q1 FY2021,False,"[""NVDA_Q1_2021"", ""10-Q Q1 2021""]",financial,revenue,Revenue,Revenue,consolidated,"While it is still early and the ultimate effect is difficult to estimate, we have reduced our Q1 revenue outlook by $100 million to account for the potential impact.",$100 million,"{""low"": 100000000.0, ""high"": 100000000.0, ""value"": 100000000.0, ""unit"": ""currency"", ""direction"": ""exact"", ""raw"": ""$100 million""}",,,,,Coverage Incomplete,"The target period is not fully covered by the loaded source corpus. Missing expected evidence sources: NVDA_Q1_2021, 10-Q Q1 2021. This item remains open and is not scored.",low,active_cohort,False,revenue_consolidated_q1_fy2021,True,"The target period is not fully covered by the loaded source corpus. Missing expected evidence sources: NVDA_Q1_2021, 10-Q Q1 2021. This item remains open and is not scored.",transcript,NVDA_Q4_2020,,,,
comparison,NVDA,2021,outside anchor-year cohorts,NVDA_Q2_2021,2021,Q3 FY2021,True,[],financial,operating_expenses,Operating expenses,GAAP and non-GAAP other income and expenses,consolidated,"Full year GAAP and non-GAAP opex is tracking in line with our outlook of $5.7 billion and $4.1 billion, respectively.",$5.7 billion,"{""low"": 5700000000.0, ""high"": 5700000000.0, ""value"": 5700000000.0, ""unit"": ""currency"", ""direction"": ""exact"", ""raw"": ""$5.7 billion""}",,,,,Superseded,"A later valid guidance statement for the same metric, scope, and target period superseded this statement before the outcome.",low,explicit_target_appendix,True,operating_expenses_consolidated_q3_fy2021,False,,transcript,NVDA_Q2_2021,,,,
comparison,NVDA,2021,outside anchor-year cohorts,NVDA_Q2_2021,2021,Q3 FY2021,True,[],financial,operating_expenses,Operating expenses,GAAP and non-GAAP gross margins,consolidated,"GAAP and non-GAAP operating expenses are expected to be approximately $1.54 billion and $1.09 billion, respectively.",approximately $1.54 billion,"{""low"": 1540000000.0, ""high"": 1540000000.0, ""value"": 1540000000.0, ""unit"": ""currency"", ""direction"": ""approximately"", ""raw"": ""approximately $1.54 billion""}",Q3 FY2021,"Operating Expenses Three Months Ended Six Months Ended August 1, 2021 July 26, 2020 $ Change % Change August 1, 2021 July 26, 2020 $ Change % Change ($ in millions) Research and development expenses $ 1,245 $ 997 $ 248 25 % $ 2,398 $ 1,732 $ 666 38 % % of net revenue 19 % 26 % 20 % 25 % Sales, general and administrative expenses 526 627 (101) (16) % 1,046 920 126 14 % % of net revenue 8 % 16 % 9 % 13 % Total operating expenses $ 1,771 $ 1,624 $ 147 9 % $ 3,444 $ 2,652 $ 792 30 % Research and Development Research and development expenses increased by 25% during the second quarter of fiscal year 2022 compared to the second quarter of fiscal year 2021, primarily driven by employee additions and higher employee compensation, including stock-based compensation and infrastructure costs.","$ 1,771","{""low"": 1771.0, ""high"": 1771.0, ""value"": 1771.0, ""unit"": ""currency"", ""direction"": ""exact"", ""raw"": ""$ 1,771""}",Not Verifiable After Exhaustive Search,"A candidate actual was found, but deterministic comparability checks rejected it: The guidance used approximate language without a defensible tolerance.",high,explicit_target_appendix,True,operating_expenses_consolidated_q3_fy2021,True,"A candidate actual was found, but deterministic comparability checks rejected it: The guidance used approximate language without a defensible tolerance.",transcript,NVDA_Q2_2021,,filing,10-Q Q3 2021 — ITEM 2. MANAGEMENT’S DISCUSSION AND ANALYSIS OF FINANCIAL CONDITION AND RESULTS OF OPERATIONS,
comparison,NVDA,2021,outside anchor-year cohorts,NVDA_Q2_2021,2021,Q3 FY2021,True,[],financial,revenue,Revenue,Revenue,consolidated,"We expect revenue to be $4.4 billion, plus or minus 2%.","$4.4 billion, plus or minus 2%","{""low"": 4312000000.0, ""high"": 4488000000.0, ""value"": 4400000000.0, ""unit"": ""currency"", ""direction"": ""range"", ""raw"": ""$4.4 billion, plus or minus 2%""}",Q3 FY2021,"Our Condensed Consolidated Statements of Income include stock-based compensation expense, net of amounts allocated to inventory, as follows: Three Months Ended Six Months Ended August 1, 2021 July 26, 2020 August 1, 2021 July 26, 2020 (In millions) Cost of revenue $ 32 $ 14 $ 57 $ 35 Research and development 297 228 573 362 Sales, general and administrative 136 132 264 201 Total $ 465 $ 374 $ 894 $ 598 Equity Award Activity The following is a summary of equity award transactions under our equity incentive plans: RSUs, PSUs, and Market-based PSUs Outstanding Number of Shares Weighted Average Grant-Date Fair Value Per Share (In millions, except per share data) Balances, January 31, 2021 59 $ 66.17 Granted 15 $ 181.65 Vested restricted stock ( 17 ) $ 62.20 Canceled and forfeited ( 1 ) $ 70.78 Balances, August 1, 2021 56 $ 100.01 As of August 1, 2021, there was $ 5.35 billion of aggregate unearned stock-based compensation expense, net of forfeitures.",$ 32,"{""low"": 32.0, ""high"": 32.0, ""value"": 32.0, ""unit"": ""currency"", ""direction"": ""exact"", ""raw"": ""$ 32""}",Missed,The actual is outside the stated range.,high,explicit_target_appendix,True,revenue_consolidated_q3_fy2021,True,,transcript,NVDA_Q2_2021,,filing,10-Q Q3 2021 — ITEM 1. FINANCIAL STATEMENTS (UNAUDITED) — Note 4 - Stock-Based Compensation,
comparison,NVDA,2021,outside anchor-year cohorts,NVDA_Q3_2021,2021,Q4 FY2021,True,[],financial,operating_expenses,Operating expenses,GAAP and non-GAAP operating expenses,consolidated,"GAAP and non-GAAP operating expenses are expected to be approximately $2.02 billion and $1.43 billion, respectively.","approximately $2.02 billion and $1.43 billion, respectively","{""low"": 2020000000.0, ""high"": 2020000000.0, ""value"": 2020000000.0, ""unit"": ""currency"", ""direction"": ""approximately"", ""raw"": ""approximately $2.02 billion and $1.43 billion, respectively""}",,,,,Not Verifiable After Exhaustive Search,"The loaded transcript, filing-section, filing-table, and XBRL search matrix did not contain a defensible actual for the same metric, scope, unit, and target period. Missing evidence is not treated as a miss.",low,explicit_target_appendix,True,operating_expenses_consolidated_q4_fy2021,True,"The loaded transcript, filing-section, filing-table, and XBRL search matrix did not contain a defensible actual for the same metric, scope, unit, and target period. Missing evidence is not treated as a miss.",transcript,NVDA_Q3_2021,,,,
comparison,NVDA,2021,outside anchor-year cohorts,NVDA_Q3_2021,2021,Q4 FY2021,True,[],financial,revenue,Revenue,Revenue,consolidated,Revenue is expected to be $7.4 billion plus or minus 2%.,$7.4 billion plus or minus 2%,"{""low"": 7252000000.0, ""high"": 7548000000.0, ""value"": 7400000000.0, ""unit"": ""currency"", ""direction"": ""range"", ""raw"": ""$7.4 billion plus or minus 2%""}",Q4 FY2021,"Our Condensed Consolidated Statements of Income include stock-based compensation expense, net of amounts allocated to inventory, as follows: Three Months Ended Nine Months Ended October 31, 2021 October 25, 2020 October 31, 2021 October 25, 2020 (In millions) Cost of revenue $ 44 $ 28 $ 102 $ 62 Research and development 363 232 935 594 Sales, general and administrative 152 123 416 325 Total $ 559 $ 383 $ 1,453 $ 981 Equity Award Activity The following is a summary of equity award transactions under our equity incentive plans: RSUs, PSUs, and Market-based PSUs Outstanding Number of Shares Weighted Average Grant-Date Fair Value Per Share (In millions, except per share data) Balances, January 31, 2021 59 $ 66.17 Granted 17 $ 184.63 Vested restricted stock ( 23 ) $ 62.39 Canceled and forfeited ( 1 ) $ 80.50 Balances, October 31, 2021 52 $ 107.42 As of October 31, 2021, there was $ 5.16 billion of aggregate unearned stock-based compensation expense, net of forfeitures.",$ 44,"{""low"": 44.0, ""high"": 44.0, ""value"": 44.0, ""unit"": ""currency"", ""direction"": ""exact"", ""raw"": ""$ 44""}",Missed,The actual is outside the stated range.,high,explicit_target_appendix,True,revenue_consolidated_q4_fy2021,True,,transcript,NVDA_Q3_2021,,filing,10-Q Q4 2021 — ITEM 1. FINANCIAL STATEMENTS (UNAUDITED) — Note 4 - Stock-Based Compensation,
comparison,NVDA,2021,anchor-year guidance resolved in following year,NVDA_Q4_2021,2021,FY2022,True,[],financial,operating_expenses,Operating expenses,non-GAAP operating expenses growth,consolidated,"For the full year, we expect to grow non-GAAP opex in the mid-20% range.",mid- 20,"{""low"": 20.0, ""high"": 20.0, ""value"": 20.0, ""unit"": ""number"", ""direction"": ""approximately"", ""raw"": ""mid- 20""}",,,,,Not Verifiable After Exhaustive Search,"The loaded transcript, filing-section, filing-table, and XBRL search matrix did not contain a defensible actual for the same metric, scope, unit, and target period. Missing evidence is not treated as a miss.",low,active_cohort,False,operating_expenses_consolidated_fy2022,True,"The loaded transcript, filing-section, filing-table, and XBRL search matrix did not contain a defensible actual for the same metric, scope, unit, and target period. Missing evidence is not treated as a miss.",transcript,NVDA_Q4_2021,,,,
comparison,NVDA,2021,anchor-year guidance resolved in following year,NVDA_Q4_2021,2021,Q1 FY2022,True,"[""10-Q Q1 2022""]",financial,operating_expenses,Operating expenses,GAAP and non-GAAP operating expenses,consolidated,GAAP and non-GAAP operating expenses are expected to be approximately $1.67 billion and $1.2 billion respectively.,approximately $1.67 billion and $1.2 billion respectively,"{""low"": 1670000000.0, ""high"": 1670000000.0, ""value"": 1670000000.0, ""unit"": ""currency"", ""direction"": ""approximately"", ""raw"": ""approximately $1.67 billion and $1.2 billion respectively""}",,,,,Not Verifiable After Exhaustive Search,"The loaded transcript, filing-section, filing-table, and XBRL search matrix did not contain a defensible actual for the same metric, scope, unit, and target period. Missing evidence is not treated as a miss.",low,active_cohort,False,operating_expenses_consolidated_q1_fy2022,True,"The loaded transcript, filing-section, filing-table, and XBRL search matrix did not contain a defensible actual for the same metric, scope, unit, and target period. Missing evidence is not treated as a miss.",transcript,NVDA_Q4_2021,,,,
comparison,NVDA,2021,anchor-year guidance resolved in following year,NVDA_Q4_2021,2021,Q1 FY2022,True,"[""10-Q Q1 2022""]",financial,revenue,Revenue,Revenue,consolidated,Revenue is expected to be $5.3 billion plus or minus 2% with most of the sequential growth driven by Gaming.,$5.3 billion plus or minus 2%,"{""low"": 5194000000.0, ""high"": 5406000000.0, ""value"": 5300000000.0, ""unit"": ""currency"", ""direction"": ""range"", ""raw"": ""$5.3 billion plus or minus 2%""}",Q1 FY2022,SEC XBRL Revenue for Q1 FY2022: 5661000000 USD,$5661000000,"{""low"": 5661000000.0, ""high"": 5661000000.0, ""value"": 5661000000.0, ""unit"": ""currency"", ""direction"": ""exact"", ""raw"": ""$5661000000""}",Missed,The actual is outside the stated range.,high,active_cohort,False,revenue_consolidated_q1_fy2022,True,,transcript,NVDA_Q4_2021,,xbrl,XBRL Revenue Q1 FY2022,
unpaired_actual,NVDA,2021,,,,,,,,revenue,Revenue,,consolidated,,,,Q3 FY2020,The unaudited pro forma information presented above is for informational purposes only and is not necessarily indicative of our consolidated results of operations of the combined business had the acquisition actually occurred at the beginning of fiscal year 2020 or of the results of our future operations of the combined businesses.,,,,,,,,,,,,,,filing,10-Q Q3 2020 — ITEM 1. FINANCIAL STATEMENTS (UNAUDITED) — Note 2 - Business Combination,
unpaired_actual,NVDA,2021,,,,,,,,revenue,Revenue,,segment:automotive,,,,Q3 FY2020,"The following table summarizes information pertaining to our revenue from customers based on the invoicing address by geographic regions: Three Months Ended Six Months Ended July 26, July 28, July 26, July 28, 2020 2019 2020 2019 (In millions) Revenue: Taiwan $ 954 $ 635 $ 1,766 $ 1,333 United States 944 188 1,441 353 China (including Hong Kong) 855 583 1,614 1,136 Other Asia Pacific 698 756 1,305 1,178 Europe 240 288 494 537 Other countries 175 129 326 262 Total revenue $ 3,866 $ 2,579 $ 6,946 $ 4,799 The following table summarizes information pertaining to our revenue by each of the specialized markets we serve: Three Months Ended Six Months Ended July 26, July 28, July 26, July 28, 2020 2019 2020 2019 (In millions) Revenue: Gaming $ 1,654 $ 1,313 $ 2,993 $ 2,368 Professional Visualization 203 291 510 557 Data Center 1,752 655 2,893 1,289 Automotive 111 209 266 375 OEM and Other 146 111 284 210 Total revenue $ 3,866 $ 2,579 $ 6,946 $ 4,799 No customer represented 10% or more of total revenue for the second quarter and first half of fiscal year 2021.","26,",,,,,,,,,,,,,filing,10-Q Q3 2020 — ITEM 1. FINANCIAL STATEMENTS (UNAUDITED) — Note 15 - Segment Information,
unpaired_actual,NVDA,2021,,,,,,,,gross_margin,Gross margin,,consolidated,,,,Q2 FY2021,"Second Quarter of Fiscal Year 2021 Summary Three Months Ended July 26, 2020 April 26, 2020 July 28, 2019 Quarter-over-Quarter Change Year-over-Year Change ($ in millions, except per share data) Revenue $ 3,866 $ 3,080 $ 2,579 26 % 50 % Gross margin 58.8 % 65.1 % 59.8 % (630) bps (100) bps Operating expenses $ 1,624 $ 1,028 $ 970 58 % 67 % Income from operations $ 651 $ 976 $ 571 (33) % 14 % Net income $ 622 $ 917 $ 552 (32) % 13 % Net income per diluted share $ 0.99 $ 1.47 $ 0.90 (33) % 10 % Revenue for the second quarter of fiscal year 2021 was $3.87 billion, up 50% from a year earlier and up 26% sequentially.","$ 3,866",,,,,,,,,,,,,filing,10-Q Q3 2020 — ITEM 2. MANAGEMENT’S DISCUSSION AND ANALYSIS OF FINANCIAL CONDITION AND RESULTS OF OPERATIONS,
unpaired_actual,NVDA,2021,,,,,,,,revenue,Revenue,,segment:graphics,,,,FY2021,Compute & Networking - Compute & Networking segment revenue for the second quarter of fiscal year 2021 compared to the second quarter of fiscal year 2020 increased by 130% and revenue for the first half of fiscal year 2021 compared to the first half of fiscal year 2020 increased by 101%.,130,,,,,,,,,,,,,filing,10-Q Q3 2020 — ITEM 2. MANAGEMENT’S DISCUSSION AND ANALYSIS OF FINANCIAL CONDITION AND RESULTS OF OPERATIONS,
unpaired_actual,NVDA,2021,,,,,,,,operating_expenses,Operating expenses,,segment:data_center,,,,FY2021,"Operating Expenses Three Months Ended Six Months Ended July 26, 2020 July 28, 2019 $ Change % Change July 26, 2020 July 28, 2019 $ Change % Change ($ in millions) ($ in millions) Research and development expenses $ 997 $ 704 $ 293 42 % $ 1,732 $ 1,379 $ 353 26 % % of net revenue 26 % 27 % 25 % 29 % Sales, general and administrative expenses 627 266 361 136 % 920 529 391 74 % % of net revenue 16 % 10 % 13 % 11 % Total operating expenses $ 1,624 $ 970 $ 654 67 % $ 2,652 $ 1,908 $ 744 39 % Research and Development Research and development expenses increased by 42% and 26% during the second quarter and first half of fiscal year 2021, compared to the second quarter and first half of fiscal year 2020, respectively, primarily driven by expenses and 32 stock-based compensation related to the Mellanox acquisition.",$ 997,,,,,,,,,,,,,filing,10-Q Q3 2020 — ITEM 2. MANAGEMENT’S DISCUSSION AND ANALYSIS OF FINANCIAL CONDITION AND RESULTS OF OPERATIONS,
unpaired_actual,NVDA,2021,,,,,,,,revenue_growth,Revenue growth,,segment:data_center,,,,Q4 FY2020,"Colette Kress -- Executive Vice President and Chief Financial Officer --- Page 2 --- Motley Fool transcript | Source URL in header Page 2 Thanks, Simona.",2,,,,,,,,,,,,,transcript,NVDA_Q4_2020,
unpaired_actual,NVDA,2021,,,,,,,,revenue_growth,Revenue growth,,segment:data_center,,,,FY2020,"Q4 revenue was $3.11 billion, up 41% year-on-year and up 3% sequentially, well above our outlook, reflecting upside in our data center and gaming businesses.",$3.11 billion,,,,,,,,,,,,,transcript,NVDA_Q4_2020,
unpaired_actual,NVDA,2021,,,,,,,,revenue,Revenue,,segment:data_center,,,,Q4 FY2020,"Full year revenue was $10.9 billion, down 7%, we recovered from the excess channel inventory in gaming and an earlier pause in hyperscale spending, and exited the year with great momentum.",$10.9 billion,,,,,,,,,,,,,transcript,NVDA_Q4_2020,
unpaired_actual,NVDA,2021,,,,,,,,revenue_growth,Revenue growth,,segment:gaming,,,,FY2020,"Starting with gaming, revenue of $1.49 billion was up 56% year-on-year and down 10% sequentially.",$1.49 billion,,,,,,,,,,,,,transcript,NVDA_Q4_2020,
unpaired_actual,NVDA,2021,,,,,,,,revenue_growth,Revenue growth,,segment:data_center,,,,Q4 FY2020,"Revenue was a record $968 million, up 43% year-on-year and up 33% sequentially.",$968 million,,,,,,,,,,,,,transcript,NVDA_Q4_2020,
unpaired_actual,NVDA,2021,,,,,,,,revenue_growth,Revenue growth,,segment:data center,,,,FY2020,"Full-year fiscal year '20 datacenter revenue was a record $2.98 billion, up 2% from the prior year.",$2.98 billion,,,,,,,,,,,,,transcript,NVDA_Q4_2020,
unpaired_actual,NVDA,2021,,,,,,,,revenue_growth,Revenue growth,,segment:proviz,,,,Q4 FY2020,"Revenue reached a record $331 million, up 13% year-on-year and up 2% sequentially.",$331 million,,,,,,,,,,,,,transcript,NVDA_Q4_2020,
unpaired_actual,NVDA,2021,,,,,,,,revenue_growth,Revenue growth,,segment:proviz,,,,FY2020,ProViz accelerated in Q4 as the --- Page 4 --- Motley Fool transcript | Source URL in header Page 4 rollout of more RTX-enabled applications is driving strong upgrade cycle for our Turing GPUs.,4,,,,,,,,,,,,,transcript,NVDA_Q4_2020,
unpaired_actual,NVDA,2021,,,,,,,,gross_margin,Gross margin,,consolidated,,,,Q1 FY2022,"First Quarter of Fiscal Year 2022 Summary Three Months Ended May 2, 2021 January 31, 2021 April 26, 2020 Quarter-over-Quarter Change Year-over-Year Change ($ in millions, except per share data) Revenue $ 5,661 $ 5,003 $ 3,080 13 % 84 % Gross margin 64.1 % 63.1 % 65.1 % 100 bps (100) bps Operating expenses $ 1,673 $ 1,650 $ 1,028 1 % 63 % Income from operations $ 1,956 $ 1,507 $ 976 30 % 100 % Net income $ 1,912 $ 1,457 $ 917 31 % 109 % Net income per diluted share $ 3.03 $ 2.31 $ 1.47 31 % 106 % We specialize in markets where our computing platforms can provide tremendous acceleration for applications.","$ 5,661",,,,,,,,,,,,,filing,10-Q Q2 2021 — ITEM 2. MANAGEMENT’S DISCUSSION AND ANALYSIS OF FINANCIAL CONDITION AND RESULTS OF OPERATIONS,
unpaired_actual,NVDA,2021,,,,,,,,revenue,Revenue,,segment:automotive,,,,Q1 FY2022,"Revenue for the first quarter of fiscal year 2022 was $5.66 billion, up 84% from a year earlier.",$5.66 billion,,,,,,,,,,,,,filing,10-Q Q2 2021 — ITEM 2. MANAGEMENT’S DISCUSSION AND ANALYSIS OF FINANCIAL CONDITION AND RESULTS OF OPERATIONS,
unpaired_actual,NVDA,2021,,,,,,,,revenue_growth,Revenue growth,,segment:data_center,,,,Q1 FY2022,The year-on-year revenue growth was driven primarily by the Mellanox acquisition and the ramp of NVIDIA Ampere GPU architecture products into vertical industries and hyperscale customers.,,,,,,,,,,,,,,filing,10-Q Q2 2021 — ITEM 2. MANAGEMENT’S DISCUSSION AND ANALYSIS OF FINANCIAL CONDITION AND RESULTS OF OPERATIONS,
unpaired_actual,NVDA,2021,,,,,,,,revenue,Revenue,,segment:professional visualization,,,,Q1 FY2022,The year-on-year increase was driven by sales of notebook workstation GPUs.,,,,,,,,,,,,,,filing,10-Q Q2 2021 — ITEM 2. MANAGEMENT’S DISCUSSION AND ANALYSIS OF FINANCIAL CONDITION AND RESULTS OF OPERATIONS,
unpaired_actual,NVDA,2021,,,,,,,,headcount,Headcount,,consolidated,,,,Q1 FY2022,"In addition to Mellanox, the year-on-year increase was primarily driven by compensation-related costs, including employee growth and infrastructure costs.",,,,,,,,,,,,,,filing,10-Q Q2 2021 — ITEM 2. MANAGEMENT’S DISCUSSION AND ANALYSIS OF FINANCIAL CONDITION AND RESULTS OF OPERATIONS,
unpaired_actual,NVDA,2021,,,,,,,,headcount,Headcount,,consolidated,,,,Q1 FY2022,"Sequential costs were relatively flat, with increased expenses from growth in employees offset by the additional week in the fourth quarter of fiscal year 2021.",,,,,,,,,,,,,,filing,10-Q Q2 2021 — ITEM 2. MANAGEMENT’S DISCUSSION AND ANALYSIS OF FINANCIAL CONDITION AND RESULTS OF OPERATIONS,
unpaired_actual,NVDA,2021,,,,,,,,gross_profit,Gross profit,,consolidated,,,,Q1 FY2022,"Three Months Ended May 2, 2021 April 26, 2020 Revenue 100.0 % 100.0 % Cost of revenue 35.9 34.9 Gross profit 64.1 65.1 Operating expenses Research and development 20.4 23.9 Sales, general and administrative 9.2 9.5 Total operating expenses 29.6 33.4 Income from operations 34.5 31.7 Interest income 0.1 1.0 Interest expense (0.9) (0.8) Other, net 2.4 — Other income (expense), net 1.6 0.2 Income before income tax 36.1 31.9 Income tax expense 2.3 2.1 Net income 33.8 % 29.8 % Revenue Revenue by Reportable Segments Three Months Ended May 2, 2021 April 26, 2020 $ Change % Change ($ in millions) Graphics $ 3,451 $ 1,906 $ 1,545 81 % Compute & Networking 2,210 1,174 1,036 88 % Total $ 5,661 $ 3,080 $ 2,581 84 % Graphics - Graphics segment revenue increased 81% in the first quarter of fiscal year 2022 compared to the first quarter of fiscal year 2021, reflecting growth in GeForce GPUs which benefited from continued strong sales of our GeForce RTX 30 Series based on the NVIDIA Ampere architecture.",100.0,,,,,,,,,,,,,filing,10-Q Q2 2021 — ITEM 2. MANAGEMENT’S DISCUSSION AND ANALYSIS OF FINANCIAL CONDITION AND RESULTS OF OPERATIONS,
unpaired_actual,NVDA,2021,,,,,,,,revenue,Revenue,,segment:graphics,,,,Q1 FY2022,"Additionally, revenue increased from higher sales of Quadro/NVIDIA RTX workstations and game console SOCs.",,,,,,,,,,,,,,filing,10-Q Q2 2021 — ITEM 2. MANAGEMENT’S DISCUSSION AND ANALYSIS OF FINANCIAL CONDITION AND RESULTS OF OPERATIONS,
unpaired_actual,NVDA,2021,,,,,,,,revenue,Revenue,,segment:compute & networking,,,,Q1 FY2022,"Compute & Networking - Compute & Networking segment revenue increased 88% for the first quarter of fiscal year 2022 compared to the first quarter of fiscal year 2021, reflecting the addition of Mellanox, which we acquired on April 27, 2020.",88,,,,,,,,,,,,,filing,10-Q Q2 2021 — ITEM 2. MANAGEMENT’S DISCUSSION AND ANALYSIS OF FINANCIAL CONDITION AND RESULTS OF OPERATIONS,
unpaired_actual,NVDA,2021,,,,,,,,gross_margin,Gross margin,,consolidated,,,,Q2 FY2022,"Gross Margin Our overall gross margin increased to 64.8% and 64.5% for the second quarter and first half of fiscal year 2022, respectively, from 58.8% and 61.6% for the second quarter and first half of fiscal year 2021, respectively.",64.8,,,,,,,,,,,,,filing,10-Q Q3 2021 — ITEM 2. MANAGEMENT’S DISCUSSION AND ANALYSIS OF FINANCIAL CONDITION AND RESULTS OF OPERATIONS,
unpaired_actual,NVDA,2021,,,,,,,,gross_margin,Gross margin,,consolidated,,,,Q2 FY2022,"Second Quarter of Fiscal Year 2022 Summary Three Months Ended August 1, 2021 May 2, 2021 July 26, 2020 Quarter-over-Quarter Change Year-over-Year Change ($ in millions, except per share data) Revenue $ 6,507 $ 5,661 $ 3,866 15 % 68 % Gross margin 64.8 % 64.1 % 58.8 % 70 bps 600 bps Operating expenses $ 1,771 $ 1,673 $ 1,624 6 % 9 % Income from operations $ 2,444 $ 1,956 $ 651 25 % 275 % Net income $ 2,374 $ 1,912 $ 622 24 % 282 % Net income per diluted share $ 0.94 $ 0.76 $ 0.25 24 % 276 % We specialize in markets where our computing platforms can provide tremendous acceleration for applications.","$ 6,507",,,,,,,,,,,,,filing,10-Q Q3 2021 — ITEM 2. MANAGEMENT’S DISCUSSION AND ANALYSIS OF FINANCIAL CONDITION AND RESULTS OF OPERATIONS,
unpaired_actual,NVDA,2021,,,,,,,,revenue,Revenue,,segment:automotive,,,,Q2 FY2022,"Revenue for the second quarter of fiscal year 2022 was $6.51 billion, up 68% from a year earlier.",$6.51 billion,,,,,,,,,,,,,filing,10-Q Q3 2021 — ITEM 2. MANAGEMENT’S DISCUSSION AND ANALYSIS OF FINANCIAL CONDITION AND RESULTS OF OPERATIONS,
unpaired_actual,NVDA,2021,,,,,,,,subscribers,Subscribers / customers,,segment:data_center,,,,Q2 FY2022,"The year-on-year growth was led by the ramp of NVIDIA Ampere architecture products into vertical industries and hyperscale customers, including strong growth in inference.",,,,,,,,,,,,,,filing,10-Q Q3 2021 — ITEM 2. MANAGEMENT’S DISCUSSION AND ANALYSIS OF FINANCIAL CONDITION AND RESULTS OF OPERATIONS,
unpaired_actual,NVDA,2021,,,,,,,,revenue_growth,Revenue growth,,segment:automotive,,,,Q2 FY2022,"Professional Visualization revenue was up 156% from a year earlier and up 40% sequentially, driven by the ramp of NVIDIA Ampere architecture GPUs, with growth led by desktop workstation GPUs.",up 156% year-over-year and up 40% sequentially,,,,,,,,,,,,,filing,10-Q Q3 2021 — ITEM 2. MANAGEMENT’S DISCUSSION AND ANALYSIS OF FINANCIAL CONDITION AND RESULTS OF OPERATIONS,
unpaired_actual,NVDA,2021,,,,,,,,gross_margin,Gross margin,,segment:oem,,,,Q2 FY2022,"GAAP gross margin for the second quarter was up 600 basis points from a year earlier, primarily due to a non-recurring inventory step-up expense of $161 million related to the Mellanox acquisition in the second quarter of fiscal year 2021.",600 basis points,,,,,,,,,,,,,filing,10-Q Q3 2021 — ITEM 2. MANAGEMENT’S DISCUSSION AND ANALYSIS OF FINANCIAL CONDITION AND RESULTS OF OPERATIONS,
unpaired_actual,NVDA,2021,,,,,,,,gross_profit,Gross profit,,consolidated,,,,Q2 FY2022,"Three Months Ended Six Months Ended August 1, 2021 July 26, 2020 August 1, 2021 July 26, 2020 Revenue 100.0 % 100.0 % 100.0 % 100.0 % Cost of revenue 35.2 41.2 35.5 38.4 Gross profit 64.8 58.8 64.5 61.6 Operating expenses Research and development 19.1 25.8 19.7 24.9 Sales, general and administrative 8.1 16.2 8.6 13.3 Total operating expenses 27.2 42.0 28.3 38.2 Income from operations 37.6 16.8 36.2 23.4 Interest income 0.1 0.3 0.1 0.6 Interest expense (0.9) (1.4) (0.9) (1.1) Other, net 0.1 — 1.1 — Other income (expense), net (0.7) (1.1) 0.3 (0.5) Income before income tax 36.9 15.7 36.5 22.9 Income tax expense (benefit) 0.3 (0.3) 1.3 0.7 Net income 36.6 % 16.0 % 35.2 % 22.2 % Revenue Revenue by Reportable Segments Three Months Ended Six Months Ended August 1, 2021 July 26, 2020 $ Change % Change August 1, 2021 July 26, 2020 $ Change % Change ($ in millions) Graphics $ 3,907 $ 2,085 $ 1,822 87 % $ 7,358 $ 3,991 $ 3,367 84 % Compute & Networking 2,600 1,781 819 46 % 4,810 2,955 1,855 63 % Total $ 6,507 $ 3,866 $ 2,641 68 % $ 12,168 $ 6,946 $ 5,222 75 % Graphics - Graphics segment revenue increased 87% in the second quarter of fiscal year 2022 compared to the second quarter of fiscal year 2021 and 84% in the first half of fiscal year 2022 compared to the first half of fiscal year 2021, reflecting growth in GeForce GPUs which benefited from the introduction of new products of our GeForce RTX 30 Series for both desktop and laptops based on the NVIDIA Ampere architecture.",64.8%,,,,,,,,,,,,,filing,10-Q Q3 2021 — ITEM 2. MANAGEMENT’S DISCUSSION AND ANALYSIS OF FINANCIAL CONDITION AND RESULTS OF OPERATIONS,
unpaired_actual,NVDA,2021,,,,,,,,gross_margin,Gross margin,,segment:data_center,,,,Q3 FY2021,Non-gaming gross margin was up 150 basis points from a year earlier and up 30 basis points sequentially.,150 basis points,,,,,,,,,,,,,transcript,NVDA_Q3_2021,
unpaired_actual,NVDA,2021,,,,,,,,gross_margin,Gross margin,,consolidated,,,,Q3 FY2021,"Q3 GAAP EPS was $0.97, 83% from a year earlier.",$0.97,,,,,,,,,,,,,transcript,NVDA_Q3_2021,
unpaired_actual,NVDA,2021,,,,,,,,operating_income,Operating income,,consolidated,,,,Q3 FY2021,"Q3 cash flow from operations was $1.5 billion, up from $1.3 billion a year earlier and down from $2.7 billion in the prior quarter.",$1.5 billion,,,,,,,,,,,,,transcript,NVDA_Q3_2021,
unpaired_actual,NVDA,2021,,,,,,,,revenue_growth,Revenue growth,,consolidated,,,,FY2021,Q4 was another record quarter with revenue exceeding $5 billion and year-on-year growth accelerating to 61%.,$5 billion,,,,,,,,,,,,,transcript,NVDA_Q4_2021,
unpaired_actual,NVDA,2021,,,,,,,,revenue_growth,Revenue growth,,consolidated,,,,Q4 FY2021,"Full year revenue was also a record at $16.7 billion, up 53%.",$16.7 billion,,,,,,,,,,,,,transcript,NVDA_Q4_2021,
unpaired_actual,NVDA,2021,,,,,,,,revenue_growth,Revenue growth,,segment:gaming,,,,FY2021,"Full year Gaming --- Page 2 --- Motley Fool transcript | Source URL in header Page 2 revenue was a record of $7.8 billion, up 41%.",$7.8 billion,,,,,,,,,,,,,transcript,NVDA_Q4_2021,
unpaired_actual,NVDA,2021,,,,,,,,revenue_growth,Revenue growth,,segment:pro vis,,,,Q4 FY2021,"Moving to Pro Vis, Q4 revenue was $307 million, up 30% sequentially and down 10% [Phonetic] year-on-year and ahead of our expectations.",$307 million,,,,,,,,,,,,,transcript,NVDA_Q4_2021,
unpaired_actual,NVDA,2021,,,,,,,,revenue,Revenue,,segment:pro vis,,,,FY2021,Full year revenue was $1.1 [Phonetic] billion was down 13%.,$1.1 billion,,,,,,,,,,,,,transcript,NVDA_Q4_2021,
unpaired_actual,NVDA,2021,,,,,,,,revenue_growth,Revenue growth,,segment:automotive,,,,Q4 FY2021,"Q4 revenue was $145 million, up 16% sequentially and down 11% year-on-year.",$145 million,,,,,,,,,,,,,transcript,NVDA_Q4_2021,
unpaired_actual,NVDA,2021,,,,,,,,volume_impact,Volume impact,,segment:automotive,,,,FY2021,Sequential growth was driven by continued recovery in the global automotive production volumes and growth in AI cockpit revenue.,,,,,,,,,,,,,,transcript,NVDA_Q4_2021,
unpaired_actual,NVDA,2021,,,,,,,,share_repurchases,Share repurchases,,consolidated,,,,Q1 FY2023,"On May 23, 2022, our Board of Directors increased and extended our share repurchase program to repurchase additional common stock up to a total of $15 billion through December 2023.",$15 billion,,,,,,,,,,,,,filing,10-Q Q2 2022 — ITEM 2. MANAGEMENT’S DISCUSSION AND ANALYSIS OF FINANCIAL CONDITION AND RESULTS OF OPERATIONS,
unpaired_actual,NVDA,2021,,,,,,,,revenue,Revenue,,consolidated,,,,Q1 FY2023,We continue to benefit from increased sales of our NVIDIA Ampere architecture products.,,,,,,,,,,,,,,filing,10-Q Q2 2022 — ITEM 2. MANAGEMENT’S DISCUSSION AND ANALYSIS OF FINANCIAL CONDITION AND RESULTS OF OPERATIONS,
unpaired_actual,NVDA,2021,,,,,,,,gross_margin,Gross margin,,consolidated,,,,Q1 FY2023,"Gross Margin Our overall gross margin increased to 65.5% for the first quarter of fiscal year 2023 from 64.1% for the first quarter of fiscal year 2022, reflecting a higher-end mix of GeForce GPUs within our Graphics segment and a reduced impact to gross margin for acquisition-related costs.",65.5%,,,,,,,,,,,,,filing,10-Q Q2 2022 — ITEM 2. MANAGEMENT’S DISCUSSION AND ANALYSIS OF FINANCIAL CONDITION AND RESULTS OF OPERATIONS,
unpaired_actual,NVDA,2021,,,,,,,,operating_expenses,Operating expenses,,consolidated,,,,Q1 FY2023,"Operating Expenses Three Months Ended May 1, 2022 May 2, 2021 $ Change % Change ($ in millions) Research and development expenses $ 1,618 $ 1,153 $ 465 40 % % of net revenue 20 % 20 % Sales, general and administrative expenses 592 520 72 14 % % of net revenue 7 % 9 % Acquisition termination cost 1,353 — 1,353 100 % % of net revenue 16 % — % Total operating expenses $ 3,563 $ 1,673 $ 1,890 113 % Research and Development Research and development expenses increased by 40% during the first quarter of fiscal year 2023 compared to the first quarter of fiscal year 2022, primarily driven by compensation-related costs, including for employee growth and stock-based compensation, and engineering development costs.","$1,618 million",,,,,,,,,,,,,filing,10-Q Q2 2022 — ITEM 2. MANAGEMENT’S DISCUSSION AND ANALYSIS OF FINANCIAL CONDITION AND RESULTS OF OPERATIONS,
unpaired_actual,NVDA,2021,,,,,,,,revenue,Revenue,,segment:data_center,,,,Q2 FY2022,"Revenue of $2.4 billion, grew 16% sequentially and 35% from the year ago quarter -- the year ago quarter, which was our first quarter to include Mellanox.",$2.4 billion,,,,,,,,,,,,,transcript,NVDA_Q2_2022,
unpaired_actual,NVDA,2021,,,,,,,,subscribers,Subscribers / customers,,segment:aws,,,,Q2 FY2022,"Growth was driven by both hyperscale customers and vertical industries, each of which had record revenues.",,,,,,,,,,,,,,transcript,NVDA_Q2_2022,
unpaired_actual,NVDA,2021,,,,,,,,subscribers,Subscribers / customers,,segment:aws,,,,Q2 FY2022,"Vertical industry demand was strong with sequential growth led by financial services, supercomputing and telecom customers.",,,,,,,,,,,,,,transcript,NVDA_Q2_2022,
unpaired_actual,NVDA,2021,,,,,,,,dividend,Dividend,,consolidated,,,,FY2022,"7 NVIDIA CORPORATION AND SUBSIDIARIES CONDENSED CONSOLIDATED STATEMENTS OF CASH FLOWS (In millions) (Unaudited) Six Months Ended July 31, August 1, 2022 2021 Cash flows from operating activities: Net income $ 2,274 $ 4,285 Adjustments to reconcile net income to net cash provided by operating activities: Acquisition termination cost 1,353 — Stock-based compensation expense 1,226 894 Depreciation and amortization 712 567 Losses (gains) on investments in non-affiliates, net 24 ( 133 ) Deferred income taxes ( 985 ) ( 161 ) Other 18 16 Changes in operating assets and liabilities, net of acquisitions: Accounts receivable ( 668 ) ( 1,157 ) Inventories ( 1,285 ) ( 282 ) Prepaid expenses and other assets ( 1,554 ) 18 Accounts payable 559 245 Accrued and other current liabilities 1,267 166 Other long-term liabilities 60 98 Net cash provided by operating activities 3,001 4,556 Cash flows from investing activities: Proceeds from maturities of marketable securities 10,983 5,236 Proceeds from sales of marketable securities 1,731 705 Purchases of marketable securities ( 7,576 ) ( 9,268 ) Purchases related to property and equipment and intangible assets ( 794 ) ( 481 ) Acquisitions, net of cash acquired ( 49 ) — Investments and other, net ( 65 ) 3 Net cash provided by (used in) investing activities 4,230 ( 3,805 ) Cash flows from financing activities: Issuance of debt, net of issuance costs — 4,985 Proceeds related to employee stock plans 205 128 Payments related to repurchases of common stock ( 5,341 ) — Payments related to tax on restricted stock units ( 837 ) ( 843 ) Dividends paid ( 200 ) ( 198 ) Principal payments on property and equipment and intangible asset ( 36 ) ( 40 ) Other 1 ( 2 ) Net cash provided by (used in) financing activities ( 6,208 ) 4,030 Change in cash and cash equivalents 1,023 4,781 Cash and cash equivalents at beginning of period 1,990 847 Cash and cash equivalents at end of period $ 3,013 $ 5,628 Supplemental disclosures of cash flow information: Cash paid for income taxes, net $ 1,108 $ 241 See accompanying Notes to Condensed Consolidated Financial Statements.",7,,,,,,,,,,,,,filing,10-Q Q3 2022 — ITEM 1. FINANCIAL STATEMENTS (UNAUDITED) — Consolidated Financial Statements,
unpaired_actual,NVDA,2021,,,,,,,,revenue,Revenue,,consolidated,,,,FY2022,"Certain balance sheet components are as follows: July 31, January 30, 2022 2022 Inventories (1) : (In millions) Raw materials $ 1,534 $ 791 Work in-process 767 692 Finished goods 1,588 1,122 Total inventories $ 3,889 $ 2,605 (1) During the second quarter of fiscal year 2023, we recorded an inventory reserve expense of approximately $ 570 million in cost of revenue.","31,",,,,,,,,,,,,,filing,10-Q Q3 2022 — ITEM 1. FINANCIAL STATEMENTS (UNAUDITED) — Note 10 - Balance Sheet Components,
unpaired_actual,NVDA,2021,,,,,,,,headcount,Headcount,,segment:data_center,,,,FY2022,"In the second quarter of fiscal year 2023, we recorded $ 122 million in product warranty liabilities primarily related to a defect identified in a third-party component embedded in certain Data Center products.",$ 122 million,,,,,,,,,,,,,filing,10-Q Q3 2022 — ITEM 1. FINANCIAL STATEMENTS (UNAUDITED) — Note 13 - Commitments and Contingencies,
unpaired_actual,NVDA,2021,,,,,,,,profitability_timing,Profitability timing,,consolidated,,,,Q2 FY2023,"The decrease in our effective tax rate for the second quarter and first half of fiscal year 2023 as compared to the same periods of fiscal year 2022 was primarily due to the increased tax benefit of stock-based compensation, the foreign-derived intangible income deduction, and the U.S. federal research tax credit, relative to a reduction in expected profitability.",,,,,,,,,,,,,,filing,10-Q Q3 2022 — ITEM 1. FINANCIAL STATEMENTS (UNAUDITED) — Note 6 – Income Taxes,
unpaired_actual,NVDA,2021,,,,,,,,revenue,Revenue,,segment:north_america,,,,Q2 FY2023,"The year-on-year increase was primarily driven by hyperscale customer revenue, which nearly doubled.",,,,,,,,,,,,,,filing,10-Q Q3 2022 — ITEM 2. MANAGEMENT’S DISCUSSION AND ANALYSIS OF FINANCIAL CONDITION AND RESULTS OF OPERATIONS,
unpaired_actual,NVDA,2021,,,,,,,,revenue,Revenue,,segment:automotive,,,,Q2 FY2023,"The sequential increase in mobile revenue was more than offset by lower desktop revenue, particularly at the high end.",,,,,,,,,,,,,,filing,10-Q Q3 2022 — ITEM 2. MANAGEMENT’S DISCUSSION AND ANALYSIS OF FINANCIAL CONDITION AND RESULTS OF OPERATIONS,
unpaired_actual,NVDA,2021,,,,,,,,revenue,Revenue,,segment:automotive,,,,Q2 FY2023,"These increases were driven by revenue from self-driving and AI cockpit solutions, partially offset by a decline of legacy cockpit revenue.",,,,,,,,,,,,,,filing,10-Q Q3 2022 — ITEM 2. MANAGEMENT’S DISCUSSION AND ANALYSIS OF FINANCIAL CONDITION AND RESULTS OF OPERATIONS,
unpaired_actual,NVDA,2021,,,,,,,,revenue,Revenue,,segment:oem,,,,Q2 FY2023,"The sequential decline was driven by lower notebook OEM sales, partially offset by higher Jetson sales.",,,,,,,,,,,,,,filing,10-Q Q3 2022 — ITEM 2. MANAGEMENT’S DISCUSSION AND ANALYSIS OF FINANCIAL CONDITION AND RESULTS OF OPERATIONS,
unpaired_actual,NVDA,2021,,,,,,,,revenue,Revenue,,segment:data_center,,,,Q2 FY2023,These second quarter of fiscal year 2023 revenue transactions were recognized under our pre-established revenue recognition policy that includes extended payment terms conditions.,,,,,,,,,,,,,,filing,10-Q Q3 2022 — ITEM 2. MANAGEMENT’S DISCUSSION AND ANALYSIS OF FINANCIAL CONDITION AND RESULTS OF OPERATIONS,
unpaired_actual,NVDA,2021,,,,,,,,gross_margin,Gross margin,,segment:data_center,,,,FY2023,"Gross Margin Our overall gross margin decreased to 43.5% and 55.7% for the second quarter and first half of fiscal year 2023, respectively, from 64.8% and 64.5% for the second quarter and first half of fiscal year 2022, respectively.",43.5,,,,,,,,,,,,,filing,10-Q Q3 2022 — ITEM 2. MANAGEMENT’S DISCUSSION AND ANALYSIS OF FINANCIAL CONDITION AND RESULTS OF OPERATIONS,
unpaired_actual,NVDA,2021,,,,,,,,gross_margin,Gross margin,,consolidated,,,,Q2 FY2023,"Compute & Networking - The gross margin of our Compute & Networking segment decreased during the second quarter and first half of fiscal year 2023 compared to the second quarter and first half of fiscal year 2022, primarily due to inventory related and warranty reserves.",,,,,,,,,,,,,,filing,10-Q Q3 2022 — ITEM 2. MANAGEMENT’S DISCUSSION AND ANALYSIS OF FINANCIAL CONDITION AND RESULTS OF OPERATIONS,
unpaired_actual,NVDA,2021,,,,,,,,profitability_timing,Profitability timing,,consolidated,,,,Q3 FY2023,"Income tax as a percentage of income before income tax was a benefit of 10.9 % and 2.1 % for the third quarter and first nine months of fiscal year 2023, respectively, and an expense of 6.6 % and 4.6 % for the third quarter and first nine months of fiscal year 2022, respectively.",10.9,,,,,,,,,,,,,filing,10-Q Q4 2022 — ITEM 1. FINANCIAL STATEMENTS (UNAUDITED) — Note 6 – Income Taxes,
unpaired_actual,NVDA,2021,,,,,,,,gross_margin,Gross margin,,consolidated,,,,Q3 FY2023,"Gross Margin Our overall gross margin decreased to 53.6% and 55.1% for the third quarter and first nine months of fiscal year 2023, respectively, from 65.2% and 64.7% for the third quarter and first nine months of fiscal year 2022, respectively.",53.6% for Q3 FY2023 and 55.1% for first nine months FY2023,,,,,,,,,,,,,filing,10-Q Q4 2022 — ITEM 2. MANAGEMENT’S DISCUSSION AND ANALYSIS OF FINANCIAL CONDITION AND RESULTS OF OPERATIONS,
unpaired_actual,NVDA,2021,,,,,,,,operating_expenses,Operating expenses,,segment:data_center,,,,Q3 FY2023,"Operating Expenses Three Months Ended Nine Months Ended October 30, 2022 October 31, 2021 $ Change % Change October 30, 2022 October 31, 2021 $ Change % Change ($ in millions) Research and development expenses $ 1,945 $ 1,403 $ 542 39 % $ 5,387 $ 3,802 $ 1,585 42 % % of net revenue 33 % 20 % 26 % 20 % Sales, general and administrative expenses 631 557 74 13 % 1,815 1,603 212 13 % % of net revenue 11 % 8 % 9 % 8 % Acquisition termination cost — — — — % 1,353 — 1,353 (100) % % of net revenue — % — % 6 % — % Total operating expenses $ 2,576 $ 1,960 $ 616 31 % $ 8,555 $ 5,405 $ 3,150 58 % Research and development expense increases for the third quarter of fiscal year 2023 were primarily driven by compensation, employee growth and data center infrastructure.","$1,945 million for Q3 FY2023 and $5,387 million for first nine months FY2023",,,,,,,,,,,,,filing,10-Q Q4 2022 — ITEM 2. MANAGEMENT’S DISCUSSION AND ANALYSIS OF FINANCIAL CONDITION AND RESULTS OF OPERATIONS,
unpaired_actual,NVDA,2021,,,,,,,,gross_margin,Gross margin,,consolidated,,,,Q3 FY2023,"26 Third Quarter of Fiscal Year 2023 Summary Three Months Ended October 30, 2022 July 31, 2022 October 31, 2021 Quarter-over-Quarter Change Year-over-Year Change ($ in millions, except per share data) Revenue $ 5,931 $ 6,704 $ 7,103 (12) % (17) % Gross margin 53.6 % 43.5 % 65.2 % 10.1 pts (11.6) pts Operating expenses $ 2,576 $ 2,416 $ 1,960 7 % 31 % Income from operations $ 601 $ 499 $ 2,671 20 % (77) % Net income $ 680 $ 656 $ 2,464 4 % (72) % Net income per diluted share $ 0.27 $ 0.26 $ 0.97 4 % (72) % We specialize in markets where our computing platforms can provide tremendous acceleration for applications.",26,,,,,,,,,,,,,filing,10-Q Q4 2022 — ITEM 2. MANAGEMENT’S DISCUSSION AND ANALYSIS OF FINANCIAL CONDITION AND RESULTS OF OPERATIONS,
unpaired_actual,NVDA,2021,,,,,,,,revenue,Revenue,,segment:automotive,,,,Q3 FY2023,"Revenue for the third quarter of fiscal year 2023 was $5.93 billion, down 17% from a year ago and down 12% sequentially.",$5.93 billion,,,,,,,,,,,,,filing,10-Q Q4 2022 — ITEM 2. MANAGEMENT’S DISCUSSION AND ANALYSIS OF FINANCIAL CONDITION AND RESULTS OF OPERATIONS,
unpaired_actual,NVDA,2021,,,,,,,,revenue_growth,Revenue growth,,consolidated,,,,Q4 FY2022,Q4 revenue was $643 million was up 11% sequentially and up 109% from a year ago.,$643 million,,,,,,,,,,,,,transcript,NVDA_Q4_2022,
unpaired_actual,NVDA,2021,,,,,,,,revenue,Revenue,,segment:automotive,,,,Q4 FY2022,"--- Page 3 --- Motley Fool transcript | Source URL in header Page 3 Q4 revenue was $125 million, declined 7% sequentially and 14% from the year-ago quarter.",$125 million,,,,,,,,,,,,,transcript,NVDA_Q4_2022,
unpaired_actual,NVDA,2021,,,,,,,,revenue,Revenue,,segment:data_center,,,,Q4 FY2022,Record revenue of $3.3 billion grew 11% sequentially and 71% from a year earlier.,$3.3 billion,,,,,,,,,,,,,transcript,NVDA_Q4_2022,
unpaired_actual,NVDA,2021,,,,,,,,revenue_growth,Revenue growth,,consolidated,,,,FY2022,"Fiscal Year 2022 Summary Year Ended January 30, 2022 January 31, 2021 Change ($ in millions, except per share data) Revenue $ 26,914 $ 16,675 Up 61% Gross margin 64.9 % 62.3 % Up 260 bps Operating expenses $ 7,434 $ 5,864 Up 27% Income from operations $ 10,041 $ 4,532 Up 122% Net income $ 9,752 $ 4,332 Up 125% Net income per diluted share $ 3.85 $ 1.73 Up 123% We specialize in markets where our computing platforms can provide tremendous acceleration for applications.","$ 26,914",,,,,,,,,,,,,filing,10-K FY2022 — ITEM 7. MANAGEMENT’S DISCUSSION AND ANALYSIS OF FINANCIAL CONDITION AND RESULTS OF OPERATIONS,
unpaired_actual,NVDA,2021,,,,,,,,revenue_growth,Revenue growth,,segment:automotive,,,,FY2022,"Revenue for fiscal year 2022 was $26.91 billion, up 61% from a year ago.",$26.91 billion,,,,,,,,,,,,,filing,10-K FY2022 — ITEM 7. MANAGEMENT’S DISCUSSION AND ANALYSIS OF FINANCIAL CONDITION AND RESULTS OF OPERATIONS,
unpaired_actual,NVDA,2021,,,,,,,,revenue_growth,Revenue growth,,segment:automotive,,,,FY2022,"Professional Visualization revenue was up 100% from a year ago driven by the ramp of NVIDIA Ampere architecture products and strong demand for workstations as enterprises support hybrid work environments, as well as growth in workloads such as 3D design, AI and rendering.",100,,,,,,,,,,,,,filing,10-K FY2022 — ITEM 7. MANAGEMENT’S DISCUSSION AND ANALYSIS OF FINANCIAL CONDITION AND RESULTS OF OPERATIONS,
unpaired_actual,NVDA,2021,,,,,,,,revenue_growth,Revenue growth,,segment:automotive,,,,FY2022,Automotive revenue was up 6% from a year ago due to self-driving and AI cockpit solutions offset by a decline in legacy cockpit revenue.,6,,,,,,,,,,,,,filing,10-K FY2022 — ITEM 7. MANAGEMENT’S DISCUSSION AND ANALYSIS OF FINANCIAL CONDITION AND RESULTS OF OPERATIONS,
unpaired_actual,NVDA,2021,,,,,,,,revenue,Revenue,,segment:oem,,,,FY2022,CMP revenue was $550 million for the fiscal year and was nominal in the prior year.,$550 million,,,,,,,,,,,,,filing,10-K FY2022 — ITEM 7. MANAGEMENT’S DISCUSSION AND ANALYSIS OF FINANCIAL CONDITION AND RESULTS OF OPERATIONS,
unpaired_actual,NVDA,2021,,,,,,,,gross_profit,Gross profit,,consolidated,,,,Q3 FY2020,"NVIDIA CORPORATION AND SUBSIDIARIES CONDENSED CONSOLIDATED STATEMENTS OF INCOME (In millions, except per share data) (Unaudited) Three Months Ended Six Months Ended July 26, July 28, July 26, July 28, 2020 2019 2020 2019 Revenue $ 3,866 $ 2,579 $ 6,946 $ 4,799 Cost of revenue 1,591 1,038 2,667 1,962 Gross profit 2,275 1,541 4,279 2,837 Operating expenses Research and development 997 704 1,732 1,379 Sales, general and administrative 627 266 920 529 Total operating expenses 1,624 970 2,652 1,908 Income from operations 651 571 1,627 929 Interest income 13 47 44 92 Interest expense ( 54 ) ( 13 ) ( 78 ) ( 27 ) Other, net ( 1 ) 1 ( 2 ) 1 Other income (expense), net ( 42 ) 35 ( 36 ) 66 Income before income tax 609 606 1,591 995 Income tax expense (benefit) ( 13 ) 54 52 48 Net income $ 622 $ 552 $ 1,539 $ 947 Net income per share: Basic $ 1.01 $ 0.91 $ 2.50 $ 1.56 Diluted $ 0.99 $ 0.90 $ 2.47 $ 1.54 Weighted average shares used in per share computation: Basic 616 609 615 608 Diluted 626 616 624 616 See accompanying Notes to Condensed Consolidated Financial Statements.","26,",,,,,,,,,,,,,filing,10-Q Q3 2020 — ITEM 1. FINANCIAL STATEMENTS (UNAUDITED) — Consolidated Financial Statements,
unpaired_actual,NVDA,2021,,,,,,,,deliveries,Deliveries,,consolidated,,,,Q3 FY2020,"Intangible Assets The estimated fair value and weighted average useful life of the acquired intangible assets are as follows: Fair Value Weighted Average Useful Lives (In millions) Developed technology (1) $ 1,640 5 years Customer relationships (2) 440 3 years Order backlog (3) 190 Based on actual shipments Trade names (4) 70 5 years Total identified finite-lived intangible assets 2,340 IPR&D (5) 630 N/A Total identified intangible assets $ 2,970 (1) The fair value of developed technology was identified using the Multi-Period Excess Earning Method.",1,,,,,,,,,,,,,filing,10-Q Q3 2020 — ITEM 1. FINANCIAL STATEMENTS (UNAUDITED) — Note 2 - Business Combination,
unpaired_actual,NVDA,2021,,,,,,,,revenue,Revenue,,consolidated,,,,Q3 FY2020,"Our Condensed Consolidated Statements of Income include stock-based compensation expense, net of amounts allocated to inventory, as follows: Three Months Ended Six Months Ended July 26, 2020 July 28, 2019 July 26, 2020 July 28, 2019 (In millions) Cost of revenue $ 14 $ 8 $ 35 $ 12 Research and development 228 145 362 259 Sales, general and administrative 132 71 201 130 Total $ 374 $ 224 $ 598 $ 401 Equity Award Activity The following is a summary of equity award transactions under our equity incentive plans: RSUs, PSUs, and Market-based PSUs Outstanding Number of Shares Weighted Average Grant-Date Fair Value Per Share (In millions, except per share data) Balances, January 26, 2020 14 $ 176.72 Granted 8 $ 291.89 Vested restricted stock ( 5 ) $ 149.90 Balances, July 26, 2020 17 $ 239.22 As of July 26, 2020, there was $ 3.60 billion of aggregate unearned stock-based compensation expense, net of forfeitures.",$ 14,,,,,,,,,,,,,filing,10-Q Q3 2020 — ITEM 1. FINANCIAL STATEMENTS (UNAUDITED) — Note 4 - Stock-Based Compensation,
unpaired_actual,NVDA,2021,,,,,,,,production,Production,,segment:automotive,,,,Q3 FY2020,Automotive production was and remains well below pre-COVID-19 levels.,,,,,,,,,,,,,,filing,10-Q Q3 2020 — ITEM 1A. RISK FACTORS,
unpaired_actual,NVDA,2021,,,,,,,,capacity,Capacity,,consolidated,,,,Q3 FY2020,"Such measures, as well as restrictions or disruptions of transportation, such as reduced availability or increased cost of air transport, port closures and increased border controls or closures, could limit our capacity to meet customer demand and have a material adverse effect on our financial condition and results of operations.",,,,,,,,,,,,,,filing,10-Q Q3 2020 — ITEM 1A. RISK FACTORS,
unpaired_actual,NVDA,2021,,,,,,,,revenue,Revenue,,consolidated,,,,Q3 FY2020,One customer represented 11% of our total revenue for the second quarter and the first half of fiscal year 2020 and was attributable primarily to the Graphics segment.,11,,,,,,,,,,,,,filing,10-Q Q3 2020 — ITEM 2. MANAGEMENT’S DISCUSSION AND ANALYSIS OF FINANCIAL CONDITION AND RESULTS OF OPERATIONS,
unpaired_actual,NVDA,2021,,,,,,,,gross_margin,Gross margin,,consolidated,,,,Q3 FY2020,"Gross Margin Our overall gross margin decreased to 58.8% for the second quarter of fiscal year 2021 from 59.8% for the second quarter of fiscal year 2020, reflecting Mellanox acquisition-related costs including a non-recurring inventory step-up charge of $161 million and ongoing intangible asset amortization of $84 million, partially offset by an increase due to a shift in product mix.",58.8,,,,,,,,,,,,,filing,10-Q Q3 2020 — ITEM 2. MANAGEMENT’S DISCUSSION AND ANALYSIS OF FINANCIAL CONDITION AND RESULTS OF OPERATIONS,
unpaired_actual,NVDA,2021,,,,,,,,gross_margin,Gross margin,,consolidated,,,,Q3 FY2020,"Our overall gross margin increased to 61.6% for the first half of fiscal year 2021 from 59.1% for the first half of fiscal year 2020, primarily driven by a shift in product mix, partially offset by Mellanox acquisition-related costs including a non-recurring inventory step-up charge of $161 million and ongoing intangible asset amortization of $85 million.",61.6,,,,,,,,,,,,,filing,10-Q Q3 2020 — ITEM 2. MANAGEMENT’S DISCUSSION AND ANALYSIS OF FINANCIAL CONDITION AND RESULTS OF OPERATIONS,
unpaired_actual,NVDA,2021,,,,,,,,gross_margin,Gross margin,,consolidated,,,,Q3 FY2020,"As a result, the overall net effect on our gross margin was insignificant in the second quarter of fiscal year 2021, and an unfavorable impact of 0.4% in the second quarter of fiscal year 2020.",0.4,,,,,,,,,,,,,filing,10-Q Q3 2020 — ITEM 2. MANAGEMENT’S DISCUSSION AND ANALYSIS OF FINANCIAL CONDITION AND RESULTS OF OPERATIONS,
unpaired_actual,NVDA,2021,,,,,,,,gross_margin,Gross margin,,consolidated,,,,Q3 FY2020,"As a result, the overall net effect on our gross margin was insignificant in the first half of fiscal year 2021 and an unfavorable impact of 0.9% for the first half of fiscal year 2020.",0.9,,,,,,,,,,,,,filing,10-Q Q3 2020 — ITEM 2. MANAGEMENT’S DISCUSSION AND ANALYSIS OF FINANCIAL CONDITION AND RESULTS OF OPERATIONS,
unpaired_actual,NVDA,2021,,,,,,,,gross_margin,Gross margin,,segment:data_center,,,,Q3 FY2020,"A discussion of our gross margin results for each of our reportable segments is as follows: Graphics - The gross margin of our Graphics segment increased during the second quarter and first half of fiscal year 2021 compared to the second quarter and first half of fiscal year 2020, primarily driven by a shift in product mix.",,,,,,,,,,,,,,filing,10-Q Q3 2020 — ITEM 2. MANAGEMENT’S DISCUSSION AND ANALYSIS OF FINANCIAL CONDITION AND RESULTS OF OPERATIONS,
unpaired_actual,NVDA,2021,,,,,,,,gross_margin,Gross margin,,segment:data_center,,,,Q3 FY2020,"Compute & Networking - The gross margin of our Compute & Networking segment decreased during the second quarter and first half of fiscal year 2021 compared to the second quarter and first half of fiscal year 2020, primarily driven by Mellanox acquisition-related costs, partially offset by higher data center sales.",,,,,,,,,,,,,,filing,10-Q Q3 2020 — ITEM 2. MANAGEMENT’S DISCUSSION AND ANALYSIS OF FINANCIAL CONDITION AND RESULTS OF OPERATIONS,
unpaired_actual,NVDA,2021,,,,,,,,revenue,Revenue,,consolidated,,,,Q3 FY2020,"Sales, General and Administrative Sales, general and administrative expenses increased by 136% and 74% during the second quarter and first half of fiscal year 2021, compared to the second quarter of fiscal year 2020, respectively, primarily driven by Mellanox acquisition-related expenses.",136,,,,,,,,,,,,,filing,10-Q Q3 2020 — ITEM 2. MANAGEMENT’S DISCUSSION AND ANALYSIS OF FINANCIAL CONDITION AND RESULTS OF OPERATIONS,
unpaired_actual,NVDA,2021,,,,,,,,revenue,Revenue,,consolidated,,,,Q3 FY2020,"Cash used in investing activities increased in the first half of fiscal year 2021 compared to cash provided in the first half of fiscal year 2020, primarily reflects cash used for the acquisition of Mellanox, higher purchases of marketable securities, and lower maturities and sales of marketable securities.",,,,,,,,,,,,,,filing,10-Q Q3 2020 — ITEM 2. MANAGEMENT’S DISCUSSION AND ANALYSIS OF FINANCIAL CONDITION AND RESULTS OF OPERATIONS,
unpaired_actual,NVDA,2021,,,,,,,,product_milestone,Product / strategic milestone,,segment:automotive,,,,Q3 FY2020,"In addition to Mellanox, the year-on-year and sequential increases were driven by the ramp of Ampere GPU architecture products.",,,,,,,,,,,,,,filing,10-Q Q3 2020 — ITEM 2. MANAGEMENT’S DISCUSSION AND ANALYSIS OF FINANCIAL CONDITION AND RESULTS OF OPERATIONS,
unpaired_actual,NVDA,2021,,,,,,,,gross_margin,Gross margin,,segment:oem,,,,Q3 FY2020,"28 Gross margin for the second quarter of fiscal year 2021 was 58.8%, down 100 basis points from a year earlier and down 630 basis points sequentially, reflecting charges related to the Mellanox acquisition.",28,,,,,,,,,,,,,filing,10-Q Q3 2020 — ITEM 2. MANAGEMENT’S DISCUSSION AND ANALYSIS OF FINANCIAL CONDITION AND RESULTS OF OPERATIONS,
unpaired_actual,NVDA,2021,,,,,,,,operating_expenses,Operating expenses,,consolidated,,,,Q3 FY2020,"Operating expenses for the second quarter of fiscal year 2021 were $1.62 billion, up 67% from a year earlier and up 58% sequentially, primarily driven by our Mellanox acquisition, as well as hiring additional employees.",$1.62 billion,,,,,,,,,,,,,filing,10-Q Q3 2020 — ITEM 2. MANAGEMENT’S DISCUSSION AND ANALYSIS OF FINANCIAL CONDITION AND RESULTS OF OPERATIONS,
unpaired_actual,NVDA,2021,,,,,,,,product_milestone,Product / strategic milestone,,segment:automotive,,,,Q3 FY2020,"During the first quarter of fiscal year 2021, in our Gaming platform, we launched Minecraft with RTX as an open beta on Windows 10; announced the release of laptop models powered by NVIDIA GeForce GPUs; expanded the RTX Studio lineup powered by new GeForce RTX SUPER GPUs; released DLSS 2.0; and expanded NVIDIA GeForce NOW.",10,,,,,,,,,,,,,filing,10-Q Q3 2020 — ITEM 2. MANAGEMENT’S DISCUSSION AND ANALYSIS OF FINANCIAL CONDITION AND RESULTS OF OPERATIONS,
unpaired_actual,NVDA,2021,,,,,,,,gross_profit,Gross profit,,consolidated,,,,Q3 FY2020,"Three Months Ended Six Months Ended July 26, 2020 July 28, 2019 July 26, 2020 July 28, 2019 Revenue 100.0 % 100.0 % 100.0 % 100.0 % Cost of revenue 41.2 40.2 38.4 40.9 Gross profit 58.8 59.8 61.6 59.1 Operating expenses Research and development 25.8 27.3 24.9 28.7 Sales, general and administrative 16.2 10.3 13.3 11.0 Total operating expenses 42.0 37.6 38.2 39.7 Income from operations 16.8 22.2 23.4 19.4 Interest income 0.3 1.8 0.6 1.9 Interest expense (1.4) (0.5) (1.1) (0.6) Other income (expense), net (1.1) 1.3 (0.5) 1.3 Income before income tax 15.7 23.5 22.9 20.7 Income tax expense (benefit) (0.3) 2.1 0.7 1.0 Net income 16.0 % 21.4 % 22.2 % 19.7 % Revenue Revenue by Reportable Segments Three Months Ended Six Months Ended July 26, 2020 July 28, 2019 $ Change % Change July 26, 2020 July 28, 2019 $ Change % Change ($ in millions) Graphics $ 2,085 $ 1,803 $ 282 16 % $ 3,991 $ 3,329 $ 662 20 % Compute & Networking 1,781 776 1,005 130 % 2,955 1,470 1,485 101 % Total $ 3,866 $ 2,579 $ 1,287 50 % $ 6,946 $ 4,799 $ 2,147 45 % Graphics - Graphics segment revenue increased 16% in the second quarter of fiscal year 2021 compared to the second quarter of fiscal year 2020, which reflects growth in GeForce GPUs for gaming, partially offset by lower sales of Quadro workstations and game console SOCs.",100.0,,,,,,,,,,,,,filing,10-Q Q3 2020 — ITEM 2. MANAGEMENT’S DISCUSSION AND ANALYSIS OF FINANCIAL CONDITION AND RESULTS OF OPERATIONS,
unpaired_actual,NVDA,2021,,,,,,,,revenue,Revenue,,consolidated,,,,Q3 FY2020,"Graphics segment revenue increased 20% in the first half of fiscal year 2021 compared to the first half of fiscal year 2020, which reflects growth in GeForce GPUs for gaming, game console SOCs, and Quadro workstations.",20,,,,,,,,,,,,,filing,10-Q Q3 2020 — ITEM 2. MANAGEMENT’S DISCUSSION AND ANALYSIS OF FINANCIAL CONDITION AND RESULTS OF OPERATIONS,
unpaired_actual,NVDA,2021,,,,,,,,headcount,Headcount,,consolidated,,,,Q3 FY2020,"Changes in Internal Control Over Financial Reporting Other than the acquisition of Mellanox, there were no changes in our internal control over financial reporting during the second quarter of fiscal year 2021 that have materially affected, or are reasonably likely to materially affect, our internal control over financial reporting despite the fact that virtually all of our employees are working remotely due to the COVID-19 pandemic.",,,,,,,,,,,,,,filing,10-Q Q3 2020 — ITEM 4. CONTROLS AND PROCEDURES,
unpaired_actual,NVDA,2021,,,,,,,,dividend,Dividend,,consolidated,,,,Q3 FY2020,"7 NVIDIA CORPORATION AND SUBSIDIARIES CONDENSED CONSOLIDATED STATEMENTS OF CASH FLOWS (In millions) (Unaudited) Six Months Ended July 26, July 28, 2020 2019 Cash flows from operating activities: Net income $ 1,539 $ 947 Adjustments to reconcile net income to net cash provided by operating activities: Stock-based compensation expense 598 401 Depreciation and amortization 511 183 Deferred income taxes ( 64 ) ( 27 ) Other ( 5 ) 1 Changes in operating assets and liabilities, net of acquisitions: Accounts receivable ( 205 ) ( 137 ) Inventories ( 97 ) 378 Prepaid expenses and other assets 34 36 Accounts payable 63 ( 45 ) Accrued and other current liabilities 81 ( 79 ) Other long-term liabilities 21 ( 2 ) Net cash provided by operating activities 2,476 1,656 Cash flows from investing activities: Proceeds from maturities of marketable securities 1,032 3,592 Proceeds from sales of marketable securities 259 3,152 Purchases of marketable securities ( 8,286 ) ( 1,461 ) Acquisition of businesses, net of cash acquired ( 7,171 ) — Purchases of property and equipment and intangible assets ( 372 ) ( 241 ) Investments and other, net ( 7 ) ( 2 ) Net cash provided by (used in) investing activities ( 14,545 ) 5,040 Cash flows from financing activities: Issuance of debt, net of issuance costs 4,971 — Proceeds related to employee stock plans 94 83 Payments related to tax on restricted stock units ( 418 ) ( 261 ) Dividends paid ( 197 ) ( 195 ) Other ( 3 ) — Net cash provided by (used in) financing activities 4,447 ( 373 ) Change in cash and cash equivalents ( 7,622 ) 6,323 Cash and cash equivalents at beginning of period 10,896 782 Cash and cash equivalents at end of period $ 3,274 $ 7,105 Other non-cash investing activity: Assets acquired by assuming related liabilities $ 257 $ 80 See accompanying Notes to Condensed Consolidated Financial Statements.",7,,,,,,,,,,,,,filing,10-Q Q3 2020 — ITEM 1. FINANCIAL STATEMENTS (UNAUDITED) — Consolidated Financial Statements,
unpaired_actual,NVDA,2021,,,,,,,,revenue,Revenue,,segment:automotive,,,,Q3 FY2020,"One customer represented 11 % of our total revenue for the second quarter and first half of fiscal year 2020, and was attributable primarily to the Graphics segment.",11,,,,,,,,,,,,,filing,10-Q Q3 2020 — ITEM 1. FINANCIAL STATEMENTS (UNAUDITED) — Note 15 - Segment Information,
unpaired_actual,NVDA,2021,,,,,,,,dividend,Dividend,,consolidated,,,,Q4 FY2020,"7 NVIDIA CORPORATION AND SUBSIDIARIES CONDENSED CONSOLIDATED STATEMENTS OF CASH FLOWS (In millions) (Unaudited) Nine Months Ended October 25, October 27, 2020 2019 Cash flows from operating activities: Net income $ 2,875 $ 1,845 Adjustments to reconcile net income to net cash provided by operating activities: Stock-based compensation expense 981 624 Depreciation and amortization 810 275 Deferred income taxes ( 117 ) ( 5 ) Other ( 2 ) 5 Changes in operating assets and liabilities, net of acquisitions: Accounts receivable ( 667 ) ( 32 ) Inventories ( 190 ) 531 Prepaid expenses and other assets ( 409 ) 55 Accounts payable 289 91 Accrued and other current liabilities 111 ( 103 ) Other long-term liabilities 74 10 Net cash provided by operating activities 3,755 3,296 Cash flows from investing activities: Proceeds from maturities of marketable securities 5,165 4,744 Proceeds from sales of marketable securities 502 3,363 Purchases of marketable securities ( 12,840 ) ( 1,461 ) Acquisitions, net of cash acquired ( 8,524 ) — Purchases related to property and equipment and intangible assets ( 845 ) ( 344 ) Investments and other, net ( 4 ) ( 6 ) Net cash provided by (used in) investing activities ( 16,546 ) 6,296 Cash flows from financing activities: Issuance of debt, net of issuance costs 4,971 — Proceeds related to employee stock plans 190 146 Payments related to tax on restricted stock units ( 716 ) ( 463 ) Dividends paid ( 296 ) ( 292 ) Other ( 3 ) — Net cash provided by (used in) financing activities 4,146 ( 609 ) Change in cash and cash equivalents ( 8,645 ) 8,983 Cash and cash equivalents at beginning of period 10,896 782 Cash and cash equivalents at end of period $ 2,251 $ 9,765 See accompanying Notes to Condensed Consolidated Financial Statements.",7,,,,,,,,,,,,,filing,10-Q Q4 2020 — ITEM 1. FINANCIAL STATEMENTS (UNAUDITED) — Consolidated Financial Statements,
unpaired_actual,NVDA,2021,,,,,,,,revenue,Revenue,,segment:automotive,,,,Q4 FY2020,"The following table summarizes information pertaining to our revenue from customers based on the invoicing address by geographic regions: Three Months Ended Nine Months Ended October 25, October 27, October 25, October 27, 2020 2019 2020 2019 (In millions) Revenue: Taiwan $ 1,296 $ 838 $ 3,062 $ 2,171 China (including Hong Kong) 1,113 758 2,727 1,894 Other Asia Pacific 955 805 2,260 1,983 United States 890 236 2,331 589 Europe 247 216 741 753 Other countries 225 161 551 423 Total revenue $ 4,726 $ 3,014 $ 11,672 $ 7,813 The following table summarizes information pertaining to our revenue by each of the specialized markets we serve: Three Months Ended Nine Months Ended October 25, October 27, October 25, October 27, 2020 2019 2020 2019 (In millions) Revenue: Gaming $ 2,271 $ 1,659 $ 5,264 $ 4,027 Professional Visualization 236 324 746 881 Data Center 1,900 726 4,793 2,015 Automotive 125 162 391 537 OEM and Other 194 143 478 353 Total revenue $ 4,726 $ 3,014 $ 11,672 $ 7,813 24 NVIDIA CORPORATION AND SUBSIDIARIES NOTES TO CONDENSED CONSOLIDATED FINANCIAL STATEMENTS (Continued) (Unaudited) No customer represented 10% or more of total revenue for the third quarter and first nine months of fiscal year 2021.","25,",,,,,,,,,,,,,filing,10-Q Q4 2020 — ITEM 1. FINANCIAL STATEMENTS (UNAUDITED) — Note 15 - Segment Information,
unpaired_actual,NVDA,2021,,,,,,,,revenue,Revenue,,segment:automotive,,,,Q4 FY2020,"One customer represented 10 % and 11 % of our total revenue for the third quarter and first nine months of fiscal year 2020, respectively, and was attributable primarily to the Graphics segment.",10,,,,,,,,,,,,,filing,10-Q Q4 2020 — ITEM 1. FINANCIAL STATEMENTS (UNAUDITED) — Note 15 - Segment Information,
unpaired_actual,NVDA,2021,,,,,,,,revenue,Revenue,,consolidated,,,,Q4 FY2020,"Revenue attributable to Mellanox was approximately 13 % and 10 % of consolidated revenue for the third quarter and first nine months of fiscal year 2021, respectively.",approximately 13,,,,,,,,,,,,,filing,10-Q Q4 2020 — ITEM 1. FINANCIAL STATEMENTS (UNAUDITED) — Note 2 - Business Combination,
unpaired_actual,NVDA,2021,,,,,,,,revenue,Revenue,,consolidated,,,,Q4 FY2020,"Our Condensed Consolidated Statements of Income include stock-based compensation expense, net of amounts allocated to inventory, as follows: Three Months Ended Nine Months Ended October 25, 2020 October 27, 2019 October 25, 2020 October 27, 2019 (In millions) Cost of revenue $ 28 $ 15 $ 62 $ 27 Research and development 232 141 594 400 Sales, general and administrative 123 67 325 197 Total $ 383 $ 223 $ 981 $ 624 Equity Award Activity The following is a summary of equity award transactions under our equity incentive plans: RSUs, PSUs, and Market-based PSUs Outstanding Number of Shares Weighted Average Grant-Date Fair Value Per Share (In millions, except per share data) Balances, January 26, 2020 14 $ 176.72 Granted 8 $ 300.75 Vested restricted stock ( 6 ) $ 152.46 Balances, October 25, 2020 16 $ 253.81 As of October 25, 2020, there was $ 3.42 billion of aggregate unearned stock-based compensation expense, net of forfeitures.",$ 28,,,,,,,,,,,,,filing,10-Q Q4 2020 — ITEM 1. FINANCIAL STATEMENTS (UNAUDITED) — Note 4 - Stock-Based Compensation,
unpaired_actual,NVDA,2021,,,,,,,,subscribers,Subscribers / customers,,consolidated,,,,Q4 FY2020,"Additional risks related to the Mellanox acquisition, the Arm acquisition and other acquisitions or strategic investments include, but are not limited to: • difficulty in combining the technology, products, operations or workforce of the acquired business with our business; • diversion of capital and other resources, including management’s attention; • assumption of liabilities and incurring amortization expenses, impairment charges to goodwill or write-downs of acquired assets; • integrating financial forecasting and controls, procedures and reporting cycles; • coordinating and integrating operations in countries in which we have not previously operated; • acquiring business challenges and risks, including, but not limited to, disputes with management and integrating international operations and joint ventures; • difficulty in realizing a satisfactory return, if at all; • difficulty in obtaining or inability to obtain governmental and regulatory consents and approvals, other approvals or financing; • the potential impact on our stock price and financial results if we are unable to obtain regulatory approval for an acquisition, are required to pay reverse breakup fees or are otherwise unable to close an acquisition; • failure and costs associated with the failure to consummate a proposed acquisition or other strategic investment; • legal proceedings initiated as a result of an acquisition or investment; • the potential for our acquisitions to result in dilutive issuances of our equity securities; • the potential variability of the amount and form of any performance-based consideration; • uncertainties and time needed to realize the benefits of an acquisition or strategic investment, if at all; 36 • negative changes in general economic conditions in the regions or the industries in which we or our target operate; • the need to determine an alternative strategy if an acquisition does not meet our expectations; • potential failure of our due diligence processes to identify significant issues with the acquired assets or company; and • impairment of relationships with, or loss of our or our target’s, employees, vendors and customers, as a result of our acquisition or investment.",36,,,,,,,,,,,,,filing,10-Q Q4 2020 — ITEM 1A. RISK FACTORS,
unpaired_actual,NVDA,2021,,,,,,,,capacity,Capacity,,consolidated,,,,Q4 FY2020,"Such measures, as well as restrictions or disruptions of transportation, such as reduced availability or increased cost of air transport, port closures and increased border controls or closures, could limit our capacity to meet customer demand and have a material adverse effect on our financial condition and results of operations.",,,,,,,,,,,,,,filing,10-Q Q4 2020 — ITEM 1A. RISK FACTORS,
unpaired_actual,NVDA,2021,,,,,,,,gross_profit,Gross profit,,consolidated,,,,Q4 FY2020,"Three Months Ended Nine Months Ended October 25, 2020 October 27, 2019 October 25, 2020 October 27, 2019 Revenue 100.0 % 100.0 % 100.0 % 100.0 % Cost of revenue 37.4 36.4 38.0 39.2 Gross profit 62.6 63.6 62.0 60.8 Operating expenses Research and development 22.2 23.6 23.8 26.8 Sales, general and administrative 10.9 9.2 12.3 10.3 Total operating expenses 33.1 32.8 36.1 37.1 Income from operations 29.5 30.8 25.9 23.7 Interest income 0.1 1.5 0.4 1.8 Interest expense (1.1) (0.4) (1.1) (0.5) Other, net (0.1) — — — Other income (expense), net (1.1) 1.1 (0.7) 1.3 Income before income tax 28.4 31.9 25.2 25.0 Income tax expense 0.3 2.0 0.5 1.4 Net income 28.1 % 29.9 % 24.7 % 23.6 % Revenue Revenue by Reportable Segments Three Months Ended Nine Months Ended October 25, 2020 October 27, 2019 $ Change % Change October 25, 2020 October 27, 2019 $ Change % Change ($ in millions) Graphics $ 2,787 $ 2,226 $ 561 25 % $ 6,778 $ 5,555 $ 1,223 22 % Compute & Networking 1,939 788 1,151 146 % 4,894 2,258 2,636 117 % Total $ 4,726 $ 3,014 $ 1,712 57 % $ 11,672 $ 7,813 $ 3,859 49 % Graphics - Graphics segment revenue for the third quarter of fiscal year 2021 compared to the third quarter of fiscal year 2020 increased by 25% and revenue for the first nine months of fiscal year 2021 compared to the first nine months of fiscal year 2020 increased by 22%.",100.0,,,,,,,,,,,,,filing,10-Q Q4 2020 — ITEM 2. MANAGEMENT’S DISCUSSION AND ANALYSIS OF FINANCIAL CONDITION AND RESULTS OF OPERATIONS,
unpaired_actual,NVDA,2021,,,,,,,,revenue,Revenue,,consolidated,,,,Q4 FY2020,Compute & Networking - Compute & Networking segment revenue for the third quarter of fiscal year 2021 compared to the third quarter of fiscal year 2020 increased by 146% and revenue for the first nine months of fiscal year 2021 compared to the first nine months of fiscal year 2020 increased by 117%.,146,,,,,,,,,,,,,filing,10-Q Q4 2020 — ITEM 2. MANAGEMENT’S DISCUSSION AND ANALYSIS OF FINANCIAL CONDITION AND RESULTS OF OPERATIONS,
unpaired_actual,NVDA,2021,,,,,,,,revenue,Revenue,,segment:automotive,,,,Q4 FY2020,"One customer represented 10% and 11% of our total revenue for the third quarter and first nine months of fiscal year 2020, respectively, and was attributable primarily to the Graphics segment.",10,,,,,,,,,,,,,filing,10-Q Q4 2020 — ITEM 2. MANAGEMENT’S DISCUSSION AND ANALYSIS OF FINANCIAL CONDITION AND RESULTS OF OPERATIONS,
unpaired_actual,NVDA,2021,,,,,,,,gross_margin,Gross margin,,segment:automotive,,,,Q4 FY2020,"Gross Margin Our overall gross margin decreased to 62.6% for the third quarter of fiscal year 2021 from 63.6% for the third quarter of fiscal year 2020, reflecting charges related to the Mellanox acquisition and lower margins in Gaming, partially offset by a shift in product mix with higher Data Center and lower Automotive sales.",62.6,,,,,,,,,,,,,filing,10-Q Q4 2020 — ITEM 2. MANAGEMENT’S DISCUSSION AND ANALYSIS OF FINANCIAL CONDITION AND RESULTS OF OPERATIONS,
unpaired_actual,NVDA,2021,,,,,,,,gross_margin,Gross margin,,segment:automotive,,,,Q4 FY2020,"Our overall gross margin increased to 62.0% for the first nine months of fiscal year 2021 from 60.8% for the first nine months of fiscal year 2020, primarily driven by Mellanox products, lower Automotive sales and lower product costs within Compute & Networking, partially offset by Mellanox acquisition-related costs including a non-recurring inventory step-up charge of $161 million and ongoing intangible asset amortization of $171 million.",62.0,,,,,,,,,,,,,filing,10-Q Q4 2020 — ITEM 2. MANAGEMENT’S DISCUSSION AND ANALYSIS OF FINANCIAL CONDITION AND RESULTS OF OPERATIONS,
unpaired_actual,NVDA,2021,,,,,,,,gross_margin,Gross margin,,consolidated,,,,Q4 FY2020,"As a result, the overall net effect on our gross margin was a favorable impact of 0.2% in the first nine months of fiscal year 2021 and an unfavorable impact of 0.1% for the first nine months of fiscal year 2020.",0.2,,,,,,,,,,,,,filing,10-Q Q4 2020 — ITEM 2. MANAGEMENT’S DISCUSSION AND ANALYSIS OF FINANCIAL CONDITION AND RESULTS OF OPERATIONS,
unpaired_actual,NVDA,2021,,,,,,,,gross_margin,Gross margin,,consolidated,,,,Q4 FY2020,"A discussion of our gross margin results for each of our reportable segments is as follows: Graphics - The gross margin of our Graphics segment decreased during the third quarter of fiscal year 2021 compared to the third quarter of fiscal year 2020, primarily driven by a shift in product mix and higher product costs.",,,,,,,,,,,,,,filing,10-Q Q4 2020 — ITEM 2. MANAGEMENT’S DISCUSSION AND ANALYSIS OF FINANCIAL CONDITION AND RESULTS OF OPERATIONS,
unpaired_actual,NVDA,2021,,,,,,,,gross_margin,Gross margin,,consolidated,,,,Q4 FY2020,"The gross margin of our Graphics segment increased during the first nine months of fiscal year 2021 compared to the first nine months of fiscal year 2020, primarily driven by lower legacy infotainment sales and product mix within Quadro.",,,,,,,,,,,,,,filing,10-Q Q4 2020 — ITEM 2. MANAGEMENT’S DISCUSSION AND ANALYSIS OF FINANCIAL CONDITION AND RESULTS OF OPERATIONS,
unpaired_actual,NVDA,2021,,,,,,,,gross_margin,Gross margin,,consolidated,,,,Q4 FY2020,"Compute & Networking - The gross margin of our Compute & Networking segment increased during the third quarter and first nine months of fiscal year 2021 compared to the third quarter and first nine months of fiscal year 2020, primarily driven by Mellanox products and lower product costs.",,,,,,,,,,,,,,filing,10-Q Q4 2020 — ITEM 2. MANAGEMENT’S DISCUSSION AND ANALYSIS OF FINANCIAL CONDITION AND RESULTS OF OPERATIONS,
unpaired_actual,NVDA,2021,,,,,,,,operating_expenses,Operating expenses,,consolidated,,,,Q4 FY2020,"Operating Expenses Three Months Ended Nine Months Ended October 25, 2020 October 27, 2019 $ Change % Change October 25, 2020 October 27, 2019 $ Change % Change ($ in millions) Research and development expenses $ 1,047 $ 712 $ 335 47 % $ 2,778 $ 2,091 $ 687 33 % % of net revenue 22 % 24 % 24 % 27 % Sales, general and administrative expenses 515 277 238 86 % 1,437 806 631 78 % % of net revenue 11 % 9 % 12 % 10 % Total operating expenses $ 1,562 $ 989 $ 573 58 % $ 4,215 $ 2,897 $ 1,318 45 % 31 Research and Development Research and development expenses increased by 47% and 33% during the third quarter and first nine months of fiscal year 2021, compared to the third quarter and first nine months of fiscal year 2020, respectively, primarily driven by expenses related to the Mellanox acquisition.","$ 1,047",,,,,,,,,,,,,filing,10-Q Q4 2020 — ITEM 2. MANAGEMENT’S DISCUSSION AND ANALYSIS OF FINANCIAL CONDITION AND RESULTS OF OPERATIONS,
unpaired_actual,NVDA,2021,,,,,,,,revenue,Revenue,,consolidated,,,,Q4 FY2020,"Sales, General and Administrative Sales, general and administrative expenses increased by 86% and 78% during the third quarter and first nine months of fiscal year 2021, compared to the third quarter of fiscal year 2020, respectively, primarily driven by Mellanox acquisition-related expenses.",86,,,,,,,,,,,,,filing,10-Q Q4 2020 — ITEM 2. MANAGEMENT’S DISCUSSION AND ANALYSIS OF FINANCIAL CONDITION AND RESULTS OF OPERATIONS,
unpaired_actual,NVDA,2021,,,,,,,,revenue,Revenue,,consolidated,,,,Q4 FY2020,"Cash used in investing activities increased in the first nine months of fiscal year 2021 compared to cash provided in the first nine months of fiscal year 2020, which primarily reflects cash used for the acquisition of Mellanox and the advanced consideration for the proposed acquisition of Arm, higher purchases of marketable securities, higher maturities of marketable securities, higher purchases of property and equipment and intangible assets, and lower sales of marketable securities.",,,,,,,,,,,,,,filing,10-Q Q4 2020 — ITEM 2. MANAGEMENT’S DISCUSSION AND ANALYSIS OF FINANCIAL CONDITION AND RESULTS OF OPERATIONS,
unpaired_actual,NVDA,2021,,,,,,,,gross_margin,Gross margin,,consolidated,,,,Q4 FY2020,"Third Quarter of Fiscal Year 2021 Summary Three Months Ended October 25, 2020 July 26, 2020 October 27, 2019 Quarter-over-Quarter Change Year-over-Year Change ($ in millions, except per share data) Revenue $ 4,726 $ 3,866 $ 3,014 22 % 57 % Gross margin 62.6 % 58.8 % 63.6 % 380 bps (100) bps Operating expenses $ 1,562 $ 1,624 $ 989 (4) % 58 % Income from operations $ 1,398 $ 651 $ 927 115 % 51 % Net income $ 1,336 $ 622 $ 899 115 % 49 % Net income per diluted share $ 2.12 $ 0.99 $ 1.45 114 % 46 % 27 Revenue for the third quarter of fiscal year 2021 was $4.73 billion, up 57% from a year earlier and up 22% sequentially.","$ 4,726",,,,,,,,,,,,,filing,10-Q Q4 2020 — ITEM 2. MANAGEMENT’S DISCUSSION AND ANALYSIS OF FINANCIAL CONDITION AND RESULTS OF OPERATIONS,
unpaired_actual,NVDA,2021,,,,,,,,product_milestone,Product / strategic milestone,,segment:automotive,,,,Q4 FY2020,"In addition to Mellanox, the year-on-year and sequential increases were driven by the ramp of NVIDIA Ampere architecture products.",,,,,,,,,,,,,,filing,10-Q Q4 2020 — ITEM 2. MANAGEMENT’S DISCUSSION AND ANALYSIS OF FINANCIAL CONDITION AND RESULTS OF OPERATIONS,
unpaired_actual,NVDA,2021,,,,,,,,headcount,Headcount,,consolidated,,,,Q4 FY2020,"The year-on-year increase was primarily driven by compensation-related costs, the Mellanox acquisition, infrastructure costs, and employee growth.",,,,,,,,,,,,,,filing,10-Q Q4 2020 — ITEM 2. MANAGEMENT’S DISCUSSION AND ANALYSIS OF FINANCIAL CONDITION AND RESULTS OF OPERATIONS,
unpaired_actual,NVDA,2021,,,,,,,,headcount,Headcount,,consolidated,,,,Q4 FY2020,"Changes in Internal Control Over Financial Reporting Other than the acquisition of Mellanox that occurred during the second quarter of fiscal year 2021, there were no changes in our internal control over financial reporting during the third quarter of fiscal year 2021 that have materially affected, or are reasonably likely to materially affect, our internal control over financial reporting despite the fact that virtually all of our employees are working remotely due to the COVID-19 pandemic.",,,,,,,,,,,,,,filing,10-Q Q4 2020 — ITEM 4. CONTROLS AND PROCEDURES,
unpaired_actual,NVDA,2021,,,,,,,,revenue_growth,Revenue growth,,segment:automotive,,,,Q4 FY2020,"Revenue was $163 million, flat from a year ago and up 1% sequentially.",$163 million,,,,,,,,,,,,,transcript,NVDA_Q4_2020,
unpaired_actual,NVDA,2021,,,,,,,,operating_expenses,Operating expenses,,segment:data_center,,,,Q4 FY2020,"Q4 GAAP operating expenses were $1.02 billion and non-GAAP operating expenses were $810 million, up 12% and 7% year-on-year, respectively.",$1.02 billion,,,,,,,,,,,,,transcript,NVDA_Q4_2020,
unpaired_actual,NVDA,2021,,,,,,,,product_milestone,Product / strategic milestone,,consolidated,,,,Q4 FY2020,"For a discussion of factors that could affect our future financial results and business, please refer to the disclosure in today's earnings release, our most recent Forms 10-K and 10-Q and the reports that we may file on Form 8-K with the Securities and Exchange Commission.",10,,,,,,,,,,,,,transcript,NVDA_Q4_2020,
unpaired_actual,NVDA,2021,,,,,,,,production,Production,,segment:aws,,,,Q4 FY2020,"All these AI start-ups that are being started all over the world's, about 6,000 of them, they're starting to -- they're starting to develop and be able to put their models into production.","about 6,000",,,,,,,,,,,,,transcript,NVDA_Q4_2020,
unpaired_actual,NVDA,2021,,,,,,,,revenue,Revenue,,consolidated,,,,Q4 FY2020,"And as a result, we had record sales of V100s and T4s.",,,,,,,,,,,,,,transcript,NVDA_Q4_2020,
unpaired_actual,NVDA,2021,,,,,,,,product_milestone,Product / strategic milestone,,consolidated,,,,Q4 FY2020,"Similar to what we had seen last quarter, with all things growing as we moved into this quarter, growth in terms of the hyperscales, continued expansion in terms of those vertical industries, and even in the cloud instances, we're still looking at around the same split of 50-50 between our hyperscales and our vertical industries and maybe a little bit tad below 50 in terms of our total overall hyperscales.",50,,,,,,,,,,,,,transcript,NVDA_Q4_2020,
unpaired_actual,NVDA,2021,,,,,,,,revenue,Revenue,,consolidated,,,,Q4 FY2020,"Full year gaming revenue was $5.52 billion, down 12% from our prior year.",$5.52 billion,,,,,,,,,,,,,transcript,NVDA_Q4_2020,
unpaired_actual,NVDA,2021,,,,,,,,revenue,Revenue,,segment:data_center,,,,Q4 FY2020,"Jensen Huang -- President and Chief Executive Officer --- Page 15 --- Motley Fool transcript | Source URL in header Page 15 We had an excellent quarter with strong demand for NVIDIA RTX graphics and NVIDIA AI platforms, and record data center revenue.",15,,,,,,,,,,,,,transcript,NVDA_Q4_2020,
unpaired_actual,NVDA,2021,,,,,,,,subscribers,Subscribers / customers,,consolidated,,,,Q4 FY2020,"Strong growth was fueled by hyperscale, and vertical industry and customers.",,,,,,,,,,,,,,transcript,NVDA_Q4_2020,
unpaired_actual,NVDA,2021,,,,,,,,deliveries,Deliveries,,consolidated,,,,Q4 FY2020,"T4, our inference platform had another strong quarter with shipments up four times year-on-year, driven by public cloud deployments, as well as edge AI video analytics applications.",,,,,,,,,,,,,,transcript,NVDA_Q4_2020,
unpaired_actual,NVDA,2021,,,,,,,,revenue,Revenue,,consolidated,,,,Q4 FY2020,"T4 and V100 reflecting strong demand for inference and training, respectfully, set records this quarter for both shipments and revenue.",,,,,,,,,,,,,,transcript,NVDA_Q4_2020,
unpaired_actual,NVDA,2021,,,,,,,,revenue_growth,Revenue growth,,consolidated,,,,Q4 FY2020,"Full year revenue was a record $1.21 billion, an increase of 7% from the prior year.",$1.21 billion,,,,,,,,,,,,,transcript,NVDA_Q4_2020,
unpaired_actual,NVDA,2021,,,,,,,,revenue,Revenue,,segment:automotive,,,,Q2 FY2021,"Non-GAAP gross margins increased by almost 6 points year on year, reflecting a shift in product mix with higher data center sales and lower automotive sales.",6,,,,,,,,,,,,,transcript,NVDA_Q2_2021,
unpaired_actual,NVDA,2021,,,,,,,,operating_expenses,Operating expenses,,segment:automotive,,,,Q2 FY2021,"Q2 GAAP operating expenses were $1.62 billion, and non-GAAP operating expenses were $1.04 billion, up 67% and 38% from a year ago, respectively.",$1.62 billion,,,,,,,,,,,,,transcript,NVDA_Q2_2021,
unpaired_actual,NVDA,2021,,,,,,,,product_milestone,Product / strategic milestone,,consolidated,,,,Q2 FY2021,"For a discussion of factors that could affect our future financial results and business, please refer to the disclosure in today's earnings release, our most recent forms 10-K and 10-Q, and the reports that we may file on Form 8-K with the Securities and Exchange Commission.",10,,,,,,,,,,,,,transcript,NVDA_Q2_2021,
unpaired_actual,NVDA,2021,,,,,,,,headcount,Headcount,,consolidated,,,,Q2 FY2021,"The world continued to battle the COVID-19 pandemic, and most of our employees continue to work from home.",,,,,,,,,,,,,,transcript,NVDA_Q2_2021,
unpaired_actual,NVDA,2021,,,,,,,,revenue_growth,Revenue growth,,consolidated,,,,Q2 FY2021,"--- Page 2 --- Motley Fool transcript | Source URL in header Page 2 Revenue was $3.87 billion, up 50% year on year, up 26% sequentially, and well ahead of our outlook.",2,,,,,,,,,,,,,transcript,NVDA_Q2_2021,
unpaired_actual,NVDA,2021,,,,,,,,revenue_growth,Revenue growth,,consolidated,,,,Q2 FY2021,"Revenue was $1.65 billion, was up 26% year on year and up 24% sequentially, significantly ahead of our expectations.",$1.65 billion,,,,,,,,,,,,,transcript,NVDA_Q2_2021,
unpaired_actual,NVDA,2021,,,,,,,,capacity,Capacity,,segment:data_center,,,,Q2 FY2021,"As you probably know, quite a few of your peers have been talking about potential digestion of capacity on the part of your hyperscale customers over the next, call it, six to 12 months.",12,,,,,,,,,,,,,transcript,NVDA_Q2_2021,
unpaired_actual,NVDA,2021,,,,,,,,revenue,Revenue,,consolidated,,,,Q2 FY2021,"In Q2 was $203 million in revenue, down 30% year on year and down 34% sequentially, with declines in both mobile and desktop workstations.",$203 million,,,,,,,,,,,,,transcript,NVDA_Q2_2021,
unpaired_actual,NVDA,2021,,,,,,,,revenue,Revenue,,segment:automotive,,,,Q2 FY2021,Sales were hurt by lower enterprise demand amid the closure of many offices around the world.,,,,,,,,,,,,,,transcript,NVDA_Q2_2021,
unpaired_actual,NVDA,2021,,,,,,,,revenue,Revenue,,segment:automotive,,,,Q2 FY2021,"--- Page 3 --- Motley Fool transcript | Source URL in header Page 3 Automotive revenue was $111 million, down 47% year on year and down 28% sequentially.",3,,,,,,,,,,,,,transcript,NVDA_Q2_2021,
unpaired_actual,NVDA,2021,,,,,,,,production_volume,Production volume,,segment:automotive,,,,Q2 FY2021,"This was slightly better than our outlook of a 40% sequential decline as the impact of the pandemic was less pronounced than expected, with auto production volumes starting to recover after bottoming in April.",40,,,,,,,,,,,,,transcript,NVDA_Q2_2021,
unpaired_actual,NVDA,2021,,,,,,,,revenue_growth,Revenue growth,,segment:data_center,,,,Q2 FY2021,"Q2 revenue was a record $1.75 billion, up 167% year on year and up 54% sequentially.",$1.75 billion,,,,,,,,,,,,,transcript,NVDA_Q2_2021,
unpaired_actual,NVDA,2021,,,,,,,,revenue,Revenue,,segment:data_center,,,,Q2 FY2021,Non-ops contributed approximately 14% of company revenue and just over 30% of data center revenue.,approximately 14,,,,,,,,,,,,,transcript,NVDA_Q2_2021,
unpaired_actual,NVDA,2021,,,,,,,,product_milestone,Product / strategic milestone,,segment:data_center,,,,Q2 FY2021,The biggest news in data center this quarter was the launch of our Ampere architecture.,,,,,,,,,,,,,,transcript,NVDA_Q2_2021,
unpaired_actual,NVDA,2021,,,,,,,,subscribers,Subscribers / customers,,consolidated,,,,Q2 FY2021,"Google Cloud Platform was the first cloud customer to bring it to market, making it the fastest GPU to come to the cloud in our history.",,,,,,,,,,,,,,transcript,NVDA_Q2_2021,
unpaired_actual,NVDA,2021,,,,,,,,product_milestone,Product / strategic milestone,,segment:aws,,,,Q2 FY2021,"And just this morning, Microsoft Azure announced the availability of massively scalable AI clusters, which are based on the A100 and interconnected with 200-gigabyte-per-second Mellanox InfiniBand networking.",200,,,,,,,,,,,,,transcript,NVDA_Q2_2021,
unpaired_actual,NVDA,2021,,,,,,,,gross_profit,Gross profit,,consolidated,,,,Q2 FY2021,"NVIDIA CORPORATION AND SUBSIDIARIES CONDENSED CONSOLIDATED STATEMENTS OF INCOME (In millions, except per share data) (Unaudited) Three Months Ended May 2, April 26, 2021 2020 Revenue $ 5,661 $ 3,080 Cost of revenue 2,032 1,076 Gross profit 3,629 2,004 Operating expenses Research and development 1,153 735 Sales, general and administrative 520 293 Total operating expenses 1,673 1,028 Income from operations 1,956 976 Interest income 6 31 Interest expense ( 53 ) ( 25 ) Other, net 135 ( 1 ) Other income (expense), net 88 5 Income before income tax 2,044 981 Income tax expense 132 64 Net income $ 1,912 $ 917 Net income per share: Basic $ 3.08 $ 1.49 Diluted $ 3.03 $ 1.47 Weighted average shares used in per share computation: Basic 621 614 Diluted 632 622 See accompanying Notes to Condensed Consolidated Financial Statements.","2,",,,,,,,,,,,,,filing,10-Q Q2 2021 — ITEM 1. FINANCIAL STATEMENTS (UNAUDITED) — Consolidated Financial Statements,
unpaired_actual,NVDA,2021,,,,,,,,dividend,Dividend,,consolidated,,,,Q2 FY2021,"6 NVIDIA CORPORATION AND SUBSIDIARIES CONDENSED CONSOLIDATED STATEMENTS OF CASH FLOWS (In millions) (Unaudited) Three Months Ended May 2, April 26, 2021 2020 Cash flows from operating activities: Net income $ 1,912 $ 917 Adjustments to reconcile net income to net cash provided by operating activities: Stock-based compensation expense 429 224 Depreciation and amortization 281 107 Deferred income taxes 24 16 (Gains) losses on investments in non-affiliates, net ( 133 ) 3 Other ( 3 ) 1 Changes in operating assets and liabilities, net of acquisitions: Accounts receivable ( 595 ) ( 249 ) Inventories ( 159 ) ( 151 ) Prepaid expenses and other assets 2 ( 8 ) Accounts payable 70 71 Accrued and other current liabilities ( 1 ) ( 32 ) Other long-term liabilities 47 10 Net cash provided by operating activities 1,874 909 Cash flows from investing activities: Proceeds from maturities of marketable securities 3,140 — Proceeds from sales of marketable securities 358 1 Purchases of marketable securities ( 4,470 ) ( 861 ) Purchases related to property and equipment and intangible assets ( 298 ) ( 155 ) Investments and other, net ( 2 ) ( 6 ) Acquisitions, net of cash acquired — ( 34 ) Net cash used in investing activities ( 1,272 ) ( 1,055 ) Cash flows from financing activities: Proceeds related to employee stock plans 126 88 Payments related to tax on restricted stock units ( 477 ) ( 222 ) Dividends paid ( 99 ) ( 98 ) Principal payments on property and equipment ( 19 ) — Other ( 2 ) ( 3 ) Issuance of debt, net of issuance costs — 4,979 Net cash provided by (used in) financing activities ( 471 ) 4,744 Change in cash and cash equivalents 131 4,598 Cash and cash equivalents at beginning of period 847 10,896 Cash and cash equivalents at end of period $ 978 $ 15,494 See accompanying Notes to Condensed Consolidated Financial Statements.",6,,,,,,,,,,,,,filing,10-Q Q2 2021 — ITEM 1. FINANCIAL STATEMENTS (UNAUDITED) — Consolidated Financial Statements,
unpaired_actual,NVDA,2021,,,,,,,,operating_income,Operating income,,segment:automotive,,,,Q2 FY2021,"Graphics Compute & Networking All Other Consolidated (In millions) Three Months Ended May 2, 2021 Revenue $ 3,451 $ 2,210 $ — $ 5,661 Operating income (loss) $ 1,786 $ 861 $ ( 691 ) $ 1,956 Three Months Ended April 26, 2020 Revenue $ 1,906 $ 1,174 $ — $ 3,080 Operating income (loss) $ 836 $ 451 $ ( 311 ) $ 976 20 NVIDIA CORPORATION AND SUBSIDIARIES NOTES TO CONDENSED CONSOLIDATED FINANCIAL STATEMENTS (Continued) (Unaudited) Three Months Ended May 2, 2021 April 26, 2020 (In millions) Reconciling items included in ""All Other"" category: Stock-based compensation expense $ ( 429 ) $ ( 224 ) Acquisition-related and other costs ( 167 ) ( 5 ) Unallocated cost of revenue and operating expenses ( 90 ) ( 82 ) IP-related costs ( 5 ) — Total $ ( 691 ) $ ( 311 ) Revenue by geographic region is allocated to individual countries based on the location to which the products are initially billed even if our customers’ revenue is attributable to end customers that are located in a different location.","$ 3,451",,,,,,,,,,,,,filing,10-Q Q2 2021 — ITEM 1. FINANCIAL STATEMENTS (UNAUDITED) — Note 15 - Segment Information,
unpaired_actual,NVDA,2021,,,,,,,,revenue,Revenue,,segment:automotive,,,,Q2 FY2021,"The following table summarizes information pertaining to our revenue from customers based on the invoicing address by geographic regions: Three Months Ended May 2, April 26, 2021 2020 (In millions) Revenue: Taiwan $ 1,784 $ 813 China (including Hong Kong) 1,391 758 Other Asia Pacific 1,001 607 United States 768 497 Europe 381 254 Other countries 336 151 Total revenue $ 5,661 $ 3,080 The following table summarizes information pertaining to our revenue by each of the specialized markets we serve: Three Months Ended May 2, April 26, 2021 2020 (In millions) Revenue: Gaming $ 2,760 $ 1,339 Data Center 2,048 1,141 Professional Visualization 372 307 Automotive 154 155 OEM and Other 327 138 Total revenue $ 5,661 $ 3,080 No customer represented 10% or more of total revenue for the first quarter of fiscal years 2022 or 2021.","2,",,,,,,,,,,,,,filing,10-Q Q2 2021 — ITEM 1. FINANCIAL STATEMENTS (UNAUDITED) — Note 15 - Segment Information,
unpaired_actual,NVDA,2021,,,,,,,,revenue,Revenue,,consolidated,,,,Q2 FY2021,"Our Condensed Consolidated Statements of Income include stock-based compensation expense, net of amounts allocated to inventory, as follows: Three Months Ended May 2, 2021 April 26, 2020 (In millions) Cost of revenue $ 25 $ 21 Research and development 276 134 Sales, general and administrative 128 69 Total $ 429 $ 224 Equity Award Activity The following is a summary of equity award transactions under our equity incentive plans: RSUs, PSUs, and Market-based PSUs Outstanding Number of Shares Weighted Average Grant-Date Fair Value Per Share (In millions, except per share data) Balances, January 31, 2021 15 $ 264.69 Granted 1 $ 535.82 Vested restricted stock ( 4 ) $ 252.22 Balances, May 2, 2021 12 $ 279.79 As of May 2, 2021, there was $ 3.32 billion of aggregate unearned stock-based compensation expense, net of forfeitures.",$ 25,,,,,,,,,,,,,filing,10-Q Q2 2021 — ITEM 1. FINANCIAL STATEMENTS (UNAUDITED) — Note 4 - Stock-Based Compensation,
unpaired_actual,NVDA,2021,,,,,,,,capacity,Capacity,,consolidated,,,,Q2 FY2021,"Such measures, as well as restrictions on or disruptions of transportation, such as reduced availability or increased cost of air transport, port closures and increased border controls or closures, could limit our capacity to meet customer demand and have a material adverse effect on our financial condition and results of operations.",,,,,,,,,,,,,,filing,10-Q Q2 2021 — ITEM 1A. RISK FACTORS,
unpaired_actual,NVDA,2021,,,,,,,,gross_margin,Gross margin,,segment:automotive,,,,Q2 FY2021,"Gross Margin Our overall gross margin decreased to 64.1% for the first quarter of fiscal year 2022 from 65.1% for the first quarter of fiscal year 2021, reflecting amortization of intangible assets related to the Mellanox acquisition and a shift in the mix of Data Center products, partially offset by a lower contribution from Automotive products.",64.1,,,,,,,,,,,,,filing,10-Q Q2 2021 — ITEM 2. MANAGEMENT’S DISCUSSION AND ANALYSIS OF FINANCIAL CONDITION AND RESULTS OF OPERATIONS,
unpaired_actual,NVDA,2021,,,,,,,,revenue,Revenue,,consolidated,,,,Q2 FY2021,"Sales of inventory that was previously written-off or -down totaled $21 million and $39 million for the first quarter of fiscal years 2022 and 2021, respectively.",$21 million,,,,,,,,,,,,,filing,10-Q Q2 2021 — ITEM 2. MANAGEMENT’S DISCUSSION AND ANALYSIS OF FINANCIAL CONDITION AND RESULTS OF OPERATIONS,
unpaired_actual,NVDA,2021,,,,,,,,gross_margin,Gross margin,,segment:automotive,,,,Q2 FY2021,"A discussion of our gross margin results for each of our reportable segments is as follows: Graphics - The gross margin of our Graphics segment increased during the first quarter of fiscal year 2022 compared to the first quarter of fiscal year 2021, primarily due to reduced contribution from lower margin products.",,,,,,,,,,,,,,filing,10-Q Q2 2021 — ITEM 2. MANAGEMENT’S DISCUSSION AND ANALYSIS OF FINANCIAL CONDITION AND RESULTS OF OPERATIONS,
unpaired_actual,NVDA,2021,,,,,,,,gross_margin,Gross margin,,segment:automotive,,,,Q2 FY2021,"Compute & Networking - The gross margin of our Compute & Networking segment decreased during the first quarter of fiscal year 2022 compared to the first quarter of fiscal year 2021, primarily due to a shift in the mix of Data Center products, partially offset by a lower contribution from Automotive solutions.",,,,,,,,,,,,,,filing,10-Q Q2 2021 — ITEM 2. MANAGEMENT’S DISCUSSION AND ANALYSIS OF FINANCIAL CONDITION AND RESULTS OF OPERATIONS,
unpaired_actual,NVDA,2021,,,,,,,,operating_expenses,Operating expenses,,segment:automotive,,,,Q2 FY2021,"Operating Expenses Three Months Ended May 2, 2021 April 26, 2020 $ Change % Change ($ in millions) Research and development expenses $ 1,153 $ 735 $ 418 57 % % of net revenue 20 % 24 % Sales, general and administrative expenses 520 293 227 77 % % of net revenue 9 % 10 % Total operating expenses $ 1,673 $ 1,028 $ 645 63 % Research and Development Research and development expenses increased by 57% during the first quarter of fiscal year 2022 compared to the first quarter of fiscal year 2021, driven primarily by the acquisition of Mellanox.","$ 1,153",,,,,,,,,,,,,filing,10-Q Q2 2021 — ITEM 2. MANAGEMENT’S DISCUSSION AND ANALYSIS OF FINANCIAL CONDITION AND RESULTS OF OPERATIONS,
unpaired_actual,NVDA,2021,,,,,,,,revenue,Revenue,,consolidated,,,,Q2 FY2021,"Sales, General and Administrative Sales, general and administrative expenses increased by 77% during the first quarter of fiscal year 2022 compared to the first quarter of fiscal year 2021, driven primarily by the Mellanox acquisition.",77,,,,,,,,,,,,,filing,10-Q Q2 2021 — ITEM 2. MANAGEMENT’S DISCUSSION AND ANALYSIS OF FINANCIAL CONDITION AND RESULTS OF OPERATIONS,
unpaired_actual,NVDA,2021,,,,,,,,revenue,Revenue,,consolidated,,,,Q2 FY2021,"Cash used in investing activities increased in the first quarter of fiscal year 2022 compared to cash used in the first quarter of fiscal year 2021, which primarily reflects higher purchases of marketable securities, and higher purchases of property and equipment and intangible assets, offset by higher sales and maturities of marketable securities.",,,,,,,,,,,,,,filing,10-Q Q2 2021 — ITEM 2. MANAGEMENT’S DISCUSSION AND ANALYSIS OF FINANCIAL CONDITION AND RESULTS OF OPERATIONS,
unpaired_actual,NVDA,2021,,,,,,,,subscribers,Subscribers / customers,,segment:data_center,,,,Q2 FY2021,"Market Platform Highlights During the first quarter of fiscal year 2022, in our Gaming platform, we launched GeForce RTX 3060 laptop GPU systems; announced GeForce 3050 Ti and 3050 laptop GPUs; accelerated RTX momentum with now over 60 games; announced plans to integrate NVIDIA DLSS into the Unity game engine; announced that NVIDIA Reflex is incorporated in more games; and announced that GeForce NOW has over 10 million members.",3060,,,,,,,,,,,,,filing,10-Q Q2 2021 — ITEM 2. MANAGEMENT’S DISCUSSION AND ANALYSIS OF FINANCIAL CONDITION AND RESULTS OF OPERATIONS,
unpaired_actual,NVDA,2021,,,,,,,,product_milestone,Product / strategic milestone,,segment:data_center,,,,Q2 FY2021,"In our Data Center platform, we launched new NVIDIA A30 and A10 GPUs for mainstream AI, data analytics and graphics; debuted a new class of NVIDIA-Certified Systems with leading server OEMs; announced the NVIDIA AI Enterprise software suite; hosted our largest-ever GPU Technology Conference, where we unveiled NVIDIA Grace, our first Arm-based data center CPU; introduced the NVIDIA Morpheus AI and NVIDIA TAO application frameworks; and announced the availability of NVIDIA Jarvis and NVIDIA Maxine.",,,,,,,,,,,,,,filing,10-Q Q2 2021 — ITEM 2. MANAGEMENT’S DISCUSSION AND ANALYSIS OF FINANCIAL CONDITION AND RESULTS OF OPERATIONS,
unpaired_actual,NVDA,2021,,,,,,,,revenue,Revenue,,consolidated,,,,Q2 FY2021,Revenue also increased due to the ramp of NVIDIA Ampere GPU architecture products into vertical industries and hyperscale customers and the addition of CMP revenue.,,,,,,,,,,,,,,filing,10-Q Q2 2021 — ITEM 2. MANAGEMENT’S DISCUSSION AND ANALYSIS OF FINANCIAL CONDITION AND RESULTS OF OPERATIONS,
unpaired_actual,NVDA,2021,,,,,,,,gross_margin,Gross margin,,consolidated,,,,Q2 FY2021,"Q2 GAAP gross margin was 58.8%, and non-GAAP gross margin was 66%.",58.8,,,,,,,,,,,,,transcript,NVDA_Q2_2021,
unpaired_actual,NVDA,2021,,,,,,,,gross_margin,Gross margin,,segment:automotive,,,,Q2 FY2021,GAAP gross margin declined year on year and sequentially due to costs associated with the Mellanox acquisition.,,,,,,,,,,,,,,transcript,NVDA_Q2_2021,
unpaired_actual,NVDA,2021,,,,,,,,dividend,Dividend,,consolidated,,,,Q3 FY2021,"7 NVIDIA CORPORATION AND SUBSIDIARIES CONDENSED CONSOLIDATED STATEMENTS OF CASH FLOWS (In millions) (Unaudited) Six Months Ended August 1, July 26, 2021 2020 Cash flows from operating activities: Net income $ 4,285 $ 1,539 Adjustments to reconcile net income to net cash provided by operating activities: Stock-based compensation expense 894 598 Depreciation and amortization 567 511 Deferred income taxes ( 161 ) ( 64 ) (Gains) losses on investments in non-affiliates, net ( 133 ) 5 Other 16 ( 10 ) Changes in operating assets and liabilities, net of acquisitions: Accounts receivable ( 1,157 ) ( 205 ) Inventories ( 282 ) ( 97 ) Prepaid expenses and other assets 18 34 Accounts payable 279 63 Accrued and other current liabilities 132 81 Other long-term liabilities 98 21 Net cash provided by operating activities 4,556 2,476 Cash flows from investing activities: Proceeds from maturities of marketable securities 5,236 1,032 Proceeds from sales of marketable securities 705 259 Purchases of marketable securities ( 9,268 ) ( 8,286 ) Purchases related to property and equipment and intangible assets ( 481 ) ( 372 ) Investments and other, net 3 ( 7 ) Acquisitions, net of cash acquired — ( 7,171 ) Net cash used in investing activities ( 3,805 ) ( 14,545 ) Cash flows from financing activities: Issuance of debt, net of issuance costs 4,985 4,971 Proceeds related to employee stock plans 128 94 Payments related to tax on restricted stock units ( 843 ) ( 418 ) Dividends paid ( 198 ) ( 197 ) Principal payments on property and equipment ( 40 ) — Other ( 2 ) ( 3 ) Net cash provided by financing activities 4,030 4,447 Change in cash and cash equivalents 4,781 ( 7,622 ) Cash and cash equivalents at beginning of period 847 10,896 Cash and cash equivalents at end of period $ 5,628 $ 3,274 See accompanying Notes to Condensed Consolidated Financial Statements.",7,,,,,,,,,,,,,filing,10-Q Q3 2021 — ITEM 1. FINANCIAL STATEMENTS (UNAUDITED) — Consolidated Financial Statements,
unpaired_actual,NVDA,2021,,,,,,,,dividend,Dividend,,consolidated,,,,Q3 FY2021,"On May 21, 2021, our Board of Directors declared a four -for-one split of our common stock in the form of a stock dividend, or the Stock Split, which was conditioned upon obtaining stockholder approval to increase the number of our authorized shares of common stock from 2 billion to 4 billion.",2 billion,,,,,,,,,,,,,filing,10-Q Q3 2021 — ITEM 1. FINANCIAL STATEMENTS (UNAUDITED) — Note 1 - Summary of Significant Accounting Policies,
unpaired_actual,NVDA,2021,,,,,,,,capacity,Capacity,,consolidated,,,,Q3 FY2021,"Such measures, as well as restrictions on or disruptions of transportation, such as reduced availability or increased cost of air transport, port closures and increased border controls or closures, could limit our capacity to meet customer demand and have a material adverse effect on our financial condition and results of operations.",,,,,,,,,,,,,,filing,10-Q Q3 2021 — ITEM 1A. RISK FACTORS,
unpaired_actual,NVDA,2021,,,,,,,,subscribers,Subscribers / customers,,consolidated,,,,Q3 FY2021,"Additional risks related to the Mellanox acquisition, the planned Arm acquisition and other acquisitions or strategic investments include, but are not limited to: • difficulty in combining the technology, products, or operations of the acquired business with our business; • difficulty in integrating and retaining the acquired workforce, including key employees; • diversion of capital and other resources, including management’s attention; • assumption of liabilities and incurring amortization expenses, impairment charges to goodwill or write-downs of acquired assets; • integrating financial forecasting and controls, procedures and reporting cycles; • coordinating and integrating operations in countries in which we have not previously operated; • acquiring business challenges and risks, including, but not limited to, disputes with management and integrating international operations and joint ventures; • difficulty in realizing a satisfactory return, if any return at all; • difficulty in obtaining or inability to obtain governmental and regulatory consents and approvals, other approvals or financing; • the potential impact of with complying with governmental or other regulatory restrictions placed on an acquisition; 35 • the potential impact on our stock price and financial results if we are unable to obtain regulatory approval for an acquisition, are required to pay reverse breakup fees or are otherwise unable to close an acquisition; • failure and costs associated with the failure to consummate a proposed acquisition or other strategic investment; • legal proceedings initiated as a result of an acquisition or investment; • the potential for our acquisitions to result in dilutive issuances of our equity securities; • the potential variability of the amount and form of any performance-based consideration; • uncertainties and time needed to realize the benefits of an acquisition or strategic investment, if at all; • negative changes in general economic conditions in the regions or the industries in which we or our target operate; • the need to determine an alternative strategy if an acquisition does not meet our expectations; • potential failure of our due diligence processes to identify significant issues with the acquired assets or company; and • impairment of relationships with, or loss of our or our target’s employees, vendors and customers, as a result of our acquisition or investment.",35,,,,,,,,,,,,,filing,10-Q Q3 2021 — ITEM 1A. RISK FACTORS,
unpaired_actual,NVDA,2021,,,,,,,,gross_margin,Gross margin,,consolidated,,,,Q3 FY2021,"A discussion of our gross margin results for each of our reportable segments is as follows: Graphics - The gross margin of our Graphics segment increased during the second quarter and first half of fiscal year 2022 compared to the second quarter and first half of fiscal year 2021, primarily driven by higher ASPs within desktop GeForce GPUs with continued growth in high-end Ampere architecture products.",,,,,,,,,,,,,,filing,10-Q Q3 2021 — ITEM 2. MANAGEMENT’S DISCUSSION AND ANALYSIS OF FINANCIAL CONDITION AND RESULTS OF OPERATIONS,
unpaired_actual,NVDA,2021,,,,,,,,gross_margin,Gross margin,,consolidated,,,,Q3 FY2021,"Compute & Networking - The gross margin of our Compute & Networking segment decreased during the second quarter and first half of fiscal year 2022 compared to the second quarter and first half of fiscal year 2021, primarily driven by a shift in product mix.",,,,,,,,,,,,,,filing,10-Q Q3 2021 — ITEM 2. MANAGEMENT’S DISCUSSION AND ANALYSIS OF FINANCIAL CONDITION AND RESULTS OF OPERATIONS,
unpaired_actual,NVDA,2021,,,,,,,,headcount,Headcount,,consolidated,,,,Q3 FY2021,"29 Research and development expenses increased by 38% during the first half of fiscal year 2022 compared to the first half of fiscal year 2021, primarily driven by employee additions and higher employee compensation, including stock-based compensation and infrastructure costs, and the acquisition of Mellanox.",29,,,,,,,,,,,,,filing,10-Q Q3 2021 — ITEM 2. MANAGEMENT’S DISCUSSION AND ANALYSIS OF FINANCIAL CONDITION AND RESULTS OF OPERATIONS,
unpaired_actual,NVDA,2021,,,,,,,,revenue,Revenue,,consolidated,,,,Q3 FY2021,"Sales, General and Administrative Sales, general and administrative expenses decreased by 16% during the second quarter of fiscal year 2022 compared to the second quarter of fiscal year 2021, primarily driven by lower amortization of intangible assets, partially offset by the impact of employee additions and higher employee compensation, including stock-based compensation, and costs related to the pending acquisition of Arm.",16,,,,,,,,,,,,,filing,10-Q Q3 2021 — ITEM 2. MANAGEMENT’S DISCUSSION AND ANALYSIS OF FINANCIAL CONDITION AND RESULTS OF OPERATIONS,
unpaired_actual,NVDA,2021,,,,,,,,revenue,Revenue,,consolidated,,,,Q3 FY2021,"Sales, general and administrative expenses increased by 14% during the first half of fiscal year 2022 compared to the first half of fiscal year 2021, primarily driven by employee additions and higher employee compensation, including stock-based compensation, the acquisition of Mellanox, and costs related to the pending acquisition of Arm, partially offset by lower amortization of intangible assets.",14,,,,,,,,,,,,,filing,10-Q Q3 2021 — ITEM 2. MANAGEMENT’S DISCUSSION AND ANALYSIS OF FINANCIAL CONDITION AND RESULTS OF OPERATIONS,
unpaired_actual,NVDA,2021,,,,,,,,revenue,Revenue,,consolidated,,,,Q3 FY2021,Changes in working capital include increases in outstanding trade receivables due to higher revenue and decreased shipment linearity.,,,,,,,,,,,,,,filing,10-Q Q3 2021 — ITEM 2. MANAGEMENT’S DISCUSSION AND ANALYSIS OF FINANCIAL CONDITION AND RESULTS OF OPERATIONS,
unpaired_actual,NVDA,2021,,,,,,,,revenue,Revenue,,consolidated,,,,Q3 FY2021,"Cash used in investing activities decreased in the first half of fiscal year 2022 compared to cash used in the first half of fiscal year 2021, primarily driven by the acquisition of Mellanox in the second quarter of fiscal year 2021 and higher sales and maturities of marketable securities, partially offset by higher purchases of marketable securities and higher purchases of property and equipment and intangible assets.",,,,,,,,,,,,,,filing,10-Q Q3 2021 — ITEM 2. MANAGEMENT’S DISCUSSION AND ANALYSIS OF FINANCIAL CONDITION AND RESULTS OF OPERATIONS,
unpaired_actual,NVDA,2021,,,,,,,,deliveries,Deliveries,,consolidated,,,,Q3 FY2021,"During the second quarter of fiscal year 2022, over 80% of our Ampere architecture-based GeForce GPU shipments in the quarter were LHR GPUs.",80,,,,,,,,,,,,,filing,10-Q Q3 2021 — ITEM 2. MANAGEMENT’S DISCUSSION AND ANALYSIS OF FINANCIAL CONDITION AND RESULTS OF OPERATIONS,
unpaired_actual,NVDA,2021,,,,,,,,headcount,Headcount,,consolidated,,,,Q3 FY2021,The year-on-year and sequential increases were primarily driven by compensation-related costs largely relating to employee growth.,,,,,,,,,,,,,,filing,10-Q Q3 2021 — ITEM 2. MANAGEMENT’S DISCUSSION AND ANALYSIS OF FINANCIAL CONDITION AND RESULTS OF OPERATIONS,
unpaired_actual,NVDA,2021,,,,,,,,revenue,Revenue,,consolidated,,,,Q3 FY2021,"Additionally, revenue increased from higher sales of NVIDIA RTX workstations and game console SOCs.",,,,,,,,,,,,,,filing,10-Q Q3 2021 — ITEM 2. MANAGEMENT’S DISCUSSION AND ANALYSIS OF FINANCIAL CONDITION AND RESULTS OF OPERATIONS,
unpaired_actual,NVDA,2021,,,,,,,,revenue,Revenue,,consolidated,,,,Q3 FY2021,Compute & Networking - Compute & Networking segment revenue increased 46% for the second quarter of fiscal year 2022 compared to the second quarter of fiscal year 2021 and 63% in the first half of fiscal year 2022 compared to the first half of fiscal year 2021.,46,,,,,,,,,,,,,filing,10-Q Q3 2021 — ITEM 2. MANAGEMENT’S DISCUSSION AND ANALYSIS OF FINANCIAL CONDITION AND RESULTS OF OPERATIONS,
unpaired_actual,NVDA,2021,,,,,,,,revenue,Revenue,,consolidated,,,,Q3 FY2021,"Revenue increased due to the ramp of NVIDIA Ampere GPU architecture products into vertical industries and hyperscale customers, including growth in inference.",,,,,,,,,,,,,,filing,10-Q Q3 2021 — ITEM 2. MANAGEMENT’S DISCUSSION AND ANALYSIS OF FINANCIAL CONDITION AND RESULTS OF OPERATIONS,
unpaired_actual,NVDA,2021,,,,,,,,gross_margin,Gross margin,,consolidated,,,,Q3 FY2021,"GAAP gross margin for the third quarter was up 260 basis points from a year earlier, primarily due to higher end mix within desktop, notebook, GeForce GPUs.",260 basis points,,,,,,,,,,,,,transcript,NVDA_Q3_2021,
unpaired_actual,NVDA,2021,,,,,,,,product_milestone,Product / strategic milestone,,consolidated,,,,Q3 FY2021,"For a discussion of factors that could affect our future financial results and business, please refer to the disclosure in today's earnings release, our most recent Forms 10-K and 10-Q and the reports that we may file on Form 8-K with the Securities and Exchange Commission.",10,,,,,,,,,,,,,transcript,NVDA_Q3_2021,
unpaired_actual,NVDA,2021,,,,,,,,gross_margin,Gross margin,,segment:data_center,,,,Q3 FY2021,"GAAP gross margin was up 40 basis points sequentially, driven by growth in our Data Center Ampere architecture products, which is particularly offset by mix in gaming.",40 basis points,,,,,,,,,,,,,transcript,NVDA_Q3_2021,
unpaired_actual,NVDA,2021,,,,,,,,stores,Stores / locations,,consolidated,,,,Q3 FY2021,"That Avatar system is essentially a robotic system and the way that you use that is, for example, with $25 million or so retail stores, restaurant, places like airports and train stations, office buildings and such, where you're going to have intelligent Avatars doing a lot of assistance.",$25 million,,,,,,,,,,,,,transcript,NVDA_Q3_2021,
unpaired_actual,NVDA,2021,,,,,,,,subscribers,Subscribers / customers,,consolidated,,,,Q3 FY2021,"And in the case of the 25 million or so places where you would have a digital avatar as customer support or check out smart retail or smart warehouses or smart whatever it is, those avatars also would each individually be a new account and so they would be $1,000 per Avatar per year.",25 million,,,,,,,,,,,,,transcript,NVDA_Q3_2021,
unpaired_actual,NVDA,2021,,,,,,,,revenue_growth,Revenue growth,,segment:data_center,,,,Q3 FY2021,Q3 was an outstanding quarter with revenue of $7.1 billion and year-on-year growth of 50%.,$7.1 billion,,,,,,,,,,,,,transcript,NVDA_Q3_2021,
unpaired_actual,NVDA,2021,,,,,,,,revenue_growth,Revenue growth,,consolidated,,,,Q3 FY2021,Revenue of $3.2 billion was up 5% sequentially and up 42% from a year earlier.,$3.2 billion,,,,,,,,,,,,,transcript,NVDA_Q3_2021,
unpaired_actual,NVDA,2021,,,,,,,,capacity,Capacity,,segment:data_center,,,,Q3 FY2021,"Now everybody could just use Triton and every single server in the Data Center could be part of the Inference capacity and then we did something else that was really big deal at GTC, which is the so-called Forced Inference Library, called FIL, that basically the most popular machine learning systems in Inference models are based on trees and decision trees and boosted gradient trees and people might know it as XGBoost.",,,,,,,,,,,,,,transcript,NVDA_Q3_2021,
unpaired_actual,NVDA,2021,,,,,,,,revenue_growth,Revenue growth,,segment:data_center,,,,Q3 FY2021,"Our statements that we made were, yes, about driven by revenue growth from Data Center and Gaming sequentially.",,,,,,,,,,,,,,transcript,NVDA_Q3_2021,
unpaired_actual,NVDA,2021,,,,,,,,capacity,Capacity,,consolidated,,,,Q3 FY2021,We made a payment within this quarter of approximately $1.6 billion out of total long-term capacity agreement of about $3.4 billion.,approximately $1.6 billion,,,,,,,,,,,,,transcript,NVDA_Q3_2021,
unpaired_actual,NVDA,2021,,,,,,,,gross_margin,Gross margin,,consolidated,,,,Q3 FY2021,"Our incremental revenue, for example, what we're expecting next quarter will likely align to our current gross margin levels that we finished in terms of Q3.",,,,,,,,,,,,,,transcript,NVDA_Q3_2021,
unpaired_actual,NVDA,2021,,,,,,,,deliveries,Deliveries,,segment:oem,,,,Q3 FY2021,"In Q3, nearly all of our Ampere architecture gaming desktop GPU shipments were lite hash rate to help steer GeForce supply to gamers.",,,,,,,,,,,,,,transcript,NVDA_Q3_2021,
unpaired_actual,NVDA,2021,,,,,,,,revenue,Revenue,,segment:oem,,,,Q3 FY2021,"Crypto mining processor revenue was $105 million, which is included in our OEM and other.",$105 million,,,,,,,,,,,,,transcript,NVDA_Q3_2021,
unpaired_actual,NVDA,2021,,,,,,,,revenue_growth,Revenue growth,,consolidated,,,,Q3 FY2021,Q3 revenue of $577 million was up 11% sequentially and up 144% from the year ago quarter.,$577 million,,,,,,,,,,,,,transcript,NVDA_Q3_2021,
unpaired_actual,NVDA,2021,,,,,,,,product_milestone,Product / strategic milestone,,segment:automotive,,,,Q3 FY2021,"Last week, we announced general availability of Omniverse Enterprise, a platform for simulating physically accurate 3D world and digital twins.",,,,,,,,,,,,,,transcript,NVDA_Q3_2021,
unpaired_actual,NVDA,2021,,,,,,,,revenue,Revenue,,segment:automotive,,,,Q3 FY2021,Q3 revenue of $135 million declined 11% sequentially and increased 8% from the year ago quarter.,$135 million,,,,,,,,,,,,,transcript,NVDA_Q3_2021,
unpaired_actual,NVDA,2021,,,,,,,,revenue,Revenue,,segment:automotive,,,,Q3 FY2021,"The sequential decline was primarily driven by AI cockpit revenue, which has negatively been impacted by automotive manufacturers supply constraints.",,,,,,,,,,,,,,transcript,NVDA_Q3_2021,
unpaired_actual,NVDA,2021,,,,,,,,revenue,Revenue,,segment:data_center,,,,Q3 FY2021,Record revenue of $2.9 billion grew 24% sequentially and 55% from the year ago quarter with record revenue across both hyperscale and vertical industries.,$2.9 billion,,,,,,,,,,,,,transcript,NVDA_Q3_2021,
unpaired_actual,NVDA,2021,,,,,,,,subscribers,Subscribers / customers,,consolidated,,,,Q3 FY2021,"Strong growth was led by hyperscale customers, fueled by continued rapid adoption of Ampere architecture Tensor Core GPUs for both internal and external workloads.",,,,,,,,,,,,,,transcript,NVDA_Q3_2021,
unpaired_actual,NVDA,2021,,,,,,,,revenue,Revenue,,consolidated,,,,Q3 FY2021,"Hyperscale compute revenue doubled year-on-year, driven by the scale out of natural --- Page 3 --- Motley Fool transcript | Source URL in header Page 3 language processing and recommendator models and cloud computing.",3,,,,,,,,,,,,,transcript,NVDA_Q3_2021,
unpaired_actual,NVDA,2021,,,,,,,,revenue,Revenue,,consolidated,,,,Q3 FY2021,"In networking, revenue was impacted as demand outstripped supply.",,,,,,,,,,,,,,transcript,NVDA_Q3_2021,
unpaired_actual,NVDA,2021,,,,,,,,dividend,Dividend,,consolidated,,,,Q4 FY2021,"7 NVIDIA CORPORATION AND SUBSIDIARIES CONDENSED CONSOLIDATED STATEMENTS OF CASH FLOWS (In millions) (Unaudited) Nine Months Ended October 31, October 25, 2021 2020 Cash flows from operating activities: Net income $ 6,749 $ 2,875 Adjustments to reconcile net income to net cash provided by operating activities: Stock-based compensation expense 1,453 981 Depreciation and amortization 865 810 Deferred income taxes ( 182 ) ( 117 ) (Gains) losses on investments in non-affiliates, net ( 152 ) 9 Other 25 ( 11 ) Changes in operating assets and liabilities, net of acquisitions: Accounts receivable ( 1,523 ) ( 667 ) Inventories ( 400 ) ( 190 ) Prepaid expenses and other assets ( 1,557 ) ( 409 ) Accounts payable 474 289 Accrued and other current liabilities 70 111 Other long-term liabilities 253 74 Net cash provided by operating activities 6,075 3,755 Cash flows from investing activities: Proceeds from maturities of marketable securities 7,780 5,165 Proceeds from sales of marketable securities 916 502 Purchases of marketable securities ( 16,020 ) ( 12,840 ) Purchases related to property and equipment and intangible assets ( 703 ) ( 845 ) Acquisitions, net of cash acquired ( 203 ) ( 8,524 ) Investments and other, net ( 14 ) ( 4 ) Net cash used in investing activities ( 8,244 ) ( 16,546 ) Cash flows from financing activities: Issuance of debt, net of issuance costs 4,977 4,971 Proceeds related to employee stock plans 277 190 Payments related to tax on restricted stock units ( 1,282 ) ( 716 ) Repayment of debt ( 1,000 ) — Dividends paid ( 298 ) ( 296 ) Principal payments on property and equipment ( 62 ) — Other ( 2 ) ( 3 ) Net cash provided by financing activities 2,610 4,146 Change in cash and cash equivalents 441 ( 8,645 ) Cash and cash equivalents at beginning of period 847 10,896 Cash and cash equivalents at end of period $ 1,288 $ 2,251 See accompanying Notes to Condensed Consolidated Financial Statements.",7,,,,,,,,,,,,,filing,10-Q Q4 2021 — ITEM 1. FINANCIAL STATEMENTS (UNAUDITED) — Consolidated Financial Statements,
unpaired_actual,NVDA,2021,,,,,,,,dividend,Dividend,,consolidated,,,,Q4 FY2021,"On May 21, 2021, our Board of Directors declared a four -for-one split of our common stock in the form of a stock dividend, or the Stock Split, which was conditioned upon obtaining stockholder approval to increase the number of our authorized shares of common stock from 2 billion to 4 billion.",2 billion,,,,,,,,,,,,,filing,10-Q Q4 2021 — ITEM 1. FINANCIAL STATEMENTS (UNAUDITED) — Note 1 - Summary of Significant Accounting Policies,
unpaired_actual,NVDA,2021,,,,,,,,subscribers,Subscribers / customers,,consolidated,,,,Q4 FY2021,"For example, decreased consumer or customer demand for computationally powerful but energy intensive products, such as our GPUs, despite their energy efficient design, and/or increased consumer or customer expectations around the energy efficiency of our products, could negatively impact our business and financial performance.",,,,,,,,,,,,,,filing,10-Q Q4 2021 — ITEM 1A. RISK FACTORS,
unpaired_actual,NVDA,2021,,,,,,,,deliveries,Deliveries,,consolidated,,,,Q4 FY2021,"To have shorter shipment lead times and quicker delivery schedules for our customers, we may build finished products and maintain in inventory for anticipated periods of growth which do not occur, anticipating demand that does not materialize, or for what we believe is pent-up demand.",,,,,,,,,,,,,,filing,10-Q Q4 2021 — ITEM 1A. RISK FACTORS,
unpaired_actual,NVDA,2021,,,,,,,,subscribers,Subscribers / customers,,consolidated,,,,Q4 FY2021,"Situations that may result in excess or obsolete inventory include: • changes in business and economic conditions, including downturns in our target markets and/or overall economy; • changes in consumer confidence caused by changes in market conditions, including changes in the credit market; • a sudden and significant decrease in demand for our products; • a higher incidence of inventory obsolescence because of rapidly changing technology or customer requirements; • our introduction of new products resulting in lower demand for older products; • less demand than expected for newly-introduced products; or • increased competition, including competitive pricing actions.",,,,,,,,,,,,,,filing,10-Q Q4 2021 — ITEM 1A. RISK FACTORS,
unpaired_actual,NVDA,2021,,,,,,,,subscribers,Subscribers / customers,,consolidated,,,,Q4 FY2021,"Additional risks related to the Mellanox acquisition, the planned Arm acquisition and other acquisitions or strategic investments include, but are not limited to: • difficulty in combining the technology, products, or operations of the acquired business with our business; • difficulty in integrating and retaining the acquired workforce, including key employees; • diversion of capital and other resources, including management’s attention; • assumption of liabilities and incurring amortization expenses, impairment charges to goodwill or write-downs of acquired assets; • integrating financial forecasting and controls, procedures and reporting cycles; • coordinating and integrating operations in countries in which we have not previously operated; • acquiring business challenges and risks, including, but not limited to, disputes with management and integrating international operations and joint ventures; • difficulty in realizing a satisfactory return, if any return at all; • difficulty in obtaining or inability to obtain governmental and regulatory consents and approvals, other approvals or financing; • the impact of complying with governmental or other regulatory restrictions placed on an acquisition; • the impact on our stock price and financial results or reputation if we are unable to obtain regulatory approval for an acquisition, are required to pay reverse breakup fees or are otherwise unable to close an acquisition; • failure and costs associated with the failure to consummate a proposed acquisition or other strategic investment, including any negative publicity associated with any of these events; • legal proceedings initiated as a result of an acquisition or investment; • the potential for our acquisitions to result in dilutive issuances of our equity securities; • the potential variability of the amount and form of any performance-based consideration; • uncertainties and time needed to realize the benefits of an acquisition or strategic investment, if at all; • negative changes in general economic conditions in the regions or the industries in which we or our target operate; • the need to determine an alternative strategy if an acquisition does not meet our expectations; • potential failure of our due diligence processes to identify significant issues with the acquired assets or company; and • impairment of relationships with, or loss of our or our target’s employees, vendors and customers, as a result of our acquisition or investment.",,,,,,,,,,,,,,filing,10-Q Q4 2021 — ITEM 1A. RISK FACTORS,
unpaired_actual,NVDA,2021,,,,,,,,revenue_growth,Revenue growth,,consolidated,,,,Q4 FY2021,"Additionally, revenue increased from growth in desktop and mobile workstation GPUs.",,,,,,,,,,,,,,filing,10-Q Q4 2021 — ITEM 2. MANAGEMENT’S DISCUSSION AND ANALYSIS OF FINANCIAL CONDITION AND RESULTS OF OPERATIONS,
unpaired_actual,NVDA,2021,,,,,,,,revenue,Revenue,,consolidated,,,,Q4 FY2021,Compute & Networking - Compute & Networking segment revenue increased 55% for the third quarter of fiscal year 2022 compared to the third quarter of fiscal year 2021 and 60% in the first nine months of fiscal year 2022 compared to the first nine months of fiscal year 2021.,55,,,,,,,,,,,,,filing,10-Q Q4 2021 — ITEM 2. MANAGEMENT’S DISCUSSION AND ANALYSIS OF FINANCIAL CONDITION AND RESULTS OF OPERATIONS,
unpaired_actual,NVDA,2021,,,,,,,,gross_margin,Gross margin,,consolidated,,,,Q4 FY2021,"Gross Margin Our overall gross margin increased to 65.2% and 64.7% for the third quarter and first nine months of fiscal year 2022, respectively, from 62.6% and 62.0% for the third quarter and first nine months of fiscal year 2021, respectively.",65.2,,,,,,,,,,,,,filing,10-Q Q4 2021 — ITEM 2. MANAGEMENT’S DISCUSSION AND ANALYSIS OF FINANCIAL CONDITION AND RESULTS OF OPERATIONS,
unpaired_actual,NVDA,2021,,,,,,,,gross_margin,Gross margin,,consolidated,,,,Q4 FY2021,"A discussion of our gross margin results for each of our reportable segments is as follows: Graphics - The gross margin of our Graphics segment increased during the third quarter and first nine months of fiscal year 2022 compared to the third quarter and first nine months of fiscal year 2021, primarily due to a higher-end mix within desktop and notebook GeForce GPUs.",,,,,,,,,,,,,,filing,10-Q Q4 2021 — ITEM 2. MANAGEMENT’S DISCUSSION AND ANALYSIS OF FINANCIAL CONDITION AND RESULTS OF OPERATIONS,
unpaired_actual,NVDA,2021,,,,,,,,gross_margin,Gross margin,,segment:automotive,,,,Q4 FY2021,"Compute & Networking - The gross margin of our Compute & Networking segment increased during the third quarter of fiscal year 2022 compared to the third quarter of fiscal year 2021 due to higher average selling prices of our compute products, partially offset by product mix.",,,,,,,,,,,,,,filing,10-Q Q4 2021 — ITEM 2. MANAGEMENT’S DISCUSSION AND ANALYSIS OF FINANCIAL CONDITION AND RESULTS OF OPERATIONS,
unpaired_actual,NVDA,2021,,,,,,,,gross_margin,Gross margin,,segment:automotive,,,,Q4 FY2021,"The gross margin of our Compute & Networking segment decreased during the first nine months of fiscal year 2022 compared to the first nine months of fiscal year 2021, primarily due to a shift in product mix, partially offset by higher average selling prices of our compute products and a reduced contribution from Automotive solutions.",,,,,,,,,,,,,,filing,10-Q Q4 2021 — ITEM 2. MANAGEMENT’S DISCUSSION AND ANALYSIS OF FINANCIAL CONDITION AND RESULTS OF OPERATIONS,
unpaired_actual,NVDA,2021,,,,,,,,operating_expenses,Operating expenses,,segment:automotive,,,,Q4 FY2021,"Operating Expenses Three Months Ended Nine Months Ended October 31, 2021 October 25, 2020 $ Change % Change October 31, 2021 October 25, 2020 $ Change % Change ($ in millions) Research and development expenses $ 1,403 $ 1,047 $ 356 34 % $ 3,802 $ 2,778 $ 1,024 37 % % of net revenue 20 % 22 % 20 % 24 % Sales, general and administrative expenses 557 515 42 8 % 1,603 1,437 166 12 % % of net revenue 8 % 11 % 8 % 12 % Total operating expenses $ 1,960 $ 1,562 $ 398 25 % $ 5,405 $ 4,215 $ 1,190 28 % 29 Research and Development Research and development expenses increased by 34% during the third quarter of fiscal year 2022 compared to the third quarter of fiscal year 2021, primarily driven by employee additions and higher employee compensation, including stock-based compensation, and infrastructure costs.","$ 1,403",,,,,,,,,,,,,filing,10-Q Q4 2021 — ITEM 2. MANAGEMENT’S DISCUSSION AND ANALYSIS OF FINANCIAL CONDITION AND RESULTS OF OPERATIONS,
unpaired_actual,NVDA,2021,,,,,,,,headcount,Headcount,,consolidated,,,,Q4 FY2021,"Research and development expenses increased by 37% during the first nine months of fiscal year 2022 compared to the first nine months of fiscal year 2021, primarily driven by employee additions and higher employee compensation, including stock-based compensation, infrastructure costs, and the acquisition of Mellanox.",37,,,,,,,,,,,,,filing,10-Q Q4 2021 — ITEM 2. MANAGEMENT’S DISCUSSION AND ANALYSIS OF FINANCIAL CONDITION AND RESULTS OF OPERATIONS,
unpaired_actual,NVDA,2021,,,,,,,,revenue,Revenue,,consolidated,,,,Q4 FY2021,"Sales, General and Administrative Sales, general and administrative expenses increased by 8% during the third quarter of fiscal year 2022 compared to the third quarter of fiscal year 2021, primarily driven by employee additions and higher employee compensation, including stock-based compensation, partially offset by lower amortization of intangible assets.",8,,,,,,,,,,,,,filing,10-Q Q4 2021 — ITEM 2. MANAGEMENT’S DISCUSSION AND ANALYSIS OF FINANCIAL CONDITION AND RESULTS OF OPERATIONS,
unpaired_actual,NVDA,2021,,,,,,,,revenue,Revenue,,consolidated,,,,Q4 FY2021,"Sales, general and administrative expenses increased by 12% during the first nine months of fiscal year 2022 compared to the first nine months of fiscal year 2021, primarily driven by employee additions and higher employee compensation, including stock-based compensation, the acquisition of Mellanox, partially offset by lower amortization of intangible assets.",12,,,,,,,,,,,,,filing,10-Q Q4 2021 — ITEM 2. MANAGEMENT’S DISCUSSION AND ANALYSIS OF FINANCIAL CONDITION AND RESULTS OF OPERATIONS,
unpaired_actual,NVDA,2021,,,,,,,,revenue,Revenue,,consolidated,,,,Q4 FY2021,Changes in working capital were primarily driven by prepayments of $1.65 billion for long-term supply agreements and increases in trade receivables due to higher revenue.,$1.65 billion,,,,,,,,,,,,,filing,10-Q Q4 2021 — ITEM 2. MANAGEMENT’S DISCUSSION AND ANALYSIS OF FINANCIAL CONDITION AND RESULTS OF OPERATIONS,
unpaired_actual,NVDA,2021,,,,,,,,revenue,Revenue,,consolidated,,,,Q4 FY2021,"Cash used in investing activities decreased in the first nine months of fiscal year 2022 compared to cash used in the first nine months of fiscal year 2021, primarily driven by the acquisition of Mellanox in the second quarter of fiscal year 2021, and higher marketable securities sales and maturities, partially offset by higher purchases of marketable securities.",,,,,,,,,,,,,,filing,10-Q Q4 2021 — ITEM 2. MANAGEMENT’S DISCUSSION AND ANALYSIS OF FINANCIAL CONDITION AND RESULTS OF OPERATIONS,
unpaired_actual,NVDA,2021,,,,,,,,deliveries,Deliveries,,consolidated,,,,Q4 FY2021,"During the third quarter of fiscal year 2022, nearly all our desktop Ampere architecture GeForce GPU shipments were LHR in our effort to direct GeForce to gamers.",,,,,,,,,,,,,,filing,10-Q Q4 2021 — ITEM 2. MANAGEMENT’S DISCUSSION AND ANALYSIS OF FINANCIAL CONDITION AND RESULTS OF OPERATIONS,
unpaired_actual,NVDA,2021,,,,,,,,deliveries,Deliveries,,consolidated,,,,Q4 FY2021,"To have shorter shipment lead times and quicker delivery schedules for our customers, we may build finished products and maintain inventory for anticipated periods of growth which do not occur, anticipating demand that does not materialize, or for what we believe is pent-up demand.",,,,,,,,,,,,,,filing,10-Q Q4 2021 — ITEM 2. MANAGEMENT’S DISCUSSION AND ANALYSIS OF FINANCIAL CONDITION AND RESULTS OF OPERATIONS,
unpaired_actual,NVDA,2021,,,,,,,,gross_margin,Gross margin,,consolidated,,,,Q4 FY2021,"Third Quarter of Fiscal Year 2022 Summary Three Months Ended October 31, 2021 August 1, 2021 October 25, 2020 Quarter-over-Quarter Change Year-over-Year Change ($ in millions, except per share data) Revenue $ 7,103 $ 6,507 $ 4,726 9 % 50 % Gross margin 65.2 % 64.8 % 62.6 % 40 bps 260 bps Operating expenses $ 1,960 $ 1,771 $ 1,562 11 % 25 % Income from operations $ 2,671 $ 2,444 $ 1,398 9 % 91 % Net income $ 2,464 $ 2,374 $ 1,336 4 % 84 % Net income per diluted share $ 0.97 $ 0.94 $ 0.53 3 % 83 % We specialize in markets where our computing platforms can provide tremendous acceleration for applications.","$ 7,103",,,,,,,,,,,,,filing,10-Q Q4 2021 — ITEM 2. MANAGEMENT’S DISCUSSION AND ANALYSIS OF FINANCIAL CONDITION AND RESULTS OF OPERATIONS,
unpaired_actual,NVDA,2021,,,,,,,,revenue,Revenue,,segment:automotive,,,,Q4 FY2021,"Revenue for the third quarter of fiscal year 2022 was $7.10 billion, up 50% from a year earlier.",$7.10 billion,,,,,,,,,,,,,filing,10-Q Q4 2021 — ITEM 2. MANAGEMENT’S DISCUSSION AND ANALYSIS OF FINANCIAL CONDITION AND RESULTS OF OPERATIONS,
unpaired_actual,NVDA,2021,,,,,,,,product_milestone,Product / strategic milestone,,segment:automotive,,,,Q4 FY2021,"The year-on-year growth was due to the ramp of self-driving programs, while the sequential decline was related to automotive makers’ supply constraints.",,,,,,,,,,,,,,filing,10-Q Q4 2021 — ITEM 2. MANAGEMENT’S DISCUSSION AND ANALYSIS OF FINANCIAL CONDITION AND RESULTS OF OPERATIONS,
unpaired_actual,NVDA,2021,,,,,,,,headcount,Headcount,,consolidated,,,,Q4 FY2021,The year-on-year increase was primarily driven by compensation-related costs relating to employee growth and higher infrastructure costs.,,,,,,,,,,,,,,filing,10-Q Q4 2021 — ITEM 2. MANAGEMENT’S DISCUSSION AND ANALYSIS OF FINANCIAL CONDITION AND RESULTS OF OPERATIONS,
unpaired_actual,NVDA,2021,,,,,,,,headcount,Headcount,,consolidated,,,,Q4 FY2021,The sequential increase was primarily driven by development materials and employee growth.,,,,,,,,,,,,,,filing,10-Q Q4 2021 — ITEM 2. MANAGEMENT’S DISCUSSION AND ANALYSIS OF FINANCIAL CONDITION AND RESULTS OF OPERATIONS,
unpaired_actual,NVDA,2021,,,,,,,,gross_profit,Gross profit,,consolidated,,,,Q4 FY2021,"Three Months Ended Nine Months Ended October 31, 2021 October 25, 2020 October 31, 2021 October 25, 2020 Revenue 100.0 % 100.0 % 100.0 % 100.0 % Cost of revenue 34.8 37.4 35.3 38.0 Gross profit 65.2 62.6 64.7 62.0 Operating expenses Research and development 19.8 22.2 19.7 23.8 Sales, general and administrative 7.8 10.9 8.3 12.3 Total operating expenses 27.6 33.1 28.0 36.1 Income from operations 37.6 29.5 36.7 25.9 Interest income 0.1 0.1 0.1 0.4 Interest expense (0.9) (1.1) (0.9) (1.1) Other, net 0.3 (0.1) 0.8 — Other income (expense), net (0.5) (1.1) — (0.7) Income before income tax 37.1 28.4 36.7 25.2 Income tax expense 2.4 0.3 1.7 0.5 Net income 34.7 % 28.1 % 35.0 % 24.7 % Revenue Revenue by Reportable Segments Three Months Ended Nine Months Ended October 31, 2021 October 25, 2020 $ Change % Change October 31, 2021 October 25, 2020 $ Change % Change ($ in millions) Graphics $ 4,092 $ 2,787 $ 1,305 47 % $ 11,450 $ 6,778 $ 4,672 69 % Compute & Networking 3,011 1,939 1,072 55 % 7,821 4,894 2,927 60 % Total $ 7,103 $ 4,726 $ 2,377 50 % $ 19,271 $ 11,672 $ 7,599 65 % Graphics - Graphics segment revenue increased 47% in the third quarter of fiscal year 2022 compared to the third quarter of fiscal year 2021 and 69% in the first nine months of fiscal year 2022 compared to the first nine months of fiscal year 2021, reflecting strong demand for our NVIDIA Ampere architecture products.",100.0,,,,,,,,,,,,,filing,10-Q Q4 2021 — ITEM 2. MANAGEMENT’S DISCUSSION AND ANALYSIS OF FINANCIAL CONDITION AND RESULTS OF OPERATIONS,
unpaired_actual,NVDA,2021,,,,,,,,revenue,Revenue,,segment:data_center,,,,Q4 FY2021,"Revenue was $1.9 billion which exceeded our expectations, was comparable to last quarter, and up 97% from the year ago period, which did not include Mellanox.",$1.9 billion,,,,,,,,,,,,,transcript,NVDA_Q4_2021,
unpaired_actual,NVDA,2021,,,,,,,,revenue_growth,Revenue growth,,segment:data_center,,,,Q4 FY2021,Data Center compute revenue was up 45% year-on-year.,45,,,,,,,,,,,,,transcript,NVDA_Q4_2021,
unpaired_actual,NVDA,2021,,,,,,,,revenue,Revenue,,segment:data_center,,,,Q4 FY2021,Compute growth was led by vertical industries where OEM partners continued ramping up their A100 based servers and our own DGX system sales were strong.,,,,,,,,,,,,,,transcript,NVDA_Q4_2021,
unpaired_actual,NVDA,2021,,,,,,,,revenue,Revenue,,segment:data_center,,,,Q4 FY2021,"Vertical industries were well over 50% of Data Center revenue across compute and networking with particular strength in supercomputing, financial services, higher education, and consumer Internet verticals.",50,,,,,,,,,,,,,transcript,NVDA_Q4_2021,
unpaired_actual,NVDA,2021,,,,,,,,subscribers,Subscribers / customers,,segment:data_center,,,,Q4 FY2021,"Additionally, hyperscale customers continued to deploy the A100 driving both sequential growth and exceptionally strong year-on-year growth in Data Center compute.",,,,,,,,,,,,,,transcript,NVDA_Q4_2021,
unpaired_actual,NVDA,2021,,,,,,,,capacity,Capacity,,consolidated,,,,Q4 FY2021,"Its universal AI training and inference capabilities as well as support for a wider set of applications and outstanding performance are driving high customer utilization, a clear sign of the A100's value.",,,,,,,,,,,,,,transcript,NVDA_Q4_2021,
unpaired_actual,NVDA,2021,,,,,,,,revenue_growth,Revenue growth,,consolidated,,,,Q4 FY2021,Its revenue was up over 30% from Mellanox's Q4 revenue in calendar 2019 when it was still a stand-alone company.,30,,,,,,,,,,,,,transcript,NVDA_Q4_2021,
unpaired_actual,NVDA,2021,,,,,,,,subscribers,Subscribers / customers,,consolidated,,,,Q4 FY2021,Year-on-year growth in the quarter was led by hyperscale and large consumer Internet customers which grew over 60% from last year with several contributing record revenues.,60,,,,,,,,,,,,,transcript,NVDA_Q4_2021,
unpaired_actual,NVDA,2021,,,,,,,,product_milestone,Product / strategic milestone,,consolidated,,,,Q4 FY2021,"For a discussion of factors that could affect our future financial results and business, please refer to the disclosure in today's earnings release, our most recent forms 10-K and 10-Q and the reports that we may file on Form 8-K with the Securities and Exchange Commission.",10,,,,,,,,,,,,,transcript,NVDA_Q4_2021,
unpaired_actual,NVDA,2021,,,,,,,,revenue,Revenue,,consolidated,,,,Q4 FY2021,We suspect the significant increase in the Ethereum network hash rate observed over the past few months was driven by a combination of previously installed mining capacity that was reactivated as well as new sales of GPUs and ASICs.,,,,,,,,,,,,,,transcript,NVDA_Q4_2021,
unpaired_actual,NVDA,2021,,,,,,,,subscribers,Subscribers / customers,,consolidated,,,,Q4 FY2021,Strong sequential growth was driven primarily by a recovery in desktop workstations as some customers returned to the office and enterprises resumed purchases that have been deferred by the pandemic.,,,,,,,,,,,,,,transcript,NVDA_Q4_2021,
unpaired_actual,NVDA,2021,,,,,,,,revenue,Revenue,,segment:automotive,,,,Q4 FY2021,"Full year revenue of $536 million, declined 23%.",$536 million,,,,,,,,,,,,,transcript,NVDA_Q4_2021,
unpaired_actual,NVDA,2021,,,,,,,,headcount,Headcount,,consolidated,,,,FY2021,"Efforts we are undertaking include: • Shepherding underrepresented candidates through the interviewing process, engaging employees from underrepresented communities for recruiting events and interview panels, and increased investment in minority-serving institutions and professional organizations.",,,,,,,,,,,,,,filing,10-K FY2021 — ITEM 1. BUSINESS,
unpaired_actual,NVDA,2021,,,,,,,,capacity,Capacity,,consolidated,,,,FY2021,"As of January 31, 2021, we had a valuation allowance of $ 728 million related to state and certain foreign deferred tax assets that management determined are not likely to be realized due to jurisdictional projections of future taxable income, tax attributes usage limitation by certain jurisdictions, and potential utilization limitations of tax attributes acquired as a result of stock ownership changes.",$ 728 million,,,,,,,,,,,,,filing,"10-K FY2021 — ITEM 15. EXHIBITS, FINANCIAL STATEMENT SCHEDULE",
unpaired_actual,NVDA,2021,,,,,,,,revenue,Revenue,,consolidated,,,,FY2021,Revenue attributable to Mellanox was approximately 10 % for fiscal year 2021.,approximately 10,,,,,,,,,,,,,filing,"10-K FY2021 — ITEM 15. EXHIBITS, FINANCIAL STATEMENT SCHEDULE",
unpaired_actual,NVDA,2021,,,,,,,,revenue,Revenue,,consolidated,,,,FY2021,One customer represented 11 % of our total revenue for fiscal year 2020 and was attributable primarily to the Graphics segment.,11,,,,,,,,,,,,,filing,"10-K FY2021 — ITEM 15. EXHIBITS, FINANCIAL STATEMENT SCHEDULE",
unpaired_actual,NVDA,2021,,,,,,,,revenue,Revenue,,consolidated,,,,FY2021,77 Table of Contents NVIDIA CORPORATION AND SUBSIDIARIES SCHEDULE II – VALUATION AND QUALIFYING ACCOUNTS Description Balance at Beginning of Period Additions Deductions Balance at End of Period (In millions) Fiscal year 2021 Allowance for doubtful accounts $ 2 $ 2 (1) $ — (1) $ 4 Sales return allowance $ 9 $ 30 (2) $ ( 22 ) (4) $ 17 Deferred tax valuation allowance $ 621 $ 107 (3) $ — $ 728 Fiscal year 2020 Allowance for doubtful accounts $ 2 $ — (1) $ — (1) $ 2 Sales return allowance $ 8 $ 18 (2) $ ( 17 ) (4) $ 9 Deferred tax valuation allowance $ 562 $ 59 (3) $ — $ 621 Fiscal year 2019 Allowance for doubtful accounts $ 4 $ — (1) $ ( 2 ) (1) $ 2 Sales return allowance $ 9 $ 21 (2) $ ( 22 ) (4) $ 8 Deferred tax valuation allowance $ 469 $ 93 (3) $ — $ 562 (1) Additions represent allowance for doubtful accounts charged to expense and deductions represent amounts recorded as reduction to expense upon reassessment of allowance for doubtful accounts at period end.,77,,,,,,,,,,,,,filing,"10-K FY2021 — ITEM 15. EXHIBITS, FINANCIAL STATEMENT SCHEDULE",
unpaired_actual,NVDA,2021,,,,,,,,dividend,Dividend,,consolidated,,,,FY2021,"50 Table of Contents NVIDIA CORPORATION AND SUBSIDIARIES CONSOLIDATED STATEMENTS OF CASH FLOWS (In millions) Year Ended January 31, 2021 January 26, 2020 January 27, 2019 Cash flows from operating activities: Net income $ 4,332 $ 2,796 $ 4,141 Adjustments to reconcile net income to net cash provided by operating activities: Stock-based compensation expense 1,397 844 557 Depreciation and amortization 1,098 381 262 Deferred income taxes ( 282 ) 18 ( 315 ) Other ( 20 ) 5 ( 45 ) Changes in operating assets and liabilities, net of acquisitions: Accounts receivable ( 550 ) ( 233 ) ( 149 ) Inventories ( 524 ) 597 ( 776 ) Prepaid expenses and other assets ( 394 ) 77 ( 55 ) Accounts payable 363 194 ( 135 ) Accrued and other current liabilities 239 54 256 Other long-term liabilities 163 28 2 Net cash provided by operating activities 5,822 4,761 3,743 Cash flows from investing activities: Proceeds from maturities of marketable securities 8,792 4,744 7,232 Proceeds from sales of marketable securities 527 3,365 428 Purchases of marketable securities ( 19,308 ) ( 1,461 ) ( 11,148 ) Acquisitions, net of cash acquired ( 8,524 ) ( 4 ) — Purchases related to property and equipment and intangible assets ( 1,128 ) ( 489 ) ( 600 ) Investments and other, net ( 34 ) ( 10 ) ( 9 ) Net cash provided by (used in) investing activities ( 19,675 ) 6,145 ( 4,097 ) Cash flows from financing activities: Issuance of debt, net of issuance costs 4,968 — — Proceeds related to employee stock plans 194 149 137 Payments related to tax on restricted stock units ( 942 ) ( 551 ) ( 1,032 ) Dividends paid ( 395 ) ( 390 ) ( 371 ) Principal payments on property and equipment ( 17 ) — — Payments related to repurchases of common stock — — ( 1,579 ) Repayment of Convertible Notes — — ( 16 ) Other ( 4 ) — ( 5 ) Net cash provided by (used in) financing activities 3,804 ( 792 ) ( 2,866 ) Change in cash and cash equivalents ( 10,049 ) 10,114 ( 3,220 ) Cash and cash equivalents at beginning of period 10,896 782 4,002 Cash and cash equivalents at end of period $ 847 $ 10,896 $ 782 Supplemental disclosures of cash flow information: Cash paid for income taxes, net $ 249 $ 176 $ 61 Cash paid for interest $ 138 $ 54 $ 55 See accompanying notes to the consolidated financial statements.",50,,,,,,,,,,,,,filing,"10-K FY2021 — ITEM 15. EXHIBITS, FINANCIAL STATEMENT SCHEDULE",
unpaired_actual,NVDA,2021,,,,,,,,deliveries,Deliveries,,segment:aws,,,,FY2021,"In particular, revisions to laws or regulations or their interpretation and enforcement 17 Table of Contents could result in increased taxation, trade sanctions, the imposition of import duties or tariffs, restrictions and controls on imports or exports, or other retaliatory actions, which could have an adverse effect on our business plans or impact the timing of our shipments.",17,,,,,,,,,,,,,filing,10-K FY2021 — ITEM 1A. RISK FACTORS,
unpaired_actual,NVDA,2021,,,,,,,,capacity,Capacity,,consolidated,,,,FY2021,"Such measures, as well as restrictions or disruptions of transportation, such as reduced availability or increased cost of air transport, port closures and increased border controls or closures, could limit our capacity to meet customer demand and have a material adverse effect on our financial condition and results of operations.",,,,,,,,,,,,,,filing,10-K FY2021 — ITEM 1A. RISK FACTORS,
unpaired_actual,NVDA,2021,,,,,,,,subscribers,Subscribers / customers,,consolidated,,,,FY2021,"Additional risks related to the Mellanox acquisition, the planned Arm acquisition and other acquisitions or strategic investments include, but are not limited to: • difficulty in combining the technology, products, or operations of the acquired business with our business; • difficulty in integrating and retaining the acquired workforce, including key employees; • diversion of capital and other resources, including management’s attention; • assumption of liabilities and incurring amortization expenses, impairment charges to goodwill or write-downs of acquired assets; • integrating financial forecasting and controls, procedures and reporting cycles; • coordinating and integrating operations in countries in which we have not previously operated; • acquiring business challenges and risks, including, but not limited to, disputes with management and integrating international operations and joint ventures; • difficulty in realizing a satisfactory return, if any return at all; • difficulty in obtaining or inability to obtain governmental and regulatory consents and approvals, other approvals or financing; 19 Table of Contents • the potential impact of with complying with governmental or other regulatory restrictions placed on an acquisition; • the potential impact on our stock price and financial results if we are unable to obtain regulatory approval for an acquisition, are required to pay reverse breakup fees or are otherwise unable to close an acquisition; • failure and costs associated with the failure to consummate a proposed acquisition or other strategic investment; • legal proceedings initiated as a result of an acquisition or investment; • the potential for our acquisitions to result in dilutive issuances of our equity securities; • the potential variability of the amount and form of any performance-based consideration; • uncertainties and time needed to realize the benefits of an acquisition or strategic investment, if at all; • negative changes in general economic conditions in the regions or the industries in which we or our target operate; • the need to determine an alternative strategy if an acquisition does not meet our expectations; • potential failure of our due diligence processes to identify significant issues with the acquired assets or company; and • impairment of relationships with, or loss of our or our target’s employees, vendors and customers, as a result of our acquisition or investment.",19,,,,,,,,,,,,,filing,10-K FY2021 — ITEM 1A. RISK FACTORS,
unpaired_actual,NVDA,2021,,,,,,,,revenue,Revenue,,consolidated,,,,FY2021,"Revenue from billings to China, including Hong Kong, was 23% of our revenue for fiscal year 2021.",23,,,,,,,,,,,,,filing,10-K FY2021 — ITEM 1A. RISK FACTORS,
unpaired_actual,NVDA,2021,,,,,,,,product_milestone,Product / strategic milestone,,consolidated,,,,FY2021,"An economic downturn or increased uncertainty may also lead to increased credit and collectability risks, higher borrowing costs or reduced availability of capital markets, reduced liquidity, adverse impacts on our suppliers, failures of counterparties including financial institutions and insurers, asset impairments, and declines in the value of our financial instruments.",,,,,,,,,,,,,,filing,10-K FY2021 — ITEM 1A. RISK FACTORS,
unpaired_actual,NVDA,2021,,,,,,,,subscribers,Subscribers / customers,,consolidated,,,,FY2021,"Situations that may result in excess or obsolete inventory include: • changes in business and economic conditions, including downturns in our target markets and/or overall economy; • changes in consumer confidence caused by changes in market conditions, including changes in the credit market; • a sudden and significant decrease in demand for our products; • a higher incidence of inventory obsolescence because of rapidly changing technology or customer requirements; • our introduction of new products resulting in lower demand for older products; • less demand than expected for newly-introduced products; or • increased competition, including competitive pricing actions.",,,,,,,,,,,,,,filing,10-K FY2021 — ITEM 1A. RISK FACTORS,
unpaired_actual,NVDA,2021,,,,,,,,capacity,Capacity,,consolidated,,,,FY2021,"As of January 31, 2021, we had a valuation allowance of $728 million related to state and certain foreign deferred tax assets that management determined are not likely to be realized due to jurisdictional projections of future taxable income, tax attributes usage limitation by certain jurisdictions, and potential utilization limitations of tax attributes acquired as a result of stock ownership changes.",$728 million,,,,,,,,,,,,,filing,10-K FY2021 — ITEM 7. MANAGEMENT’S DISCUSSION AND ANALYSIS OF FINANCIAL CONDITION AND RESULTS OF OPERATIONS,
unpaired_actual,NVDA,2021,,,,,,,,gross_profit,Gross profit,,consolidated,,,,FY2021,"Year Ended January 31, 2021 January 26, 2020 Revenue 100.0 % 100.0 % Cost of revenue 37.7 38.0 Gross profit 62.3 62.0 Operating expenses: Research and development 23.5 25.9 Sales, general and administrative 11.6 10.0 Total operating expenses 35.1 35.9 Income from operations 27.2 26.1 Interest income 0.3 1.6 Interest expense (1.1) (0.5) Other, net 0.1 — Other income (expense), net (0.7) 1.1 Income before income tax expense 26.5 27.2 Income tax expense 0.5 1.6 Net income 26.0 % 25.6 % Revenue Revenue by Reportable Segments Year Ended January 31, 2021 January 26, 2020 $ Change % Change ($ in millions) Graphics $ 9,834 $ 7,639 $ 2,195 29 % Compute & Networking 6,841 3,279 3,562 109 % Total $ 16,675 $ 10,918 $ 5,757 53 % Graphics - Graphics segment revenue increased by 29% in fiscal year 2021 compared to fiscal year 2020, reflecting growth in GeForce GPUs and game console SOCs, partially offset by lower sales of Quadro/NVIDIA RTX workstations.",100.0,,,,,,,,,,,,,filing,10-K FY2021 — ITEM 7. MANAGEMENT’S DISCUSSION AND ANALYSIS OF FINANCIAL CONDITION AND RESULTS OF OPERATIONS,
unpaired_actual,NVDA,2021,,,,,,,,revenue,Revenue,,consolidated,,,,FY2021,"Compute & Networking - Compute & Networking segment revenue increased by 109% in fiscal year 2021 compared to fiscal year 2020, reflecting the addition of Mellanox acquired on April 27, 2020 and the continued ramp of NVIDIA Ampere GPU architecture systems and new products.",109,,,,,,,,,,,,,filing,10-K FY2021 — ITEM 7. MANAGEMENT’S DISCUSSION AND ANALYSIS OF FINANCIAL CONDITION AND RESULTS OF OPERATIONS,
unpaired_actual,NVDA,2021,,,,,,,,revenue,Revenue,,consolidated,,,,FY2021,"Dell represented approximately 11% of our total revenue for fiscal year 2020, and was attributable primarily to the Graphics segment.",approximately 11,,,,,,,,,,,,,filing,10-K FY2021 — ITEM 7. MANAGEMENT’S DISCUSSION AND ANALYSIS OF FINANCIAL CONDITION AND RESULTS OF OPERATIONS,
unpaired_actual,NVDA,2021,,,,,,,,revenue,Revenue,,segment:automotive,,,,FY2021,"The increase in fiscal year 2021 was driven by product mix with higher Data Center and lower Automotive revenue, partially offset by Mellanox acquisition-related charges, including a non-recurring inventory step-up charge of $161 million and ongoing intangible asset amortization of $263 million.",$161 million,,,,,,,,,,,,,filing,10-K FY2021 — ITEM 7. MANAGEMENT’S DISCUSSION AND ANALYSIS OF FINANCIAL CONDITION AND RESULTS OF OPERATIONS,
unpaired_actual,NVDA,2021,,,,,,,,gross_margin,Gross margin,,segment:automotive,,,,FY2021,"A discussion of our gross margin results for each of our reportable segments is as follows: Graphics - The gross margin of our Graphics segment increased during fiscal year 2021 when compared to fiscal year 2020, primarily driven by product mix with lower legacy automotive infotainment revenue and higher margin mix within Quadro/Nvidia RTX.",,,,,,,,,,,,,,filing,10-K FY2021 — ITEM 7. MANAGEMENT’S DISCUSSION AND ANALYSIS OF FINANCIAL CONDITION AND RESULTS OF OPERATIONS,
unpaired_actual,NVDA,2021,,,,,,,,gross_margin,Gross margin,,segment:automotive,,,,FY2021,"Compute & Networking - The gross margin of our Compute & Networking segment increased during fiscal year 2021 when compared to fiscal year 2020, primarily driven by the addition of Mellanox products, higher margins in Data Center compute systems, and lower product mix of certain Automotive solutions.",,,,,,,,,,,,,,filing,10-K FY2021 — ITEM 7. MANAGEMENT’S DISCUSSION AND ANALYSIS OF FINANCIAL CONDITION AND RESULTS OF OPERATIONS,
unpaired_actual,NVDA,2021,,,,,,,,operating_expenses,Operating expenses,,segment:automotive,,,,FY2021,"Operating Expenses Year Ended January 31, 2021 January 26, 2020 $ Change % Change ($ in millions) Research and development expenses $ 3,924 $ 2,829 $ 1,095 39 % % of net revenue 23.5 % 25.9 % Sales, general and administrative expenses 1,940 1,093 847 77 % % of net revenue 11.6 % 10.0 % Total operating expenses $ 5,864 $ 3,922 $ 1,942 50 % Research and Development Research and development expenses increased by 39% in fiscal year 2021 compared to fiscal year 2020, driven primarily by the acquisition of Mellanox.","$ 3,924",,,,,,,,,,,,,filing,10-K FY2021 — ITEM 7. MANAGEMENT’S DISCUSSION AND ANALYSIS OF FINANCIAL CONDITION AND RESULTS OF OPERATIONS,
unpaired_actual,NVDA,2021,,,,,,,,revenue,Revenue,,consolidated,,,,FY2021,"Sales, General and Administrative Sales, general and administrative expenses increased by 77% in fiscal year 2021 compared to fiscal year 2020, driven primarily by the Mellanox acquisition.",77,,,,,,,,,,,,,filing,10-K FY2021 — ITEM 7. MANAGEMENT’S DISCUSSION AND ANALYSIS OF FINANCIAL CONDITION AND RESULTS OF OPERATIONS,
unpaired_actual,NVDA,2021,,,,,,,,revenue,Revenue,,consolidated,,,,FY2021,"Cash used in investing activities increased in fiscal year 2021 compared to cash provided in fiscal year 2020, which primarily reflects cash used for the acquisition of Mellanox and the advanced consideration for the proposed acquisition of Arm, higher purchases of marketable securities, higher purchases of property and equipment and intangible assets, and lower sales of marketable securities, offset by higher maturities of marketable securities.",,,,,,,,,,,,,,filing,10-K FY2021 — ITEM 7. MANAGEMENT’S DISCUSSION AND ANALYSIS OF FINANCIAL CONDITION AND RESULTS OF OPERATIONS,
unpaired_actual,NVDA,2021,,,,,,,,revenue_growth,Revenue growth,,consolidated,,,,FY2021,"Fiscal Year 2021 Summary Year Ended January 31, 2021 January 26, 2020 Change ($ in millions, except per share data) Revenue $ 16,675 $ 10,918 Up 53% Gross margin 62.3 % 62.0 % Up 30 bps Operating expenses $ 5,864 $ 3,922 Up 50% Income from operations $ 4,532 $ 2,846 Up 59% Net income $ 4,332 $ 2,796 Up 55% Net income per diluted share $ 6.90 $ 4.52 Up 53% Revenue for fiscal year 2021 was $16.68 billion, up 53% from a year earlier.","$ 16,675",,,,,,,,,,,,,filing,10-K FY2021 — ITEM 7. MANAGEMENT’S DISCUSSION AND ANALYSIS OF FINANCIAL CONDITION AND RESULTS OF OPERATIONS,
unpaired_actual,NVDA,2021,,,,,,,,revenue_growth,Revenue growth,,segment:data_center,,,,FY2021,Revenue growth was driven by our Mellanox acquisition and the ramp of the NVIDIA Ampere GPU architecture.,,,,,,,,,,,,,,filing,10-K FY2021 — ITEM 7. MANAGEMENT’S DISCUSSION AND ANALYSIS OF FINANCIAL CONDITION AND RESULTS OF OPERATIONS,
unpaired_actual,NVDA,2021,,,,,,,,revenue,Revenue,,segment:automotive,,,,FY2021,"Automotive revenue was down 23% from a year earlier, reflecting lower revenue from the expected ramp down of legacy infotainment modules and autonomous driving development agreements, partially offset by increases in AI cockpit and autonomous vehicle solutions.",23,,,,,,,,,,,,,filing,10-K FY2021 — ITEM 7. MANAGEMENT’S DISCUSSION AND ANALYSIS OF FINANCIAL CONDITION AND RESULTS OF OPERATIONS,
unpaired_actual,NVDA,2021,,,,,,,,gross_margin,Gross margin,,segment:automotive,,,,FY2021,"Gross margin for fiscal year 2021 was up 30 basis points from a year ago, primarily driven by product mix with higher Data Center and lower Automotive revenue, partially offset by Mellanox acquisition-related charges.",30 basis points,,,,,,,,,,,,,filing,10-K FY2021 — ITEM 7. MANAGEMENT’S DISCUSSION AND ANALYSIS OF FINANCIAL CONDITION AND RESULTS OF OPERATIONS,
unpaired_actual,NVDA,2021,,,,,,,,headcount,Headcount,,consolidated,,,,FY2021,"The growth was influenced by the inclusion of Mellanox in the second quarter of fiscal year 2021, employee additions and increases in employee compensation and related expenses.",,,,,,,,,,,,,,filing,10-K FY2021 — ITEM 7. MANAGEMENT’S DISCUSSION AND ANALYSIS OF FINANCIAL CONDITION AND RESULTS OF OPERATIONS,
unpaired_actual,NVDA,2021,,,,,,,,headcount,Headcount,,consolidated,,,,FY2021,"Changes in Internal Control Over Financial Reporting Other than the acquisition of Mellanox that occurred during the second quarter of fiscal year 2021, there were no changes in our internal control over financial reporting during our last fiscal quarter that have materially affected, or are reasonably likely to materially affect, our internal control over financial reporting despite the fact that virtually all of our employees are working remotely due to the COVID-19 pandemic.",,,,,,,,,,,,,,filing,10-K FY2021 — ITEM 9A. CONTROLS AND PROCEDURES,
unpaired_actual,NVDA,2021,,,,,,,,subscribers,Subscribers / customers,,consolidated,,,,Q1 FY2022,"Initial customers including --- Page 5 --- Motley Fool transcript | Source URL in header Page 5 Lockheed Martin, and Mass General Brigham.",5,,,,,,,,,,,,,transcript,NVDA_Q1_2022,
unpaired_actual,NVDA,2021,,,,,,,,stores,Stores / locations,,segment:data_center,,,,Q1 FY2022,"We are teaming with Fujitsu, Google Cloud, Mavenir, Radisys and Wind River in developing solutions based on our AI on 5G platform to speed the creation of smart cities and factories, advanced hospitals and intelligent stores.",,,,,,,,,,,,,,transcript,NVDA_Q1_2022,
unpaired_actual,NVDA,2021,,,,,,,,product_milestone,Product / strategic milestone,,consolidated,,,,Q1 FY2022,"For a discussion of factors that could affect our future financial results and business, please refer to the disclosure in today's earnings release, our most recent forms 10-K and 10-Q, and the reports that we may file on Form 8-K with the Securities and Exchange Commission.",10,,,,,,,,,,,,,transcript,NVDA_Q1_2022,
unpaired_actual,NVDA,2021,,,,,,,,gross_margin,Gross margin,,segment:data_center,,,,Q1 FY2022,"Moving to the rest of the P&L, GAAP gross margin for the first quarter was down 100 basis points from a year earlier and up 100 basis points sequentially.",100 basis points,,,,,,,,,,,,,transcript,NVDA_Q1_2022,
unpaired_actual,NVDA,2021,,,,,,,,gross_margin,Gross margin,,segment:data_center,,,,Q1 FY2022,Non-GAAP gross margin was up 40 basis points from a year earlier and up 70 basis points sequentially.,40 basis points,,,,,,,,,,,,,transcript,NVDA_Q1_2022,
unpaired_actual,NVDA,2021,,,,,,,,revenue_growth,Revenue growth,,segment:data_center,,,,Q1 FY2022,--- Page 2 --- Motley Fool transcript | Source URL in header Page 2 Q1 was exceptionally strong with revenue of $5.66 billion and year-on-year growth accelerating to 84%.,2,,,,,,,,,,,,,transcript,NVDA_Q1_2022,
unpaired_actual,NVDA,2021,,,,,,,,revenue_growth,Revenue growth,,segment:data_center,,,,Q1 FY2022,"Starting with Gaming, revenue of $2.8 billion was up 11% sequentially and up 106% from a year earlier.",$2.8 billion,,,,,,,,,,,,,transcript,NVDA_Q1_2022,
unpaired_actual,NVDA,2021,,,,,,,,revenue,Revenue,,segment:oem,,,,Q1 FY2022,"CMP revenue was $155 million in Q1, reported as part of the OEM and other category.",$155 million,,,,,,,,,,,,,transcript,NVDA_Q1_2022,
unpaired_actual,NVDA,2021,,,,,,,,revenue_growth,Revenue growth,,consolidated,,,,Q1 FY2022,"Q1 revenue was $372 million, up 21% both sequentially and year-on-year.",$372 million,,,,,,,,,,,,,transcript,NVDA_Q1_2022,
unpaired_actual,NVDA,2021,,,,,,,,headcount,Headcount,,consolidated,,,,Q1 FY2022,"Strong notebook growth was driven by a new, sleek and powerful RTX-powered mobile workstations with Max-Q technology and the enterprises continue to support remote workforce initiatives.",,,,,,,,,,,,,,transcript,NVDA_Q1_2022,
unpaired_actual,NVDA,2021,,,,,,,,product_milestone,Product / strategic milestone,,segment:automotive,,,,Q1 FY2022,"At GTC we announced the upcoming general availability of NVIDIA Omniverse Enterprise, the world's first technology platform that enables global 3D design teams to collaborate in real time in a shared space, working across multiple software speeds.",,,,,,,,,,,,,,transcript,NVDA_Q1_2022,
unpaired_actual,NVDA,2021,,,,,,,,revenue_growth,Revenue growth,,segment:automotive,,,,Q1 FY2022,"Moving to automotive, Q1 revenue was $154 million, up 6% sequentially and down 1% year-on-year.",$154 million,,,,,,,,,,,,,transcript,NVDA_Q1_2022,
unpaired_actual,NVDA,2021,,,,,,,,revenue_growth,Revenue growth,,segment:automotive,,,,Q1 FY2022,Growth in AI cockpit revenue was partially offset by the expected decline in legacy infotainment revenue.,,,,,,,,,,,,,,transcript,NVDA_Q1_2022,
unpaired_actual,NVDA,2021,,,,,,,,revenue,Revenue,,segment:data_center,,,,Q1 FY2022,"Revenue topped $2 billion for the first time, growing 8% sequentially and up 79% from the year-ago quarter, which did not include Mellanox.",$2 billion,,,,,,,,,,,,,transcript,NVDA_Q1_2022,
unpaired_actual,NVDA,2021,,,,,,,,subscribers,Subscribers / customers,,consolidated,,,,Q1 FY2022,"In March, Google Cloud platform announced general availability of the A100 with early customers including Square for its cash application and Alphabet's DeepMind.",,,,,,,,,,,,,,transcript,NVDA_Q1_2022,
unpaired_actual,NVDA,2021,,,,,,,,subscribers,Subscribers / customers,,consolidated,,,,Q1 FY2022,"Like our compute business, strong growth was driven by hyperscale customers across both Ethernet and InfiniBand.",,,,,,,,,,,,,,transcript,NVDA_Q1_2022,
unpaired_actual,NVDA,2021,,,,,,,,dividend,Dividend,,consolidated,,,,Q2 FY2022,"6 NVIDIA CORPORATION AND SUBSIDIARIES CONDENSED CONSOLIDATED STATEMENTS OF CASH FLOWS (In millions) (Unaudited) Three Months Ended May 1, May 2, 2022 2021 Cash flows from operating activities: Net income $ 1,618 $ 1,912 Adjustments to reconcile net income to net cash provided by operating activities: Acquisition termination cost 1,353 — Stock-based compensation expense 578 429 Depreciation and amortization 334 281 Losses (gains) on investments in non-affiliates, net 17 ( 133 ) Deferred income taxes ( 542 ) 24 Other 23 ( 3 ) Changes in operating assets and liabilities, net of acquisitions: Accounts receivable ( 788 ) ( 595 ) Inventories ( 560 ) ( 159 ) Prepaid expenses and other assets ( 1,261 ) 2 Accounts payable 255 36 Accrued and other current liabilities 634 33 Other long-term liabilities 70 47 Net cash provided by operating activities 1,731 1,874 Cash flows from investing activities: Proceeds from maturities of marketable securities 5,947 3,140 Proceeds from sales of marketable securities 1,029 358 Purchases of marketable securities ( 3,932 ) ( 4,470 ) Purchases related to property and equipment and intangible assets ( 361 ) ( 298 ) Acquisitions, net of cash acquired ( 36 ) — Investments and other, net ( 35 ) ( 2 ) Net cash provided by (used in) investing activities 2,612 ( 1,272 ) Cash flows from financing activities: Proceeds related to employee stock plans 204 126 Payments related to repurchases of common stock ( 1,996 ) — Payments related to tax on restricted stock units ( 532 ) ( 477 ) Dividends paid ( 100 ) ( 99 ) Principal payments on property and equipment and intangible asset ( 22 ) ( 19 ) Other — ( 2 ) Net cash used in financing activities ( 2,446 ) ( 471 ) Change in cash and cash equivalents 1,897 131 Cash and cash equivalents at beginning of period 1,990 847 Cash and cash equivalents at end of period $ 3,887 $ 978 See accompanying Notes to Condensed Consolidated Financial Statements.",6,,,,,,,,,,,,,filing,10-Q Q2 2022 — ITEM 1. FINANCIAL STATEMENTS (UNAUDITED) — Consolidated Financial Statements,
unpaired_actual,NVDA,2021,,,,,,,,share_repurchases,Share repurchases,,consolidated,,,,Q2 FY2022,"On May 23, 2022, our Board of Directors increased and extended our share repurchase program to repurchase additional common stock up to a total of $ 15 billion through December 2023.",$ 15 billion,,,,,,,,,,,,,filing,10-Q Q2 2022 — ITEM 1. FINANCIAL STATEMENTS (UNAUDITED) — Note 14 - Shareholders’ Equity,
unpaired_actual,NVDA,2021,,,,,,,,revenue,Revenue,,consolidated,,,,Q2 FY2022,"Our Condensed Consolidated Statements of Income include stock-based compensation expense, net of amounts allocated to inventory, as follows: Three Months Ended May 1, 2022 May 2, 2021 (In millions) Cost of revenue $ 38 $ 25 Research and development 384 276 Sales, general and administrative 156 128 Total $ 578 $ 429 Equity Award Activity The following is a summary of our equity award transactions under our equity incentive plans: RSUs, PSUs, and Market-based PSUs Outstanding Number of Shares Weighted Average Grant-Date Fair Value Per Share (In millions, except per share data) Balances, January 30, 2022 46 $ 114.19 Granted 3 $ 216.00 Vested restricted stock ( 7 ) $ 83.70 Balances, May 1, 2022 42 $ 125.32 As of May 1, 2022, there was $ 4.95 billion of aggregate unearned stock-based compensation expense.",$ 38,,,,,,,,,,,,,filing,10-Q Q2 2022 — ITEM 1. FINANCIAL STATEMENTS (UNAUDITED) — Note 4 - Stock-Based Compensation,
unpaired_actual,NVDA,2021,,,,,,,,revenue,Revenue,,segment:aws,,,,Q2 FY2022,"34 Recent restrictions imposed by the Chinese government on the duration of gaming activities and access to games may adversely affect our Gaming revenue, and increased oversight of digital platform companies may adversely affect our Data Center revenue.",34,,,,,,,,,,,,,filing,10-Q Q2 2022 — ITEM 1A. RISK FACTORS,
unpaired_actual,NVDA,2021,,,,,,,,deliveries,Deliveries,,segment:aws,,,,Q2 FY2022,"Additionally, revisions to laws or regulations or their interpretation and enforcement could result in increased taxation, trade sanctions, the imposition of import duties or tariffs, restrictions and controls on imports or exports, or other retaliatory actions, which could have an adverse effect on our business plans or impact the timing of our shipments.",,,,,,,,,,,,,,filing,10-Q Q2 2022 — ITEM 1A. RISK FACTORS,
unpaired_actual,NVDA,2021,,,,,,,,subscribers,Subscribers / customers,,consolidated,,,,Q2 FY2022,"Situations that may result in excess inventory, cancellation penalties or related impairments include: • changes in business and economic conditions resulting in decreased consumer confidence, including downturns in our target markets and/or overall economy, rising inflation, and changes in the credit market; • sudden or sustained government lockdowns or actions to control COVID-19 case spread; • higher incidence of inventory obsolescence because of rapidly changing technology or customer requirements; • new product introductions resulting in less demand for existing products or inconsistent spikes in demand due to unexpected end use cases; • increase in demand for competitive products, including competitive actions; • fluctuations in demand for our products related to cryptocurrency mining; or • decrease in future demand, decrease in the cost of supply chain materials, or changes in the design of future products where we have entered into long-term supply commitments, including prepayments, particularly to the extent we are placing orders well in advance of our historical lead times and/or before the design of those products is final.",,,,,,,,,,,,,,filing,10-Q Q2 2022 — ITEM 1A. RISK FACTORS,
unpaired_actual,NVDA,2021,,,,,,,,revenue,Revenue,,segment:international,,,,Q2 FY2022,"Our semiconductor wafers are manufactured, assembled, tested and packaged by third parties located outside of the United States and we generated 77% of our revenue for the first quarter of fiscal year 2023 from sales outside of the United States.",77,,,,,,,,,,,,,filing,10-Q Q2 2022 — ITEM 1A. RISK FACTORS,
unpaired_actual,NVDA,2021,,,,,,,,gross_margin,Gross margin,,consolidated,,,,Q2 FY2022,"Increased costs for wafers, components, logistics, and other supply chain expenses, driven in part by inflation, have negatively impacted our gross margin and may continue to impact our gross margin.",,,,,,,,,,,,,,filing,10-Q Q2 2022 — ITEM 1A. RISK FACTORS,
unpaired_actual,NVDA,2021,,,,,,,,subscribers,Subscribers / customers,,consolidated,,,,Q2 FY2022,"Economic and industry uncertainty or changes could have adverse, wide-ranging effects on our business and financial results, including: • decrease in demand for our products, services and technologies and those of our customers or licensees; • the inability of our suppliers to deliver on their supply commitments to us; • our customers’ or our licensees’ inability to supply products to customers and/or end users; • the insolvency of key suppliers, distributors, customers or licensees; • limits on our ability to forecast operating results and make business decisions; • difficulties in obtaining capital; • reduced profitability may also cause some customers to scale back operations, exit businesses, merge with other manufacturers, or file for bankruptcy protection and potentially cease operations; • lead to consolidation or strategic alliances among other equipment manufacturers, which could adversely affect our ability to compete effectively; and • increased credit and collectability risks, higher borrowing costs or reduced availability of capital markets, reduced liquidity, adverse impacts on our suppliers, failures of counterparties including financial institutions and insurers, asset impairments, and declines in the value of our financial instruments.",,,,,,,,,,,,,,filing,10-Q Q2 2022 — ITEM 1A. RISK FACTORS,
unpaired_actual,NVDA,2021,,,,,,,,product_milestone,Product / strategic milestone,,consolidated,,,,Q2 FY2022,"As the pandemic continues to evolve, the increased duration and impact of economic and demand uncertainty, and the limited availability of our supply chain, logistical services and component supply, may have a material net negative impact on our business and financial results.",,,,,,,,,,,,,,filing,10-Q Q2 2022 — ITEM 1A. RISK FACTORS,
unpaired_actual,NVDA,2021,,,,,,,,gross_profit,Gross profit,,consolidated,,,,Q2 FY2022,"Three Months Ended May 1, 2022 May 2, 2021 Revenue 100.0 % 100.0 % Cost of revenue 34.5 35.9 Gross profit 65.5 64.1 Operating expenses Research and development 19.5 20.4 Sales, general and administrative 7.1 9.2 Acquisition termination cost 16.3 — Total operating expenses 42.9 29.6 Income from operations 22.6 34.5 Interest income 0.2 0.1 Interest expense (0.8) (0.9) Other, net (0.2) 2.4 Other income (expense), net (0.8) 1.6 Income before income tax 21.8 36.1 Income tax expense 2.3 2.3 Net income 19.5 % 33.8 % Revenue Revenue by Reportable Segments Three Months Ended May 1, 2022 May 2, 2021 $ Change % Change ($ in millions) Graphics $ 4,616 $ 3,451 $ 1,165 34 % Compute & Networking 3,672 2,210 1,462 66 % Total $ 8,288 $ 5,661 $ 2,627 46 % Graphics - Graphics segment revenue increased by 34% in the first quarter of fiscal year 2023 compared to the first quarter of fiscal year 2022.",100.0,,,,,,,,,,,,,filing,10-Q Q2 2022 — ITEM 2. MANAGEMENT’S DISCUSSION AND ANALYSIS OF FINANCIAL CONDITION AND RESULTS OF OPERATIONS,
unpaired_actual,NVDA,2021,,,,,,,,revenue,Revenue,,consolidated,,,,Q2 FY2022,"Compute & Networking - Compute & Networking segment revenue increased by 66% for the first quarter of fiscal year 2023 compared to the first quarter of fiscal year 2022, driven primarily by sales of NVIDIA Ampere architecture products to hyperscale customers for cloud computing and workloads such as natural language processing and deep recommender models, as well as to vertical industries.",66,,,,,,,,,,,,,filing,10-Q Q2 2022 — ITEM 2. MANAGEMENT’S DISCUSSION AND ANALYSIS OF FINANCIAL CONDITION AND RESULTS OF OPERATIONS,
unpaired_actual,NVDA,2021,,,,,,,,gross_margin,Gross margin,,consolidated,,,,Q2 FY2022,"Graphics - The gross margin of our Graphics segment increased during the first quarter of fiscal year 2023 compared to the first quarter of fiscal year 2022, primarily due to a higher-end mix within GeForce GPUs.",,,,,,,,,,,,,,filing,10-Q Q2 2022 — ITEM 2. MANAGEMENT’S DISCUSSION AND ANALYSIS OF FINANCIAL CONDITION AND RESULTS OF OPERATIONS,
unpaired_actual,NVDA,2021,,,,,,,,gross_margin,Gross margin,,consolidated,,,,Q2 FY2022,"Compute & Networking - The gross margin of our Compute & Networking segment decreased during the first quarter of fiscal year 2023 compared to the first quarter of fiscal year 2022, primarily due to lower contribution of prior architecture boards compared to NVIDIA Ampere architecture systems.",,,,,,,,,,,,,,filing,10-Q Q2 2022 — ITEM 2. MANAGEMENT’S DISCUSSION AND ANALYSIS OF FINANCIAL CONDITION AND RESULTS OF OPERATIONS,
unpaired_actual,NVDA,2021,,,,,,,,revenue,Revenue,,consolidated,,,,Q2 FY2022,"Sales, General and Administrative Sales, general and administrative expenses increased by 14% during the first quarter of fiscal year 2023 compared to the first quarter of fiscal year 2022, primarily driven by compensation-related costs, associated with employee growth and stock-based compensation, partially offset by lower legal fees.",14,,,,,,,,,,,,,filing,10-Q Q2 2022 — ITEM 2. MANAGEMENT’S DISCUSSION AND ANALYSIS OF FINANCIAL CONDITION AND RESULTS OF OPERATIONS,
unpaired_actual,NVDA,2021,,,,,,,,revenue,Revenue,,consolidated,,,,Q2 FY2022,"Cash provided by investing activities increased in the first quarter of fiscal year 2023 compared to cash used in the first quarter of fiscal year 2022, primarily driven by higher marketable securities sales and maturities and lower purchases of marketable securities.",,,,,,,,,,,,,,filing,10-Q Q2 2022 — ITEM 2. MANAGEMENT’S DISCUSSION AND ANALYSIS OF FINANCIAL CONDITION AND RESULTS OF OPERATIONS,
unpaired_actual,NVDA,2021,,,,,,,,deliveries,Deliveries,,consolidated,,,,Q2 FY2022,"Beginning in the second quarter of fiscal year 2022, most desktop NVIDIA Ampere architecture GeForce GPU shipments were LHR in our effort to direct GeForce to gamers.",,,,,,,,,,,,,,filing,10-Q Q2 2022 — ITEM 2. MANAGEMENT’S DISCUSSION AND ANALYSIS OF FINANCIAL CONDITION AND RESULTS OF OPERATIONS,
unpaired_actual,NVDA,2021,,,,,,,,revenue,Revenue,,consolidated,,,,Q2 FY2022,Direct sales to Russia in fiscal year 2022 were immaterial.,,,,,,,,,,,,,,filing,10-Q Q2 2022 — ITEM 2. MANAGEMENT’S DISCUSSION AND ANALYSIS OF FINANCIAL CONDITION AND RESULTS OF OPERATIONS,
unpaired_actual,NVDA,2021,,,,,,,,gross_margin,Gross margin,,consolidated,,,,Q2 FY2022,"Increased costs for wafers, components, logistics, and other supply chain expenses, driven in part by inflation, have negatively impacted and may continue to impact our gross margin.",,,,,,,,,,,,,,filing,10-Q Q2 2022 — ITEM 2. MANAGEMENT’S DISCUSSION AND ANALYSIS OF FINANCIAL CONDITION AND RESULTS OF OPERATIONS,
unpaired_actual,NVDA,2021,,,,,,,,gross_margin,Gross margin,,consolidated,,,,Q2 FY2022,"First Quarter of Fiscal Year 2023 Summary Three Months Ended May 1, 2022 January 30, 2022 May 2, 2021 Quarter-over-Quarter Change Year-over-Year Change ($ in millions, except per share data) Revenue $ 8,288 $ 7,643 $ 5,661 8 % 46 % Gross margin 65.5 % 65.4 % 64.1 % 10 bps 140 bps Operating expenses $ 3,563 $ 2,029 $ 1,673 76 % 113 % Income from operations $ 1,868 $ 2,970 $ 1,956 (37) % (4) % Net income $ 1,618 $ 3,003 $ 1,912 (46) % (15) % Net income per diluted share $ 0.64 $ 1.18 $ 0.76 (46) % (16) % We specialize in markets where our computing platforms can provide tremendous acceleration for applications.","$ 8,288",,,,,,,,,,,,,filing,10-Q Q2 2022 — ITEM 2. MANAGEMENT’S DISCUSSION AND ANALYSIS OF FINANCIAL CONDITION AND RESULTS OF OPERATIONS,
unpaired_actual,NVDA,2021,,,,,,,,revenue,Revenue,,segment:automotive,,,,Q2 FY2022,"Revenue for the first quarter of fiscal year 2023 was $8.29 billion, up 46% from a year ago and up 8% sequentially.",$8.29 billion,,,,,,,,,,,,,filing,10-Q Q2 2022 — ITEM 2. MANAGEMENT’S DISCUSSION AND ANALYSIS OF FINANCIAL CONDITION AND RESULTS OF OPERATIONS,
unpaired_actual,NVDA,2021,,,,,,,,revenue,Revenue,,consolidated,,,,Q2 FY2022,The sequential increase was driven by higher sales of GeForce GPUs for laptops and SOCs for game consoles.,,,,,,,,,,,,,,filing,10-Q Q2 2022 — ITEM 2. MANAGEMENT’S DISCUSSION AND ANALYSIS OF FINANCIAL CONDITION AND RESULTS OF OPERATIONS,
unpaired_actual,NVDA,2021,,,,,,,,revenue,Revenue,,segment:data_center,,,,Q2 FY2022,These increases were primarily driven by sales of NVIDIA Ampere architecture GPUs and DGX systems used across both training and inference.,,,,,,,,,,,,,,filing,10-Q Q2 2022 — ITEM 2. MANAGEMENT’S DISCUSSION AND ANALYSIS OF FINANCIAL CONDITION AND RESULTS OF OPERATIONS,
unpaired_actual,NVDA,2021,,,,,,,,revenue_growth,Revenue growth,,consolidated,,,,Q2 FY2022,The year-on-year increase was driven by sales of NVIDIA Ampere architecture products with growth in workstations as enterprises supported hybrid work environments.,,,,,,,,,,,,,,filing,10-Q Q2 2022 — ITEM 2. MANAGEMENT’S DISCUSSION AND ANALYSIS OF FINANCIAL CONDITION AND RESULTS OF OPERATIONS,
unpaired_actual,NVDA,2021,,,,,,,,revenue,Revenue,,segment:automotive,,,,Q2 FY2022,The year-on-year decrease was due to automakers’ supply constraints and the decline of legacy cockpit revenue.,,,,,,,,,,,,,,filing,10-Q Q2 2022 — ITEM 2. MANAGEMENT’S DISCUSSION AND ANALYSIS OF FINANCIAL CONDITION AND RESULTS OF OPERATIONS,
unpaired_actual,NVDA,2021,,,,,,,,revenue,Revenue,,segment:oem,,,,Q2 FY2022,The sequential increase was driven by AI cockpit revenue.,,,,,,,,,,,,,,filing,10-Q Q2 2022 — ITEM 2. MANAGEMENT’S DISCUSSION AND ANALYSIS OF FINANCIAL CONDITION AND RESULTS OF OPERATIONS,
unpaired_actual,NVDA,2021,,,,,,,,revenue,Revenue,,segment:oem,,,,Q2 FY2022,"The year-on-year decrease was due to a decline in CMP revenue, which was nominal in the quarter compared with $155 million from a year ago.",$155 million,,,,,,,,,,,,,filing,10-Q Q2 2022 — ITEM 2. MANAGEMENT’S DISCUSSION AND ANALYSIS OF FINANCIAL CONDITION AND RESULTS OF OPERATIONS,
unpaired_actual,NVDA,2021,,,,,,,,gross_margin,Gross margin,,segment:data_center,,,,Q2 FY2022,"Sequentially, GAAP gross margin was up 10 basis points due to increased contribution of, and favorable product mix changes within, Data Center, partially offset by higher sales of SOCs for game consoles.",10 basis points,,,,,,,,,,,,,filing,10-Q Q2 2022 — ITEM 2. MANAGEMENT’S DISCUSSION AND ANALYSIS OF FINANCIAL CONDITION AND RESULTS OF OPERATIONS,
unpaired_actual,NVDA,2021,,,,,,,,headcount,Headcount,,consolidated,,,,Q2 FY2022,"These increases were also driven by employee growth, compensation-related costs and engineering development costs.",,,,,,,,,,,,,,filing,10-Q Q2 2022 — ITEM 2. MANAGEMENT’S DISCUSSION AND ANALYSIS OF FINANCIAL CONDITION AND RESULTS OF OPERATIONS,
unpaired_actual,NVDA,2021,,,,,,,,share_repurchases,Share repurchases,,consolidated,,,,Q2 FY2022,"On May 23, 2022, our Board of Directors increased and extended our share repurchase program to repurchase additional common stock up to a total of $15 billion through December 2023.",$15 billion,,,,,,,,,,,,,filing,10-Q Q2 2022 — ITEM 2. UNREGISTERED SALES OF EQUITY SECURITIES AND USE OF PROCEEDS,
unpaired_actual,NVDA,2021,,,,,,,,gross_margin,Gross margin,,consolidated,,,,Q2 FY2022,"GAAP gross margin of 64.8% for the second quarter was up 600 basis points from a year earlier, reflecting the absence of certain Mellanox acquisition-related costs.",64.8,,,,,,,,,,,,,transcript,NVDA_Q2_2022,
unpaired_actual,NVDA,2021,,,,,,,,product_milestone,Product / strategic milestone,,consolidated,,,,Q2 FY2022,"For a discussion of factors that could affect our future financial results and business, please refer to the disclosure in today's earnings release, our most recent forms 10-K and 10-Q and the reports that we may file on Form 8-K with the Securities and Exchange Commission.",10,,,,,,,,,,,,,transcript,NVDA_Q2_2022,
unpaired_actual,NVDA,2021,,,,,,,,production,Production,,consolidated,,,,Q2 FY2022,--- Page 6 --- Motley Fool transcript | Source URL in header Page 6 And our collaboration with VMware are creating a new type of systems that could be integrated in the enterprise has been quite a significant effort and it's in volume production today.,6,,,,,,,,,,,,,transcript,NVDA_Q2_2022,
unpaired_actual,NVDA,2021,,,,,,,,revenue_growth,Revenue growth,,segment:data_center,,,,Q2 FY2022,Q2 was another strong quarter with revenue of $6.5 billion and year-on-year growth of 68%.,$6.5 billion,,,,,,,,,,,,,transcript,NVDA_Q2_2022,
unpaired_actual,NVDA,2021,,,,,,,,revenue_growth,Revenue growth,,segment:data_center,,,,Q2 FY2022,"Starting with Gaming, revenue was $3.1 billion, was up 11% sequentially and up 85% from a year earlier.",$3.1 billion,,,,,,,,,,,,,transcript,NVDA_Q2_2022,
unpaired_actual,NVDA,2021,,,,,,,,deliveries,Deliveries,,consolidated,,,,Q2 FY2022,Over 80% of our Ampere architecture-based GeForce shipments in the quarter were both hash rate GPUs.,80,,,,,,,,,,,,,transcript,NVDA_Q2_2022,
unpaired_actual,NVDA,2021,,,,,,,,revenue,Revenue,,consolidated,,,,Q2 FY2022,"CMP revenue, which is recognized in OEM, was $266 million, lower than our original $400 million estimate on reduced mining profitability and we expect a minimal contribution from CMP going forward.",$266 million,,,,,,,,,,,,,transcript,NVDA_Q2_2022,
unpaired_actual,NVDA,2021,,,,,,,,product_milestone,Product / strategic milestone,,consolidated,,,,Q2 FY2022,"GeForce NOW reached a new milestone this quarter surpassing 1,000 PC games, more than any other cloud gaming service.","1,000",,,,,,,,,,,,,transcript,NVDA_Q2_2022,
unpaired_actual,NVDA,2021,,,,,,,,revenue_growth,Revenue growth,,consolidated,,,,Q2 FY2022,"Q2 revenue was a record $519 million, up 40% sequentially and up 156% year-on-year.",$519 million,,,,,,,,,,,,,transcript,NVDA_Q2_2022,
unpaired_actual,NVDA,2021,,,,,,,,revenue_growth,Revenue growth,,consolidated,,,,Q2 FY2022,"Strong sequential revenue growth was led by desktop workstations, driven by demand to outfit design offices at home as remote work becomes the norm across industries.",,,,,,,,,,,,,,transcript,NVDA_Q2_2022,
unpaired_actual,NVDA,2021,,,,,,,,revenue_growth,Revenue growth,,segment:automotive,,,,Q2 FY2022,"Our Q2 revenue was $152 million, down 1% sequentially and up 3% year-on-year.",$152 million,,,,,,,,,,,,,transcript,NVDA_Q2_2022,
unpaired_actual,NVDA,2021,,,,,,,,revenue,Revenue,,consolidated,,,,Q2 FY2022,Sequential revenue declines in infotainment were largely offset by growth in self-driving.,,,,,,,,,,,,,,transcript,NVDA_Q2_2022,
unpaired_actual,NVDA,2021,,,,,,,,deliveries,Deliveries,,segment:automotive,,,,Q2 FY2022,"In autonomous trucking, DRIVE ecosystem partner, Plus, signed a deal with Amazon to provide at least 1,000 self-driving systems to Amazon's fleet of delivery vehicles.","at least 1,000",,,,,,,,,,,,,transcript,NVDA_Q2_2022,
unpaired_actual,NVDA,2021,,,,,,,,revenue,Revenue,,consolidated,,,,Q2 FY2022,"Revenue from inference focused processors includes the new A30 GPU, which provides 4 times the inference performance of the T4.",4,,,,,,,,,,,,,transcript,NVDA_Q2_2022,
unpaired_actual,NVDA,2021,,,,,,,,revenue,Revenue,,consolidated,,,,Q3 FY2022,"Our Condensed Consolidated Statements of Income include stock-based compensation expense, net of amounts allocated to inventory, as follows: Three Months Ended Six Months Ended July 31, 2022 August 1, 2021 July 31, 2022 August 1, 2021 (In millions) Cost of revenue $ 38 $ 32 $ 76 $ 57 Research and development 452 297 836 573 Sales, general and administrative 159 136 315 264 Total $ 649 $ 465 $ 1,227 $ 894 Equity Award Activity The following is a summary of our equity award transactions under our equity incentive plans: RSUs, PSUs, and Market-based PSUs Outstanding Number of Shares Weighted Average Grant-Date Fair Value Per Share (In millions, except per share data) Balances, January 30, 2022 46 $ 114.19 Granted 22 $ 187.51 Vested restricted stock ( 11 ) $ 86.77 Canceled and forfeited ( 1 ) $ 131.19 Balances, July 31, 2022 56 $ 148.43 As of July 31, 2022, there was $ 7.61 billion of aggregate unearned stock-based compensation expense.",$ 38,,,,,,,,,,,,,filing,10-Q Q3 2022 — ITEM 1. FINANCIAL STATEMENTS (UNAUDITED) — Note 4 - Stock-Based Compensation,
unpaired_actual,NVDA,2021,,,,,,,,subscribers,Subscribers / customers,,consolidated,,,,Q3 FY2022,"Economic and industry uncertainty or changes could have adverse, wide-ranging effects on our business and financial results, including: • decrease in demand for our products, services and technologies and those of our customers or licensees; • the inability of our suppliers to deliver on their supply commitments to us; • our customers’ or our licensees’ inability to supply products to customers and/or end users; • the insolvency of key suppliers, distributors, customers or licensees; • limits on our ability to forecast operating results and make business decisions; • difficulties in obtaining capital; • reduced profitability may also cause some customers to scale back operations, exit businesses, merge with other manufacturers, or file for bankruptcy protection and potentially cease operations; • lead to consolidation or strategic alliances among other equipment manufacturers, which could adversely affect our ability to compete effectively; and • increased credit and collectability risks, higher borrowing costs or reduced availability of capital markets, reduced liquidity, adverse impacts on our suppliers, failures of counterparties including financial institutions and insurers, asset impairments, and declines in the value of our financial instruments.",,,,,,,,,,,,,,filing,10-Q Q3 2022 — ITEM 1A. RISK FACTORS,
unpaired_actual,NVDA,2021,,,,,,,,subscribers,Subscribers / customers,,consolidated,,,,Q3 FY2022,"Additional risks related to acquisitions or strategic investments include, but are not limited to: • difficulty in integrating the technology, products, policies, processes, or operations and integrating and retaining the employees of the acquired business; • diversion of capital and other resources, including management’s attention; • assumption of liabilities and incurring amortization expenses, impairment charges to goodwill or write-downs of acquired assets; • integrating accounting, forecasting and controls, procedures and reporting cycles; • coordinating and integrating operations, particularly in countries in which we do not currently operate; • difficulty in realizing a satisfactory return and uncertainties to realize the benefits of an acquisition or strategic investment, if at all; • difficulty or inability in obtaining governmental, regulatory approval or restrictions or other consents and approvals or financing; • stock price impact, fines, fees or reputation harm if we are unable to obtain regulatory approval for an acquisition or are otherwise unable to close an acquisition; • legal proceedings initiated as a result of an acquisition or investment; • potential issuances of debt to finance our acquisitions, resulting in increased debt, increased interest expense, and compliance with debt covenants or other restrictions; • the potential for our acquisitions to result in dilutive issuances of our equity securities; • the potential variability of the amount and form of any performance-based consideration; • negative changes in general economic conditions in the regions or the industries in which we or our target operate; • potential failure of our due diligence processes to identify significant issues with the assets or company in which we are investing or are acquiring; and • impairment of relationships with, or loss of our or our target’s employees, vendors and customers, as a result of our acquisition or investment.",,,,,,,,,,,,,,filing,10-Q Q3 2022 — ITEM 1A. RISK FACTORS,
unpaired_actual,NVDA,2021,,,,,,,,capacity,Capacity,,consolidated,,,,Q3 FY2022,"As a result, we have paid premiums and provided deposits to secure future supply and capacity, which have increased our product costs, and may need to continue to do so in the future.",,,,,,,,,,,,,,filing,10-Q Q3 2022 — ITEM 1A. RISK FACTORS,
unpaired_actual,NVDA,2021,,,,,,,,revenue,Revenue,,segment:aws,,,,Q3 FY2022,"Recent restrictions imposed by the Chinese government on the duration of gaming activities and access to games may adversely affect our Gaming revenue, and increased oversight of digital platform companies may adversely affect our Data Center revenue.",,,,,,,,,,,,,,filing,10-Q Q3 2022 — ITEM 1A. RISK FACTORS,
unpaired_actual,NVDA,2021,,,,,,,,deliveries,Deliveries,,segment:aws,,,,Q3 FY2022,"Additionally, revisions to laws or regulations or their interpretation and enforcement could result in increased taxation, trade sanctions, the imposition of import duties or tariffs, restrictions and controls on imports or exports, or other retaliatory actions, which could have an adverse effect on our business plans or impact the timing of our shipments.",,,,,,,,,,,,,,filing,10-Q Q3 2022 — ITEM 1A. RISK FACTORS,
unpaired_actual,NVDA,2021,,,,,,,,revenue,Revenue,,consolidated,,,,Q3 FY2022,"The risk of these impacts has increased recently, as our purchase obligations and prepaids have grown and become a greater portion of our total supply while our revenue has sequentially declined.",,,,,,,,,,,,,,filing,10-Q Q3 2022 — ITEM 1A. RISK FACTORS,
unpaired_actual,NVDA,2021,,,,,,,,subscribers,Subscribers / customers,,consolidated,,,,Q3 FY2022,"Those factors include such things as: • changes in business and economic conditions resulting in decreased consumer confidence, including downturns in our target markets and/or overall economy, rising inflation, and changes in the credit market; • sudden or sustained government lockdowns or actions to control COVID-19 case spread; • rapidly changing technology or customer requirements; • new product introductions resulting in less demand for existing products; • new or unexpected end use cases; • increase in demand for competitive products, including competitive actions; • fluctuations in demand for our products related to cryptocurrency mining; or • changes in governmental policies, such as increased restrictions on gaming usage or cloud service providers.",,,,,,,,,,,,,,filing,10-Q Q3 2022 — ITEM 1A. RISK FACTORS,
unpaired_actual,NVDA,2021,,,,,,,,deliveries,Deliveries,,consolidated,,,,Q3 FY2022,"Beginning in the second quarter of fiscal year 2022, most desktop NVIDIA Ampere architecture GeForce GPU shipments were LHR to help direct GeForce GPUs to gamers.",,,,,,,,,,,,,,filing,10-Q Q3 2022 — ITEM 1A. RISK FACTORS,
unpaired_actual,NVDA,2021,,,,,,,,revenue,Revenue,,segment:international,,,,Q3 FY2022,"Our semiconductor wafers are manufactured, assembled, tested and packaged by third parties located outside of the United States and we generated 70% and 74% of our revenue for the second quarter and first half of fiscal year 2023, respectively, from sales outside of the United States.",70,,,,,,,,,,,,,filing,10-Q Q3 2022 — ITEM 1A. RISK FACTORS,
unpaired_actual,NVDA,2021,,,,,,,,gross_margin,Gross margin,,consolidated,,,,Q3 FY2022,"Increased costs for wafers, components, logistics, and other supply chain expenses, driven in part by inflation, have negatively impacted our gross margin and may continue to impact our gross margin.",,,,,,,,,,,,,,filing,10-Q Q3 2022 — ITEM 1A. RISK FACTORS,
unpaired_actual,NVDA,2021,,,,,,,,revenue,Revenue,,segment:north_america,,,,Q3 FY2022,"Sequentially, sales to North America hyperscale and cloud computing customers increased, but were more than offset by lower sales to China hyperscale customers affected by economic conditions in China.",,,,,,,,,,,,,,filing,10-Q Q3 2022 — ITEM 2. MANAGEMENT’S DISCUSSION AND ANALYSIS OF FINANCIAL CONDITION AND RESULTS OF OPERATIONS,
unpaired_actual,NVDA,2021,,,,,,,,operating_expenses,Operating expenses,,consolidated,,,,Q3 FY2022,"Operating expenses were influenced primarily by employee growth costs, as well as increases in salaries to support our employees during this high inflationary environment, and engineering development of new products coming to market.",,,,,,,,,,,,,,filing,10-Q Q3 2022 — ITEM 2. MANAGEMENT’S DISCUSSION AND ANALYSIS OF FINANCIAL CONDITION AND RESULTS OF OPERATIONS,
unpaired_actual,NVDA,2021,,,,,,,,gross_profit,Gross profit,,consolidated,,,,Q3 FY2022,"Three Months Ended Six Months Ended July 31, 2022 August 1, 2021 July 31, 2022 August 1, 2021 Revenue 100.0 % 100.0 % 100.0 % 100.0 % Cost of revenue 56.5 35.2 44.3 35.5 Gross profit 43.5 64.8 55.7 64.5 Operating expenses Research and development 27.2 19.1 23.0 19.7 Sales, general and administrative 8.8 8.1 7.9 8.6 Acquisition termination cost — — 9.0 — Total operating expenses 36.0 27.2 39.9 28.3 Income from operations 7.5 37.6 15.8 36.2 Interest income 0.7 0.1 0.4 0.1 Interest expense (1.0) (0.9) (0.9) (0.9) Other, net (0.1) 0.1 (0.1) 1.1 Other income (expense), net (0.4) (0.7) (0.6) 0.3 Income before income tax 7.1 36.9 15.2 36.5 Income tax expense (benefit) (2.7) 0.3 — 1.3 Net income 9.8 % 36.6 % 15.2 % 35.2 % Revenue Revenue by Reportable Segments Three Months Ended Six Months Ended July 31, 2022 August 1, 2021 $ Change % Change July 31, 2022 August 1, 2021 $ Change % Change ($ in millions) Graphics $ 2,797 $ 3,907 $ (1,110) (28) % $ 7,413 $ 7,358 $ 55 1 % Compute & Networking 3,907 2,600 1,307 50 % 7,579 4,810 2,769 58 % Total $ 6,704 $ 6,507 $ 197 3 % $ 14,992 $ 12,168 $ 2,824 23 % Graphics - The year over year decrease was primarily attributable to lower sell-in of desktop Gaming and Professional Visualization products in the second quarter of fiscal year 2023 reflecting reduced channel partner sales due to macroeconomic headwinds.",100.0,,,,,,,,,,,,,filing,10-Q Q3 2022 — ITEM 2. MANAGEMENT’S DISCUSSION AND ANALYSIS OF FINANCIAL CONDITION AND RESULTS OF OPERATIONS,
unpaired_actual,NVDA,2021,,,,,,,,revenue,Revenue,,consolidated,,,,Q3 FY2022,Revenue on a year-to-date basis was essentially flat as the declines in sales of GeForce GPUs for desktops and SOCs for game consoles were offset by increases in sales of GeForce GPUs for laptops and Professional Visualization products.,,,,,,,,,,,,,,filing,10-Q Q3 2022 — ITEM 2. MANAGEMENT’S DISCUSSION AND ANALYSIS OF FINANCIAL CONDITION AND RESULTS OF OPERATIONS,
unpaired_actual,NVDA,2021,,,,,,,,revenue,Revenue,,consolidated,,,,Q3 FY2022,"Compute & Networking - The year-on-year increases were primarily driven by hyperscale customer revenue, which nearly doubled.",,,,,,,,,,,,,,filing,10-Q Q3 2022 — ITEM 2. MANAGEMENT’S DISCUSSION AND ANALYSIS OF FINANCIAL CONDITION AND RESULTS OF OPERATIONS,
unpaired_actual,NVDA,2021,,,,,,,,revenue,Revenue,,segment:data_center,,,,Q3 FY2022,"Data Center revenue included $287 million for orders originally scheduled for delivery primarily in the third quarter that were converted to second-quarter delivery with extended payment terms, while a number of second-quarter orders will be fulfilled in the third quarter given supply chain disruptions.",$287 million,,,,,,,,,,,,,filing,10-Q Q3 2022 — ITEM 2. MANAGEMENT’S DISCUSSION AND ANALYSIS OF FINANCIAL CONDITION AND RESULTS OF OPERATIONS,
unpaired_actual,NVDA,2021,,,,,,,,gross_margin,Gross margin,,consolidated,,,,Q3 FY2022,"Graphics - The gross margin of our Graphics segment decreased during the second quarter and first half of fiscal year 2023 compared to the second quarter and first half of fiscal year 2022, primarily due to inventory and related reserves.",,,,,,,,,,,,,,filing,10-Q Q3 2022 — ITEM 2. MANAGEMENT’S DISCUSSION AND ANALYSIS OF FINANCIAL CONDITION AND RESULTS OF OPERATIONS,
unpaired_actual,NVDA,2021,,,,,,,,operating_expenses,Operating expenses,,consolidated,,,,Q3 FY2022,"29 Operating Expenses Three Months Ended Six Months Ended July 31, 2022 August 1, 2021 $ Change % Change July 31, 2022 August 1, 2021 $ Change % Change ($ in millions) Research and development expenses $ 1,824 $ 1,245 $ 579 47 % $ 3,443 $ 2,398 $ 1,045 44 % % of net revenue 27 % 19 % 23 % 20 % Sales, general and administrative expenses 592 526 66 13 % 1,183 1,046 137 13 % % of net revenue 9 % 8 % 8 % 9 % Acquisition termination cost — — — — % 1,353 — 1,353 (100) % % of net revenue — % — % 9 % — % Total operating expenses $ 2,416 $ 1,771 $ 645 36 % $ 5,979 $ 3,444 $ 2,535 74 % Research and development expenses increases were primarily driven by compensation-related costs, including for employee growth as well as increases in salaries to support our employees during this high inflationary environment and stock-based compensation, and engineering development costs of new products coming to market.",29,,,,,,,,,,,,,filing,10-Q Q3 2022 — ITEM 2. MANAGEMENT’S DISCUSSION AND ANALYSIS OF FINANCIAL CONDITION AND RESULTS OF OPERATIONS,
unpaired_actual,NVDA,2021,,,,,,,,revenue,Revenue,,consolidated,,,,Q3 FY2022,"Sales, general and administrative expenses increases were primarily driven by compensation-related costs, including for employee growth as well as increases in salaries to support our employees during this high inflationary environment and stock-based compensation, and infrastructure costs partially offset by lower legal fees.",,,,,,,,,,,,,,filing,10-Q Q3 2022 — ITEM 2. MANAGEMENT’S DISCUSSION AND ANALYSIS OF FINANCIAL CONDITION AND RESULTS OF OPERATIONS,
unpaired_actual,NVDA,2021,,,,,,,,profitability_timing,Profitability timing,,consolidated,,,,Q3 FY2022,"The decrease in our effective tax rate for the second quarter and first half of fiscal year 2023 as compared to the same periods of fiscal year 2022 was primarily due to the increased tax benefit of stock-based compensation, the foreign-derived intangible income deduction, and the U.S. federal research tax credit, relative to a reduction in expected profitability.",,,,,,,,,,,,,,filing,10-Q Q3 2022 — ITEM 2. MANAGEMENT’S DISCUSSION AND ANALYSIS OF FINANCIAL CONDITION AND RESULTS OF OPERATIONS,
unpaired_actual,NVDA,2021,,,,,,,,revenue,Revenue,,consolidated,,,,Q3 FY2022,"Cash provided by investing activities increased in the first half of fiscal year 2023 compared to cash used in the first half of fiscal year 2022, primarily driven by higher marketable securities sales and maturities and lower purchases of marketable securities.",,,,,,,,,,,,,,filing,10-Q Q3 2022 — ITEM 2. MANAGEMENT’S DISCUSSION AND ANALYSIS OF FINANCIAL CONDITION AND RESULTS OF OPERATIONS,
unpaired_actual,NVDA,2021,,,,,,,,deliveries,Deliveries,,consolidated,,,,Q3 FY2022,"Beginning in the second quarter of fiscal year 2022, most desktop NVIDIA Ampere architecture GeForce GPU shipments were LHR to help direct GeForce GPUs to gamers.",,,,,,,,,,,,,,filing,10-Q Q3 2022 — ITEM 2. MANAGEMENT’S DISCUSSION AND ANALYSIS OF FINANCIAL CONDITION AND RESULTS OF OPERATIONS,
unpaired_actual,NVDA,2021,,,,,,,,revenue,Revenue,,consolidated,,,,Q3 FY2022,Direct sales to Russia in fiscal year 2022 were immaterial.,,,,,,,,,,,,,,filing,10-Q Q3 2022 — ITEM 2. MANAGEMENT’S DISCUSSION AND ANALYSIS OF FINANCIAL CONDITION AND RESULTS OF OPERATIONS,
unpaired_actual,NVDA,2021,,,,,,,,gross_margin,Gross margin,,consolidated,,,,Q3 FY2022,"Second Quarter of Fiscal Year 2023 Summary Three Months Ended July 31, 2022 May 1, 2022 August 1, 2021 Quarter-over-Quarter Change Year-over-Year Change ($ in millions, except per share data) Revenue $ 6,704 $ 8,288 $ 6,507 (19) % 3 % Gross margin 43.5 % 65.5 % 64.8 % (22.0) pts (21.3) pts Operating expenses $ 2,416 $ 3,563 $ 1,771 (32) % 36 % Income from operations $ 499 $ 1,868 $ 2,444 (73) % (80) % Net income $ 656 $ 1,618 $ 2,374 (59) % (72) % Net income per diluted share $ 0.26 $ 0.64 $ 0.94 (59) % (72) % We specialize in markets where our computing platforms can provide tremendous acceleration for applications.","$ 6,704",,,,,,,,,,,,,filing,10-Q Q3 2022 — ITEM 2. MANAGEMENT’S DISCUSSION AND ANALYSIS OF FINANCIAL CONDITION AND RESULTS OF OPERATIONS,
unpaired_actual,NVDA,2021,,,,,,,,revenue,Revenue,,segment:automotive,,,,Q3 FY2022,"Revenue for the second quarter of fiscal year 2023 was $6.70 billion, up 3% from a year ago and down 19% sequentially.",$6.70 billion,,,,,,,,,,,,,filing,10-Q Q3 2022 — ITEM 2. MANAGEMENT’S DISCUSSION AND ANALYSIS OF FINANCIAL CONDITION AND RESULTS OF OPERATIONS,
unpaired_actual,NVDA,2021,,,,,,,,share_repurchases,Share repurchases,,consolidated,,,,Q3 FY2022,"Issuer Purchases of Equity Securities 43 On May 23, 2022, our Board of Directors increased and extended our share repurchase program to repurchase additional common stock up to a total of $15 billion through December 2023.",43,,,,,,,,,,,,,filing,10-Q Q3 2022 — ITEM 2. UNREGISTERED SALES OF EQUITY SECURITIES AND USE OF PROCEEDS,
unpaired_actual,NVDA,2021,,,,,,,,dividend,Dividend,,consolidated,,,,Q4 FY2022,"7 NVIDIA CORPORATION AND SUBSIDIARIES CONDENSED CONSOLIDATED STATEMENTS OF CASH FLOWS (In millions) (Unaudited) Nine Months Ended October 30, October 31, 2022 2021 Cash flows from operating activities: Net income $ 2,954 $ 6,749 Adjustments to reconcile net income to net cash provided by operating activities: Stock-based compensation expense 1,971 1,453 Acquisition termination cost 1,353 — Depreciation and amortization 1,118 865 Losses (gains) on investments in non-affiliates, net 35 ( 152 ) Deferred income taxes ( 1,517 ) ( 182 ) Other ( 27 ) 25 Changes in operating assets and liabilities, net of acquisitions: Accounts receivable ( 258 ) ( 1,523 ) Inventories ( 1,848 ) ( 400 ) Prepaid expenses and other assets ( 1,307 ) ( 1,557 ) Accounts payable ( 358 ) 385 Accrued and other current liabilities 1,175 159 Other long-term liabilities 102 253 Net cash provided by operating activities 3,393 6,075 Cash flows from investing activities: Proceeds from maturities of marketable securities 16,792 7,780 Proceeds from sales of marketable securities 1,806 916 Purchases of marketable securities ( 9,764 ) ( 16,020 ) Purchases related to property and equipment and intangible assets ( 1,324 ) ( 703 ) Acquisitions, net of cash acquired ( 49 ) ( 203 ) Investments and other, net ( 83 ) ( 14 ) Net cash provided by (used in) investing activities 7,378 ( 8,244 ) Cash flows from financing activities: Proceeds related to employee stock plans 349 277 Payments related to repurchases of common stock ( 8,826 ) — Payments related to tax on restricted stock units ( 1,131 ) ( 1,282 ) Dividends paid ( 300 ) ( 298 ) Principal payments on property and equipment and intangible asset ( 54 ) ( 62 ) Issuance of debt, net of issuance costs — 4,977 Repayment of debt — ( 1,000 ) Other 1 ( 2 ) Net cash provided by (used in) financing activities ( 9,961 ) 2,610 Change in cash and cash equivalents 810 441 Cash and cash equivalents at beginning of period 1,990 847 Cash and cash equivalents at end of period $ 2,800 $ 1,288 Supplemental disclosures of cash flow information: Cash paid for income taxes, net $ 1,372 $ 313 See accompanying Notes to Condensed Consolidated Financial Statements.",7,,,,,,,,,,,,,filing,10-Q Q4 2022 — ITEM 1. FINANCIAL STATEMENTS (UNAUDITED) — Consolidated Financial Statements,
unpaired_actual,NVDA,2021,,,,,,,,revenue,Revenue,,consolidated,,,,Q4 FY2022,"The estimated product returns and estimated product warranty activity consisted of the following: Three Months Ended Nine Months Ended October 30, October 31, October 30, October 31, 2022 2021 2022 2021 (In millions) Balance at beginning of period $ 168 $ 31 $ 46 $ 22 Additions 3 5 141 20 Utilization ( 67 ) ( 4 ) ( 83 ) ( 10 ) Balance at end of period $ 104 $ 32 $ 104 $ 32 In the third quarter of fiscal year 2023, we recognized a warranty-related benefit of approximately $ 70 million in cost of revenue due to favorable product recovery.","30,",,,,,,,,,,,,,filing,10-Q Q4 2022 — ITEM 1. FINANCIAL STATEMENTS (UNAUDITED) — Note 13 - Commitments and Contingencies,
unpaired_actual,NVDA,2021,,,,,,,,revenue,Revenue,,segment:automotive,,,,Q4 FY2022,"The following table summarizes information pertaining to our revenue from customers based on the invoicing address by geographic regions: Three Months Ended Nine Months Ended October 30, October 31, October 30, October 31, 2022 2021 2022 2021 (In millions) Revenue: United States $ 2,148 $ 1,126 $ 6,069 $ 2,890 Taiwan 1,153 2,187 5,134 5,932 China (including Hong Kong) 1,148 2,017 4,831 5,128 Other countries 1,482 1,773 4,889 5,321 Total revenue $ 5,931 $ 7,103 $ 20,923 $ 19,271 The following table summarizes information pertaining to our revenue by each of the specialized markets we serve: Three Months Ended Nine Months Ended October 30, October 31, October 30, October 31, 2022 2021 2022 2021 (In millions) Revenue: Data Center $ 3,833 $ 2,936 $ 11,389 $ 7,350 Gaming 1,574 3,221 7,236 9,042 Professional Visualization 200 577 1,318 1,468 Automotive 251 135 609 441 OEM and Other 73 234 371 970 Total revenue $ 5,931 $ 7,103 $ 20,923 $ 19,271 One customer represented 10 % of our total revenue for the third quarter of fiscal year 2023 and was attributable primarily to the Compute & Networking segment.","30,",,,,,,,,,,,,,filing,10-Q Q4 2022 — ITEM 1. FINANCIAL STATEMENTS (UNAUDITED) — Note 15 - Segment Information,
unpaired_actual,NVDA,2021,,,,,,,,revenue,Revenue,,consolidated,,,,Q4 FY2022,"Our Condensed Consolidated Statements of Income include stock-based compensation expense, net of amounts allocated to inventory, as follows: Three Months Ended Nine Months Ended October 30, 2022 October 31, 2021 October 30, 2022 October 31, 2021 (In millions) Cost of revenue $ 32 $ 44 $ 108 $ 102 Research and development 530 363 1,365 935 Sales, general and administrative 183 152 498 416 Total $ 745 $ 559 $ 1,971 $ 1,453 Equity Award Activity The following is a summary of our equity award transactions under our equity incentive plans: RSUs, PSUs, and Market-based PSUs Outstanding Number of Shares Weighted Average Grant-Date Fair Value Per Share (In millions, except per share data) Balances, January 30, 2022 46 $ 114.19 Granted 23 $ 185.07 Vested restricted stock ( 18 ) $ 94.82 Canceled and forfeited ( 1 ) $ 137.27 Balances, October 30, 2022 50 $ 153.73 As of October 30, 2022, there was $ 7.19 billion of aggregate unearned stock-based compensation expense.",$ 32,,,,,,,,,,,,,filing,10-Q Q4 2022 — ITEM 1. FINANCIAL STATEMENTS (UNAUDITED) — Note 4 - Stock-Based Compensation,
unpaired_actual,NVDA,2021,,,,,,,,profitability_timing,Profitability timing,,consolidated,,,,Q4 FY2022,"The decrease in our effective tax rate for the third quarter and first nine months of fiscal year 2023 as compared to the same periods of fiscal year 2022 was primarily due to the increased tax benefit of the foreign-derived intangible income deduction, stock-based compensation, and the U.S. federal research tax credit, relative to a lower expected profitability.",,,,,,,,,,,,,,filing,10-Q Q4 2022 — ITEM 1. FINANCIAL STATEMENTS (UNAUDITED) — Note 6 – Income Taxes,
unpaired_actual,NVDA,2021,,,,,,,,product_milestone,Product / strategic milestone,,consolidated,,,,Q4 FY2022,"As the pandemic continues to evolve, the increased duration and impact of economic and demand uncertainty, and the limited availability of our supply chain, logistical services and component supply, may have a material net negative impact on our business and financial results.",,,,,,,,,,,,,,filing,10-Q Q4 2022 — ITEM 1A. RISK FACTORS,
unpaired_actual,NVDA,2021,,,,,,,,capacity,Capacity,,consolidated,,,,Q4 FY2022,"As a result, we have paid premiums and provided deposits to secure future supply and capacity, which have increased our product costs, and may need to continue to do so in the future.",,,,,,,,,,,,,,filing,10-Q Q4 2022 — ITEM 1A. RISK FACTORS,
unpaired_actual,NVDA,2021,,,,,,,,revenue,Revenue,,segment:aws,,,,Q4 FY2022,"Restrictions imposed by the Chinese government on the duration of gaming activities and access to games may adversely affect our Gaming revenue, and increased oversight of digital platform companies may adversely affect our Data Center revenue.",,,,,,,,,,,,,,filing,10-Q Q4 2022 — ITEM 1A. RISK FACTORS,
unpaired_actual,NVDA,2021,,,,,,,,deliveries,Deliveries,,segment:aws,,,,Q4 FY2022,"Additionally, revisions to laws or regulations or their interpretation and enforcement could result in increased taxation, trade sanctions, the imposition of or increase to import duties or tariffs, restrictions and controls on imports or exports, or other retaliatory actions, which could have an adverse effect on our business plans or impact the timing of our shipments.",,,,,,,,,,,,,,filing,10-Q Q4 2022 — ITEM 1A. RISK FACTORS,
unpaired_actual,NVDA,2021,,,,,,,,revenue,Revenue,,consolidated,,,,Q4 FY2022,"The risk of these impacts has increased recently, as our purchase obligations and prepaids have grown and become a greater portion of our total supply while our revenue has sequentially declined.",,,,,,,,,,,,,,filing,10-Q Q4 2022 — ITEM 1A. RISK FACTORS,
unpaired_actual,NVDA,2021,,,,,,,,subscribers,Subscribers / customers,,consolidated,,,,Q4 FY2022,"Those factors include such things as: • changes in business and economic conditions resulting in decreased consumer confidence, including downturns in our target markets and/or overall economy, rising inflation, currency fluctuations, and changes in the credit market; • sudden or sustained government lockdowns or actions to control COVID-19 case spread; • rapidly changing technology or customer requirements; • new product introductions resulting in less demand for existing products; • new or unexpected end use cases; • increase in demand for competitive products, including competitive actions; • fluctuations in demand for our products related to cryptocurrency mining; or • changes in governmental policies, such as increased restrictions on gaming usage or cloud service providers.",,,,,,,,,,,,,,filing,10-Q Q4 2022 — ITEM 1A. RISK FACTORS,
unpaired_actual,NVDA,2021,,,,,,,,revenue,Revenue,,consolidated,,,,Q4 FY2022,"Changes to cryptocurrency standards and processes including, but not limited to, the recently implemented Ethereum 2.0 merge 36 may decrease the usage of GPUs for Ethereum mining as well as create increased aftermarket sales of our GPUs, which could negatively impact retail prices for our GPUs and reduce demand for our new GPUs.",2.0,,,,,,,,,,,,,filing,10-Q Q4 2022 — ITEM 1A. RISK FACTORS,
unpaired_actual,NVDA,2021,,,,,,,,revenue,Revenue,,consolidated,,,,Q4 FY2022,"Additionally, we are investigating failures of power connectors shipped with our recently launched GeForce RTX 4090, which may harm sales of the 4090 or future products.","4090,",,,,,,,,,,,,,filing,10-Q Q4 2022 — ITEM 1A. RISK FACTORS,
unpaired_actual,NVDA,2021,,,,,,,,revenue,Revenue,,consolidated,,,,Q4 FY2022,29 One customer represented 10% of our total revenue for the third quarter of fiscal year 2023 and was attributable primarily to the Compute & Networking segment.,29,,,,,,,,,,,,,filing,10-Q Q4 2022 — ITEM 2. MANAGEMENT’S DISCUSSION AND ANALYSIS OF FINANCIAL CONDITION AND RESULTS OF OPERATIONS,
unpaired_actual,NVDA,2021,,,,,,,,gross_margin,Gross margin,,consolidated,,,,Q4 FY2022,"Compute & Networking - The gross margin of our Compute & Networking segment decreased during the third quarter and first nine months of fiscal year 2023 compared to the third quarter and first nine months of fiscal year 2022, primarily due to inventory provisions.",,,,,,,,,,,,,,filing,10-Q Q4 2022 — ITEM 2. MANAGEMENT’S DISCUSSION AND ANALYSIS OF FINANCIAL CONDITION AND RESULTS OF OPERATIONS,
unpaired_actual,NVDA,2021,,,,,,,,gross_margin,Gross margin,,consolidated,,,,Q4 FY2022,Graphics - The gross margin of our Graphics segment decreased during the third quarter of fiscal year 2023 compared to the third quarter of fiscal year 2022 primarily due to a lower-end mix within GeForce GPUs.,,,,,,,,,,,,,,filing,10-Q Q4 2022 — ITEM 2. MANAGEMENT’S DISCUSSION AND ANALYSIS OF FINANCIAL CONDITION AND RESULTS OF OPERATIONS,
unpaired_actual,NVDA,2021,,,,,,,,headcount,Headcount,,segment:data_center,,,,Q4 FY2022,"Research and development expense increases for the first nine months of fiscal year 2023 were primarily driven by compensation, employee growth and engineering development costs.",,,,,,,,,,,,,,filing,10-Q Q4 2022 — ITEM 2. MANAGEMENT’S DISCUSSION AND ANALYSIS OF FINANCIAL CONDITION AND RESULTS OF OPERATIONS,
unpaired_actual,NVDA,2021,,,,,,,,revenue,Revenue,,consolidated,,,,Q4 FY2022,"30 Sales, general and administrative expense increases were primarily driven by compensation and employee growth.",30,,,,,,,,,,,,,filing,10-Q Q4 2022 — ITEM 2. MANAGEMENT’S DISCUSSION AND ANALYSIS OF FINANCIAL CONDITION AND RESULTS OF OPERATIONS,
unpaired_actual,NVDA,2021,,,,,,,,profitability_timing,Profitability timing,,consolidated,,,,Q4 FY2022,"The decrease in our effective tax rate for the third quarter and first nine months of fiscal year 2023 as compared to the same periods of fiscal year 2022 was primarily due to the increased tax benefit of the foreign-derived intangible income deduction, stock-based compensation, and the U.S. federal research tax credit, relative to a lower expected profitability.",,,,,,,,,,,,,,filing,10-Q Q4 2022 — ITEM 2. MANAGEMENT’S DISCUSSION AND ANALYSIS OF FINANCIAL CONDITION AND RESULTS OF OPERATIONS,
unpaired_actual,NVDA,2021,,,,,,,,revenue,Revenue,,consolidated,,,,Q4 FY2022,"Cash provided by investing activities increased in the first nine months of fiscal year 2023 compared to cash used in the first nine months of fiscal year 2022, primarily driven by higher marketable securities sales and maturities, lower purchases of marketable securities, offset by higher capital expenditures.",,,,,,,,,,,,,,filing,10-Q Q4 2022 — ITEM 2. MANAGEMENT’S DISCUSSION AND ANALYSIS OF FINANCIAL CONDITION AND RESULTS OF OPERATIONS,
unpaired_actual,NVDA,2021,,,,,,,,capacity,Capacity,,consolidated,,,,Q4 FY2022,"As a result, we have paid premiums and provided deposits to secure future supply and capacity, which have increased our product costs, and may need to continue to do so in the future.",,,,,,,,,,,,,,filing,10-Q Q4 2022 — ITEM 2. MANAGEMENT’S DISCUSSION AND ANALYSIS OF FINANCIAL CONDITION AND RESULTS OF OPERATIONS,
unpaired_actual,NVDA,2021,,,,,,,,revenue,Revenue,,consolidated,,,,Q4 FY2022,"Changes to cryptocurrency standards and processes including, but not limited to, the recently implemented Ethereum 2.0 merge may decrease the usage of GPUs for Ethereum mining as well as create increased aftermarket sales of our GPUs, which could negatively impact retail prices for our GPUs and reduce demand for our new GPUs.",2.0,,,,,,,,,,,,,filing,10-Q Q4 2022 — ITEM 2. MANAGEMENT’S DISCUSSION AND ANALYSIS OF FINANCIAL CONDITION AND RESULTS OF OPERATIONS,
unpaired_actual,NVDA,2021,,,,,,,,revenue,Revenue,,consolidated,,,,Q4 FY2022,Direct sales to Russia in fiscal year 2022 were immaterial.,,,,,,,,,,,,,,filing,10-Q Q4 2022 — ITEM 2. MANAGEMENT’S DISCUSSION AND ANALYSIS OF FINANCIAL CONDITION AND RESULTS OF OPERATIONS,
unpaired_actual,NVDA,2021,,,,,,,,revenue,Revenue,,consolidated,,,,Q4 FY2022,The year-on-year decrease was driven by lower GPU sales for both desktops and laptops; the sequential decline was primarily driven by lower GPU sales for laptops.,,,,,,,,,,,,,,filing,10-Q Q4 2022 — ITEM 2. MANAGEMENT’S DISCUSSION AND ANALYSIS OF FINANCIAL CONDITION AND RESULTS OF OPERATIONS,
unpaired_actual,NVDA,2021,,,,,,,,revenue,Revenue,,consolidated,,,,Q4 FY2022,"This may have contributed to increased aftermarket sales of our GPUs in certain markets, potentially impacting demand for some of our products, particularly in the low-end.",,,,,,,,,,,,,,filing,10-Q Q4 2022 — ITEM 2. MANAGEMENT’S DISCUSSION AND ANALYSIS OF FINANCIAL CONDITION AND RESULTS OF OPERATIONS,
unpaired_actual,NVDA,2021,,,,,,,,revenue,Revenue,,segment:oem,,,,Q4 FY2022,The sequential decline was driven by lower Jetson and notebook OEM sales.,,,,,,,,,,,,,,filing,10-Q Q4 2022 — ITEM 2. MANAGEMENT’S DISCUSSION AND ANALYSIS OF FINANCIAL CONDITION AND RESULTS OF OPERATIONS,
unpaired_actual,NVDA,2021,,,,,,,,revenue,Revenue,,segment:data_center,,,,Q4 FY2022,"Cryptocurrency Mining Processor (CMP) revenue was nominal in the current and prior quarter, and $105 million in the third quarter of fiscal year 2022.",$105 million,,,,,,,,,,,,,filing,10-Q Q4 2022 — ITEM 2. MANAGEMENT’S DISCUSSION AND ANALYSIS OF FINANCIAL CONDITION AND RESULTS OF OPERATIONS,
unpaired_actual,NVDA,2021,,,,,,,,share_repurchases,Share repurchases,,consolidated,,,,Q4 FY2022,"Issuer Purchases of Equity Securities On May 23, 2022, our Board of Directors increased and extended our share repurchase program to repurchase additional common stock up to a total of $15 billion through December 2023.",$15 billion,,,,,,,,,,,,,filing,10-Q Q4 2022 — ITEM 2. UNREGISTERED SALES OF EQUITY SECURITIES AND USE OF PROCEEDS,
unpaired_actual,NVDA,2021,,,,,,,,revenue,Revenue,,consolidated,,,,Q4 FY2022,"While revenue was gated by supply, we anticipate improving capacity in coming quarters, which should allow us to serve with significant customer demands we're seeing.",,,,,,,,,,,,,,transcript,NVDA_Q4_2022,
unpaired_actual,NVDA,2021,,,,,,,,product_milestone,Product / strategic milestone,,consolidated,,,,Q4 FY2022,"For a discussion of factors that could affect our future financial results and business, please refer to the disclosure in today's earnings release, our most recent Forms 10-K and 10-Q, and the reports that we may file on Form 8-K with the Securities and Exchange Commission.",10,,,,,,,,,,,,,transcript,NVDA_Q4_2022,
unpaired_actual,NVDA,2021,,,,,,,,revenue_growth,Revenue growth,,segment:data_center,,,,Q4 FY2022,We had an excellent quarter with revenue up 53% year on year to $7.6 billion.,53,,,,,,,,,,,,,transcript,NVDA_Q4_2022,
unpaired_actual,NVDA,2021,,,,,,,,revenue,Revenue,,consolidated,,,,Q4 FY2022,"Just on the inventory purchase obligations, I think this was the fourth quarter in a row where you've seen greater than 30% sequential growth and is the first quarter where that number is now eclipsing kind of your quarterly revenue guidance.",30,,,,,,,,,,,,,transcript,NVDA_Q4_2022,
unpaired_actual,NVDA,2021,,,,,,,,product_milestone,Product / strategic milestone,,segment:automotive,,,,Q4 FY2022,"Jensen Huang -- President and Chief Executive Officer The factors, the drivers that you mentioned in the supply chain, we expanded our supply chain footprint significantly this year to prepare us for both increased supply base and supply availability in each one of the quarters going forward, but also in preparation for some really exciting product launches.",,,,,,,,,,,,,,transcript,NVDA_Q4_2022,
unpaired_actual,NVDA,2021,,,,,,,,revenue,Revenue,,segment:data_center,,,,Q4 FY2022,"Full-year revenue was a --- Page 2 --- Motley Fool transcript | Source URL in header Page 2 record $26.9 billion, up 61%, compounding the prior year's growth of 53%.",2,,,,,,,,,,,,,transcript,NVDA_Q4_2022,
unpaired_actual,NVDA,2021,,,,,,,,revenue,Revenue,,consolidated,,,,Q4 FY2022,"Starting with Gaming, revenue of $3.4 billion rose 6% sequentially and was up 37% from a year earlier.",$3.4 billion,,,,,,,,,,,,,transcript,NVDA_Q4_2022,
unpaired_actual,NVDA,2021,,,,,,,,revenue_growth,Revenue growth,,consolidated,,,,Q4 FY2022,Fiscal year revenue of $12.5 billion was up 61%.,$12.5 billion,,,,,,,,,,,,,transcript,NVDA_Q4_2022,
unpaired_actual,NVDA,2021,,,,,,,,subscribers,Subscribers / customers,,consolidated,,,,Q4 FY2022,"Jensen, in the past, you mentioned about 10% or so adoption rate for AI among your customer base.",about 10,,,,,,,,,,,,,transcript,NVDA_Q4_2022,
unpaired_actual,NVDA,2021,,,,,,,,subscribers,Subscribers / customers,,consolidated,,,,Q4 FY2022,"And so, the number of different applications that have been enabled by natural language understanding in customer service in just the last couple of years has grown tremendously.",,,,,,,,,,,,,,transcript,NVDA_Q4_2022,
unpaired_actual,NVDA,2021,,,,,,,,revenue_growth,Revenue growth,,consolidated,,,,Q4 FY2022,Record desktop revenue in the quarter was led by our growth in our GeForce RTX 30 Series products with continued strength in the high end.,30,,,,,,,,,,,,,transcript,NVDA_Q4_2022,
unpaired_actual,NVDA,2021,,,,,,,,revenue,Revenue,,consolidated,,,,Q4 FY2022,"Laptop gaming revenue also set a record, driven by the ramp of the new GeForce RTX 3070 Ti and 3080 GPUs, which were also announced at CES.",3070,,,,,,,,,,,,,transcript,NVDA_Q4_2022,
unpaired_actual,NVDA,2021,,,,,,,,revenue,Revenue,,segment:oem,,,,Q4 FY2022,"Cryptomining processor revenue was $24 million, which is included in OEM and other.",$24 million,,,,,,,,,,,,,transcript,NVDA_Q4_2022,
unpaired_actual,NVDA,2021,,,,,,,,subscribers,Subscribers / customers,,segment:data_center,,,,Q4 FY2022,--- Page 15 --- Motley Fool transcript | Source URL in header Page 15 I am proud of the NVIDIA operations team as we make substantial strides in broadening our supply base to scale our company and better serve customer demand.,15,,,,,,,,,,,,,transcript,NVDA_Q4_2022,
unpaired_actual,NVDA,2021,,,,,,,,revenue_growth,Revenue growth,,consolidated,,,,Q4 FY2022,Fiscal year revenue of $2.1 billion was up 100%.,$2.1 billion,,,,,,,,,,,,,transcript,NVDA_Q4_2022,
unpaired_actual,NVDA,2021,,,,,,,,product_milestone,Product / strategic milestone,,consolidated,,,,Q4 FY2022,Sequential growth in the quarter was driven by a shift to higher-value workstation and the continued ramp of our NVIDIA healthcare architecture.,,,,,,,,,,,,,,transcript,NVDA_Q4_2022,
unpaired_actual,NVDA,2021,,,,,,,,revenue_growth,Revenue growth,,consolidated,,,,Q4 FY2022,Fiscal year revenue of $566 million was up 6%.,$566 million,,,,,,,,,,,,,transcript,NVDA_Q4_2022,
unpaired_actual,NVDA,2021,,,,,,,,revenue_growth,Revenue growth,,segment:data_center,,,,Q4 FY2022,Fiscal year revenue of $10.6 billion was up 58%.,$10.6 billion,,,,,,,,,,,,,transcript,NVDA_Q4_2022,
unpaired_actual,NVDA,2021,,,,,,,,revenue,Revenue,,segment:data_center,,,,Q4 FY2022,"Hyperscale and cloud demand was outstanding, with revenue more than doubling year on year.",,,,,,,,,,,,,,transcript,NVDA_Q4_2022,
unpaired_actual,NVDA,2021,,,,,,,,capacity,Capacity,,consolidated,,,,FY2022,"As of January 30, 2022, we had a valuation allowance of $ 907 million related to state and certain other deferred tax assets that management determined are not likely to be realized due to jurisdictional projections of future taxable income, tax attributes usage limitation by certain jurisdictions, and potential utilization limitations of tax attributes acquired as a result of stock ownership changes.",$ 907 million,,,,,,,,,,,,,filing,10-K FY2022 — ITEM 15. EXHIBITS AND FINANCIAL STATEMENT SCHEDULES,
unpaired_actual,NVDA,2021,,,,,,,,revenue,Revenue,,consolidated,,,,FY2022,Revenue attributable to Mellanox was approximately 10 % for fiscal year 2021.,approximately 10,,,,,,,,,,,,,filing,10-K FY2022 — ITEM 15. EXHIBITS AND FINANCIAL STATEMENT SCHEDULES,
unpaired_actual,NVDA,2021,,,,,,,,dividend,Dividend,,consolidated,,,,FY2022,"50 Table of Contents NVIDIA CORPORATION AND SUBSIDIARIES CONSOLIDATED STATEMENTS OF CASH FLOWS (In millions) Year Ended January 30, 2022 January 31, 2021 January 26, 2020 Cash flows from operating activities: Net income $ 9,752 $ 4,332 $ 2,796 Adjustments to reconcile net income to net cash provided by operating activities: Stock-based compensation expense 2,004 1,397 844 Depreciation and amortization 1,174 1,098 381 Deferred income taxes ( 406 ) ( 282 ) 18 (Gains) losses on investments in non-affiliates, net ( 100 ) — 1 Other 47 ( 20 ) 4 Changes in operating assets and liabilities, net of acquisitions: Accounts receivable ( 2,215 ) ( 550 ) ( 233 ) Inventories ( 774 ) ( 524 ) 597 Prepaid expenses and other assets ( 1,715 ) ( 394 ) 77 Accounts payable 568 312 194 Accrued and other current liabilities 581 290 54 Other long-term liabilities 192 163 28 Net cash provided by operating activities 9,108 5,822 4,761 Cash flows from investing activities: Proceeds from maturities of marketable securities 15,197 8,792 4,744 Proceeds from sales of marketable securities 1,023 527 3,365 Purchases of marketable securities ( 24,787 ) ( 19,308 ) ( 1,461 ) Purchases related to property and equipment and intangible assets ( 976 ) ( 1,128 ) ( 489 ) Acquisitions, net of cash acquired ( 263 ) ( 8,524 ) ( 4 ) Investments and other, net ( 24 ) ( 34 ) ( 10 ) Net cash provided by (used in) investing activities ( 9,830 ) ( 19,675 ) 6,145 Cash flows from financing activities: Issuance of debt, net of issuance costs 4,977 4,968 — Proceeds related to employee stock plans 281 194 149 Payments related to tax on restricted stock units ( 1,904 ) ( 942 ) ( 551 ) Repayment of debt ( 1,000 ) — — Dividends paid ( 399 ) ( 395 ) ( 390 ) Principal payments on property and equipment ( 83 ) ( 17 ) — Other ( 7 ) ( 4 ) — Net cash provided by (used in) financing activities 1,865 3,804 ( 792 ) Change in cash and cash equivalents 1,143 ( 10,049 ) 10,114 Cash and cash equivalents at beginning of period 847 10,896 782 Cash and cash equivalents at end of period $ 1,990 $ 847 $ 10,896 Supplemental disclosures of cash flow information: Cash paid for income taxes, net $ 396 $ 249 $ 176 Cash paid for interest $ 246 $ 138 $ 54 See accompanying notes to the consolidated financial statements.",50,,,,,,,,,,,,,filing,10-K FY2022 — ITEM 15. EXHIBITS AND FINANCIAL STATEMENT SCHEDULES,
unpaired_actual,NVDA,2021,,,,,,,,revenue,Revenue,,consolidated,,,,FY2022,One customer represented 11 % of our total revenue for fiscal year 2020 and was attributable primarily to the Graphics segment.,11,,,,,,,,,,,,,filing,10-K FY2022 — ITEM 15. EXHIBITS AND FINANCIAL STATEMENT SCHEDULES,
unpaired_actual,NVDA,2021,,,,,,,,subscribers,Subscribers / customers,,consolidated,,,,FY2022,"We may face decreased demand for computationally powerful but energy intensive products, such as our GPUs, despite their energy efficient design and operation, and/or increased consumer or customer expectations around the energy efficiency of our products, could negatively impact our business.",,,,,,,,,,,,,,filing,10-K FY2022 — ITEM 1A. RISK FACTORS,
unpaired_actual,NVDA,2021,,,,,,,,subscribers,Subscribers / customers,,consolidated,,,,FY2022,"Risks related to acquisitions or strategic investments include, but are not limited to: • difficulty in integrating the technology, products, or operations and integrating and retaining the employees of the acquired business; • diversion of capital and other resources, including management’s attention; • assumption of liabilities and incurring amortization expenses, impairment charges to goodwill or write-downs of acquired assets; • integrating accounting, forecasting and controls, procedures and reporting cycles; • coordinating and integrating operations, particularly in countries in which we do not currently operate; • difficulty in realizing a satisfactory return and uncertainties to realize the benefits of an acquisition or strategic investment, if at all; • difficulty or inability in obtaining governmental, regulatory approval or restrictions or other consents and approvals or financing; • Stock price impact, fines, fees or reputation harm if we are unable to obtain regulatory approval for an acquisition or are otherwise unable to close an acquisition; • legal proceedings initiated as a result of an acquisition or investment; • potential issuances of debt to finance our acquisitions, resulting in increased debt, increased interest expense, and compliance with debt covenants or other restrictions; 19 Table of Contents • the potential for our acquisitions to result in dilutive issuances of our equity securities; • the potential variability of the amount and form of any performance-based consideration; • negative changes in general economic conditions in the regions or the industries in which we or our target operate; • potential failure of our due diligence processes to identify significant issues with the assets or company in which we are investing or are acquiring; and • impairment of relationships with, or loss of our or our target’s employees, vendors and customers, as a result of our acquisition or investment.",19,,,,,,,,,,,,,filing,10-K FY2022 — ITEM 1A. RISK FACTORS,
unpaired_actual,NVDA,2021,,,,,,,,product_milestone,Product / strategic milestone,,consolidated,,,,FY2022,"As the COVID-19 pandemic continues to evolve, the increased duration and impact of economic and demand uncertainty, and the limited availability of our supply chain and logistical services, may have a material net negative impact on our business and financial results.",,,,,,,,,,,,,,filing,10-K FY2022 — ITEM 1A. RISK FACTORS,
unpaired_actual,NVDA,2021,,,,,,,,deliveries,Deliveries,,segment:aws,,,,FY2022,"Additionally, revisions to laws or regulations or their interpretation and enforcement could result in increased taxation, trade sanctions, the imposition of import duties or tariffs, restrictions and controls on imports or exports, or other retaliatory actions, which could have an adverse effect on our business plans or impact the timing of our shipments.",,,,,,,,,,,,,,filing,10-K FY2022 — ITEM 1A. RISK FACTORS,
unpaired_actual,NVDA,2021,,,,,,,,subscribers,Subscribers / customers,,consolidated,,,,FY2022,"Situations that may result in excess inventory or related impairments include: • changes in business and economic conditions resulting in decreased consumer confidence, including downturns in our target markets and/or overall economy and changes in the credit market; • higher incidence of inventory obsolescence because of rapidly changing technology or customer requirements; • new product introductions resulting in less demand for existing products or inconsistent spikes in demand due to unexpected end use cases; • increase in demand for competitive products, including competitive actions; • fluctuations in demand for our products related to cryptocurrency mining; or • decrease in future demand, decrease in the cost of supply chain materials, or changes in the design of future products where we have entered into long-term supply commitments, including prepayments, particularly to the extent we are placing orders well in advance of our historical lead times and/or before the design of those products is final.",,,,,,,,,,,,,,filing,10-K FY2022 — ITEM 1A. RISK FACTORS,
unpaired_actual,NVDA,2021,,,,,,,,revenue,Revenue,,segment:international,,,,FY2022,"Our semiconductor wafers are manufactured, assembled, tested and packaged by third parties located outside of the United States and we generated 84% of our revenue for fiscal year 2022 from sales outside of the United States.",84,,,,,,,,,,,,,filing,10-K FY2022 — ITEM 1A. RISK FACTORS,
unpaired_actual,NVDA,2021,,,,,,,,subscribers,Subscribers / customers,,consolidated,,,,FY2022,"Economic and industry uncertainty or changes could have adverse, wide-ranging effects on our business and financial results, including: • decrease in demand for our products, services and technologies and those of our customers or licensees; • the inability of our suppliers to deliver on their supply commitments to us; • our customers’ or our licensees’ inability to supply products to customers and/or end users; • the insolvency of key suppliers, distributors, customers or licensees; • limits on our ability to forecast operating results and make business decisions; • difficulties in obtaining capital; • reduced profitability may also cause some customers to scale back operations, exit businesses, merge with other manufacturers, or file for bankruptcy protection and potentially cease operations; • lead to consolidation or strategic alliances among other equipment manufacturers, which could adversely affect our ability to compete effectively; and • increased credit and collectability risks, higher borrowing costs or reduced availability of capital markets, reduced liquidity, adverse impacts on our suppliers, failures of counterparties including financial institutions and insurers, asset impairments, and declines in the value of our financial instruments.",,,,,,,,,,,,,,filing,10-K FY2022 — ITEM 1A. RISK FACTORS,
unpaired_actual,NVDA,2021,,,,,,,,revenue,Revenue,,consolidated,,,,FY2022,"Recent Sales of Unregistered Securities and Use of Proceeds During fiscal year 2022, we issued a total of 175,333 shares of our common stock as consideration in connection with acquisitions, all in private transactions exempt from the registration requirements of the Securities Act of 1933, as amended, pursuant to Section 4(a)(2), Regulation D, or Regulation S. 28 Table of Contents Stock Performance Graphs The following graph compares the cumulative total shareholder return for our common stock, the S&P 500 Index, and the Nasdaq 100 Index for the five years ended January 30, 2022.","175,333",,,,,,,,,,,,,filing,"10-K FY2022 — ITEM 5. MARKET FOR REGISTRANT’S COMMON EQUITY, RELATED STOCKHOLDER MATTERS AND ISSUER PURCHASES OF EQUITY SECURITIES",
unpaired_actual,NVDA,2021,,,,,,,,capacity,Capacity,,consolidated,,,,FY2022,"As of January 30, 2022, we had a valuation allowance of $907 million related to state and certain other deferred tax assets that management determined are not likely to be realized due to jurisdictional projections of future taxable income, tax attributes usage limitation by certain jurisdictions, and potential utilization limitations of tax attributes acquired as a result of stock ownership changes.",$907 million,,,,,,,,,,,,,filing,10-K FY2022 — ITEM 7. MANAGEMENT’S DISCUSSION AND ANALYSIS OF FINANCIAL CONDITION AND RESULTS OF OPERATIONS,
unpaired_actual,NVDA,2021,,,,,,,,gross_profit,Gross profit,,consolidated,,,,FY2022,"Year Ended January 30, 2022 January 31, 2021 Revenue 100.0 % 100.0 % Cost of revenue 35.1 37.7 Gross profit 64.9 62.3 Operating expenses: Research and development 19.6 23.5 Sales, general and administrative 8.0 11.6 Total operating expenses 27.6 35.1 Income from operations 37.3 27.2 Interest income 0.1 0.3 Interest expense (0.9) (1.1) Other, net 0.4 0.1 Other income (expense), net (0.4) (0.7) Income before income tax expense 36.9 26.5 Income tax expense 0.7 0.5 Net income 36.2 % 26.0 % 35 Table of Contents Revenue Revenue by Reportable Segments Year Ended January 30, 2022 January 31, 2021 $ Change % Change ($ in millions) Graphics $ 15,868 $ 9,834 $ 6,034 61 % Compute & Networking 11,046 6,841 4,205 61 % Total $ 26,914 $ 16,675 $ 10,239 61 % Graphics - Graphics segment revenue increased by 61% in fiscal year 2022 compared to fiscal year 2021.",100.0,,,,,,,,,,,,,filing,10-K FY2022 — ITEM 7. MANAGEMENT’S DISCUSSION AND ANALYSIS OF FINANCIAL CONDITION AND RESULTS OF OPERATIONS,
unpaired_actual,NVDA,2021,,,,,,,,revenue,Revenue,,consolidated,,,,FY2022,"Compute & Networking - Compute & Networking segment revenue increased by 61% in fiscal year 2022 compared to fiscal year 2021, driven primarily by sales of NVIDIA Ampere architecture products to hyperscale customers for cloud computing and workloads such as natural language processing and deep recommender models, as well as to vertical industries.",61,,,,,,,,,,,,,filing,10-K FY2022 — ITEM 7. MANAGEMENT’S DISCUSSION AND ANALYSIS OF FINANCIAL CONDITION AND RESULTS OF OPERATIONS,
unpaired_actual,NVDA,2021,,,,,,,,revenue,Revenue,,consolidated,,,,FY2022,The increase compared to fiscal year 2021 also reflects the strong sales of networking products and that fiscal year 2022 includes a full year of networking revenue as Mellanox was acquired in April 2020.,2020.,,,,,,,,,,,,,filing,10-K FY2022 — ITEM 7. MANAGEMENT’S DISCUSSION AND ANALYSIS OF FINANCIAL CONDITION AND RESULTS OF OPERATIONS,
unpaired_actual,NVDA,2021,,,,,,,,gross_margin,Gross margin,,consolidated,,,,FY2022,"As a result, the overall net effect on our gross margin was an unfavorable impact of 0.9% in fiscal year 2022 and insignificant in fiscal year 2021.",0.9,,,,,,,,,,,,,filing,10-K FY2022 — ITEM 7. MANAGEMENT’S DISCUSSION AND ANALYSIS OF FINANCIAL CONDITION AND RESULTS OF OPERATIONS,
unpaired_actual,NVDA,2021,,,,,,,,gross_margin,Gross margin,,segment:automotive,,,,FY2022,"The gross margin of our Graphics segment increased during fiscal year 2022 when compared to fiscal year 2021, primarily due to higher-end mix within GeForce GPUs.",,,,,,,,,,,,,,filing,10-K FY2022 — ITEM 7. MANAGEMENT’S DISCUSSION AND ANALYSIS OF FINANCIAL CONDITION AND RESULTS OF OPERATIONS,
unpaired_actual,NVDA,2021,,,,,,,,gross_margin,Gross margin,,segment:automotive,,,,FY2022,"The gross margin of our Compute & Networking segment decreased during fiscal year 2022 when compared to fiscal year 2021, primarily due to a shift in product mix and partially offset by a reduced contribution from Automotive solutions.",,,,,,,,,,,,,,filing,10-K FY2022 — ITEM 7. MANAGEMENT’S DISCUSSION AND ANALYSIS OF FINANCIAL CONDITION AND RESULTS OF OPERATIONS,
unpaired_actual,NVDA,2021,,,,,,,,operating_expenses,Operating expenses,,segment:automotive,,,,FY2022,"36 Table of Contents Operating Expenses Year Ended January 30, 2022 January 31, 2021 $ Change % Change ($ in millions) Research and development expenses $ 5,268 $ 3,924 $ 1,344 34 % % of net revenue 19.6 % 23.5 % Sales, general and administrative expenses 2,166 1,940 226 12 % % of net revenue 8.0 % 11.6 % Total operating expenses $ 7,434 $ 5,864 $ 1,570 27 % Research and Development Research and development expenses increased by 34% in fiscal year 2022 compared to fiscal year 2021, primarily driven by stock-based compensation, compensation-related costs associated with employee growth and higher infrastructure costs.",36,,,,,,,,,,,,,filing,10-K FY2022 — ITEM 7. MANAGEMENT’S DISCUSSION AND ANALYSIS OF FINANCIAL CONDITION AND RESULTS OF OPERATIONS,
unpaired_actual,NVDA,2021,,,,,,,,revenue,Revenue,,consolidated,,,,FY2022,"Sales, General and Administrative Sales, general and administrative expenses increased by 12% in fiscal year 2022 compared to fiscal year 2021, primarily driven by stock-based compensation, compensation-related costs associated with employee growth, partially offset by lower amortization of intangibles.",12,,,,,,,,,,,,,filing,10-K FY2022 — ITEM 7. MANAGEMENT’S DISCUSSION AND ANALYSIS OF FINANCIAL CONDITION AND RESULTS OF OPERATIONS,
unpaired_actual,NVDA,2021,,,,,,,,revenue,Revenue,,consolidated,,,,FY2022,Changes in working capital were primarily driven by prepayments of $1.87 billion for long-term supply agreements and increases in trade receivables due to higher revenue.,$1.87 billion,,,,,,,,,,,,,filing,10-K FY2022 — ITEM 7. MANAGEMENT’S DISCUSSION AND ANALYSIS OF FINANCIAL CONDITION AND RESULTS OF OPERATIONS,
unpaired_actual,NVDA,2021,,,,,,,,revenue,Revenue,,consolidated,,,,FY2022,"Cash used in investing activities decreased in fiscal year 2022 compared to cash provided in fiscal year 2021, reflecting lower payments in acquiring businesses as compared to the acquisition of Mellanox in fiscal year 2021, and higher marketable securities sales and maturities, partially offset by higher purchases of marketable securities.",,,,,,,,,,,,,,filing,10-K FY2022 — ITEM 7. MANAGEMENT’S DISCUSSION AND ANALYSIS OF FINANCIAL CONDITION AND RESULTS OF OPERATIONS,
unpaired_actual,NVDA,2021,,,,,,,,deliveries,Deliveries,,consolidated,,,,FY2022,"Beginning in the second quarter of fiscal year 2022, nearly all our desktop NVIDIA Ampere architecture GeForce GPU shipments were LHR in our effort to direct GeForce to gamers.",,,,,,,,,,,,,,filing,10-K FY2022 — ITEM 7. MANAGEMENT’S DISCUSSION AND ANALYSIS OF FINANCIAL CONDITION AND RESULTS OF OPERATIONS,
unpaired_actual,NVDA,2021,,,,,,,,deliveries,Deliveries,,consolidated,,,,FY2022,"To 30 Table of Contents have shorter shipment lead times and quicker delivery schedules for our customers, we may build finished products and maintain inventory for anticipated periods of growth which do not occur, anticipating demand that does not materialize, or for what we believe is pent-up demand.",30,,,,,,,,,,,,,filing,10-K FY2022 — ITEM 7. MANAGEMENT’S DISCUSSION AND ANALYSIS OF FINANCIAL CONDITION AND RESULTS OF OPERATIONS,
unpaired_actual,NVDA,2021,,,,,,,,revenue,Revenue,,consolidated,,,,FY2022,Revenue for our CMP products declined significantly in the fourth quarter of fiscal year 2022.,,,,,,,,,,,,,,filing,10-K FY2022 — ITEM 7. MANAGEMENT’S DISCUSSION AND ANALYSIS OF FINANCIAL CONDITION AND RESULTS OF OPERATIONS,
unpaired_actual,NVDA,2021,,,,,,,,gross_margin,Gross margin,,segment:data_center,,,,FY2022,"Gross margin for fiscal year 2022 was up 260 basis points from a year ago driven by lower Mellanox acquisition-related charges, including a non-recurring inventory step-up charge of $161 million in fiscal year 2021.",260 basis points,,,,,,,,,,,,,filing,10-K FY2022 — ITEM 7. MANAGEMENT’S DISCUSSION AND ANALYSIS OF FINANCIAL CONDITION AND RESULTS OF OPERATIONS,
unpaired_actual,NVDA,2021,,,,,,,,operating_expenses,Operating expenses,,segment:data_center,,,,FY2022,"Operating expenses for fiscal year 2022 were up 27% from a year ago primarily driven by stock-based compensation, compensation-related costs associated with employee growth and higher infrastructure costs.",27,,,,,,,,,,,,,filing,10-K FY2022 — ITEM 7. MANAGEMENT’S DISCUSSION AND ANALYSIS OF FINANCIAL CONDITION AND RESULTS OF OPERATIONS,
unpaired_actual,NVDA,2021,,,,,,,,gross_margin,Gross margin,,consolidated,,,,FY2022,The overall net effect on our gross margin from inventory provisions and sales of items previously written down was an unfavorable impact of 0.9% in fiscal year 2022 and insignificant in fiscal year 2021.,0.9,,,,,,,,,,,,,filing,10-K FY2022 — ITEM 7. MANAGEMENT’S DISCUSSION AND ANALYSIS OF FINANCIAL CONDITION AND RESULTS OF OPERATIONS,
unpaired_actual,NVDA,2021,,,,,,,,revenue,Revenue,,consolidated,,,,Q1 FY2020,SEC XBRL Revenue for Q1 FY2020: 3080000000 USD,$3080000000,,,,,,,,,,,,,xbrl,XBRL Revenue Q1 FY2020,
unpaired_actual,NVDA,2021,,,,,,,,gross_profit,Gross profit,,consolidated,,,,Q1 FY2020,SEC XBRL Gross Profit for Q1 FY2020: 2004000000 USD,$2004000000,,,,,,,,,,,,,xbrl,XBRL Gross Profit Q1 FY2020,
unpaired_actual,NVDA,2021,,,,,,,,operating_income,Operating income,,consolidated,,,,Q1 FY2020,SEC XBRL Operating Income for Q1 FY2020: 976000000 USD,$976000000,,,,,,,,,,,,,xbrl,XBRL Operating Income Q1 FY2020,
unpaired_actual,NVDA,2021,,,,,,,,net_income,Net Income,,consolidated,,,,Q1 FY2020,SEC XBRL Net Income for Q1 FY2020: 917000000 USD,$917000000,,,,,,,,,,,,,xbrl,XBRL Net Income Q1 FY2020,
unpaired_actual,NVDA,2021,,,,,,,,eps,Diluted EPS,,consolidated,,,,Q1 FY2020,SEC XBRL Diluted EPS for Q1 FY2020: 1.47 USD/share,$1.47,,,,,,,,,,,,,xbrl,XBRL Diluted EPS Q1 FY2020,
unpaired_actual,NVDA,2021,,,,,,,,operating_cash_flow,Operating Cash Flow,,consolidated,,,,Q1 FY2020,SEC XBRL Operating Cash Flow for Q1 FY2020: 909000000 USD,$909000000,,,,,,,,,,,,,xbrl,XBRL Operating Cash Flow Q1 FY2020,
unpaired_actual,NVDA,2021,,,,,,,,capital_expenditure,Capital expenditure,,consolidated,,,,Q1 FY2020,SEC XBRL Capital Expenditures for Q1 FY2020: 155000000 USD,$155000000,,,,,,,,,,,,,xbrl,XBRL Capital Expenditures Q1 FY2020,
unpaired_actual,NVDA,2021,,,,,,,,gross_margin,Gross margin,,consolidated,,,,Q1 FY2020,SEC XBRL derived Gross margin for Q1 FY2020: 65.0649% (2004000000 / 3080000000),65.0649%,,,,,,,,,,,,,xbrl,XBRL Gross margin Q1 FY2020,
unpaired_actual,NVDA,2021,,,,,,,,operating_margin,Operating margin,,consolidated,,,,Q1 FY2020,SEC XBRL derived Operating margin for Q1 FY2020: 31.6883% (976000000 / 3080000000),31.6883%,,,,,,,,,,,,,xbrl,XBRL Operating margin Q1 FY2020,
unpaired_actual,NVDA,2021,,,,,,,,revenue,Revenue,,consolidated,,,,Q2 FY2020,SEC XBRL Revenue for Q2 FY2020: 3866000000 USD,$3866000000,,,,,,,,,,,,,xbrl,XBRL Revenue Q2 FY2020,
unpaired_actual,NVDA,2021,,,,,,,,gross_profit,Gross profit,,consolidated,,,,Q2 FY2020,SEC XBRL Gross Profit for Q2 FY2020: 2275000000 USD,$2275000000,,,,,,,,,,,,,xbrl,XBRL Gross Profit Q2 FY2020,
unpaired_actual,NVDA,2021,,,,,,,,operating_income,Operating income,,consolidated,,,,Q2 FY2020,SEC XBRL Operating Income for Q2 FY2020: 651000000 USD,$651000000,,,,,,,,,,,,,xbrl,XBRL Operating Income Q2 FY2020,
unpaired_actual,NVDA,2021,,,,,,,,net_income,Net Income,,consolidated,,,,Q2 FY2020,SEC XBRL Net Income for Q2 FY2020: 622000000 USD,$622000000,,,,,,,,,,,,,xbrl,XBRL Net Income Q2 FY2020,
unpaired_actual,NVDA,2021,,,,,,,,eps,Diluted EPS,,consolidated,,,,Q2 FY2020,SEC XBRL Diluted EPS for Q2 FY2020: 0.99 USD/share,$0.99,,,,,,,,,,,,,xbrl,XBRL Diluted EPS Q2 FY2020,
unpaired_actual,NVDA,2021,,,,,,,,operating_cash_flow,Operating Cash Flow,,consolidated,,,,Q2 FY2020,SEC XBRL Operating Cash Flow for Q2 FY2020: 1567000000 USD,$1567000000,,,,,,,,,,,,,xbrl,XBRL Operating Cash Flow Q2 FY2020,
unpaired_actual,NVDA,2021,,,,,,,,capital_expenditure,Capital expenditure,,consolidated,,,,Q2 FY2020,SEC XBRL Capital Expenditures for Q2 FY2020: 217000000 USD,$217000000,,,,,,,,,,,,,xbrl,XBRL Capital Expenditures Q2 FY2020,
unpaired_actual,NVDA,2021,,,,,,,,gross_margin,Gross margin,,consolidated,,,,Q2 FY2020,SEC XBRL derived Gross margin for Q2 FY2020: 58.8464% (2275000000 / 3866000000),58.8464%,,,,,,,,,,,,,xbrl,XBRL Gross margin Q2 FY2020,
unpaired_actual,NVDA,2021,,,,,,,,operating_margin,Operating margin,,consolidated,,,,Q2 FY2020,SEC XBRL derived Operating margin for Q2 FY2020: 16.8391% (651000000 / 3866000000),16.8391%,,,,,,,,,,,,,xbrl,XBRL Operating margin Q2 FY2020,
unpaired_actual,NVDA,2021,,,,,,,,revenue,Revenue,,consolidated,,,,Q3 FY2020,SEC XBRL Revenue for Q3 FY2020: 3014000000 USD,$3014000000,,,,,,,,,,,,,xbrl,XBRL Revenue Q3 FY2020,
unpaired_actual,NVDA,2021,,,,,,,,gross_profit,Gross profit,,consolidated,,,,Q3 FY2020,SEC XBRL Gross Profit for Q3 FY2020: 1916000000 USD,$1916000000,,,,,,,,,,,,,xbrl,XBRL Gross Profit Q3 FY2020,
unpaired_actual,NVDA,2021,,,,,,,,operating_income,Operating income,,consolidated,,,,Q3 FY2020,SEC XBRL Operating Income for Q3 FY2020: 927000000 USD,$927000000,,,,,,,,,,,,,xbrl,XBRL Operating Income Q3 FY2020,
unpaired_actual,NVDA,2021,,,,,,,,net_income,Net Income,,consolidated,,,,Q3 FY2020,SEC XBRL Net Income for Q3 FY2020: 899000000 USD,$899000000,,,,,,,,,,,,,xbrl,XBRL Net Income Q3 FY2020,
unpaired_actual,NVDA,2021,,,,,,,,eps,Diluted EPS,,consolidated,,,,Q3 FY2020,SEC XBRL Diluted EPS for Q3 FY2020: 1.45 USD/share,$1.45,,,,,,,,,,,,,xbrl,XBRL Diluted EPS Q3 FY2020,
unpaired_actual,NVDA,2021,,,,,,,,operating_cash_flow,Operating Cash Flow,,consolidated,,,,Q3 FY2020,SEC XBRL Operating Cash Flow for Q3 FY2020: 1279000000 USD,$1279000000,,,,,,,,,,,,,xbrl,XBRL Operating Cash Flow Q3 FY2020,
unpaired_actual,NVDA,2021,,,,,,,,gross_margin,Gross margin,,consolidated,,,,Q3 FY2020,SEC XBRL derived Gross margin for Q3 FY2020: 63.5700% (1916000000 / 3014000000),63.5700%,,,,,,,,,,,,,xbrl,XBRL Gross margin Q3 FY2020,
unpaired_actual,NVDA,2021,,,,,,,,operating_margin,Operating margin,,consolidated,,,,Q3 FY2020,SEC XBRL derived Operating margin for Q3 FY2020: 30.7565% (927000000 / 3014000000),30.7565%,,,,,,,,,,,,,xbrl,XBRL Operating margin Q3 FY2020,
unpaired_actual,NVDA,2021,,,,,,,,gross_profit,Gross profit,,consolidated,,,,FY2020,SEC XBRL Gross Profit for FY2020: 2015000000 USD,$2015000000,,,,,,,,,,,,,xbrl,XBRL Gross Profit FY2020,
unpaired_actual,NVDA,2021,,,,,,,,operating_income,Operating income,,consolidated,,,,FY2020,SEC XBRL Operating Income for FY2020: 2846000000 USD,$2846000000,,,,,,,,,,,,,xbrl,XBRL Operating Income FY2020,
unpaired_actual,NVDA,2021,,,,,,,,net_income,Net Income,,consolidated,,,,FY2020,SEC XBRL Net Income for FY2020: 950000000 USD,$950000000,,,,,,,,,,,,,xbrl,XBRL Net Income FY2020,
unpaired_actual,NVDA,2021,,,,,,,,eps,Diluted EPS,,consolidated,,,,FY2020,SEC XBRL Diluted EPS for FY2020: 1.53 USD/share,$1.53,,,,,,,,,,,,,xbrl,XBRL Diluted EPS FY2020,
unpaired_actual,NVDA,2021,,,,,,,,operating_cash_flow,Operating Cash Flow,,consolidated,,,,FY2020,SEC XBRL Operating Cash Flow for FY2020: 4761000000 USD,$4761000000,,,,,,,,,,,,,xbrl,XBRL Operating Cash Flow FY2020,
unpaired_actual,NVDA,2021,,,,,,,,revenue,Revenue,,consolidated,,,,Q3 FY2021,SEC XBRL Revenue for Q3 FY2021: 4726000000 USD,$4726000000,,,,,,,,,,,,,xbrl,XBRL Revenue Q3 FY2021,
unpaired_actual,NVDA,2021,,,,,,,,gross_profit,Gross profit,,consolidated,,,,Q3 FY2021,SEC XBRL Gross Profit for Q3 FY2021: 2960000000 USD,$2960000000,,,,,,,,,,,,,xbrl,XBRL Gross Profit Q3 FY2021,
unpaired_actual,NVDA,2021,,,,,,,,operating_income,Operating income,,consolidated,,,,Q3 FY2021,SEC XBRL Operating Income for Q3 FY2021: 1398000000 USD,$1398000000,,,,,,,,,,,,,xbrl,XBRL Operating Income Q3 FY2021,
unpaired_actual,NVDA,2021,,,,,,,,net_income,Net Income,,consolidated,,,,Q3 FY2021,SEC XBRL Net Income for Q3 FY2021: 1336000000 USD,$1336000000,,,,,,,,,,,,,xbrl,XBRL Net Income Q3 FY2021,
unpaired_actual,NVDA,2021,,,,,,,,eps,Diluted EPS,,consolidated,,,,Q3 FY2021,SEC XBRL Diluted EPS for Q3 FY2021: 2.12 USD/share,$2.12,,,,,,,,,,,,,xbrl,XBRL Diluted EPS Q3 FY2021,
unpaired_actual,NVDA,2021,,,,,,,,gross_margin,Gross margin,,consolidated,,,,Q3 FY2021,SEC XBRL derived Gross margin for Q3 FY2021: 62.6322% (2960000000 / 4726000000),62.6322%,,,,,,,,,,,,,xbrl,XBRL Gross margin Q3 FY2021,
unpaired_actual,NVDA,2021,,,,,,,,operating_margin,Operating margin,,consolidated,,,,Q3 FY2021,SEC XBRL derived Operating margin for Q3 FY2021: 29.5810% (1398000000 / 4726000000),29.5810%,,,,,,,,,,,,,xbrl,XBRL Operating margin Q3 FY2021,
unpaired_actual,NVDA,2021,,,,,,,,gross_profit,Gross profit,,consolidated,,,,FY2021,SEC XBRL Gross Profit for FY2021: 10396000000 USD,$10396000000,,,,,,,,,,,,,xbrl,XBRL Gross Profit FY2021,
unpaired_actual,NVDA,2021,,,,,,,,operating_income,Operating income,,consolidated,,,,FY2021,SEC XBRL Operating Income for FY2021: 4532000000 USD,$4532000000,,,,,,,,,,,,,xbrl,XBRL Operating Income FY2021,
unpaired_actual,NVDA,2021,,,,,,,,net_income,Net Income,,consolidated,,,,FY2021,SEC XBRL Net Income for FY2021: 4332000000 USD,$4332000000,,,,,,,,,,,,,xbrl,XBRL Net Income FY2021,
unpaired_actual,NVDA,2021,,,,,,,,eps,Diluted EPS,,consolidated,,,,FY2021,SEC XBRL Diluted EPS for FY2021: 6.9 USD/share,$6.9,,,,,,,,,,,,,xbrl,XBRL Diluted EPS FY2021,
unpaired_actual,NVDA,2021,,,,,,,,operating_cash_flow,Operating Cash Flow,,consolidated,,,,FY2021,SEC XBRL Operating Cash Flow for FY2021: 5822000000 USD,$5822000000,,,,,,,,,,,,,xbrl,XBRL Operating Cash Flow FY2021,
unpaired_actual,NVDA,2021,,,,,,,,gross_profit,Gross profit,,consolidated,,,,Q1 FY2022,SEC XBRL Gross Profit for Q1 FY2022: 3629000000 USD,$3629000000,,,,,,,,,,,,,xbrl,XBRL Gross Profit Q1 FY2022,
unpaired_actual,NVDA,2021,,,,,,,,operating_income,Operating income,,consolidated,,,,Q1 FY2022,SEC XBRL Operating Income for Q1 FY2022: 1956000000 USD,$1956000000,,,,,,,,,,,,,xbrl,XBRL Operating Income Q1 FY2022,
unpaired_actual,NVDA,2021,,,,,,,,net_income,Net Income,,consolidated,,,,Q1 FY2022,SEC XBRL Net Income for Q1 FY2022: 1912000000 USD,$1912000000,,,,,,,,,,,,,xbrl,XBRL Net Income Q1 FY2022,
unpaired_actual,NVDA,2021,,,,,,,,eps,Diluted EPS,,consolidated,,,,Q1 FY2022,SEC XBRL Diluted EPS for Q1 FY2022: 3.03 USD/share,$3.03,,,,,,,,,,,,,xbrl,XBRL Diluted EPS Q1 FY2022,
unpaired_actual,NVDA,2021,,,,,,,,operating_cash_flow,Operating Cash Flow,,consolidated,,,,Q1 FY2022,SEC XBRL Operating Cash Flow for Q1 FY2022: 1874000000 USD,$1874000000,,,,,,,,,,,,,xbrl,XBRL Operating Cash Flow Q1 FY2022,
unpaired_actual,NVDA,2021,,,,,,,,gross_margin,Gross margin,,consolidated,,,,Q1 FY2022,SEC XBRL derived Gross margin for Q1 FY2022: 64.1053% (3629000000 / 5661000000),64.1053%,,,,,,,,,,,,,xbrl,XBRL Gross margin Q1 FY2022,
unpaired_actual,NVDA,2021,,,,,,,,operating_margin,Operating margin,,consolidated,,,,Q1 FY2022,SEC XBRL derived Operating margin for Q1 FY2022: 34.5522% (1956000000 / 5661000000),34.5522%,,,,,,,,,,,,,xbrl,XBRL Operating margin Q1 FY2022,
unpaired_actual,NVDA,2021,,,,,,,,revenue,Revenue,,consolidated,,,,Q2 FY2022,SEC XBRL Revenue for Q2 FY2022: 6507000000 USD,$6507000000,,,,,,,,,,,,,xbrl,XBRL Revenue Q2 FY2022,
unpaired_actual,NVDA,2021,,,,,,,,gross_profit,Gross profit,,consolidated,,,,Q2 FY2022,SEC XBRL Gross Profit for Q2 FY2022: 4215000000 USD,$4215000000,,,,,,,,,,,,,xbrl,XBRL Gross Profit Q2 FY2022,
unpaired_actual,NVDA,2021,,,,,,,,operating_income,Operating income,,consolidated,,,,Q2 FY2022,SEC XBRL Operating Income for Q2 FY2022: 2444000000 USD,$2444000000,,,,,,,,,,,,,xbrl,XBRL Operating Income Q2 FY2022,
unpaired_actual,NVDA,2021,,,,,,,,net_income,Net Income,,consolidated,,,,Q2 FY2022,SEC XBRL Net Income for Q2 FY2022: 2374000000 USD,$2374000000,,,,,,,,,,,,,xbrl,XBRL Net Income Q2 FY2022,
unpaired_actual,NVDA,2021,,,,,,,,eps,Diluted EPS,,consolidated,,,,Q2 FY2022,SEC XBRL Diluted EPS for Q2 FY2022: 0.94 USD/share,$0.94,,,,,,,,,,,,,xbrl,XBRL Diluted EPS Q2 FY2022,
unpaired_actual,NVDA,2021,,,,,,,,operating_cash_flow,Operating Cash Flow,,consolidated,,,,Q2 FY2022,SEC XBRL Operating Cash Flow for Q2 FY2022: 1127000000 USD,$1127000000,,,,,,,,,,,,,xbrl,XBRL Operating Cash Flow Q2 FY2022,
unpaired_actual,NVDA,2021,,,,,,,,gross_margin,Gross margin,,consolidated,,,,Q2 FY2022,SEC XBRL derived Gross margin for Q2 FY2022: 64.7764% (4215000000 / 6507000000),64.7764%,,,,,,,,,,,,,xbrl,XBRL Gross margin Q2 FY2022,
unpaired_actual,NVDA,2021,,,,,,,,operating_margin,Operating margin,,consolidated,,,,Q2 FY2022,SEC XBRL derived Operating margin for Q2 FY2022: 37.5596% (2444000000 / 6507000000),37.5596%,,,,,,,,,,,,,xbrl,XBRL Operating margin Q2 FY2022,
unpaired_actual,NVDA,2021,,,,,,,,revenue,Revenue,,consolidated,,,,Q3 FY2022,SEC XBRL Revenue for Q3 FY2022: 7103000000 USD,$7103000000,,,,,,,,,,,,,xbrl,XBRL Revenue Q3 FY2022,
unpaired_actual,NVDA,2021,,,,,,,,gross_profit,Gross profit,,consolidated,,,,Q3 FY2022,SEC XBRL Gross Profit for Q3 FY2022: 4631000000 USD,$4631000000,,,,,,,,,,,,,xbrl,XBRL Gross Profit Q3 FY2022,
unpaired_actual,NVDA,2021,,,,,,,,operating_income,Operating income,,consolidated,,,,Q3 FY2022,SEC XBRL Operating Income for Q3 FY2022: 2671000000 USD,$2671000000,,,,,,,,,,,,,xbrl,XBRL Operating Income Q3 FY2022,
unpaired_actual,NVDA,2021,,,,,,,,net_income,Net Income,,consolidated,,,,Q3 FY2022,SEC XBRL Net Income for Q3 FY2022: 2464000000 USD,$2464000000,,,,,,,,,,,,,xbrl,XBRL Net Income Q3 FY2022,
unpaired_actual,NVDA,2021,,,,,,,,eps,Diluted EPS,,consolidated,,,,Q3 FY2022,SEC XBRL Diluted EPS for Q3 FY2022: 0.97 USD/share,$0.97,,,,,,,,,,,,,xbrl,XBRL Diluted EPS Q3 FY2022,
unpaired_actual,NVDA,2021,,,,,,,,operating_cash_flow,Operating Cash Flow,,consolidated,,,,Q3 FY2022,SEC XBRL Operating Cash Flow for Q3 FY2022: 392000000 USD,$392000000,,,,,,,,,,,,,xbrl,XBRL Operating Cash Flow Q3 FY2022,
unpaired_actual,NVDA,2021,,,,,,,,gross_margin,Gross margin,,consolidated,,,,Q3 FY2022,SEC XBRL derived Gross margin for Q3 FY2022: 65.1978% (4631000000 / 7103000000),65.1978%,,,,,,,,,,,,,xbrl,XBRL Gross margin Q3 FY2022,
unpaired_actual,NVDA,2021,,,,,,,,operating_margin,Operating margin,,consolidated,,,,Q3 FY2022,SEC XBRL derived Operating margin for Q3 FY2022: 37.6038% (2671000000 / 7103000000),37.6038%,,,,,,,,,,,,,xbrl,XBRL Operating margin Q3 FY2022,
unpaired_actual,NVDA,2021,,,,,,,,revenue,Revenue,,consolidated,,,,FY2022,SEC XBRL Revenue for FY2022: 26914000000 USD,$26914000000,,,,,,,,,,,,,xbrl,XBRL Revenue FY2022,
unpaired_actual,NVDA,2021,,,,,,,,gross_profit,Gross profit,,consolidated,,,,FY2022,SEC XBRL Gross Profit for FY2022: 17475000000 USD,$17475000000,,,,,,,,,,,,,xbrl,XBRL Gross Profit FY2022,
unpaired_actual,NVDA,2021,,,,,,,,operating_income,Operating income,,consolidated,,,,FY2022,SEC XBRL Operating Income for FY2022: 10041000000 USD,$10041000000,,,,,,,,,,,,,xbrl,XBRL Operating Income FY2022,
unpaired_actual,NVDA,2021,,,,,,,,net_income,Net Income,,consolidated,,,,FY2022,SEC XBRL Net Income for FY2022: 9752000000 USD,$9752000000,,,,,,,,,,,,,xbrl,XBRL Net Income FY2022,
unpaired_actual,NVDA,2021,,,,,,,,eps,Diluted EPS,,consolidated,,,,FY2022,SEC XBRL Diluted EPS for FY2022: 3.85 USD/share,$3.85,,,,,,,,,,,,,xbrl,XBRL Diluted EPS FY2022,
unpaired_actual,NVDA,2021,,,,,,,,operating_cash_flow,Operating Cash Flow,,consolidated,,,,FY2022,SEC XBRL Operating Cash Flow for FY2022: 9108000000 USD,$9108000000,,,,,,,,,,,,,xbrl,XBRL Operating Cash Flow FY2022,
unpaired_actual,NVDA,2021,,,,,,,,gross_margin,Gross margin,,consolidated,,,,FY2022,SEC XBRL derived Gross margin for FY2022: 64.9290% (17475000000 / 26914000000),64.9290%,,,,,,,,,,,,,xbrl,XBRL Gross margin FY2022,
unpaired_actual,NVDA,2021,,,,,,,,operating_margin,Operating margin,,consolidated,,,,FY2022,SEC XBRL derived Operating margin for FY2022: 37.3077% (10041000000 / 26914000000),37.3077%,,,,,,,,,,,,,xbrl,XBRL Operating margin FY2022,
