record_type,ticker,anchor_year,cohort,guidance_issued_period,guidance_issued_year,target_period,target_coverage_complete,target_coverage_missing_sources,guidance_category,metric_key,metric_label,metric_label_original,business_scope,guidance_text,guidance_value_raw,guidance_value_normalized,actual_period,actual_text,actual_value_raw,actual_value_normalized,verdict,explanation,confidence,comparison_scope,is_out_of_cohort,revision_group,is_primary_guidance,unresolved_reason,guidance_source_type,guidance_source_label,guidance_source_url,actual_source_type,actual_source_label,actual_source_url
comparison,TSLA,2021,outside anchor-year cohorts,TSLA_Q1_2020,2020,,False,"[""target period not established""]",financial,profitability_timing,Profitability timing,Profitability timing,consolidated,"After the Model 3 ramp from three years ago, our new products get run faster and become profitable sooner.",3,"{""low"": 3.0, ""high"": 3.0, ""value"": 3.0, ""unit"": ""number"", ""direction"": ""exact"", ""raw"": ""3""}",,,,,Unresolved,no defensible target period,low,explicit_target_appendix,True,profitability_timing_consolidated_unresolved,False,no defensible target period,transcript,TSLA_Q1_2020,,,,
comparison,TSLA,2021,outside anchor-year cohorts,TSLA_Q1_2020,2020,,False,"[""target period not established""]",capacity or infrastructure,capacity,Capacity,Capacity,consolidated,"And so I'm kind of thinking there will be – there should be an inflection point in that business at some point, and it's going to be driven by your ability to add much more manufacturing capacity like battery manufacturing capacity.",,"{""low"": null, ""high"": null, ""value"": null, ""unit"": null, ""direction"": ""exact"", ""raw"": null}",,,,,Unresolved,no defensible target period,low,explicit_target_appendix,True,capacity_consolidated_unresolved,False,no defensible target period,transcript,TSLA_Q1_2020,,,,
comparison,TSLA,2021,prior-year guidance resolved in anchor year,TSLA_Q1_2020,2020,FY2021,True,[],capacity or infrastructure,capacity,Capacity,Annual production capacity,segment:north_america,"And we're really looking forward to being in sometime next year, a truly global manufacturer with major factories in North America, China and Europe and a capacity of well over 1 million units a year.",well over 1 million units a year,"{""low"": 1000000.0, ""high"": null, ""value"": 1000000.0, ""unit"": ""currency"", ""direction"": ""above"", ""raw"": ""well over 1 million units a year""}",,,,,Not Verifiable After Exhaustive Search,"The loaded transcript, filing-section, filing-table, and XBRL search matrix did not contain a defensible actual for the same metric, scope, unit, and target period. Missing evidence is not treated as a miss.",low,active_cohort,False,capacity_segment_north_america_fy2021,True,"The loaded transcript, filing-section, filing-table, and XBRL search matrix did not contain a defensible actual for the same metric, scope, unit, and target period. Missing evidence is not treated as a miss.",transcript,TSLA_Q1_2020,,,,
comparison,TSLA,2021,outside anchor-year cohorts,TSLA_Q1_2020,2020,,False,"[""target period not established""]",financial,regulatory_credit_revenue,Regulatory credit revenue,Regulatory credit revenue,consolidated,"As I've noted before, we expect regulatory credit sales, which our credits we sell to other carmakers to generally increase with time.",,"{""low"": null, ""high"": null, ""value"": null, ""unit"": null, ""direction"": ""exact"", ""raw"": null}",,,,,Unresolved,no defensible target period,low,explicit_target_appendix,True,regulatory_credit_revenue_consolidated_unresolved,False,no defensible target period,transcript,TSLA_Q1_2020,,,,
comparison,TSLA,2021,outside anchor-year cohorts,TSLA_Q1_2020,2020,,False,"[""target period not established""]",financial,regulatory_credit_revenue,Regulatory credit revenue,Regulatory credit revenue,segment:automotive,"Even with all the challenges, we achieved a 20% automotive gross margin, excluding regulatory credits while ramping two major products.",20%,"{""low"": 20.0, ""high"": 20.0, ""value"": 20.0, ""unit"": ""percent"", ""direction"": ""exact"", ""raw"": ""20%""}",,,,,Unresolved,no defensible target period,low,explicit_target_appendix,True,regulatory_credit_revenue_segment_automotive_unresolved,False,no defensible target period,transcript,TSLA_Q1_2020,,,,
comparison,TSLA,2021,outside anchor-year cohorts,TSLA_Q1_2020,2020,,False,"[""target period not established""]",operating,production,Production,Production,consolidated,"I should say we are a bit worried about not being able to resume production in the Bay Area, and that should be identified as a serious risk.",,"{""low"": null, ""high"": null, ""value"": null, ""unit"": null, ""direction"": ""approximately"", ""raw"": null}",,,,,Unresolved,no defensible target period,low,explicit_target_appendix,True,production_consolidated_unresolved,False,no defensible target period,transcript,TSLA_Q1_2020,,,,
comparison,TSLA,2021,outside anchor-year cohorts,TSLA_Q1_2020,2020,,False,"[""target period not established""]",capacity or infrastructure,capacity,Capacity,Capacity,product:model_3,Model Y in Shanghai and Berlin are proceeding as planned and we're making progress on improving capacity for Model Y in Fremont and Model 3 in Shanghai.,3,"{""low"": 3.0, ""high"": 3.0, ""value"": 3.0, ""unit"": ""number"", ""direction"": ""exact"", ""raw"": ""3""}",,,,,Unresolved,no defensible target period,low,explicit_target_appendix,True,capacity_product_model_3_unresolved,False,no defensible target period,transcript,TSLA_Q1_2020,,,,
comparison,TSLA,2021,outside anchor-year cohorts,TSLA_Q1_2020,2020,,False,"[""target period not established""]",financial,gross_margin,Gross margin,Gross margin,consolidated,"So, I mean, this is one of what we think will be one of the most powerful gross margin levers with time as the feature suite is rolled out.",,"{""low"": null, ""high"": null, ""value"": null, ""unit"": null, ""direction"": ""exact"", ""raw"": null}",,,,,Unresolved,no defensible target period,low,explicit_target_appendix,True,gross_margin_consolidated_unresolved,False,no defensible target period,transcript,TSLA_Q1_2020,,,,
comparison,TSLA,2021,outside anchor-year cohorts,TSLA_Q1_2020,2020,FY2017,False,"[""TSLA_Q4_2017"", ""10-K FY2017""]",product or milestone,product_milestone,Product / strategic milestone,Product / strategic milestone,consolidated,This is our second large-scale product launch since Model 3 in 2017 and it's evidence to the progress we've made on cost control and ramp efficiency.,3,"{""low"": 3.0, ""high"": 3.0, ""value"": 3.0, ""unit"": ""number"", ""direction"": ""exact"", ""raw"": ""3""}",,,,,Coverage Incomplete,"The target period is not fully covered by the loaded source corpus. Missing expected evidence sources: TSLA_Q4_2017, 10-K FY2017. This item remains open and is not scored.",low,explicit_target_appendix,True,product_milestone_consolidated_fy2017,True,"The target period is not fully covered by the loaded source corpus. Missing expected evidence sources: TSLA_Q4_2017, 10-K FY2017. This item remains open and is not scored.",transcript,TSLA_Q1_2020,,,,
comparison,TSLA,2021,outside anchor-year cohorts,TSLA_Q1_2020,2020,,False,"[""target period not established""]",financial,profitability_timing,Profitability timing,Profitability timing,consolidated,"We also experienced expected launch efficiencies associated with our third version of the Solar Roof, which impacted overall profitability.",,"{""low"": null, ""high"": null, ""value"": null, ""unit"": null, ""direction"": ""exact"", ""raw"": null}",,,,,Unresolved,no defensible target period,low,explicit_target_appendix,True,profitability_timing_consolidated_unresolved,False,no defensible target period,transcript,TSLA_Q1_2020,,,,
comparison,TSLA,2021,outside anchor-year cohorts,TSLA_Q2_2020,2020,,False,"[""target period not established""]",operating,production,Production,Production,consolidated,"Except that, where there will be local cell production and -- that will serve the needs of the Berlin factory.",,"{""low"": null, ""high"": null, ""value"": null, ""unit"": null, ""direction"": ""exact"", ""raw"": null}",,,,,Unresolved,no defensible target period,low,explicit_target_appendix,True,production_consolidated_unresolved,False,no defensible target period,transcript,TSLA_Q2_2020,,,,
comparison,TSLA,2021,outside anchor-year cohorts,TSLA_Q2_2020,2020,FY2020,True,[],financial,regulatory_credit_revenue,Regulatory credit revenue,Regulatory credit revenue,consolidated,"I do expect regulatory credit revenue to double in 2020 relative to 2019, and it will continue for some period of time, but eventually, the stream of regulatory credits will reduce.",2020,"{""low"": 2020.0, ""high"": 2020.0, ""value"": 2020.0, ""unit"": ""number"", ""direction"": ""exact"", ""raw"": ""2020""}",,,,,Not Verifiable After Exhaustive Search,"The loaded transcript, filing-section, filing-table, and XBRL search matrix did not contain a defensible actual for the same metric, scope, unit, and target period. Missing evidence is not treated as a miss.",low,explicit_target_appendix,True,regulatory_credit_revenue_consolidated_fy2020,True,"The loaded transcript, filing-section, filing-table, and XBRL search matrix did not contain a defensible actual for the same metric, scope, unit, and target period. Missing evidence is not treated as a miss.",transcript,TSLA_Q2_2020,,,,
comparison,TSLA,2021,outside anchor-year cohorts,TSLA_Q2_2020,2020,,False,"[""target period not established""]",operating,production,Production,Production,consolidated,"This is key as we remain focused on expanding production, scaling our operations and preparing for the launch of three new factories over the next 1.5 years.",1.5,"{""low"": 1.5, ""high"": 1.5, ""value"": 1.5, ""unit"": ""number"", ""direction"": ""exact"", ""raw"": ""1.5""}",,,,,Unresolved,no defensible target period,low,explicit_target_appendix,True,production_consolidated_unresolved,False,no defensible target period,transcript,TSLA_Q2_2020,,,,
comparison,TSLA,2021,outside anchor-year cohorts,TSLA_Q2_2020,2020,FY2020,True,[],financial,revenue,Revenue,Regulatory credit revenue,consolidated,"While difficult to forecast precisely, our best estimate of 2020 credit revenue is roughly double that of 2019.",2020,"{""low"": 2020.0, ""high"": 2020.0, ""value"": 2020.0, ""unit"": ""number"", ""direction"": ""exact"", ""raw"": ""2020""}",FY2020,"Increased competition could result in our lower vehicle unit sales, price reductions, revenue shortfalls, loss of customers and loss of market share, which may harm our business, financial condition and operating results.",,"{""low"": null, ""high"": null, ""value"": null, ""unit"": null, ""direction"": ""exact"", ""raw"": null}",Not Verifiable After Exhaustive Search,"A candidate actual was found, but deterministic comparability checks rejected it: The evidence is qualitative but does not establish a comparable outcome.",medium,explicit_target_appendix,True,revenue_consolidated_fy2020,True,"A candidate actual was found, but deterministic comparability checks rejected it: The evidence is qualitative but does not establish a comparable outcome.",transcript,TSLA_Q2_2020,,filing,10-K FY2020 — ITEM 1A. RISK FACTORS,
comparison,TSLA,2021,outside anchor-year cohorts,TSLA_Q2_2020,2020,,False,"[""target period not established""]",financial,revenue,Revenue,Revenue,consolidated,"You then layer on top of that, as Elon was discussing earlier, the potential for software-based revenue, particularly full self-driving, there's the revenue recognition portion of that, that we have today, that, that will expand as we release more features.",,"{""low"": null, ""high"": null, ""value"": null, ""unit"": null, ""direction"": ""exact"", ""raw"": null}",,,,,Unresolved,no defensible target period,low,explicit_target_appendix,True,revenue_consolidated_unresolved,False,no defensible target period,transcript,TSLA_Q2_2020,,,,
comparison,TSLA,2021,outside anchor-year cohorts,TSLA_Q3_2020,2020,,False,"[""target period not established""]",operating,production,Production,Production,consolidated,And we expect Giga Berlin will see our first battery cell production line at scale.,,"{""low"": null, ""high"": null, ""value"": null, ""unit"": null, ""direction"": ""exact"", ""raw"": null}",,,,,Unresolved,no defensible target period,low,explicit_target_appendix,True,production_consolidated_unresolved,False,no defensible target period,transcript,TSLA_Q3_2020,,,,
comparison,TSLA,2021,outside anchor-year cohorts,TSLA_Q3_2020,2020,,False,"[""target period not established""]",capacity or infrastructure,capacity,Capacity,Capacity,consolidated,But it will typically take about 12 to 18 months to reach capacity.,about 12,"{""low"": 12.0, ""high"": 12.0, ""value"": 12.0, ""unit"": ""number"", ""direction"": ""approximately"", ""raw"": ""about 12""}",,,,,Unresolved,no defensible target period,low,explicit_target_appendix,True,capacity_consolidated_unresolved,False,no defensible target period,transcript,TSLA_Q3_2020,,,,
comparison,TSLA,2021,outside anchor-year cohorts,TSLA_Q3_2020,2020,FY2022,True,[],financial,capital_expenditure,Capital expenditure,Capital spending,consolidated,"Looking forward to 2021 and 2022, we have revised up our expectations for capital spending by $2 billion to $2.5 billion, which we have ample liquidity and expected cash flows to fund.",$2 billion to $2.5 billion,"{""low"": 2000000000.0, ""high"": 2500000000.0, ""value"": 2000000000.0, ""unit"": ""currency"", ""direction"": ""range"", ""raw"": ""$2 billion to $2.5 billion""}",FY2022,SEC XBRL Capital Expenditures for FY2022: 7158000000 USD,$7158000000,"{""low"": 7158000000.0, ""high"": 7158000000.0, ""value"": 7158000000.0, ""unit"": ""currency"", ""direction"": ""exact"", ""raw"": ""$7158000000""}",Missed,The actual is outside the stated range.,high,explicit_target_appendix,True,capital_expenditure_consolidated_fy2022,True,,transcript,TSLA_Q3_2020,,xbrl,XBRL Capital Expenditures FY2022,
comparison,TSLA,2021,outside anchor-year cohorts,TSLA_Q3_2020,2020,,False,"[""target period not established""]",operating,production,Production,Production,consolidated,"The internal cell production will help us ramp in '22, but we're not dependent on it for '21.","22,","{""low"": 22.0, ""high"": 22.0, ""value"": 22.0, ""unit"": ""number"", ""direction"": ""exact"", ""raw"": ""22,""}",,,,,Unresolved,no defensible target period,low,explicit_target_appendix,True,production_consolidated_unresolved,False,no defensible target period,transcript,TSLA_Q3_2020,,,,
comparison,TSLA,2021,outside anchor-year cohorts,TSLA_Q3_2020,2020,FY2020,True,[],operating,deliveries,Deliveries,Vehicle deliveries,consolidated,"We're also aiming to achieve our original 2020 guidance of 500,000 deliveries despite the operational interruptions earlier in the year.","500,000 deliveries","{""low"": 500000.0, ""high"": 500000.0, ""value"": 500000.0, ""unit"": ""number"", ""direction"": ""exact"", ""raw"": ""500,000 deliveries""}",,,,,Superseded,"A later valid guidance statement for the same metric, scope, and target period superseded this statement before the outcome.",low,explicit_target_appendix,True,deliveries_consolidated_fy2020,False,,transcript,TSLA_Q3_2020,,,,
comparison,TSLA,2021,outside anchor-year cohorts,TSLA_Q3_2020,2020,,False,"[""target period not established""]",operating,stores,Stores / locations,Stores / locations,consolidated,"While we expect the return on our investments to remain very strong, keep in mind that with additional scope and location-specific costs, payback of these investments may be slightly longer than what we saw in Model 3 in Shanghai and Model Y in Fremont.",3,"{""low"": 3.0, ""high"": 3.0, ""value"": 3.0, ""unit"": ""number"", ""direction"": ""exact"", ""raw"": ""3""}",,,,,Unresolved,no defensible target period,low,explicit_target_appendix,True,stores_consolidated_unresolved,False,no defensible target period,transcript,TSLA_Q3_2020,,,,
comparison,TSLA,2021,prior-year guidance resolved in anchor year,TSLA_Q4_2020,2020,FY2021,True,[],capacity or infrastructure,capacity,Capacity,Capacity,consolidated,"And so what we're able to do now that we haven't had the opportunity to do in the past is, as we're building capacity, particularly in Austin and Berlin, we can build that capacity with the expectation of what the end state of capacity will be pulling forward some of those investments, rather than incrementally adding capacity as we go along.",,"{""low"": null, ""high"": null, ""value"": null, ""unit"": null, ""direction"": ""exact"", ""raw"": null}",,,,,Not Verifiable After Exhaustive Search,"The loaded transcript, filing-section, filing-table, and XBRL search matrix did not contain a defensible actual for the same metric, scope, unit, and target period. Missing evidence is not treated as a miss.",low,active_cohort,False,capacity_consolidated_fy2021,True,"The loaded transcript, filing-section, filing-table, and XBRL search matrix did not contain a defensible actual for the same metric, scope, unit, and target period. Missing evidence is not treated as a miss.",transcript,TSLA_Q4_2020,,,,
comparison,TSLA,2021,prior-year guidance resolved in anchor year,TSLA_Q4_2020,2020,FY2021,True,[],operating,production,Production,Production,consolidated,And the Model S will be the first -- this Model S Plaid will be the first production car ever that is able to go 0 to 60 miles an hour in under 2 seconds.,0,"{""low"": 0.0, ""high"": 0.0, ""value"": 0.0, ""unit"": ""number"", ""direction"": ""exact"", ""raw"": ""0""}",,,,,Superseded,"A later valid guidance statement for the same metric, scope, and target period superseded this statement before the outcome.",low,active_cohort,False,production_consolidated_fy2021,False,,transcript,TSLA_Q4_2020,,,,
comparison,TSLA,2021,outside anchor-year cohorts,TSLA_Q4_2020,2020,FY2020,True,[],operating,production,Production,Q1 production volume,consolidated,"As we increase production rates, volumes will skew towards the second half of the year, and ramp inefficiencies will be a part of this year's story and are necessary to achieve our long-term goals.",,"{""low"": null, ""high"": null, ""value"": null, ""unit"": null, ""direction"": ""exact"", ""raw"": null}",,,,,Superseded,"A later valid guidance statement for the same metric, scope, and target period superseded this statement before the outcome.",low,explicit_target_appendix,True,production_consolidated_fy2020,False,,transcript,TSLA_Q4_2020,,,,
comparison,TSLA,2021,outside anchor-year cohorts,TSLA_Q4_2020,2020,Q4 FY2020,True,[],financial,gross_margin,Gross margin,Gross margin,segment:automotive,"Automotive gross margin in Q4 was primarily impacted by two things; first, we invested in improving our products built in Fremont, including converting over to the new Model S and Model X, launching the single-piece castings on Model Y and introducing heat pump on Model 3.",3.,"{""low"": 3.0, ""high"": 3.0, ""value"": 3.0, ""unit"": ""number"", ""direction"": ""exact"", ""raw"": ""3.""}",,,,,Not Verifiable After Exhaustive Search,"The loaded transcript, filing-section, filing-table, and XBRL search matrix did not contain a defensible actual for the same metric, scope, unit, and target period. Missing evidence is not treated as a miss.",low,explicit_target_appendix,True,gross_margin_segment_automotive_q4_fy2020,True,"The loaded transcript, filing-section, filing-table, and XBRL search matrix did not contain a defensible actual for the same metric, scope, unit, and target period. Missing evidence is not treated as a miss.",transcript,TSLA_Q4_2020,,,,
comparison,TSLA,2021,outside anchor-year cohorts,TSLA_Q4_2020,2020,FY2022,True,[],capacity or infrastructure,capacity,Capacity,Battery cell manufacturing capacity,consolidated,But we are installing capacity for -- in 2022 for 200 gigawatt hours a year and we think probably we should be able to achieve 30% of targeted design capacity in 2022.,200 gigawatt hours a year; 30% of targeted design capacity,"{""low"": 200.0, ""high"": 200.0, ""value"": 200.0, ""unit"": ""percent"", ""direction"": ""exact"", ""raw"": ""200 gigawatt hours a year; 30% of targeted design capacity""}",,,,,Not Verifiable After Exhaustive Search,"The loaded transcript, filing-section, filing-table, and XBRL search matrix did not contain a defensible actual for the same metric, scope, unit, and target period. Missing evidence is not treated as a miss.",low,explicit_target_appendix,True,capacity_consolidated_fy2022,True,"The loaded transcript, filing-section, filing-table, and XBRL search matrix did not contain a defensible actual for the same metric, scope, unit, and target period. Missing evidence is not treated as a miss.",transcript,TSLA_Q4_2020,,,,
comparison,TSLA,2021,outside anchor-year cohorts,TSLA_Q4_2020,2020,FY2020,True,[],operating,deliveries,Deliveries,Volume production start,consolidated,"If we get lucky, we'll be able to do a few deliveries towards the end of this year, but I expect volume production to be in 2022.",2022.,"{""low"": 2022.0, ""high"": 2022.0, ""value"": 2022.0, ""unit"": ""number"", ""direction"": ""exact"", ""raw"": ""2022.""}",,,,,Not Verifiable After Exhaustive Search,"The loaded transcript, filing-section, filing-table, and XBRL search matrix did not contain a defensible actual for the same metric, scope, unit, and target period. Missing evidence is not treated as a miss.",low,explicit_target_appendix,True,deliveries_consolidated_fy2020,True,"The loaded transcript, filing-section, filing-table, and XBRL search matrix did not contain a defensible actual for the same metric, scope, unit, and target period. Missing evidence is not treated as a miss.",transcript,TSLA_Q4_2020,,,,
comparison,TSLA,2021,prior-year guidance resolved in anchor year,TSLA_Q4_2020,2020,FY2021,True,[],operating,production,Production,Production,consolidated,"Regarding the new Model S and X, we are launching the -- we're super excited to announce the new Model S and Model X are in production now and will be delivered in February.",,"{""low"": null, ""high"": null, ""value"": null, ""unit"": null, ""direction"": ""exact"", ""raw"": null}",,,,,Superseded,"A later valid guidance statement for the same metric, scope, and target period superseded this statement before the outcome.",low,active_cohort,False,production_consolidated_fy2021,False,,transcript,TSLA_Q4_2020,,,,
comparison,TSLA,2021,prior-year guidance resolved in anchor year,TSLA_Q4_2020,2020,FY2021,True,[],financial,free_cash_flow,Free cash flow,Free cash flow,consolidated,"So -- and full year, we achieved free cash flow of nearly $2.8 billion after spending more than $3 billion on building new factories and other expenditures.",$2.8 billion,"{""low"": 2800000000.0, ""high"": 2800000000.0, ""value"": 2800000000.0, ""unit"": ""currency"", ""direction"": ""exact"", ""raw"": ""$2.8 billion""}",,,,,Not Verifiable After Exhaustive Search,"The loaded transcript, filing-section, filing-table, and XBRL search matrix did not contain a defensible actual for the same metric, scope, unit, and target period. Missing evidence is not treated as a miss.",low,active_cohort,False,free_cash_flow_consolidated_fy2021,True,"The loaded transcript, filing-section, filing-table, and XBRL search matrix did not contain a defensible actual for the same metric, scope, unit, and target period. Missing evidence is not treated as a miss.",transcript,TSLA_Q4_2020,,,,
comparison,TSLA,2021,prior-year guidance resolved in anchor year,TSLA_Q4_2020,2020,FY2021,True,[],operating,production,Production,Production,consolidated,So we did expect some unknown unknowns and technical challenges to arise through the production ramp.,,"{""low"": null, ""high"": null, ""value"": null, ""unit"": null, ""direction"": ""exact"", ""raw"": null}",,,,,Not Verifiable After Exhaustive Search,"The loaded transcript, filing-section, filing-table, and XBRL search matrix did not contain a defensible actual for the same metric, scope, unit, and target period. Missing evidence is not treated as a miss.",low,active_cohort,False,production_consolidated_fy2021,True,"The loaded transcript, filing-section, filing-table, and XBRL search matrix did not contain a defensible actual for the same metric, scope, unit, and target period. Missing evidence is not treated as a miss.",transcript,TSLA_Q4_2020,,,,
comparison,TSLA,2021,outside anchor-year cohorts,TSLA_Q4_2020,2020,Q1 FY2020,True,[],operating,production,Production,Production,product:model_y,"Specifically for Q1, our volumes will have the benefit of early Model Y ramp in Shanghai, However, S and X production will be low due to the transition to the newly architected products.",,"{""low"": null, ""high"": null, ""value"": null, ""unit"": null, ""direction"": ""exact"", ""raw"": null}",,,,,Not Verifiable After Exhaustive Search,"The loaded transcript, filing-section, filing-table, and XBRL search matrix did not contain a defensible actual for the same metric, scope, unit, and target period. Missing evidence is not treated as a miss.",low,explicit_target_appendix,True,production_product_model_y_q1_fy2020,True,"The loaded transcript, filing-section, filing-table, and XBRL search matrix did not contain a defensible actual for the same metric, scope, unit, and target period. Missing evidence is not treated as a miss.",transcript,TSLA_Q4_2020,,,,
comparison,TSLA,2021,prior-year guidance resolved in anchor year,TSLA_Q4_2020,2020,FY2021,True,[],operating,production_volume,Production volume,Long-term volume CAGR,consolidated,"We continue to expect a long-term volume CAGR of 50%, of which we may materially exceed this in 2021.",50%,"{""low"": 50.0, ""high"": 50.0, ""value"": 50.0, ""unit"": ""percent"", ""direction"": ""exact"", ""raw"": ""50%""}",,,,,Not Verifiable After Exhaustive Search,"The loaded transcript, filing-section, filing-table, and XBRL search matrix did not contain a defensible actual for the same metric, scope, unit, and target period. Missing evidence is not treated as a miss.",low,active_cohort,False,production_volume_consolidated_fy2021,True,"The loaded transcript, filing-section, filing-table, and XBRL search matrix did not contain a defensible actual for the same metric, scope, unit, and target period. Missing evidence is not treated as a miss.",transcript,TSLA_Q4_2020,,,,
comparison,TSLA,2021,outside anchor-year cohorts,TSLA_Q4_2020,2020,FY2020,True,[],operating,production,Production,Factory production start,consolidated,"We're also building Giga Berlin and Giga Texas, which we expect to start production later this year.",,"{""low"": null, ""high"": null, ""value"": null, ""unit"": null, ""direction"": ""exact"", ""raw"": null}",,,,,Not Verifiable After Exhaustive Search,"The loaded transcript, filing-section, filing-table, and XBRL search matrix did not contain a defensible actual for the same metric, scope, unit, and target period. Missing evidence is not treated as a miss.",low,explicit_target_appendix,True,production_consolidated_fy2020,True,"The loaded transcript, filing-section, filing-table, and XBRL search matrix did not contain a defensible actual for the same metric, scope, unit, and target period. Missing evidence is not treated as a miss.",transcript,TSLA_Q4_2020,,,,
comparison,TSLA,2021,outside anchor-year cohorts,TSLA_Q1_2021,2021,,False,"[""target period not established""]",operating,deliveries,Deliveries,Deliveries,consolidated,"And as Elon mentioned, we expect the first deliveries to begin shortly.",,"{""low"": null, ""high"": null, ""value"": null, ""unit"": null, ""direction"": ""exact"", ""raw"": null}",,,,,Unresolved,no defensible target period,low,explicit_target_appendix,True,deliveries_consolidated_unresolved,False,no defensible target period,transcript,TSLA_Q1_2021,,,,
comparison,TSLA,2021,outside anchor-year cohorts,TSLA_Q1_2021,2021,FY2020,True,[],financial,operating_expenses,Operating expenses,Operating expenses,consolidated,"And overall, as we look at OpEx as a percentage of revenue over the course of the year, we do expect to see a substantial drop from 2020 to 2021 as the volumes in the latter part of the year pick up.",2020,"{""low"": 2020.0, ""high"": 2020.0, ""value"": 2020.0, ""unit"": ""number"", ""direction"": ""exact"", ""raw"": ""2020""}",,,,,Not Verifiable After Exhaustive Search,"The loaded transcript, filing-section, filing-table, and XBRL search matrix did not contain a defensible actual for the same metric, scope, unit, and target period. Missing evidence is not treated as a miss.",low,explicit_target_appendix,True,operating_expenses_consolidated_fy2020,True,"The loaded transcript, filing-section, filing-table, and XBRL search matrix did not contain a defensible actual for the same metric, scope, unit, and target period. Missing evidence is not treated as a miss.",transcript,TSLA_Q1_2021,,,,
comparison,TSLA,2021,outside anchor-year cohorts,TSLA_Q1_2021,2021,,False,"[""target period not established""]",capacity or infrastructure,capacity,Capacity,Supplier capacity,consolidated,"And specific to that, we are on track to more than double the supplier capacity over the next 13.",13.,"{""low"": 13.0, ""high"": 13.0, ""value"": 13.0, ""unit"": ""number"", ""direction"": ""exact"", ""raw"": ""13.""}",,,,,Unresolved,no defensible target period,low,explicit_target_appendix,True,capacity_consolidated_unresolved,False,no defensible target period,transcript,TSLA_Q1_2021,,,,
comparison,TSLA,2021,anchor-year guidance resolved in following year,TSLA_Q1_2021,2021,FY2022,True,[],operating,production,Production,Initial limited production and volume production,consolidated,Both Texas and Berlin are progressing well and we expect to have initial limited production from those factories this year and volume production from Texas and Berlin next year.,,"{""low"": null, ""high"": null, ""value"": null, ""unit"": null, ""direction"": ""exact"", ""raw"": null}",,,,,Not Verifiable After Exhaustive Search,"The loaded transcript, filing-section, filing-table, and XBRL search matrix did not contain a defensible actual for the same metric, scope, unit, and target period. Missing evidence is not treated as a miss.",low,active_cohort,False,production_consolidated_fy2022,True,"The loaded transcript, filing-section, filing-table, and XBRL search matrix did not contain a defensible actual for the same metric, scope, unit, and target period. Missing evidence is not treated as a miss.",transcript,TSLA_Q1_2021,,,,
comparison,TSLA,2021,anchor-year guidance resolved in following year,TSLA_Q1_2021,2021,FY2022,True,[],operating,production,Production,4680 battery volume production,product:4680,"But overall, I think, we still feel quite optimistic about achieving volume production of the 4680 next year.",4680,"{""low"": 4680.0, ""high"": 4680.0, ""value"": 4680.0, ""unit"": ""number"", ""direction"": ""exact"", ""raw"": ""4680""}",,,,,Not Verifiable After Exhaustive Search,"The loaded transcript, filing-section, filing-table, and XBRL search matrix did not contain a defensible actual for the same metric, scope, unit, and target period. Missing evidence is not treated as a miss.",low,active_cohort,False,production_product_4680_fy2022,True,"The loaded transcript, filing-section, filing-table, and XBRL search matrix did not contain a defensible actual for the same metric, scope, unit, and target period. Missing evidence is not treated as a miss.",transcript,TSLA_Q1_2021,,,,
comparison,TSLA,2021,outside anchor-year cohorts,TSLA_Q1_2021,2021,,False,"[""target period not established""]",operating,production,Production,Model S production and delivery,consolidated,But we do expect to ramp Model S production and start delivering them probably next month.,,"{""low"": null, ""high"": null, ""value"": null, ""unit"": null, ""direction"": ""exact"", ""raw"": null}",,,,,Unresolved,no defensible target period,low,explicit_target_appendix,True,production_consolidated_unresolved,False,no defensible target period,transcript,TSLA_Q1_2021,,,,
comparison,TSLA,2021,outside anchor-year cohorts,TSLA_Q1_2021,2021,,False,"[""target period not established""]",product or milestone,product_milestone,Product / strategic milestone,Model X production and delivery,consolidated,"So I think as we ramp up, I think, probably the demand for the new S/X will be quite high.",,"{""low"": null, ""high"": null, ""value"": null, ""unit"": null, ""direction"": ""exact"", ""raw"": null}",,,,,Unresolved,no defensible target period,low,explicit_target_appendix,True,product_milestone_consolidated_unresolved,False,no defensible target period,transcript,TSLA_Q1_2021,,,,
comparison,TSLA,2021,outside anchor-year cohorts,TSLA_Q2_2021,2021,,False,"[""target period not established""]",financial,volume_impact,Volume impact,Volume impact,consolidated,"And as Elon mentioned, volume growth will be determined by part availability as we have the factory capacity ready and are in a strong demand position.",,"{""low"": null, ""high"": null, ""value"": null, ""unit"": null, ""direction"": ""exact"", ""raw"": null}",,,,,Unresolved,no defensible target period,low,explicit_target_appendix,True,volume_impact_consolidated_unresolved,False,no defensible target period,transcript,TSLA_Q2_2021,,,,
comparison,TSLA,2021,outside anchor-year cohorts,TSLA_Q2_2021,2021,,False,"[""target period not established""]",product or milestone,product_milestone,Product / strategic milestone,Product / strategic milestone,consolidated,"And with each successive iteration, the ramp-up and the equipment installation will be faster and more safe.",,"{""low"": null, ""high"": null, ""value"": null, ""unit"": null, ""direction"": ""exact"", ""raw"": null}",,,,,Unresolved,no defensible target period,low,explicit_target_appendix,True,product_milestone_consolidated_unresolved,False,no defensible target period,transcript,TSLA_Q2_2021,,,,
comparison,TSLA,2021,outside anchor-year cohorts,TSLA_Q2_2021,2021,,False,"[""target period not established""]",product or milestone,product_milestone,Product / strategic milestone,Product / strategic milestone,consolidated,Elon Musk -- Chief Executive Officer I think Cybertruck ramp will be difficult because it's such new architecture.,,"{""low"": null, ""high"": null, ""value"": null, ""unit"": null, ""direction"": ""exact"", ""raw"": null}",,,,,Unresolved,no defensible target period,low,explicit_target_appendix,True,product_milestone_consolidated_unresolved,False,no defensible target period,transcript,TSLA_Q2_2021,,,,
comparison,TSLA,2021,outside anchor-year cohorts,TSLA_Q2_2021,2021,,False,"[""target period not established""]",product or milestone,product_milestone,Product / strategic milestone,Product / strategic milestone,consolidated,"It's always like it's not -- it's hard to sort of explain to people who have not been through the agony of a manufacturing ramp, like why can't you just turn it on and make like 5,000 a week.","5,000","{""low"": 5000.0, ""high"": 5000.0, ""value"": 5000.0, ""unit"": ""number"", ""direction"": ""exact"", ""raw"": ""5,000""}",,,,,Unresolved,no defensible target period,low,explicit_target_appendix,True,product_milestone_consolidated_unresolved,False,no defensible target period,transcript,TSLA_Q2_2021,,,,
comparison,TSLA,2021,outside anchor-year cohorts,TSLA_Q2_2021,2021,FY2021,True,[],operating,production,Production,Cybertruck beta phase start,product:model_y,"Obviously, those take priority over the Cybertruck, but we are moving into the beta phases of Cybertruck later this year, and we will be looking to ramp that in production and take it to Texas after Model Y is up and going.",,"{""low"": null, ""high"": null, ""value"": null, ""unit"": null, ""direction"": ""above"", ""raw"": null}",,,,,Superseded,"A later valid guidance statement for the same metric, scope, and target period superseded this statement before the outcome.",low,explicit_target_appendix,True,production_product_model_y_fy2021,False,,transcript,TSLA_Q2_2021,,,,
comparison,TSLA,2021,outside anchor-year cohorts,TSLA_Q2_2021,2021,FY2021,True,[],operating,production,Production,Model Y new design limited production start,product:model_y,So we expect to be producing the sort of new design of the Model Y in both factories in limited production later this year.,,"{""low"": null, ""high"": null, ""value"": null, ""unit"": null, ""direction"": ""exact"", ""raw"": null}",,,,,Not Verifiable After Exhaustive Search,"The loaded transcript, filing-section, filing-table, and XBRL search matrix did not contain a defensible actual for the same metric, scope, unit, and target period. Missing evidence is not treated as a miss.",low,explicit_target_appendix,True,production_product_model_y_fy2021,True,"The loaded transcript, filing-section, filing-table, and XBRL search matrix did not contain a defensible actual for the same metric, scope, unit, and target period. Missing evidence is not treated as a miss.",transcript,TSLA_Q2_2021,,,,
comparison,TSLA,2021,outside anchor-year cohorts,TSLA_Q2_2021,2021,FY2021,True,[],operating,production,Production,Production,product:cybertruck,The first question from Robert M. is Tesla's website still says Cybertruck production is expected to begin in late 2021.,2021.,"{""low"": 2021.0, ""high"": 2021.0, ""value"": 2021.0, ""unit"": ""number"", ""direction"": ""exact"", ""raw"": ""2021.""}",,,,,Not Verifiable After Exhaustive Search,"The loaded transcript, filing-section, filing-table, and XBRL search matrix did not contain a defensible actual for the same metric, scope, unit, and target period. Missing evidence is not treated as a miss.",low,explicit_target_appendix,True,production_product_cybertruck_fy2021,True,"The loaded transcript, filing-section, filing-table, and XBRL search matrix did not contain a defensible actual for the same metric, scope, unit, and target period. Missing evidence is not treated as a miss.",transcript,TSLA_Q2_2021,,,,
comparison,TSLA,2021,outside anchor-year cohorts,TSLA_Q2_2021,2021,,False,"[""target period not established""]",other assessable company-level guidance,production_deliveries,Production Deliveries,Production Deliveries,consolidated,"This was primarily driven by better cost optimization across our factories, good execution against our cost reduction plan, as well as increases in production and delivery volumes.",,"{""low"": null, ""high"": null, ""value"": null, ""unit"": null, ""direction"": ""exact"", ""raw"": null}",,,,,Unresolved,no defensible target period,low,explicit_target_appendix,True,production_deliveries_consolidated_unresolved,False,no defensible target period,transcript,TSLA_Q2_2021,,,,
comparison,TSLA,2021,outside anchor-year cohorts,TSLA_Q3_2021,2021,,False,"[""target period not established""]",operating,production,Production,Production,consolidated,"Additionally, we never reduced our production forecast with our suppliers as we're adding capacity as quickly as possible.",,"{""low"": null, ""high"": null, ""value"": null, ""unit"": null, ""direction"": ""exact"", ""raw"": null}",,,,,Unresolved,no defensible target period,low,explicit_target_appendix,True,production_consolidated_unresolved,False,no defensible target period,transcript,TSLA_Q3_2021,,,,
comparison,TSLA,2021,outside anchor-year cohorts,TSLA_Q3_2021,2021,,False,"[""target period not established""]",capacity or infrastructure,capacity,Capacity,Capacity,consolidated,"And in our plans, there with time are to keep growing the capacity in that factory.",,"{""low"": null, ""high"": null, ""value"": null, ""unit"": null, ""direction"": ""exact"", ""raw"": null}",,,,,Unresolved,no defensible target period,low,explicit_target_appendix,True,capacity_consolidated_unresolved,False,no defensible target period,transcript,TSLA_Q3_2021,,,,
comparison,TSLA,2021,outside anchor-year cohorts,TSLA_Q3_2021,2021,,False,"[""target period not established""]",operating,subscribers,Subscribers / customers,Subscribers / customers,consolidated,"Andrew Baglino And on the Supercharger side, Supercharging team monitors congestion and plans expansion to ensure customer experience met with minimal wait times alongside the growth in our vehicle fleet.",,"{""low"": null, ""high"": null, ""value"": null, ""unit"": null, ""direction"": ""exact"", ""raw"": null}",,,,,Unresolved,no defensible target period,low,explicit_target_appendix,True,subscribers_consolidated_unresolved,False,no defensible target period,transcript,TSLA_Q3_2021,,,,
comparison,TSLA,2021,outside anchor-year cohorts,TSLA_Q3_2021,2021,,False,"[""target period not established""]",financial,operating_margin,Operating margin,Operating margin,consolidated,"As a result of the great progress on margins, volume, and appropriate management of overhead costs, we were able to achieve an operating margin of just under 15%, exceeding the long-term guidance we've laid out previously.",15%,"{""low"": 15.0, ""high"": 15.0, ""value"": 15.0, ""unit"": ""percent"", ""direction"": ""exact"", ""raw"": ""15%""}",,,,,Unresolved,no defensible target period,low,explicit_target_appendix,True,operating_margin_consolidated_unresolved,False,no defensible target period,transcript,TSLA_Q3_2021,,,,
comparison,TSLA,2021,outside anchor-year cohorts,TSLA_Q3_2021,2021,,False,"[""target period not established""]",product or milestone,product_milestone,Product / strategic milestone,Product / strategic milestone,consolidated,"As we've mentioned before, after Model Y in Austin, our next product launch will be Cybertruck.",,"{""low"": null, ""high"": null, ""value"": null, ""unit"": null, ""direction"": ""exact"", ""raw"": null}",,,,,Unresolved,no defensible target period,low,explicit_target_appendix,True,product_milestone_consolidated_unresolved,False,no defensible target period,transcript,TSLA_Q3_2021,,,,
comparison,TSLA,2021,outside anchor-year cohorts,TSLA_Q3_2021,2021,,False,"[""target period not established""]",operating,production,Production,Production volume target,consolidated,"But based on demand, we're targeting to exceed historical production levels.",,"{""low"": null, ""high"": null, ""value"": null, ""unit"": null, ""direction"": ""exact"", ""raw"": null}",,,,,Unresolved,no defensible target period,low,explicit_target_appendix,True,production_consolidated_unresolved,False,no defensible target period,transcript,TSLA_Q3_2021,,,,
comparison,TSLA,2021,outside anchor-year cohorts,TSLA_Q3_2021,2021,,False,"[""target period not established""]",operating,production,Production,First production cars in Austin and Berlin,segment:austin and berlin factories,"So, it remains our target in both Austin and Berlin to be able to build our first production cars before the end of the year.",,"{""low"": null, ""high"": null, ""value"": null, ""unit"": null, ""direction"": ""exact"", ""raw"": null}",,,,,Unresolved,no defensible target period,low,explicit_target_appendix,True,production_segment_austin_and_berlin_factories_unresolved,False,no defensible target period,transcript,TSLA_Q3_2021,,,,
comparison,TSLA,2021,outside anchor-year cohorts,TSLA_Q3_2021,2021,,False,"[""target period not established""]",financial,gross_margin,Gross margin,Gross margin,consolidated,The Model S has now returned to positive gross margin and we expect this to increase with higher production and the ramp of Model X.,,"{""low"": null, ""high"": null, ""value"": null, ""unit"": null, ""direction"": ""exact"", ""raw"": null}",,,,,Unresolved,no defensible target period,low,explicit_target_appendix,True,gross_margin_consolidated_unresolved,False,no defensible target period,transcript,TSLA_Q3_2021,,,,
comparison,TSLA,2021,outside anchor-year cohorts,TSLA_Q3_2021,2021,,False,"[""target period not established""]",financial,operating_margin,Operating margin,Operating margin,consolidated,We have achieved -- we've actually exceeded our long-term guidance on our operating margin target.,,"{""low"": null, ""high"": null, ""value"": null, ""unit"": null, ""direction"": ""exact"", ""raw"": null}",,,,,Unresolved,no defensible target period,low,explicit_target_appendix,True,operating_margin_consolidated_unresolved,False,no defensible target period,transcript,TSLA_Q3_2021,,,,
comparison,TSLA,2021,outside anchor-year cohorts,TSLA_Q3_2021,2021,,False,"[""target period not established""]",product or milestone,product_milestone,Product / strategic milestone,Product / strategic milestone,consolidated,We will launch the product in those states as we receive regulatory approvals.,,"{""low"": null, ""high"": null, ""value"": null, ""unit"": null, ""direction"": ""exact"", ""raw"": null}",,,,,Unresolved,no defensible target period,low,explicit_target_appendix,True,product_milestone_consolidated_unresolved,False,no defensible target period,transcript,TSLA_Q3_2021,,,,
comparison,TSLA,2021,outside anchor-year cohorts,TSLA_Q3_2021,2021,,False,"[""target period not established""]",operating,production,Production,Model Y expansion and Cybertruck launch,consolidated,"While there is still more runway to grow these existing products, we are focused on Model Y expansion in Austin and Berlin, ramping S&X further in Fremont to restore to past levels, while also growing 3 and Y production in Fremont and Shanghai.",3,"{""low"": 3.0, ""high"": 3.0, ""value"": 3.0, ""unit"": ""number"", ""direction"": ""exact"", ""raw"": ""3""}",,,,,Unresolved,no defensible target period,low,explicit_target_appendix,True,production_consolidated_unresolved,False,no defensible target period,transcript,TSLA_Q3_2021,,,,
comparison,TSLA,2021,outside anchor-year cohorts,TSLA_Q3_2021,2021,,False,"[""target period not established""]",capacity or infrastructure,capacity,Capacity,Capacity,consolidated,"While we certainly have work to do in an expanding capacity in some congested areas, average congestion on the network has decreased over the past 18 months.",18,"{""low"": 18.0, ""high"": 18.0, ""value"": 18.0, ""unit"": ""number"", ""direction"": ""exact"", ""raw"": ""18""}",,,,,Unresolved,no defensible target period,low,explicit_target_appendix,True,capacity_consolidated_unresolved,False,no defensible target period,transcript,TSLA_Q3_2021,,,,
comparison,TSLA,2021,outside anchor-year cohorts,TSLA_Q4_2021,2021,FY2021,True,[],operating,stores,Stores / locations,Capacity expansion plans,consolidated,"Although we're not ready to announce any new locations on this call, but we will through 2022, look at new locations and probably be able to announce new locations towards the end of this year, I expect.","2022,","{""low"": 2022.0, ""high"": 2022.0, ""value"": 2022.0, ""unit"": ""number"", ""direction"": ""exact"", ""raw"": ""2022,""}",,,,,Superseded,"A later valid guidance statement for the same metric, scope, and target period superseded this statement before the outcome.",low,explicit_target_appendix,True,stores_consolidated_fy2021,False,,transcript,TSLA_Q4_2021,,,,
comparison,TSLA,2021,outside anchor-year cohorts,TSLA_Q4_2021,2021,FY2021,True,[],operating,stores,Stores / locations,"Output increase in Fremont, Nevada, Shanghai",consolidated,"And as I said at the beginning of the call, this -- 2022 is the year we will be looking at factory locations to see what makes the most sense, possibly with some announcement by the end of this year.",,"{""low"": null, ""high"": null, ""value"": null, ""unit"": null, ""direction"": ""exact"", ""raw"": null}",,,,,Not Verifiable After Exhaustive Search,"The loaded transcript, filing-section, filing-table, and XBRL search matrix did not contain a defensible actual for the same metric, scope, unit, and target period. Missing evidence is not treated as a miss.",low,explicit_target_appendix,True,stores_consolidated_fy2021,True,"The loaded transcript, filing-section, filing-table, and XBRL search matrix did not contain a defensible actual for the same metric, scope, unit, and target period. Missing evidence is not treated as a miss.",transcript,TSLA_Q4_2021,,,,
comparison,TSLA,2021,anchor-year guidance resolved in following year,TSLA_Q4_2021,2021,FY2022,True,[],product or milestone,product_milestone,Product / strategic milestone,Product / strategic milestone,consolidated,And the question I had is I understand well the ramp of 4680 internally.,4680,"{""low"": 4680.0, ""high"": 4680.0, ""value"": 4680.0, ""unit"": ""number"", ""direction"": ""exact"", ""raw"": ""4680""}",,,,,Not Verifiable After Exhaustive Search,"The loaded transcript, filing-section, filing-table, and XBRL search matrix did not contain a defensible actual for the same metric, scope, unit, and target period. Missing evidence is not treated as a miss.",low,active_cohort,False,product_milestone_consolidated_fy2022,True,"The loaded transcript, filing-section, filing-table, and XBRL search matrix did not contain a defensible actual for the same metric, scope, unit, and target period. Missing evidence is not treated as a miss.",transcript,TSLA_Q4_2021,,,,
comparison,TSLA,2021,anchor-year guidance resolved in following year,TSLA_Q4_2021,2021,FY2022,True,[],operating,subscribers,Subscribers / customers,Tesla Insurance US coverage goal,consolidated,But our internal goal here by the end of the year is to be in enough locations that 80% of our customers within the U.S. could choose to sign up for Tesla Insurance if they wanted to.,internal goal by the end of the year is to be in enough locations that 80% of our customers within the U.S. could choose to sign up,"{""low"": 80.0, ""high"": 80.0, ""value"": 80.0, ""unit"": ""percent"", ""direction"": ""exact"", ""raw"": ""internal goal by the end of the year is to be in enough locations that 80% of our customers within the U.S. could choose to sign up""}",,,,,Not Verifiable After Exhaustive Search,"The loaded transcript, filing-section, filing-table, and XBRL search matrix did not contain a defensible actual for the same metric, scope, unit, and target period. Missing evidence is not treated as a miss.",low,active_cohort,False,subscribers_consolidated_fy2022,True,"The loaded transcript, filing-section, filing-table, and XBRL search matrix did not contain a defensible actual for the same metric, scope, unit, and target period. Missing evidence is not treated as a miss.",transcript,TSLA_Q4_2021,,,,
comparison,TSLA,2021,outside anchor-year cohorts,TSLA_Q4_2021,2021,FY2020,True,[],financial,gross_margin,Gross margin,Gross margin,segment:automotive,"If we look across the full year '21 and compare that to 2020, our automotive gross margin, excluding credits, rose by over 600 basis points, enabled by work on cost reduction, utilization of our Shanghai factory for exports and accelerating demand.",21,"{""low"": 21.0, ""high"": 21.0, ""value"": 21.0, ""unit"": ""number"", ""direction"": ""exact"", ""raw"": ""21""}",,,,,Not Verifiable After Exhaustive Search,"The loaded transcript, filing-section, filing-table, and XBRL search matrix did not contain a defensible actual for the same metric, scope, unit, and target period. Missing evidence is not treated as a miss.",low,explicit_target_appendix,True,gross_margin_segment_automotive_fy2020,True,"The loaded transcript, filing-section, filing-table, and XBRL search matrix did not contain a defensible actual for the same metric, scope, unit, and target period. Missing evidence is not treated as a miss.",transcript,TSLA_Q4_2021,,,,
comparison,TSLA,2021,outside anchor-year cohorts,TSLA_Q4_2021,2021,Q4 FY2021,True,[],financial,volume_impact,Volume impact,First car sale with 4680 battery,consolidated,"So, it's great to hear on one hand that you guys expect to sell like the first car with 4680 this quarter and at the same time that you don't really depend on that ramp to achieve your -- what you hope to achieve in terms of significant volume growth this year.",expect to sell the first car with 4680 this quarter,"{""low"": 4680.0, ""high"": 4680.0, ""value"": 4680.0, ""unit"": ""number"", ""direction"": ""exact"", ""raw"": ""expect to sell the first car with 4680 this quarter""}",,,,,Not Verifiable After Exhaustive Search,"The loaded transcript, filing-section, filing-table, and XBRL search matrix did not contain a defensible actual for the same metric, scope, unit, and target period. Missing evidence is not treated as a miss.",low,explicit_target_appendix,True,volume_impact_consolidated_q4_fy2021,True,"The loaded transcript, filing-section, filing-table, and XBRL search matrix did not contain a defensible actual for the same metric, scope, unit, and target period. Missing evidence is not treated as a miss.",transcript,TSLA_Q4_2021,,,,
comparison,TSLA,2021,outside anchor-year cohorts,TSLA_Q4_2021,2021,FY2021,True,[],financial,regulatory_credit_revenue,Regulatory credit revenue,Regulatory credit revenue,consolidated,"We also saw regulatory credits accounting for a relatively small portion of our 2021 profitability, which we expect to continue to reduce in materiality going forward.",2021,"{""low"": 2021.0, ""high"": 2021.0, ""value"": 2021.0, ""unit"": ""number"", ""direction"": ""exact"", ""raw"": ""2021""}",,,,,Not Verifiable After Exhaustive Search,"The loaded transcript, filing-section, filing-table, and XBRL search matrix did not contain a defensible actual for the same metric, scope, unit, and target period. Missing evidence is not treated as a miss.",low,explicit_target_appendix,True,regulatory_credit_revenue_consolidated_fy2021,True,"The loaded transcript, filing-section, filing-table, and XBRL search matrix did not contain a defensible actual for the same metric, scope, unit, and target period. Missing evidence is not treated as a miss.",transcript,TSLA_Q4_2021,,,,
comparison,TSLA,2021,anchor-year guidance resolved in following year,TSLA_Q4_2021,2021,FY2022,True,[],financial,volume_impact,Volume impact,Vehicle volume growth,consolidated,"We continue to drive for vehicle volume growth at or above 50%, as Elon mentioned, and our plans show that this is actually achievable with just our Fremont and Shanghai factories.",above 50%,"{""low"": 50.0, ""high"": null, ""value"": 50.0, ""unit"": ""percent"", ""direction"": ""above"", ""raw"": ""above 50%""}",,,,,Not Verifiable After Exhaustive Search,"The loaded transcript, filing-section, filing-table, and XBRL search matrix did not contain a defensible actual for the same metric, scope, unit, and target period. Missing evidence is not treated as a miss.",low,active_cohort,False,volume_impact_consolidated_fy2022,True,"The loaded transcript, filing-section, filing-table, and XBRL search matrix did not contain a defensible actual for the same metric, scope, unit, and target period. Missing evidence is not treated as a miss.",transcript,TSLA_Q4_2021,,,,
unpaired_actual,TSLA,2021,,,,,,,,regulatory_credit_revenue,Regulatory credit revenue,,segment:automotive,,,,Q1 FY2020,"Even with all the challenges, we achieved a 20% automotive gross margin, excluding regulatory credits while ramping two major products.",20%,,,,,,,,,,,,,transcript,TSLA_Q1_2020,
unpaired_actual,TSLA,2021,,,,,,,,production,Production,,product:model_y,,,,Q1 FY2020,"Most surprisingly, Model Y was profitable already in its first quarter of production, something we haven't achieved with any product in the past.",,,,,,,,,,,,,,transcript,TSLA_Q1_2020,
unpaired_actual,TSLA,2021,,,,,,,,production_deliveries,Production Deliveries,,segment:automotive,,,,FY2020,"Automotive sales revenue increased $1.13 billion, or 13%, in the six months ended June 30, 2020 as compared to the six months ended June 30, 2019 , primarily due to an increase of 24,865 Model 3 and Model Y cash deliveries despite production limitations as a result of temporary suspension of production at the Fremont Factory during the first half of 2020.","increased $1.13 billion or 13% in six months ended June 30, 2020 compared to prior year",,,,,,,,,,,,,filing,10-Q Q2 2020 — ITEM 1. FINANCIAL STATEMENTS — Note 15 – Segment Reporting and Information about Geographic Areas,
unpaired_actual,TSLA,2021,,,,,,,,production_deliveries,Production Deliveries,,product:model_3,,,,FY2020,"These decreases were partially offset by an increase of $317 million from additional sales of regulatory credits to $428 million in the three months ended June 30, 2020 and an increase of 3,691 Model 3 and Model Y cash deliveries despite production limitations as a result of temporary suspension of production at the Fremont Factory during the first half of 2020.",$317 million,,,,,,,,,,,,,filing,10-Q Q2 2020 — ITEM 1. FINANCIAL STATEMENTS — Note 15 – Segment Reporting and Information about Geographic Areas,
unpaired_actual,TSLA,2021,,,,,,,,revenue,Revenue,,product:model_3,,,,FY2020,"The increases in automotive sales revenue were partially offset by a decrease in the average selling price of Model 3 from a higher sales mix of lower end trims as we began delivering Standard Range variants internationally in June 2019 and a decrease of 7,245 Model S and Model X cash deliveries in the six months ended June 30, 2020 compared to the same period in the prior year.",3,,,,,,,,,,,,,filing,10-Q Q2 2020 — ITEM 1. FINANCIAL STATEMENTS — Note 15 – Segment Reporting and Information about Geographic Areas,
unpaired_actual,TSLA,2021,,,,,,,,revenue,Revenue,,segment:automotive,,,,FY2020,"Automotive leasing revenue increased $60 million, or 29%, in the three months ended June 30, 2020 as compared to the three months ended June 30, 2019.",$60 million,,,,,,,,,,,,,filing,10-Q Q2 2020 — ITEM 1. FINANCIAL STATEMENTS — Note 15 – Segment Reporting and Information about Geographic Areas,
unpaired_actual,TSLA,2021,,,,,,,,product_milestone,Product / strategic milestone,,consolidated,,,,Q3 FY2020,"Therefore, the remaining unamortized expense of $ 95 million and $ 118 million associated with the second and third tranches, respectively, which were previously expected to be recognized ratably in future quarters through the first quarter of 2022 as determined on the grant date for the second market capitalization milestone period and through the first quarter of 2023 as determined on the grant date for the third market capitalization milestone period, were accelerated into the third quarter of 2020.",$ 95 million,,,,,,,,,,,,,filing,10-Q Q3 2020 — ITEM 1. FINANCIAL STATEMENTS — Note 11 – Equity Incentive Plans,
unpaired_actual,TSLA,2021,,,,,,,,adjusted_ebitda,Adjusted EBITDA,,consolidated,,,,FY2020,"In October 2020, the market capitalization milestone of $ 250.0 billion was achieved, and the operational milestone of annualized Adjusted EBITDA of $ 4.5 billion will be achieved as of the date of issuance of this Quarterly Report on Form 10-Q .",$250.0 billion achieved in October 2020,,,,,,,,,,,,,filing,10-Q Q3 2020 — ITEM 1. FINANCIAL STATEMENTS — Note 11 – Equity Incentive Plans,
unpaired_actual,TSLA,2021,,,,,,,,regulatory_credit_revenue,Regulatory credit revenue,,consolidated,,,,Q3 FY2020,"Additionally, we had an increase of $263 million from additional sales of regulatory credits to $397 million in the three months ended September 30, 2020.",$263 million,,,,,,,,,,,,,filing,10-Q Q3 2020 — ITEM 1. FINANCIAL STATEMENTS — Note 15 – Segment Reporting and Information about Geographic Areas,
unpaired_actual,TSLA,2021,,,,,,,,deliveries,Deliveries,,consolidated,,,,Q3 FY2020,"These increases were partially offset by 1,596 fewer Model S and Model X cash deliveries at relatively consistent combined average selling prices in the three months ended September 30, 2020 compared to the same period in the prior year.","1,596",,,,,,,,,,,,,filing,10-Q Q3 2020 — ITEM 1. FINANCIAL STATEMENTS — Note 15 – Segment Reporting and Information about Geographic Areas,
unpaired_actual,TSLA,2021,,,,,,,,production_deliveries,Production Deliveries,,segment:automotive,,,,FY2020,"Automotive sales revenue increased $3.34 billion, or 24%, in the nine months ended September 30, 2020 as compared to the nine months ended September 30, 2019 , primarily due to an increase of 66,685 Model 3 and Model Y cash deliveries despite production limitations as a result of temporary suspension of production at the Fremont Factory and Gigafactory Nevada during the first half of 2020.","increased $3.34 billion, or 24%",,,,,,,,,,,,,filing,10-Q Q3 2020 — ITEM 1. FINANCIAL STATEMENTS — Note 15 – Segment Reporting and Information about Geographic Areas,
unpaired_actual,TSLA,2021,,,,,,,,regulatory_credit_revenue,Regulatory credit revenue,,consolidated,,,,FY2020,"There was also an increase of $718 million from additional sales of regulatory credits to $1.18 billion in the nine months ended September 30, 2020.",increased $718 million to $1.18 billion,,,,,,,,,,,,,filing,10-Q Q3 2020 — ITEM 1. FINANCIAL STATEMENTS — Note 15 – Segment Reporting and Information about Geographic Areas,
unpaired_actual,TSLA,2021,,,,,,,,revenue,Revenue,,segment:automotive,,,,Q3 FY2020,"Automotive leasing revenue increased $44 million, or 20%, in the three months ended September 30, 2020 as compared to the three months ended September 30, 2019, primarily due to the introduction of direct sales-type leasing programs which we began offering in volume during the third quarter of 2020 and where we recognize all revenue associated with the sales-type lease upon delivery to the customer.","increased $44 million, or 20%",,,,,,,,,,,,,filing,10-Q Q3 2020 — ITEM 1. FINANCIAL STATEMENTS — Note 15 – Segment Reporting and Information about Geographic Areas,
unpaired_actual,TSLA,2021,,,,,,,,production,Production,,consolidated,,,,Q4 FY2020,"Regarding the new Model S and X, we are launching the -- we're super excited to announce the new Model S and Model X are in production now and will be delivered in February.",,,,,,,,,,,,,,transcript,TSLA_Q4_2020,
unpaired_actual,TSLA,2021,,,,,,,,production,Production,,consolidated,,,,Q4 FY2020,"The Model S Plaid, and we're actually in production now, and we'll be delivering next month.",,,,,,,,,,,,,,transcript,TSLA_Q4_2020,
unpaired_actual,TSLA,2021,,,,,,,,adjusted_ebitda,Adjusted EBITDA,,consolidated,,,,FY2021,"Although an operational milestone is deemed achieved in the last quarter of the relevant annualized period, it may be certified only after the financial statements supporting its achievement have been filed with our Forms 10-Q and/or 10-K. Total Annualized Revenue Annualized Adjusted EBITDA Milestone (in billions) Achievement Status Milestone (in billions) Achievement Status $ 20.0 Achieved $ 1.5 Achieved $ 35.0 Achieved (1) $ 3.0 Achieved $ 55.0 Probable $ 4.5 Achieved $ 75.0 - $ 6.0 Achieved (1) $ 100.0 - $ 8.0 Probable $ 125.0 - $ 10.0 - $ 150.0 - $ 12.0 - $ 175.0 - $ 14.0 - (1) Achieved in the first quarter of 2021 and expected to be certified following the filing of this Quarterly Report on Form 10-Q.",10,,,,,,,,,,,,,filing,10-Q Q1 2021 — ITEM 1. FINANCIAL STATEMENTS — Note 11 – Equity Incentive Plans,
unpaired_actual,TSLA,2021,,,,,,,,gross_profit,Gross profit,,segment:automotive,,,,Q2 FY2021,"In particular, auto gross profit and margin, excluding credits, increased substantially.",,,,,,,,,,,,,,transcript,TSLA_Q2_2021,
unpaired_actual,TSLA,2021,,,,,,,,production_deliveries,Production Deliveries,,segment:automotive,,,,Q2 FY2021,"This was primarily driven by better cost optimization across our factories, good execution against our cost reduction plan, as well as increases in production and delivery volumes.",,,,,,,,,,,,,,transcript,TSLA_Q2_2021,
unpaired_actual,TSLA,2021,,,,,,,,volume_impact,Volume impact,,consolidated,,,,Q2 FY2021,"This volume increase was made possible by a steady decrease in ASPs of more than 10%, driven by a road map to increase affordability and shifting mix toward our more affordable vehicles.",increased nearly 10 percentage points,,,,,,,,,,,,,transcript,TSLA_Q2_2021,
unpaired_actual,TSLA,2021,,,,,,,,production,Production,,consolidated,,,,Q3 FY2021,We were also able to achieve an annualized production run rate of over 1 million cars towards the end of the quarter.,1 million,,,,,,,,,,,,,transcript,TSLA_Q3_2021,
unpaired_actual,TSLA,2021,,,,,,,,operating_margin,Operating margin,,consolidated,,,,Q3 FY2021,We have achieved -- we've actually exceeded our long-term guidance on our operating margin target.,,,,,,,,,,,,,,transcript,TSLA_Q3_2021,
unpaired_actual,TSLA,2021,,,,,,,,operating_margin,Operating margin,,consolidated,,,,Q3 FY2021,"As a result of the great progress on margins, volume, and appropriate management of overhead costs, we were able to achieve an operating margin of just under 15%, exceeding the long-term guidance we've laid out previously.",just under 15%,,,,,,,,,,,,,transcript,TSLA_Q3_2021,
unpaired_actual,TSLA,2021,,,,,,,,production_deliveries,Production Deliveries,,segment:automotive,,,,FY2021,"2021 compared to 2020 Automotive sales revenue increased $19.52 billion, or 79%, in the year ended December 31, 2021 as compared to the year ended December 31, 2020, primarily due to an increase of 433,815 Model 3 and Model Y cash deliveries year over year from production ramping at both Gigafactory Shanghai and the Fremont Factory at a slightly higher combined average selling price from a higher proportion of Model Y sales offset by regional sales mix.",$19.52 billion increase,,,,,,,,,,,,,filing,10-K FY2021 — ITEM 7. MANAGEMENT’S DISCUSSION AND ANALYSIS OF FINANCIAL CONDITION AND RESULTS OF OPERATIONS,
unpaired_actual,TSLA,2021,,,,,,,,revenue,Revenue,,segment:automotive,,,,Q3 FY2020,"Automotive leasing revenue increased $590 million, or 56%, in the year ended December 31, 2021 as compared to the year ended December 31, 2020, primarily due to an increase in cumulative vehicles under our direct operating lease program and an increase in direct sales-type leasing revenue as we have a full year of sales in 2021 since we began offering the program during the third quarter of 2020 .",$590 million,,,,,,,,,,,,,filing,10-K FY2021 — ITEM 7. MANAGEMENT’S DISCUSSION AND ANALYSIS OF FINANCIAL CONDITION AND RESULTS OF OPERATIONS,
unpaired_actual,TSLA,2021,,,,,,,,revenue_growth,Revenue growth,,segment:automotive,,,,FY2021,"Services and other revenue increased $1.50 billion, or 65%, in the year ended December 31, 2021 as compared to the year ended December 31, 2020, primarily due to an increase in used vehicle revenue driven by increases in volume and average selling prices of used vehicles, non-warranty maintenance services revenue as our fleet continues to grow and retail merchandise revenue.",$1.50 billion increase,,,,,,,,,,,,,filing,10-K FY2021 — ITEM 7. MANAGEMENT’S DISCUSSION AND ANALYSIS OF FINANCIAL CONDITION AND RESULTS OF OPERATIONS,
unpaired_actual,TSLA,2021,,,,,,,,revenue,Revenue,,segment:energy generation and storage,,,,FY2021,"37 2021 compared to 2020 Energy generation and storage revenue increased by $795 million, or 40%, in the year ended December 31, 2021 as compared to the year ended December 31, 2020, primarily due to an increase in deployments of Megapack, solar cash and loan jobs, Powerwall and Solar Roof, partially offset by a decrease in Powerpack deployments as we phase out the product following the introduction of Megapack .",$795 million increase,,,,,,,,,,,,,filing,10-K FY2021 — ITEM 7. MANAGEMENT’S DISCUSSION AND ANALYSIS OF FINANCIAL CONDITION AND RESULTS OF OPERATIONS,
unpaired_actual,TSLA,2021,,,,,,,,powertrain_cost_reduction,Powertrain Cost Reduction,,consolidated,,,,FY2021,"Cost of services and other revenue increased $1.24 billion, or 46%, in the year ended December 31, 2021 as compared to the year ended December 31, 2020, primarily due to an increase in used vehicle cost of revenue driven by increases in volume and costs of non-Tesla used vehicles, costs to support our increase in non-warranty maintenance services revenue and costs of retail merchandise as our sales have increased.",$1.24 billion increase,,,,,,,,,,,,,filing,10-K FY2021 — ITEM 7. MANAGEMENT’S DISCUSSION AND ANALYSIS OF FINANCIAL CONDITION AND RESULTS OF OPERATIONS,
unpaired_actual,TSLA,2021,,,,,,,,production,Production,,product:model_y,,,,FY2021,The increase was primarily due to favorable changes in sales and production mix of Model 3 and Model Y as Gigafactory Shanghai has ramped in capacity.,3,,,,,,,,,,,,,filing,10-K FY2021 — ITEM 7. MANAGEMENT’S DISCUSSION AND ANALYSIS OF FINANCIAL CONDITION AND RESULTS OF OPERATIONS,
unpaired_actual,TSLA,2021,,,,,,,,regulatory_credit_revenue,Regulatory credit revenue,,consolidated,,,,FY2021,"These increases were partially offset by a decrease of $115 million in sales of regulatory credits, which have negligible incremental costs associated with them.",$115 million,,,,,,,,,,,,,filing,10-K FY2021 — ITEM 7. MANAGEMENT’S DISCUSSION AND ANALYSIS OF FINANCIAL CONDITION AND RESULTS OF OPERATIONS,
unpaired_actual,TSLA,2021,,,,,,,,gross_margin,Gross margin,,segment:energy generation and storage,,,,FY2021,"Gross margin for energy generation and storage decreased from 0.9% in the year ended December 31, 2020 to -4.6% in the year ended December 31, 2021, primarily due to a higher proportion of Solar Roof in our overall energy business which operated at a lower gross margin as a result of temporary manufacturing underutilization during product ramp despite an improvement in gross margin compared to the prior year and lower Powerpack gross margin as fixed cost absorptions are negatively impacted as we phase out the product following the introduction of Megapack.",0.9%,,,,,,,,,,,,,filing,10-K FY2021 — ITEM 7. MANAGEMENT’S DISCUSSION AND ANALYSIS OF FINANCIAL CONDITION AND RESULTS OF OPERATIONS,
unpaired_actual,TSLA,2021,,,,,,,,revenue,Revenue,,segment:automotive,,,,FY2022,"Cost of automotive sales revenue increased $4.46 billion, or 69%, in the three months ended March 31, 2022 as compared to the three months ended March 31, 2021, primarily due to an increase of 111,915 Model 3 and Model Y cash deliveries, and an increase of 10,305 Model S and Model X cash deliveries year over year.",$4.46 billion increase,,,,,,,,,,,,,filing,10-Q Q1 2022 — ITEM 2. MANAGEMENT’S DISCUSSION AND ANALYSIS OF FINANCIAL CONDITION AND RESULTS OF OPERATIONS,
unpaired_actual,TSLA,2021,,,,,,,,powertrain_cost_reduction,Powertrain Cost Reduction,,consolidated,,,,FY2022,"Cost of services and other revenue increased $324 million, or 34%, in the three months ended March 31, 2022 as compared to the three months ended March 31, 2021, primarily due to an increase in costs to support our increase in non-warranty maintenance services revenue, an increase in costs of retail merchandise and insurance services as our sales have increased and an increase in used vehicle cost of revenue driven by increases in volume and costs of non-Tesla used vehicles.",$324 million increase,,,,,,,,,,,,,filing,10-Q Q1 2022 — ITEM 2. MANAGEMENT’S DISCUSSION AND ANALYSIS OF FINANCIAL CONDITION AND RESULTS OF OPERATIONS,
unpaired_actual,TSLA,2021,,,,,,,,revenue,Revenue,,segment:automotive,,,,FY2022,"Automotive sales revenue increased $4.15 billion, or 44%, in the three months ended June 30, 2022 as compared to the three months ended June 30, 2021, primarily due to an increase of 44,364 Model 3 and Model Y cash deliveries, and an increase of 12,658 Model S and Model X cash deliveries year over year.","$4.15 billion, or 44% increase",,,,,,,,,,,,,filing,10-Q Q2 2022 — ITEM 2. MANAGEMENT’S DISCUSSION AND ANALYSIS OF FINANCIAL CONDITION AND RESULTS OF OPERATIONS,
unpaired_actual,TSLA,2021,,,,,,,,revenue,Revenue,,segment:automotive,,,,FY2022,"33 Automotive sales revenue increased $11.48 billion, or 65%, in the six months ended June 30, 2022 as compared to the six months ended June 30, 2021, primarily due to an increase of 156,279 Model 3 and Model Y cash deliveries, and an increase of 22,963 Model S and Model X cash deliveries year over year.","$11.48 billion, or 65% increase",,,,,,,,,,,,,filing,10-Q Q2 2022 — ITEM 2. MANAGEMENT’S DISCUSSION AND ANALYSIS OF FINANCIAL CONDITION AND RESULTS OF OPERATIONS,
unpaired_actual,TSLA,2021,,,,,,,,revenue,Revenue,,segment:energy generation and storage,,,,FY2022,"Energy generation and storage revenue increased $65 million, or 8%, in the three months ended June 30, 2022 as compared to the three months ended June 30, 2021, primarily due to an increase in solar cash and loan deployments and Powerwall.","$65 million, or 8% increase",,,,,,,,,,,,,filing,10-Q Q2 2022 — ITEM 2. MANAGEMENT’S DISCUSSION AND ANALYSIS OF FINANCIAL CONDITION AND RESULTS OF OPERATIONS,
unpaired_actual,TSLA,2021,,,,,,,,revenue,Revenue,,segment:energy generation and storage,,,,FY2022,"Energy generation and storage revenue increased $187 million, or 14%, in the six months ended June 30, 2022 as compared to the six months ended June 30, 2021, primarily due to an increase in deployments of Powerwall.","$187 million, or 14% increase",,,,,,,,,,,,,filing,10-Q Q2 2022 — ITEM 2. MANAGEMENT’S DISCUSSION AND ANALYSIS OF FINANCIAL CONDITION AND RESULTS OF OPERATIONS,
unpaired_actual,TSLA,2021,,,,,,,,revenue_growth,Revenue growth,,segment:automotive,,,,FY2022,"Cost of automotive sales revenue increased $3.03 billion, or 43%, in the three months ended June 30, 2022 as compared to the three months ended June 30, 2021, in line with the growth in revenue year over year, as discussed above.","$3.03 billion, or 43% increase",,,,,,,,,,,,,filing,10-Q Q2 2022 — ITEM 2. MANAGEMENT’S DISCUSSION AND ANALYSIS OF FINANCIAL CONDITION AND RESULTS OF OPERATIONS,
unpaired_actual,TSLA,2021,,,,,,,,revenue_growth,Revenue growth,,segment:automotive,,,,FY2022,"Cost of automotive sales revenue increased $7.49 billion, or 55%, in the six months ended June 30, 2022 as compared to the six months ended June 30, 2021, in line with the growth in revenue year over year, as discussed above.","$7.49 billion, or 55% increase",,,,,,,,,,,,,filing,10-Q Q2 2022 — ITEM 2. MANAGEMENT’S DISCUSSION AND ANALYSIS OF FINANCIAL CONDITION AND RESULTS OF OPERATIONS,
unpaired_actual,TSLA,2021,,,,,,,,revenue,Revenue,,segment:automotive,,,,FY2022,"35 Cost of automotive leasing revenue increased $180 million, or 96%, in the three months ended June 30, 2022 as compared to the three months ended June 30, 2021.","$180 million, or 96% increase",,,,,,,,,,,,,filing,10-Q Q2 2022 — ITEM 2. MANAGEMENT’S DISCUSSION AND ANALYSIS OF FINANCIAL CONDITION AND RESULTS OF OPERATIONS,
unpaired_actual,TSLA,2021,,,,,,,,revenue,Revenue,,consolidated,,,,FY2022,"Cost of services and other revenue increased $424 million, or 43%, in the three months ended June 30, 2022 as compared to the three months ended June 30, 2021.",$424 million,,,,,,,,,,,,,filing,10-Q Q2 2022 — ITEM 2. MANAGEMENT’S DISCUSSION AND ANALYSIS OF FINANCIAL CONDITION AND RESULTS OF OPERATIONS,
unpaired_actual,TSLA,2021,,,,,,,,revenue,Revenue,,consolidated,,,,FY2022,"Cost of services and other revenue increased $748 million, or 38%, in the six months ended June 30, 2022 as compared to the six months ended June 30, 2021.",$748 million,,,,,,,,,,,,,filing,10-Q Q2 2022 — ITEM 2. MANAGEMENT’S DISCUSSION AND ANALYSIS OF FINANCIAL CONDITION AND RESULTS OF OPERATIONS,
unpaired_actual,TSLA,2021,,,,,,,,gross_margin,Gross margin,,segment:automotive,,,,FY2022,"Gross margin for total automotive increased from 27.5% to 30.6% in the six months ended June 30, 2022 as compared to the six months ended June 30, 2021.","30.6% for six months ended June 30, 2022",,,,,,,,,,,,,filing,10-Q Q2 2022 — ITEM 2. MANAGEMENT’S DISCUSSION AND ANALYSIS OF FINANCIAL CONDITION AND RESULTS OF OPERATIONS,
unpaired_actual,TSLA,2021,,,,,,,,gross_margin,Gross margin,,segment:automotive,,,,FY2022,"Gross margin for total automotive & services and other segment increased from 24.6% to 28.3% in the six months ended June 30, 2022 as compared to the six months ended June 30, 2021, primarily due to the automotive gross margin impacts discussed above and an improvement in our services and other gross margin.",24.6%,,,,,,,,,,,,,filing,10-Q Q2 2022 — ITEM 2. MANAGEMENT’S DISCUSSION AND ANALYSIS OF FINANCIAL CONDITION AND RESULTS OF OPERATIONS,
unpaired_actual,TSLA,2021,,,,,,,,gross_margin,Gross margin,,segment:energy generation and storage,,,,FY2022,"Gross margin for energy generation and storage increased from -6.3% to 1.7% in the six months ended June 30, 2022 as compared to the six months ended June 30, 2021, primarily due to higher deployments of Powerwall which operated at a higher gross margin.",1.7%,,,,,,,,,,,,,filing,10-Q Q2 2022 — ITEM 2. MANAGEMENT’S DISCUSSION AND ANALYSIS OF FINANCIAL CONDITION AND RESULTS OF OPERATIONS,
unpaired_actual,TSLA,2021,,,,,,,,gross_profit,Gross profit,,segment:energy,,,,Q2 FY2022,"Additionally, our energy business achieved record gross profit with the highest solar volumes in many years.",,,,,,,,,,,,,,transcript,TSLA_Q2_2022,
unpaired_actual,TSLA,2021,,,,,,,,operating_margin,Operating margin,,consolidated,,,,FY2022,"So, in 2022, we delivered over 1.3 million cars and achieved a 17% operating margin, the highest among any volume carmaker, I think maybe among any carmaker.",17% operating margin,,,,,,,,,,,,,transcript,TSLA_Q4_2022,
unpaired_actual,TSLA,2021,,,,,,,,production_deliveries,Production Deliveries,,segment:automotive,,,,Q1 FY2020,"38 Automotive sales revenue increased $1.38 billion, or 39% , in the three months ended March 31, 2020 as compared to the three months ended March 31, 2019 , primarily due to an increase of 21,174 Model 3 and Model Y cash deliveries from additional production capacity at Gigafactory Shanghai and the commencement of Model Y deliveries in the first quarter of 2020.",38,,,,,,,,,,,,,filing,10-Q Q1 2020 — ITEM 1. FINANCIAL STATEMENTS — Note 15 – Segment Reporting and Information about Geographic Areas,
unpaired_actual,TSLA,2021,,,,,,,,regulatory_credit_revenue,Regulatory credit revenue,,consolidated,,,,Q1 FY2020,"There was also an increase of $139 million from additional sales of regulatory credits to $354 million in the three months ended March 31, 2020.",$139 million,,,,,,,,,,,,,filing,10-Q Q1 2020 — ITEM 1. FINANCIAL STATEMENTS — Note 15 – Segment Reporting and Information about Geographic Areas,
unpaired_actual,TSLA,2021,,,,,,,,revenue,Revenue,,product:model_3,,,,Q1 FY2020,The increase s in automotive sales revenue were partially offset by a decrease in the average selling price of our Model 3 cash deliveries primarily due to Gigafactory Shanghai producing only Standard Range Plus Model 3 in the first quarter of 2020.,3,,,,,,,,,,,,,filing,10-Q Q1 2020 — ITEM 1. FINANCIAL STATEMENTS — Note 15 – Segment Reporting and Information about Geographic Areas,
unpaired_actual,TSLA,2021,,,,,,,,revenue,Revenue,,segment:automotive,,,,Q1 FY2020,"Automotive leasing revenue increased $24 million, or 11%, in the three months ended March 31, 2020 as compared to the three months ended March 31, 2019.",$24 million,,,,,,,,,,,,,filing,10-Q Q1 2020 — ITEM 1. FINANCIAL STATEMENTS — Note 15 – Segment Reporting and Information about Geographic Areas,
unpaired_actual,TSLA,2021,,,,,,,,revenue,Revenue,,consolidated,,,,Q1 FY2020,"Services and other revenue increased $67 million, or 14%, in the three months ended March 31, 2020 as compared to the three months ended March 31, 2019.",$67 million,,,,,,,,,,,,,filing,10-Q Q1 2020 — ITEM 1. FINANCIAL STATEMENTS — Note 15 – Segment Reporting and Information about Geographic Areas,
unpaired_actual,TSLA,2021,,,,,,,,revenue_growth,Revenue growth,,consolidated,,,,Q1 FY2020,"The increase was primarily due to an increase in non-warranty maintenance services revenue as our fleet continues to grow and an increase in sales by our acquired subsidiaries to third party customers, partially offset by a decrease in volume of used vehicle sales.",,,,,,,,,,,,,,filing,10-Q Q1 2020 — ITEM 1. FINANCIAL STATEMENTS — Note 15 – Segment Reporting and Information about Geographic Areas,
unpaired_actual,TSLA,2021,,,,,,,,revenue,Revenue,,segment:automotive,,,,Q1 FY2020,"40 Cost of automotive sales revenue increased $843 m illion, or 30% , in the three months ended March 31, 2020 as compared to the three months ended March 31, 2019 , primarily due to an increase of 21,174 Model 3 and Model Y cash deliverie s .",40,,,,,,,,,,,,,filing,10-Q Q1 2020 — ITEM 1. FINANCIAL STATEMENTS — Note 15 – Segment Reporting and Information about Geographic Areas,
unpaired_actual,TSLA,2021,,,,,,,,share_repurchases,Share repurchases,,consolidated,,,,Q1 FY2020,"D ue to pricing adjustments we made to our vehicle offerings in the three months ended March 31, 2019, we estimated that there was a greater likelihood that customers would exercise their buyback options and if customers elect to exercise the buyback option, we expect to be able to subsequently resell the returned vehicles, which resulted in a reduction of automotive cost of sales of $409 million that did not similarly occur this period.",$409 million,,,,,,,,,,,,,filing,10-Q Q1 2020 — ITEM 1. FINANCIAL STATEMENTS — Note 15 – Segment Reporting and Information about Geographic Areas,
unpaired_actual,TSLA,2021,,,,,,,,revenue,Revenue,,product:model_3,,,,Q1 FY2020,"The increase in cost of automotive sales revenue was partially offset by a decrease in average Model 3 costs per unit due to Gigafactory Shanghai producing only Standard Range Plus Model 3 in the first quarter of 2020 , lower freight and duty costs from local production in China , and additional manufacturing efficiencies in the production of Model 3 in our Fremont Factory .",3,,,,,,,,,,,,,filing,10-Q Q1 2020 — ITEM 1. FINANCIAL STATEMENTS — Note 15 – Segment Reporting and Information about Geographic Areas,
unpaired_actual,TSLA,2021,,,,,,,,revenue,Revenue,,segment:automotive,,,,FY2020,"Cost of automotive leasing revenue increased $5 million, or 4%, in the year ended March 31, 2020 compared to the year ended March 31, 2019.",$5 million,,,,,,,,,,,,,filing,10-Q Q1 2020 — ITEM 1. FINANCIAL STATEMENTS — Note 15 – Segment Reporting and Information about Geographic Areas,
unpaired_actual,TSLA,2021,,,,,,,,volume_impact,Volume impact,,consolidated,,,,Q1 FY2020,"The decrease was primarily due to decreased costs of used vehicle sales from lower sales volume, offset by an increase in cost of sales by our acquired subsidiaries to third party customers in line with the increase in revenue and a slight increase in costs of our new service centers, additional service personnel in existing and new service centers, Mobile Service capabilities, parts distribution centers and investment in new body shops to provide maintenance services to our rapidly growing fleet of vehicles.",,,,,,,,,,,,,,filing,10-Q Q1 2020 — ITEM 1. FINANCIAL STATEMENTS — Note 15 – Segment Reporting and Information about Geographic Areas,
unpaired_actual,TSLA,2021,,,,,,,,gross_margin,Gross margin,,product:model_3,,,,Q1 FY2020,"Gross margin for total automotive increased from 20% to 26% in the three months ended March 31, 2020 as compared to the three months ended March 31, 2019, primarily due an increase of $139 million in sales of regulatory credits and an improvement of Model 3 gross margin primarily from lower freight and duty costs from local production in China and additional manufacturing efficiencies in the production of Model 3 in our Fremont Factory .",20%,,,,,,,,,,,,,filing,10-Q Q1 2020 — ITEM 1. FINANCIAL STATEMENTS — Note 15 – Segment Reporting and Information about Geographic Areas,
unpaired_actual,TSLA,2021,,,,,,,,gross_margin,Gross margin,,consolidated,,,,Q1 FY2020,"Additionally, there was an improvement of Model S and Model X gross margin from lower freight and duties from regional sales mix.",,,,,,,,,,,,,,filing,10-Q Q1 2020 — ITEM 1. FINANCIAL STATEMENTS — Note 15 – Segment Reporting and Information about Geographic Areas,
unpaired_actual,TSLA,2021,,,,,,,,gross_margin,Gross margin,,product:model_y,,,,Q1 FY2020,"While Model Y gross margin was positive in the first quarter of deliveries, it partially offset the increases in total automotive gross margin as it is lower than the margins of our existing automotive products.",,,,,,,,,,,,,,filing,10-Q Q1 2020 — ITEM 1. FINANCIAL STATEMENTS — Note 15 – Segment Reporting and Information about Geographic Areas,
unpaired_actual,TSLA,2021,,,,,,,,gross_margin,Gross margin,,segment:automotive,,,,Q1 FY2020,"Gross margin for total automotive & services and other segment increased from 13% to 21% in the three months ended March 31, 2020 as compared to the three months ended March 31, 2019, primarily due to the automotive gross margin impacts discussed above and improved services and other gross margin from increased operational efficiencies.",13%,,,,,,,,,,,,,filing,10-Q Q1 2020 — ITEM 1. FINANCIAL STATEMENTS — Note 15 – Segment Reporting and Information about Geographic Areas,
unpaired_actual,TSLA,2021,,,,,,,,gross_margin,Gross margin,,segment:automotive,,,,Q1 FY2020,"Additionally, there was an increase due to a lower proportion of services and other within the segment in the three months ended March 31, 2020, which operates at a lower gross margin than our automotive business.",,,,,,,,,,,,,,filing,10-Q Q1 2020 — ITEM 1. FINANCIAL STATEMENTS — Note 15 – Segment Reporting and Information about Geographic Areas,
unpaired_actual,TSLA,2021,,,,,,,,gross_margin,Gross margin,,consolidated,,,,Q1 FY2020,"Gross margin for energy generation and storage increased from 2% to 4% in the three months ended March 31, 2020 as compared to the three months ended March 31, 2019.",2%,,,,,,,,,,,,,filing,10-Q Q1 2020 — ITEM 1. FINANCIAL STATEMENTS — Note 15 – Segment Reporting and Information about Geographic Areas,
unpaired_actual,TSLA,2021,,,,,,,,subscribers,Subscribers / customers,,consolidated,,,,Q1 FY2020,"The increase in working capital was partially offset by an increase in customer deposits in the three months ended March 31, 2020 as compared to a decrease for the same period in 2019.",2019.,,,,,,,,,,,,,filing,10-Q Q1 2020 — ITEM 1. FINANCIAL STATEMENTS — Note 15 – Segment Reporting and Information about Geographic Areas,
unpaired_actual,TSLA,2021,,,,,,,,production,Production,,product:model_3,,,,Q1 FY2020,"Automotive—Production We have experienced early success with the production ramp of Model Y at the Fremont Factory, and we were able to manufacture more vehicles in less than a full quarter of production than either in the first six months of Model 3 production at Fremont or in the first quarter of Model 3 production at Gigafactory Shanghai.",3,,,,,,,,,,,,,filing,10-Q Q1 2020 — ITEM 1. FINANCIAL STATEMENTS — Note 15 – Segment Reporting and Information about Geographic Areas,
unpaired_actual,TSLA,2021,,,,,,,,production,Production,,product:model_y,,,,Q1 FY2020,"We continue to increase our addressable market by offering additional Model 3 trims in China that will be produced at Gigafactory Shanghai, and for Model Y, ramping production at the Fremont Factory and preparing for future production at Gigafactory Shanghai and Gigafactory Berlin.",3,,,,,,,,,,,,,filing,10-Q Q1 2020 — ITEM 1. FINANCIAL STATEMENTS — Note 15 – Segment Reporting and Information about Geographic Areas,
unpaired_actual,TSLA,2021,,,,,,,,subscribers,Subscribers / customers,,product:model_3,,,,Q1 FY2020,"However, if our customer vehicles, particularly in the rapidly growing Model 3 fleet and newly launched Model Y fleet, experience unexpected reliability issues, it could outpace and overburden our servicing capabilities and parts inventory.",3,,,,,,,,,,,,,filing,10-Q Q1 2020 — ITEM 1. FINANCIAL STATEMENTS — Note 15 – Segment Reporting and Information about Geographic Areas,
unpaired_actual,TSLA,2021,,,,,,,,product_milestone,Product / strategic milestone,,consolidated,,,,Q1 FY2020,No tranches of the 2018 CEO Performance Award will vest unless a market capitalization and a matching operational milestone are both achieved.,2018,,,,,,,,,,,,,filing,10-Q Q1 2020 — ITEM 1. FINANCIAL STATEMENTS — Note 11 – Equity Incentive Plans,
unpaired_actual,TSLA,2021,,,,,,,,capacity,Capacity,,consolidated,,,,Q1 FY2020,"Finished goods inventory increased from December 31, 2019 to March 31, 2020 due to limited capacity to deliver or install our products at the end of the first quarter in 2020.",,,,,,,,,,,,,,filing,10-Q Q1 2020 — ITEM 1. FINANCIAL STATEMENTS — Note 5 – Inventory,
unpaired_actual,TSLA,2021,,,,,,,,production,Production,,product:model_3,,,,Q1 FY2020,"Currently, we have installed annual production capacity for 200,000 Model 3 vehicles there that we believe we will eventually be able to push to actual rates of production in excess of such number , and we have commenced construction of the next phase of Gigafactory Shanghai to add Model Y manufacturing capacity at least equivalent to that for Model 3 .","200,000",,,,,,,,,,,,,filing,10-Q Q1 2020 — ITEM 1. LEGAL PROCEEDINGS,
unpaired_actual,TSLA,2021,,,,,,,,production_volume,Production volume,,consolidated,,,,Q2 FY2020,"So fixed cost absorption from higher production volumes, which are occurring in Q2 and will occur through the rest of the year were not fully localized on the supply chain yet.",,,,,,,,,,,,,,transcript,TSLA_Q1_2020,
unpaired_actual,TSLA,2021,,,,,,,,gross_margin,Gross margin,,consolidated,,,,Q1 FY2020,Question on Model Y. I was hoping you can elaborate a little bit more on the drivers of how the gross margin is already positive at such low volume.,,,,,,,,,,,,,,transcript,TSLA_Q1_2020,
unpaired_actual,TSLA,2021,,,,,,,,revenue,Revenue,,product:model_3,,,,Q1 FY2020,"So on the revenue side, it carries a higher ASP than Model 3.",3.,,,,,,,,,,,,,transcript,TSLA_Q1_2020,
unpaired_actual,TSLA,2021,,,,,,,,deliveries,Deliveries,,consolidated,,,,Q1 FY2020,And the deliveries that we started with were of the higher ASP versions of the cars.,,,,,,,,,,,,,,transcript,TSLA_Q1_2020,
unpaired_actual,TSLA,2021,,,,,,,,gross_margin,Gross margin,,consolidated,,,,Q1 FY2020,"And so I think the sentiment of your question was, if you were to remove those factors, was there a sequential increase in gross margin.",,,,,,,,,,,,,,transcript,TSLA_Q1_2020,
unpaired_actual,TSLA,2021,,,,,,,,profitability_timing,Profitability timing,,consolidated,,,,FY2017,"We successfully launched, ramped and demonstrated profitability of the Model Y, as Elon mentioned, significantly ahead of schedule.",,,,,,,,,,,,,,transcript,TSLA_Q1_2020,
unpaired_actual,TSLA,2021,,,,,,,,regulatory_credit_revenue,Regulatory credit revenue,,segment:automotive,,,,Q1 FY2020,"Automotive gross margin, excluding the impact of regulatory credits, remained strong for all products, despite charges taken in Q1 associated with production downtime.",,,,,,,,,,,,,,transcript,TSLA_Q1_2020,
unpaired_actual,TSLA,2021,,,,,,,,revenue,Revenue,,consolidated,,,,Q1 FY2020,"And note that most of the credit revenue did not contribute to cash in Q1, and it's reflected in the accounts receivable on the balance sheet.",,,,,,,,,,,,,,transcript,TSLA_Q1_2020,
unpaired_actual,TSLA,2021,,,,,,,,production_deliveries,Production Deliveries,,consolidated,,,,Q1 FY2020,Our free cash flows were impacted by the temporary – by the temporary increase in end of quarter inventory for all our products resulting from the abrupt suspension of production and delivery operations.,,,,,,,,,,,,,,transcript,TSLA_Q1_2020,
unpaired_actual,TSLA,2021,,,,,,,,deliveries,Deliveries,,consolidated,,,,Q1 FY2020,"Had these interruptions not occurred, we were pacing towards a record quarter of deliveries and strong free cash flows.",,,,,,,,,,,,,,transcript,TSLA_Q1_2020,
unpaired_actual,TSLA,2021,,,,,,,,product_milestone,Product / strategic milestone,,consolidated,,,,Q2 FY2020,"Elon Musk Well, the actual major milestone that's happening right now is really a transition of the autonomy system of the cars like AI, if you will, from thinking about things in -- like two and a half feet.",,,,,,,,,,,,,,transcript,TSLA_Q2_2020,
unpaired_actual,TSLA,2021,,,,,,,,deliveries,Deliveries,,consolidated,,,,Q2 FY2020,"And as a result, we were able to achieve our fourth consecutive profitable quarter, and although the automotive industry was down about 30% year-over-year in the first half of the year, we managed to grow deliveries in the first half of the year.",about 30%,,,,,,,,,,,,,transcript,TSLA_Q2_2020,
unpaired_actual,TSLA,2021,,,,,,,,stores,Stores / locations,,consolidated,,,,Q2 FY2020,"But the location is five minutes from Austin International Airport and 15 minutes from Downtown Austin, and it's about 2,000 acres, and we're going to make it a factory that is going to be stunning.",15,,,,,,,,,,,,,transcript,TSLA_Q2_2020,
unpaired_actual,TSLA,2021,,,,,,,,production,Production,,consolidated,,,,Q2 FY2020,It's actually extremely exciting and fulfilling to design new production systems.,,,,,,,,,,,,,,transcript,TSLA_Q2_2020,
unpaired_actual,TSLA,2021,,,,,,,,production,Production,,consolidated,,,,FY2020,"What we're seeing with our passenger vehicles is that our powertrain efficiency and tire efficiency, drive coefficient like basically all of the things that, like, you know, our HVAC, going to a heat pump, basically our total vehicle efficiency has gotten good enough with Model 3, for example, that we actually are comfortable having an iron phosphate battery pack in Model 3 in China and that that'll be in volume production later this year.","3,",,,,,,,,,,,,,transcript,TSLA_Q2_2020,
unpaired_actual,TSLA,2021,,,,,,,,production,Production,,consolidated,,,,Q1 FY2020,"Model Y, as we mentioned last quarter, was profitable in its first quarter of production.",,,,,,,,,,,,,,transcript,TSLA_Q2_2020,
unpaired_actual,TSLA,2021,,,,,,,,production,Production,,product:model_3,,,,Q2 FY2020,"They're not quite there, Model Y is still slightly more expensive than Model 3, and it's not yet at full production.","3,",,,,,,,,,,,,,transcript,TSLA_Q2_2020,
unpaired_actual,TSLA,2021,,,,,,,,revenue,Revenue,,consolidated,,,,Q2 FY2020,"You then layer on top of that, as Elon was discussing earlier, the potential for software-based revenue, particularly full self-driving, there's the revenue recognition portion of that, that we have today, that, that will expand as we release more features.",,,,,,,,,,,,,,transcript,TSLA_Q2_2020,
unpaired_actual,TSLA,2021,,,,,,,,subscribers,Subscribers / customers,,consolidated,,,,Q2 FY2020,"There's still incredible opportunity there that we were working on, particularly on how customers interact with the company from sales and service and what their flow is and how we get cars to them.",,,,,,,,,,,,,,transcript,TSLA_Q2_2020,
unpaired_actual,TSLA,2021,,,,,,,,profitability_timing,Profitability timing,,consolidated,,,,Q2 FY2020,"But we're not trying to be super profitable either, obviously, profitability is like 1% or something, this 1% or 2%.",1%,,,,,,,,,,,,,transcript,TSLA_Q2_2020,
unpaired_actual,TSLA,2021,,,,,,,,profitability_timing,Profitability timing,,consolidated,,,,Q2 FY2020,"Last quarter, it was only like 0.1%.",0.1%,,,,,,,,,,,,,transcript,TSLA_Q2_2020,
unpaired_actual,TSLA,2021,,,,,,,,production,Production,,consolidated,,,,Q2 FY2020,"On the additional technology stuff, we introduced the first production car with more than 400 miles range.",more than 400,,,,,,,,,,,,,transcript,TSLA_Q2_2020,
unpaired_actual,TSLA,2021,,,,,,,,profitability_timing,Profitability timing,,consolidated,,,,Q2 FY2020,"On net income, overall, as Elon mentioned, we achieved our fourth sequential quarter of profitability.",,,,,,,,,,,,,,transcript,TSLA_Q2_2020,
unpaired_actual,TSLA,2021,,,,,,,,regulatory_credit_revenue,Regulatory credit revenue,,segment:automotive,,,,Q2 FY2020,On automotive gross margin excluding regulatory credits is this reduced sequentially from 20% to 18.7%.,20%,,,,,,,,,,,,,transcript,TSLA_Q2_2020,
unpaired_actual,TSLA,2021,,,,,,,,adjusted_ebitda,Adjusted EBITDA,,consolidated,,,,Q2 FY2020,"The achievement status of the operational milestones as of June 30, 2020 was as follows: Total Annualized Revenue Annualized Adjusted EBITDA Milestone (in billions) Achievement Status Milestone (in billions) Achievement Status $ 20.0 Achieved and certified $ 1.5 Achieved $ 35.0 Probable $ 3.0 Achieved $ 55.0 - $ 4.5 Probable $ 75.0 - $ 6.0 - $ 100.0 - $ 8.0 - $ 125.0 - $ 10.0 - $ 150.0 - $ 12.0 - $ 175.0 - $ 14.0 - Stock-based compensation expense associated with each tranche under the 2018 CEO Performance Award is recognized over the longer of (i) the expected achievement period for the operational milestone for such tranche and (ii) the expected achievement period for the related market capitalization milestone determined on the grant date, beginning at the point in time when the relevant operational milestone is considered probable of being met.",$ 20.0,,,,,,,,,,,,,filing,10-Q Q2 2020 — ITEM 1. FINANCIAL STATEMENTS — Note 11 – Equity Incentive Plans,
unpaired_actual,TSLA,2021,,,,,,,,deliveries,Deliveries,,product:model_3,,,,Q2 FY2020,We were able to increase deliveries year over year from additional Model 3 production capacity at Gigafactory Shanghai.,3,,,,,,,,,,,,,filing,10-Q Q2 2020 — ITEM 1. FINANCIAL STATEMENTS — Note 15 – Segment Reporting and Information about Geographic Areas,
unpaired_actual,TSLA,2021,,,,,,,,regulatory_credit_revenue,Regulatory credit revenue,,consolidated,,,,Q2 FY2020,"There was also an increase of $455 million from additional sales of regulatory credits to $782 million in the six months ended June 30, 2020.",$455 million,,,,,,,,,,,,,filing,10-Q Q2 2020 — ITEM 1. FINANCIAL STATEMENTS — Note 15 – Segment Reporting and Information about Geographic Areas,
unpaired_actual,TSLA,2021,,,,,,,,revenue,Revenue,,segment:automotive,,,,Q2 FY2020,"Automotive leasing revenue increased $84 million, or 20%, in the six months ended June 30, 2020 as compared to the six months ended June 30, 2019.",$84 million,,,,,,,,,,,,,filing,10-Q Q2 2020 — ITEM 1. FINANCIAL STATEMENTS — Note 15 – Segment Reporting and Information about Geographic Areas,
unpaired_actual,TSLA,2021,,,,,,,,revenue,Revenue,,consolidated,,,,Q2 FY2020,"Energy generation and storage revenue increased by $1 million, or 0%, in the three months ended June 30, 2020 as compared to the three months ended June 30, 2019.",$1 million,,,,,,,,,,,,,filing,10-Q Q2 2020 — ITEM 1. FINANCIAL STATEMENTS — Note 15 – Segment Reporting and Information about Geographic Areas,
unpaired_actual,TSLA,2021,,,,,,,,revenue,Revenue,,product:model_3,,,,Q2 FY2020,"The decrease in cost of automotive sales revenue was partially offset by idle capacity charges of $189 million as a result of temporary suspension of production at the Fremont Factory and Gigafactory Nevada during the three months ended June 30, 2020 and an increase of 3,691 Model 3 and Model Y cash deliveries.",$189 million,,,,,,,,,,,,,filing,10-Q Q2 2020 — ITEM 1. FINANCIAL STATEMENTS — Note 15 – Segment Reporting and Information about Geographic Areas,
unpaired_actual,TSLA,2021,,,,,,,,revenue,Revenue,,segment:automotive,,,,Q2 FY2020,"Cost of automotive sales revenue increased $303 million, or 4%, in the six months ended June 30, 2020 as compared to the six months ended June 30, 2019, primarily due to a decrease in average Model 3 costs per unit due to a higher sales mix of lower end trims, lower freight and duty costs from local production in China, and additional manufacturing efficiencies in the production of Model 3 in our Fremont Factory.",$303 million,,,,,,,,,,,,,filing,10-Q Q2 2020 — ITEM 1. FINANCIAL STATEMENTS — Note 15 – Segment Reporting and Information about Geographic Areas,
unpaired_actual,TSLA,2021,,,,,,,,revenue_growth,Revenue growth,,product:model_3,,,,Q2 FY2020,"The decreases in cost of automotive sales revenue were partially offset by an increase of 24,865 Model 3 and Model Y cash deliveries.","24,865",,,,,,,,,,,,,filing,10-Q Q2 2020 — ITEM 1. FINANCIAL STATEMENTS — Note 15 – Segment Reporting and Information about Geographic Areas,
unpaired_actual,TSLA,2021,,,,,,,,share_repurchases,Share repurchases,,consolidated,,,,Q2 FY2020,"Due to pricing adjustments we made to our vehicle offerings in the six months ended June 30, 2019, we estimated that there was a greater likelihood that customers would exercise their buyback options and if customers elect to exercise the buyback option, we expect to be able to subsequently resell the returned vehicles, which resulted in a reduction of cost of automotive sales revenue of $458 million.",$458 million,,,,,,,,,,,,,filing,10-Q Q2 2020 — ITEM 1. FINANCIAL STATEMENTS — Note 15 – Segment Reporting and Information about Geographic Areas,
unpaired_actual,TSLA,2021,,,,,,,,revenue,Revenue,,segment:automotive,,,,Q2 FY2020,"Additionally, there was an increase to cost of automotive sales revenue from idle capacity charges of $213 million as a result of temporary suspension of production at the Fremont Factory and Gigafactory Nevada during the six months ended June 30, 2020.",$213 million,,,,,,,,,,,,,filing,10-Q Q2 2020 — ITEM 1. FINANCIAL STATEMENTS — Note 15 – Segment Reporting and Information about Geographic Areas,
unpaired_actual,TSLA,2021,,,,,,,,revenue,Revenue,,segment:automotive,,,,Q2 FY2020,"Cost of automotive leasing revenue increased $42 million, or 40%, in the three months ended June 30, 2020 compared to the three months ended June 30, 2019.",$42 million,,,,,,,,,,,,,filing,10-Q Q2 2020 — ITEM 1. FINANCIAL STATEMENTS — Note 15 – Segment Reporting and Information about Geographic Areas,
unpaired_actual,TSLA,2021,,,,,,,,revenue,Revenue,,segment:automotive,,,,Q2 FY2020,"Cost of automotive leasing revenue increased $47 million, or 21%, in the six months ended June 30, 2020 as compared to the six months ended June 30, 2019.",$47 million,,,,,,,,,,,,,filing,10-Q Q2 2020 — ITEM 1. FINANCIAL STATEMENTS — Note 15 – Segment Reporting and Information about Geographic Areas,
unpaired_actual,TSLA,2021,,,,,,,,gross_margin,Gross margin,,product:model_3,,,,Q2 FY2020,"Gross margin for total automotive increased from 19% to 25% in the three and six months ended June 30, 2020 as compared to the three and six months ended June 30, 2019, primarily due an increase of $317 million and $455 million, respectively, in sales of regulatory credits and an improvement of Model 3 gross margin primarily from lower freight and duty costs from local production in China and additional manufacturing efficiencies in the production of Model 3 in our Fremont Factory .",19%,,,,,,,,,,,,,filing,10-Q Q2 2020 — ITEM 1. FINANCIAL STATEMENTS — Note 15 – Segment Reporting and Information about Geographic Areas,
unpaired_actual,TSLA,2021,,,,,,,,production,Production,,consolidated,,,,Q2 FY2020,"The increases were partially offset by idle capacity charges of $189 million and $213 million as a result of temporary suspension of production at the Fremont Factory during the three and six months ended June 30, 2020, respectively.",$189 million,,,,,,,,,,,,,filing,10-Q Q2 2020 — ITEM 1. FINANCIAL STATEMENTS — Note 15 – Segment Reporting and Information about Geographic Areas,
unpaired_actual,TSLA,2021,,,,,,,,gross_margin,Gross margin,,segment:automotive,,,,Q2 FY2020,"Gross margin for total automotive & services and other segment increased from 15% to 22% in the three months ended June 30, 2020 as compared to the three months ended June 30, 2019.",15%,,,,,,,,,,,,,filing,10-Q Q2 2020 — ITEM 1. FINANCIAL STATEMENTS — Note 15 – Segment Reporting and Information about Geographic Areas,
unpaired_actual,TSLA,2021,,,,,,,,gross_margin,Gross margin,,segment:automotive,,,,Q2 FY2020,"Gross margin for total automotive & services and other segment increased from 14% to 22% in the six months ended June 30, 2020 as compared to the six months ended June 30, 2019.",14%,,,,,,,,,,,,,filing,10-Q Q2 2020 — ITEM 1. FINANCIAL STATEMENTS — Note 15 – Segment Reporting and Information about Geographic Areas,
unpaired_actual,TSLA,2021,,,,,,,,gross_margin,Gross margin,,consolidated,,,,Q2 FY2020,"The increases to gross margin in the three and six months ended June 30, 2020 compared to the same periods in the prior year were primarily due to the automotive gross margin impacts discussed above and improved services and other gross margin from increased operational efficiencies in our non-warranty maintenance services business and improved used vehicle sales margins.",,,,,,,,,,,,,,filing,10-Q Q2 2020 — ITEM 1. FINANCIAL STATEMENTS — Note 15 – Segment Reporting and Information about Geographic Areas,
unpaired_actual,TSLA,2021,,,,,,,,gross_margin,Gross margin,,segment:automotive,,,,Q2 FY2020,"Additionally, there was an increase due to a lower proportion of services and other within the segment in the three and six months ended June 30, 2020, which operates at a lower gross margin than our automotive business.",,,,,,,,,,,,,,filing,10-Q Q2 2020 — ITEM 1. FINANCIAL STATEMENTS — Note 15 – Segment Reporting and Information about Geographic Areas,
unpaired_actual,TSLA,2021,,,,,,,,revenue,Revenue,,consolidated,,,,Q2 FY2020,"Cost of energy generation and storage revenue increased by $23 million, or 7%, in the three months ended June 30, 2020 as compared to the three months ended June 30, 2019, primarily due to higher costs from temporary manufacturing utilization of our Solar Roof ramp and i dle capacity charges of $20 million as a result of temporary suspension of production at Gigafactory New York during the three months ended June 30, 2020, partially offset by a decrease in deployments of solar cash and loan jobs.",$23 million,,,,,,,,,,,,,filing,10-Q Q2 2020 — ITEM 1. FINANCIAL STATEMENTS — Note 15 – Segment Reporting and Information about Geographic Areas,
unpaired_actual,TSLA,2021,,,,,,,,revenue,Revenue,,consolidated,,,,Q2 FY2020,"Cost of energy generation and storage revenue decreased by $11 million, or 37%, in the six months ended June 30, 2020 as compared to the six months ended June 30, 2019, primarily due to a decrease in deployments of solar cash and loan jobs and lower material costs per unit for storage products, offset by higher costs from temporary manufacturing utilization of our Solar Roof ramp and i dle capacity charges of $20 million as a result of temporary suspension of production at Gigafactory New York during the six months ended June 30, 2020.",$11 million,,,,,,,,,,,,,filing,10-Q Q2 2020 — ITEM 1. FINANCIAL STATEMENTS — Note 15 – Segment Reporting and Information about Geographic Areas,
unpaired_actual,TSLA,2021,,,,,,,,regulatory_credit_revenue,Regulatory credit revenue,,consolidated,,,,FY2020,Regulatory credit revenue increased sequentially to $428 million.,$428 million,,,,,,,,,,,,,transcript,TSLA_Q2_2020,
unpaired_actual,TSLA,2021,,,,,,,,revenue,Revenue,,consolidated,,,,Q2 FY2020,"While our AR balance is usually about 20% of revenue, it can fluctuate depending upon a number of factors.",about 20%,,,,,,,,,,,,,transcript,TSLA_Q2_2020,
unpaired_actual,TSLA,2021,,,,,,,,deliveries,Deliveries,,consolidated,,,,Q2 FY2020,"Second, due to payment terms associated with financing and enterprise customers, settlement time lines for certain methods of cash payments and geographic mix of our deliveries, our cash balance and associated receivables are impacted significantly by how many cars are delivered in the final weeks and days of the quarter.",,,,,,,,,,,,,,transcript,TSLA_Q2_2020,
unpaired_actual,TSLA,2021,,,,,,,,adjusted_ebitda,Adjusted EBITDA,,consolidated,,,,Q3 FY2020,"Each of the 12 vesting tranches of the 2018 CEO Performance Award will vest upon certification by the Board of Directors that both (i) the market capitalization milestone for such tranche, which begins at $ 100.0 billion for the first tranche and increases by increments of $ 50.0 billion thereafter (based on both a six calendar month trailing average and a 30 calendar day trailing average, counting only trading days), has been achieved, and (ii) any one of the following eight operational milestones focused on total revenue or eight operational milestones focused on Adjusted EBITDA have been achieved for the previous four consecutive fiscal quarters on an annualized basis.",12,,,,,,,,,,,,,filing,10-Q Q3 2020 — ITEM 1. FINANCIAL STATEMENTS — Note 11 – Equity Incentive Plans,
unpaired_actual,TSLA,2021,,,,,,,,adjusted_ebitda,Adjusted EBITDA,,consolidated,,,,Q3 FY2020,"The achievement status of the operational milestones as of September 30, 2020 was as follows: Total Annualized Revenue Annualized Adjusted EBITDA Milestone (in billions) Achievement Status Milestone (in billions) Achievement Status $ 20.0 Achieved and certified $ 1.5 Achieved and certified $ 35.0 Probable $ 3.0 Achieved and certified $ 55.0 - $ 4.5 Probable (1) $ 75.0 - $ 6.0 Probable $ 100.0 - $ 8.0 - $ 125.0 - $ 10.0 - $ 150.0 - $ 12.0 - $ 175.0 - $ 14.0 - (1) Under the terms of the award, this milestone will be achieved as of the date of issuance of this Quarterly Report on Form 10-Q.",$ 20.0,,,,,,,,,,,,,filing,10-Q Q3 2020 — ITEM 1. FINANCIAL STATEMENTS — Note 11 – Equity Incentive Plans,
unpaired_actual,TSLA,2021,,,,,,,,product_milestone,Product / strategic milestone,,consolidated,,,,Q3 FY2020,"Stock-based compensation expense associated with each tranche under the 2018 CEO Performance Award is recognized over the longer of (i) the expected achievement period for the operational milestone for such tranche and (ii) the expected achievement period for the related market capitalization milestone determined on the grant date, beginning at the point in time when the relevant operational milestone is considered probable of being achieved.",2018,,,,,,,,,,,,,filing,10-Q Q3 2020 — ITEM 1. FINANCIAL STATEMENTS — Note 11 – Equity Incentive Plans,
unpaired_actual,TSLA,2021,,,,,,,,product_milestone,Product / strategic milestone,,consolidated,,,,Q3 FY2020,"Therefore, we expect that the remaining unamortized expense of $ 122 million associated with the fourth market capitalization milestone period, which was previously expected to be recognized ratably in future quarters through the third quarter of 2023 as determined on the grant date, will be accelerated into the fourth quarter of 2020.",$ 122 million,,,,,,,,,,,,,filing,10-Q Q3 2020 — ITEM 1. FINANCIAL STATEMENTS — Note 11 – Equity Incentive Plans,
unpaired_actual,TSLA,2021,,,,,,,,revenue,Revenue,,segment:automotive,,,,Q3 FY2020,"These factors increasing automotive sales revenue were partially offset by a decrease in the average selling price of Model 3 from inclusion of lower priced China manufactured Model 3 and an increase in Standard Range variants in our overall sales mix and 8,841 fewer Model S and Model X cash deliveries at relatively consistent combined average selling prices in the nine months ended September 30, 2020 compared to the same period in the prior year.",3,,,,,,,,,,,,,filing,10-Q Q3 2020 — ITEM 1. FINANCIAL STATEMENTS — Note 15 – Segment Reporting and Information about Geographic Areas,
unpaired_actual,TSLA,2021,,,,,,,,revenue,Revenue,,segment:automotive,,,,Q3 FY2020,"Automotive leasing revenue increased $128 million, or 20%, in the nine months ended September 30, 2020 as compared to the nine months ended September 30, 2019, primarily due to an increase in cumulative vehicles under our direct operating lease program and the introduction of direct sales-type leasing programs which we began offering in volume during the third quarter of 2020 where we recognize all revenue associated with the sales-type lease upon delivery to the customer.",$128 million,,,,,,,,,,,,,filing,10-Q Q3 2020 — ITEM 1. FINANCIAL STATEMENTS — Note 15 – Segment Reporting and Information about Geographic Areas,
unpaired_actual,TSLA,2021,,,,,,,,revenue_growth,Revenue growth,,consolidated,,,,Q3 FY2020,"Services and other revenue increased $33 million, or 6%, in the three months ended September 30, 2020 as compared to the three months ended September 30, 2019, primarily due to an increase in non-warranty maintenance services revenue as our fleet continues to grow, an increase in retail merchandise revenue and an increase in the volume of traded-in Tesla vehicles sales at lower average selling prices.",$33 million,,,,,,,,,,,,,filing,10-Q Q3 2020 — ITEM 1. FINANCIAL STATEMENTS — Note 15 – Segment Reporting and Information about Geographic Areas,
unpaired_actual,TSLA,2021,,,,,,,,revenue_growth,Revenue growth,,segment:automotive,,,,Q3 FY2020,"38 Services and other revenue decreased $18 million, or 1% , in the nine months ended September 30, 2020 as compared to the nine months ended September 30, 2019 , primarily due to a decrease in the volume of used vehicle sales at increased average selling prices as traded-in Tesla vehicles made up a larger portion of the overall sales mix, partially offset by an increase in non-warranty maintenance services revenue as our fleet continues to grow, an overall increase in retail merchandise revenue and an increase in sales by our acquired subsidiaries to third party customers due to additional acquired subsidiaries since 2019 .",38,,,,,,,,,,,,,filing,10-Q Q3 2020 — ITEM 1. FINANCIAL STATEMENTS — Note 15 – Segment Reporting and Information about Geographic Areas,
unpaired_actual,TSLA,2021,,,,,,,,revenue,Revenue,,consolidated,,,,Q3 FY2020,"Energy generation and storage revenue increased by $177 million, or 44%, in the three months ended September 30, 2020 as compared to the three months ended September 30, 2019, primarily due to increases in deployments of Megapack, Powerwall and solar cash and loan jobs, partially offset by reduced average selling prices on our solar cash and loan jobs as a result of our low cost solar strategy.",$177 million,,,,,,,,,,,,,filing,10-Q Q3 2020 — ITEM 1. FINANCIAL STATEMENTS — Note 15 – Segment Reporting and Information about Geographic Areas,
unpaired_actual,TSLA,2021,,,,,,,,revenue,Revenue,,consolidated,,,,Q3 FY2020,"Energy generation and storage revenue increased by $147 million, or 13%, in the nine months ended September 30, 2020 as compared to the nine months ended September 30, 2019, primarily due to increases in deployments of Megapack and Powerwall, partially offset by a decrease in deployments of Powerpack and reduced average selling prices on our solar cash and loan jobs as a result of our low cost solar strategy.",$147 million,,,,,,,,,,,,,filing,10-Q Q3 2020 — ITEM 1. FINANCIAL STATEMENTS — Note 15 – Segment Reporting and Information about Geographic Areas,
unpaired_actual,TSLA,2021,,,,,,,,revenue,Revenue,,segment:automotive,,,,Q3 FY2020,"Cost of automotive sales revenue increased $1.35 billion, or 34%, in the three months ended September 30, 2020 as compared to the three months ended September 30, 2019, primarily due to an increase of 41,820 Model 3 and Model Y cash deliveries, partially offset by a decrease in average Model 3 costs per unit due to a higher sales mix of lower end trims and lower freight and duty costs from local production in China.",$1.35 billion,,,,,,,,,,,,,filing,10-Q Q3 2020 — ITEM 1. FINANCIAL STATEMENTS — Note 15 – Segment Reporting and Information about Geographic Areas,
unpaired_actual,TSLA,2021,,,,,,,,revenue,Revenue,,segment:automotive,,,,Q3 FY2020,"Cost of automotive sales revenue increased $1.65 billion, or 15%, in the nine months ended September 30, 2020 as compared to the nine months ended September 30, 2019, primarily due to an increase of 66,685 Model 3 and Model Y cash deliveries.",$1.65 billion,,,,,,,,,,,,,filing,10-Q Q3 2020 — ITEM 1. FINANCIAL STATEMENTS — Note 15 – Segment Reporting and Information about Geographic Areas,
unpaired_actual,TSLA,2021,,,,,,,,share_repurchases,Share repurchases,,consolidated,,,,Q3 FY2020,"Due to pricing adjustments we made to our vehicle offerings during the nine months ended September 30, 2019, we estimated that there was a greater likelihood that customers would exercise their buyback options and if customers elect to exercise the buyback option, we expect to be able to subsequently resell the returned vehicles, which resulted in a reduction of cost of automotive sales revenue of $451 million.",$451 million,,,,,,,,,,,,,filing,10-Q Q3 2020 — ITEM 1. FINANCIAL STATEMENTS — Note 15 – Segment Reporting and Information about Geographic Areas,
unpaired_actual,TSLA,2021,,,,,,,,revenue,Revenue,,segment:automotive,,,,Q3 FY2020,"Additionally, there was an increase to cost of automotive sales revenue from idle capacity charges of $213 million as a result of temporary suspension of production at the Fremont Factory and Gigafactory Nevada during the first half of 2020.",$213 million,,,,,,,,,,,,,filing,10-Q Q3 2020 — ITEM 1. FINANCIAL STATEMENTS — Note 15 – Segment Reporting and Information about Geographic Areas,
unpaired_actual,TSLA,2021,,,,,,,,revenue,Revenue,,segment:automotive,,,,Q3 FY2020,"Cost of automotive leasing revenue increased $28 million, or 24%, in the three months ended September 30, 2020 compared to the three months ended September 30, 2019, primarily due to the introduction of direct sales-type leasing programs which we began offering in volume during the third quarter of 2020 and where we recognize all revenue associated with the sales-type lease upon delivery to the customer.",$28 million,,,,,,,,,,,,,filing,10-Q Q3 2020 — ITEM 1. FINANCIAL STATEMENTS — Note 15 – Segment Reporting and Information about Geographic Areas,
unpaired_actual,TSLA,2021,,,,,,,,revenue,Revenue,,segment:automotive,,,,Q3 FY2020,"Cost of automotive leasing revenue increased $75 million, or 22%, in the nine months ended September 30, 2020 as compared to the nine months ended September 30, 2019, primarily due to an increase in cumulative vehicles under our direct operating lease program and the introduction of direct sales-type leasing programs which we began offering in volume during the third quarter of 2020 and where we recognize all revenue associated with the sales-type lease upon delivery to the customer.",$75 million,,,,,,,,,,,,,filing,10-Q Q3 2020 — ITEM 1. FINANCIAL STATEMENTS — Note 15 – Segment Reporting and Information about Geographic Areas,
unpaired_actual,TSLA,2021,,,,,,,,revenue_growth,Revenue growth,,consolidated,,,,Q3 FY2020,"Cost of services and other revenue decreased $23 million, or 3%, in the three months ended September 30, 2020 as compared to the three months ended September 30, 2019, primarily due to decreased costs of used vehicle sales from a decrease in the volume of traded-in non-Tesla vehicle sales, partially offset by increases in non-warranty maintenance services as our fleet continues to grow and an increase in costs of used vehicle sales from an increase in the volume of traded-in Tesla vehicles.",$23 million,,,,,,,,,,,,,filing,10-Q Q3 2020 — ITEM 1. FINANCIAL STATEMENTS — Note 15 – Segment Reporting and Information about Geographic Areas,
unpaired_actual,TSLA,2021,,,,,,,,revenue_growth,Revenue growth,,consolidated,,,,Q3 FY2020,"Cost of services and other revenue decreased $246 million, or 12%, in the nine months ended September 30, 2020 as compared to the nine months ended September 30, 2019, primarily due to decreased costs of used vehicle sales from lower sales volume, partially offset by increases in non-warranty maintenance services as our fleet continues to grow, increase in cost of sales by our acquired subsidiaries to third party customers in line with the increase in revenue and an increase in costs of retail merchandise as our sales have increased.",$246 million,,,,,,,,,,,,,filing,10-Q Q3 2020 — ITEM 1. FINANCIAL STATEMENTS — Note 15 – Segment Reporting and Information about Geographic Areas,
unpaired_actual,TSLA,2021,,,,,,,,gross_margin,Gross margin,,product:model_3,,,,Q3 FY2020,"40 Gross margin for total automotive increased f rom 23% to 28% in the three months ended September 30, 2020 as compared to the three months ended September 30, 2019 , primarily due to an increase of $263 million in sales of regulatory credits and an improvement of Model 3 gross margin primarily from lower freight and duty costs from local production in China, partially offset by a decrease in average selling prices of Model 3 from inclusion of lower priced China manufactured Model 3 in our sales mix in the three months ended September 30, 2020.",40,,,,,,,,,,,,,filing,10-Q Q3 2020 — ITEM 1. FINANCIAL STATEMENTS — Note 15 – Segment Reporting and Information about Geographic Areas,
unpaired_actual,TSLA,2021,,,,,,,,gross_margin,Gross margin,,segment:automotive,,,,Q3 FY2020,"Gross margin for total automotive increased from 21% to 26% in the nine months ended September 30, 2020 as compared to the nine months ended September 30, 2019, primarily due to an improvement of Model 3 gross margin primarily from lower freight and duty costs from local production in China and additional manufacturing efficiencies in the production of Model 3 in our Fremont Factory, partially offset by a decrease in average selling prices of Model 3 from inclusion of lower priced China manufactured Model 3 and an increase in Standard Range variants in our overall sales mix.",21%,,,,,,,,,,,,,filing,10-Q Q3 2020 — ITEM 1. FINANCIAL STATEMENTS — Note 15 – Segment Reporting and Information about Geographic Areas,
unpaired_actual,TSLA,2021,,,,,,,,profitability_timing,Profitability timing,,consolidated,,,,Q3 FY2020,"On net income, we achieved our fifth sequential quarter of profitability, our best net income, and nearly double-digit operating margins.",,,,,,,,,,,,,,transcript,TSLA_Q3_2020,
unpaired_actual,TSLA,2021,,,,,,,,profitability_timing,Profitability timing,,consolidated,,,,Q3 FY2020,Two things that are important to note to set context for Q3 profitability.,,,,,,,,,,,,,,transcript,TSLA_Q3_2020,
unpaired_actual,TSLA,2021,,,,,,,,regulatory_credit_revenue,Regulatory credit revenue,,segment:automotive,,,,Q2 FY2020,"On automotive gross margin, including regulatory credits, it increased materially from 18.7% to 23.7%, with some of our programs achieving greater than 25% gross margin.",18.7%,,,,,,,,,,,,,transcript,TSLA_Q3_2020,
unpaired_actual,TSLA,2021,,,,,,,,production,Production,,product:powerwall,,,,Q3 FY2020,"In the Energy business, we achieved record storage deployments, aided by the positive reception of the Megapack and Powerwall products as production and deployments grow.",,,,,,,,,,,,,,transcript,TSLA_Q3_2020,
unpaired_actual,TSLA,2021,,,,,,,,volume_impact,Volume impact,,consolidated,,,,Q3 FY2020,"As a result, our fixed costs remained relatively flat as our volume and efficiency increase, leading to increased profitability in the retrofit business.",,,,,,,,,,,,,,transcript,TSLA_Q3_2020,
unpaired_actual,TSLA,2021,,,,,,,,subscribers,Subscribers / customers,,consolidated,,,,Q3 FY2020,"Overall, our reduced installation time provides a better customer experience, and will enable the business to grow exponentially as scale effects allow for increased efficiency.",,,,,,,,,,,,,,transcript,TSLA_Q3_2020,
unpaired_actual,TSLA,2021,,,,,,,,production_deliveries,Production Deliveries,,consolidated,,,,Q3 FY2020,"We achieved the record production deliveries, record revenue, record net income; both GAAP and non-GAAP and record free cash flow of $1.4 billion.",$1.4 billion,,,,,,,,,,,,,transcript,TSLA_Q3_2020,
unpaired_actual,TSLA,2021,,,,,,,,operating_expenses,Operating expenses,,consolidated,,,,Q3 FY2020,"The second comment I'd make is, if you just look at the journey of the company over the last 1.5 years, we have grown volumes and grown gross margins despite a number of price reductions over that period of time, and we have cut OpEx fairly stable during that period of time as well.",1.5,,,,,,,,,,,,,transcript,TSLA_Q3_2020,
unpaired_actual,TSLA,2021,,,,,,,,production,Production,,consolidated,,,,Q3 FY2020,"Andrew Baglino And to derisk the manufacturing system itself, that was one of the reasons why we located our pilot production facility here in Fremont, so we can rapidly iterate on manufacturing scale-up challenges, provide rapid feedback to the design of both the product and the equipment.",,,,,,,,,,,,,,transcript,TSLA_Q3_2020,
unpaired_actual,TSLA,2021,,,,,,,,production,Production,,consolidated,,,,Q3 FY2020,"And it's actually incredibly hard thing, just bringing a production plant up to volume technology.",,,,,,,,,,,,,,transcript,TSLA_Q3_2020,
unpaired_actual,TSLA,2021,,,,,,,,gross_margin,Gross margin,,segment:automotive,,,,Q4 FY2020,"Automotive gross margin in Q4 was primarily impacted by two things; first, we invested in improving our products built in Fremont, including converting over to the new Model S and Model X, launching the single-piece castings on Model Y and introducing heat pump on Model 3.",3.,,,,,,,,,,,,,transcript,TSLA_Q4_2020,
unpaired_actual,TSLA,2021,,,,,,,,capacity,Capacity,,segment:automotive,,,,Q4 FY2020,"Our services and other P&L was impacted by many of the same factors just mentioned, including onboarding costs associated with new service capacity.",,,,,,,,,,,,,,transcript,TSLA_Q4_2020,
unpaired_actual,TSLA,2021,,,,,,,,operating_expenses,Operating expenses,,consolidated,,,,Q4 FY2020,"OpEx as a percentage of revenue continues to reduce despite impacts from items mentioned, as well as increased investment in development of future products.",,,,,,,,,,,,,,transcript,TSLA_Q4_2020,
unpaired_actual,TSLA,2021,,,,,,,,production,Production,,product:model_3,,,,Q4 FY2020,"It's -- unfortunately, there were a few years there where we had to devote the whole company to Model 3 production and building.",3,,,,,,,,,,,,,transcript,TSLA_Q4_2020,
unpaired_actual,TSLA,2021,,,,,,,,revenue,Revenue,,segment:automotive,,,,Q4 FY2020,This would be a huge for loyalty and overall increased sales of vehicles who are offering more FSD sales on used vehicles.,,,,,,,,,,,,,,transcript,TSLA_Q4_2020,
unpaired_actual,TSLA,2021,,,,,,,,free_cash_flow,Free cash flow,,consolidated,,,,Q4 FY2020,"So -- and full year, we achieved free cash flow of nearly $2.8 billion after spending more than $3 billion on building new factories and other expenditures.",$2.8 billion,,,,,,,,,,,,,transcript,TSLA_Q4_2020,
unpaired_actual,TSLA,2021,,,,,,,,revenue_growth,Revenue growth,,consolidated,,,,FY2020,2020 regulatory credit sales ended up being higher than our expectations.,2020,,,,,,,,,,,,,transcript,TSLA_Q4_2020,
unpaired_actual,TSLA,2021,,,,,,,,revenue_growth,Revenue growth,,consolidated,,,,Q4 FY2020,Most of our regulatory credit revenue from Q4 was not lined up prior to the beginning of the quarter.,,,,,,,,,,,,,,transcript,TSLA_Q4_2020,
unpaired_actual,TSLA,2021,,,,,,,,product_milestone,Product / strategic milestone,,consolidated,,,,Q4 FY2020,"So, as you saw in our Q4 numbers, the expansion of service centers and mobile service from Q3 to Q4 increased quite a bit and was also quite a bit higher than the first part of the year.",,,,,,,,,,,,,,transcript,TSLA_Q4_2020,
unpaired_actual,TSLA,2021,,,,,,,,capacity,Capacity,,consolidated,,,,Q4 FY2020,"So in addition to building up capacity, some of the goals you highlighted was to cut the pricing or the cost by about 50%, boost the range by about 50% over a number of years.",about 50%,,,,,,,,,,,,,transcript,TSLA_Q4_2020,
unpaired_actual,TSLA,2021,,,,,,,,profitability_timing,Profitability timing,,consolidated,,,,FY2020,"So in conclusion, while 2020 was a turning point for Tesla and in terms of profitability, we believe this is just the beginning.",2020,,,,,,,,,,,,,transcript,TSLA_Q4_2020,
unpaired_actual,TSLA,2021,,,,,,,,profitability_timing,Profitability timing,,consolidated,,,,Q4 FY2019,"For net income, we achieved our first calendar year and 6 sequential quarters of profitability.",6,,,,,,,,,,,,,transcript,TSLA_Q4_2020,
unpaired_actual,TSLA,2021,,,,,,,,headcount,Headcount,,consolidated,,,,Q4 FY2020,"Stock-based comp increased, part of which is driven by the rise of the stock price over the course of our 2020 employee performance grant process and a portion of which is unique to Q4 only.",2020,,,,,,,,,,,,,transcript,TSLA_Q4_2020,
unpaired_actual,TSLA,2021,,,,,,,,subscribers,Subscribers / customers,,consolidated,,,,FY2020,"Insurance In August 2019, we launched an insurance product designed for our customers, which offers rates that are often better than other alternatives.","2019,",,,,,,,,,,,,,filing,10-K FY2020 — ITEM 1. BUSINESS,
unpaired_actual,TSLA,2021,,,,,,,,production_deliveries,Production Deliveries,,segment:automotive,,,,FY2020,"40 2020 compared to 2019 Automotive sales revenue increased $6.23 billion, or 31%, in the year ended December 31, 2020 as compared to the year ended December 31, 2019, primarily due to an increase of 129,268 Model 3 and Model Y cash deliveries despite production limitations as a result of temporary suspension of production at the Fremont Factory and Gigafactory Nevada during the first half of 2020.",40,,,,,,,,,,,,,filing,10-K FY2020 — ITEM 7. MANAGEMENT’S DISCUSSION AND ANALYSIS OF FINANCIAL CONDITION AND RESULTS OF OPERATIONS,
unpaired_actual,TSLA,2021,,,,,,,,regulatory_credit_revenue,Regulatory credit revenue,,consolidated,,,,FY2020,"There was also an increase of $986 million from additional sales of regulatory credits to $1.58 billion in the year ended December 31, 2020.",$986 million,,,,,,,,,,,,,filing,10-K FY2020 — ITEM 7. MANAGEMENT’S DISCUSSION AND ANALYSIS OF FINANCIAL CONDITION AND RESULTS OF OPERATIONS,
unpaired_actual,TSLA,2021,,,,,,,,revenue,Revenue,,segment:automotive,,,,Q3 FY2020,"Automotive leasing revenue increased $183 million, or 21%, in the year ended December 31, 2020 as compared to the year ended December 31, 2019 , primarily due to an increase in cumulative vehicles under our direct operating lease program and the introduction of direct sales-type leasing programs which we began offering in volume during the third quarter of 2020 where we recognize all revenue associated with the sales-type lease upon delivery to the customer.",$183 million,,,,,,,,,,,,,filing,10-K FY2020 — ITEM 7. MANAGEMENT’S DISCUSSION AND ANALYSIS OF FINANCIAL CONDITION AND RESULTS OF OPERATIONS,
unpaired_actual,TSLA,2021,,,,,,,,revenue_growth,Revenue growth,,consolidated,,,,FY2020,"Services and other revenue increased $80 million, or 4%, in the year ended December 31, 2020 as compared to the year ended December 31, 2019, primarily due to an increase in non-warranty maintenance services revenue as our fleet continues to grow, an increase in retail merchandise revenue and an increase in sales by our acquired subsidiaries to third party customers as we had a partial year of sales in the prior year from our mid-year 2019 acquisitions.",$80 million,,,,,,,,,,,,,filing,10-K FY2020 — ITEM 7. MANAGEMENT’S DISCUSSION AND ANALYSIS OF FINANCIAL CONDITION AND RESULTS OF OPERATIONS,
unpaired_actual,TSLA,2021,,,,,,,,revenue,Revenue,,consolidated,,,,FY2020,"2020 compared to 2019 Energy generation and storage revenue increased by $463 million, or 30%, in the year ended December 31, 2020 as compared to the year ended December 31, 2019, primarily due to increases in deployments of Megapack, solar cash and loan jobs and Powerwall, partially offset by a decrease in deployments of Powerpack and reduced average selling prices on our solar cash and loan jobs as a result of our low cost solar strategy.",$463 million,,,,,,,,,,,,,filing,10-K FY2020 — ITEM 7. MANAGEMENT’S DISCUSSION AND ANALYSIS OF FINANCIAL CONDITION AND RESULTS OF OPERATIONS,
unpaired_actual,TSLA,2021,,,,,,,,revenue,Revenue,,segment:automotive,,,,FY2020,"2020 compared to 2019 Cost of automotive sales revenue increased $3.76 billion, or 24%, in the year ended December 31, 2020 as compared to the year ended December 31, 2019 , primarily due to an increase of 129,268 Model 3 and Model Y cash deliveries.",$3.76 billion,,,,,,,,,,,,,filing,10-K FY2020 — ITEM 7. MANAGEMENT’S DISCUSSION AND ANALYSIS OF FINANCIAL CONDITION AND RESULTS OF OPERATIONS,
unpaired_actual,TSLA,2021,,,,,,,,share_repurchases,Share repurchases,,consolidated,,,,FY2019,"Due to pricing adjustments we made to our vehicle offerings during the year ended December 31, 2019, we estimated that there was a greater likelihood that customers would exercise their buyback options and if customers elect to exercise the buyback option, we expect to be able to subsequently resell the returned vehicles, which resulted in a reduction of cost of automotive sales revenue of $451 million.",$451 million,,,,,,,,,,,,,filing,10-K FY2020 — ITEM 7. MANAGEMENT’S DISCUSSION AND ANALYSIS OF FINANCIAL CONDITION AND RESULTS OF OPERATIONS,
unpaired_actual,TSLA,2021,,,,,,,,revenue,Revenue,,segment:automotive,,,,FY2020,"Additionally, there was an increase to cost of automotive sales revenue from idle capacity charges of $213 million as a result of temporary suspension of production at the Fremont Factory and Gigafactory Nevada during the first half of 2020.",$213 million,,,,,,,,,,,,,filing,10-K FY2020 — ITEM 7. MANAGEMENT’S DISCUSSION AND ANALYSIS OF FINANCIAL CONDITION AND RESULTS OF OPERATIONS,
unpaired_actual,TSLA,2021,,,,,,,,revenue,Revenue,,segment:automotive,,,,Q3 FY2020,"42 Cost of automotive leasing revenue increased $104 million , or 23% , in the year ended December 31, 2020 as compared to the year ended December 31, 2019 , primarily due to an increase in cumulative vehicles under our direct operating lease program and the introduction of direct sales-type leasing programs which we began offering in volume during the third quarter of 2020 where we recognize all cost of revenue associated with the sales-type lease upon delivery to the customer.",42,,,,,,,,,,,,,filing,10-K FY2020 — ITEM 7. MANAGEMENT’S DISCUSSION AND ANALYSIS OF FINANCIAL CONDITION AND RESULTS OF OPERATIONS,
unpaired_actual,TSLA,2021,,,,,,,,powertrain_cost_reduction,Powertrain Cost Reduction,,consolidated,,,,FY2020,"Cost of services and other revenue decreased $99 million, or 4%, in the year ended December 31, 2020 as compared to the year ended December 31, 2019 , primarily due to a decrease in used vehicle cost of revenue driven by a reduction in non-Tesla trade-ins, partially offset by increases in non-warranty maintenance services as our fleet continues to grow and an increase in costs of retail merchandise as our sales have increased.",$99 million,,,,,,,,,,,,,filing,10-K FY2020 — ITEM 7. MANAGEMENT’S DISCUSSION AND ANALYSIS OF FINANCIAL CONDITION AND RESULTS OF OPERATIONS,
unpaired_actual,TSLA,2021,,,,,,,,gross_margin,Gross margin,,segment:automotive,,,,FY2020,"Gross margin for total automotive increased from 21% to 26% in the year ended December 31, 2020 as compared to the year ended December 31, 2019 , primarily due to an improvement of Model 3 gross margin primarily from lower material, manufacturing, freight and duty costs from localized procurement and manufacturing in China, partially offset by a decrease in the average selling price of Model 3 due to a higher proportion of Model 3 Standard Range variants in our sales mix compared to the prior year.",21%,,,,,,,,,,,,,filing,10-K FY2020 — ITEM 7. MANAGEMENT’S DISCUSSION AND ANALYSIS OF FINANCIAL CONDITION AND RESULTS OF OPERATIONS,
unpaired_actual,TSLA,2021,,,,,,,,regulatory_credit_revenue,Regulatory credit revenue,,product:model_y,,,,FY2020,"Additionally, there was an increase of $986 million in sales of regulatory credits and a positive impact from Model Y deliveries in 2020 as Model Y gross margin was higher than our prior year total automotive gross margin.",$986 million,,,,,,,,,,,,,filing,10-K FY2020 — ITEM 7. MANAGEMENT’S DISCUSSION AND ANALYSIS OF FINANCIAL CONDITION AND RESULTS OF OPERATIONS,
unpaired_actual,TSLA,2021,,,,,,,,production,Production,,consolidated,,,,FY2020,These increases were partially offset by idle capacity charges of $213 million as a result of a temporary suspension of production at the Fremont Factory and Gigafactory Nevada during the first half of 2020.,$213 million,,,,,,,,,,,,,filing,10-K FY2020 — ITEM 7. MANAGEMENT’S DISCUSSION AND ANALYSIS OF FINANCIAL CONDITION AND RESULTS OF OPERATIONS,
unpaired_actual,TSLA,2021,,,,,,,,gross_margin,Gross margin,,segment:automotive,,,,FY2020,"Gross margin for total automotive & services and other segment increased from 17% to 22% in the year ended December 31, 2020 as compared to the year ended December 31, 2019, primarily due to the automotive gross margin impacts discussed above and a lower proportion of services and other, which operated at a lower gross margin than our automotive business, within the segment in the year ended December 31, 2020.",17%,,,,,,,,,,,,,filing,10-K FY2020 — ITEM 7. MANAGEMENT’S DISCUSSION AND ANALYSIS OF FINANCIAL CONDITION AND RESULTS OF OPERATIONS,
unpaired_actual,TSLA,2021,,,,,,,,revenue,Revenue,,consolidated,,,,FY2020,"2020 compared to 2019 Cost of energy generation and storage revenue increased by $635 million, or 47%, in the year ended December 31, 2020 as compared to the year ended December 31, 2019 , primarily due to increases in deployments of Megapack, higher costs from temporary manufacturing underutilization of our Solar Roof ramp, increases in deployments of Powerwall and idle capacity charges of $20 million as a result of temporary suspension of production at Gigafactory New York during the first half of 2020.",$635 million,,,,,,,,,,,,,filing,10-K FY2020 — ITEM 7. MANAGEMENT’S DISCUSSION AND ANALYSIS OF FINANCIAL CONDITION AND RESULTS OF OPERATIONS,
unpaired_actual,TSLA,2021,,,,,,,,gross_margin,Gross margin,,consolidated,,,,FY2020,"Gross margin for energy generation and storage decreased from 12% to 1% in the year ended December 31, 2020 as compared to the year ended December 31, 2019 primarily due to a higher proportion of Solar Roof in our overall energy business which operated at lower gross margins as a result of temporary manufacturing underutilization during product ramp.",12%,,,,,,,,,,,,,filing,10-K FY2020 — ITEM 7. MANAGEMENT’S DISCUSSION AND ANALYSIS OF FINANCIAL CONDITION AND RESULTS OF OPERATIONS,
unpaired_actual,TSLA,2021,,,,,,,,headcount,Headcount,,consolidated,,,,FY2020,"The increase was primarily due to a $62 million increase in expensed materials as we continue to expand our product roadmap , $61 million increase in stock-based compensation expense primarily related to the issuance of equity awards in fiscal year 2020 at higher grant date fair values due to our increased share price, $20 million increase in facilities, freight and depreciation expenses and a $20 million increase in employee and labor related expenses.",$62 million,,,,,,,,,,,,,filing,10-K FY2020 — ITEM 7. MANAGEMENT’S DISCUSSION AND ANALYSIS OF FINANCIAL CONDITION AND RESULTS OF OPERATIONS,
unpaired_actual,TSLA,2021,,,,,,,,headcount,Headcount,,consolidated,,,,FY2020,The remaining stock-based compensation expense increase of $83 million attributable to other directors and employees is primarily related to the issuance of equity awards in fiscal year 2020 at higher grant date fair values due to our increased share price.,$83 million,,,,,,,,,,,,,filing,10-K FY2020 — ITEM 7. MANAGEMENT’S DISCUSSION AND ANALYSIS OF FINANCIAL CONDITION AND RESULTS OF OPERATIONS,
unpaired_actual,TSLA,2021,,,,,,,,subscribers,Subscribers / customers,,consolidated,,,,FY2020,"The increase in stock-based compensation was partially offset by a decrease of $90 million in customer promotional costs, facilities-related expenses and sales and marketing activities.",$90 million,,,,,,,,,,,,,filing,10-K FY2020 — ITEM 7. MANAGEMENT’S DISCUSSION AND ANALYSIS OF FINANCIAL CONDITION AND RESULTS OF OPERATIONS,
unpaired_actual,TSLA,2021,,,,,,,,production,Production,,consolidated,,,,FY2020,"The decrease in our net operating assets and liabilities was mainly driven by a larger increase in accounts payable and accrued liabilities in the year ended December 31, 2020 as compared to the prior year from ramp up in production at the Fremont Factory and Gigafactory Shanghai.",,,,,,,,,,,,,,filing,10-K FY2020 — ITEM 7. MANAGEMENT’S DISCUSSION AND ANALYSIS OF FINANCIAL CONDITION AND RESULTS OF OPERATIONS,
unpaired_actual,TSLA,2021,,,,,,,,production,Production,,product:model_y,,,,FY2020,"Cash Flows from Investing Activities Cash flows from investing activities and their variability across each period related primarily to capital expenditures, which were $3.16 billion for the year ended December 31, 2020, mainly for Model Y production expansion at the Fremont Factory, expansion of Gigafactory Shanghai and construction of Gigafactory Berlin and Gigafactory Texas , and $1.33 billion for the year ended December 31, 2019, mainly for Gigafactory Shanghai construction, Model 3 production ramp and Model Y preparations .",$3.16 billion,,,,,,,,,,,,,filing,10-K FY2020 — ITEM 7. MANAGEMENT’S DISCUSSION AND ANALYSIS OF FINANCIAL CONDITION AND RESULTS OF OPERATIONS,
unpaired_actual,TSLA,2021,,,,,,,,share_repurchases,Share repurchases,,segment:automotive,,,,FY2020,"If customers elect to exercise the buyback option, we expect to be able to subsequently resell the returned vehicles, which resulted in a corresponding reduction in cost of automotive sales of $ 42 million for the year ended December 31, 2020.",$ 42 million,,,,,,,,,,,,,filing,10-K FY2020 — ITEM 8. FINANCIAL STATEME,
unpaired_actual,TSLA,2021,,,,,,,,adjusted_ebitda,Adjusted EBITDA,,consolidated,,,,FY2020,"Each of the 12 vesting tranches of the 2018 CEO Performance Award will vest upon certification by the Board of Directors that both (i) the market capitalization milestone for such tranche, which begins at $ 100.0 billion for the first tranche and increases by increments of $ 50.0 billion thereafter (based on both a six calendar month trailing average and a 30 calendar day trailing average, counting only trading days), has been achieved, and (ii) any one of the following eight operational milestones focused on total revenue or any one of the eight operational milestones focused on Adjusted EBITDA have been achieved for the previous four consecutive fiscal quarters on an annualized basis.",12,,,,,,,,,,,,,filing,10-K FY2020 — ITEM 8. FINANCIAL STATEME,
unpaired_actual,TSLA,2021,,,,,,,,product_milestone,Product / strategic milestone,,consolidated,,,,Q1 FY2021,"Historically, the expected market capitalization achievement times were generally later than the related expected operational milestone achievement times.",,,,,,,,,,,,,,filing,10-Q Q1 2021 — ITEM 1. FINANCIAL STATEMENTS — Note 11 – Equity Incentive Plans,
unpaired_actual,TSLA,2021,,,,,,,,adjusted_ebitda,Adjusted EBITDA,,consolidated,,,,Q1 FY2021,"Each of the 12 vesting tranches of the 2018 CEO Performance Award will vest upon certification by the Board of Directors that both (i) the market capitalization milestone for such tranche, which begins at $ 100.0 billion for the first tranche and increases by increments of $ 50.0 billion thereafter (based on both a six calendar month trailing average and a 30 calendar day trailing average, counting only trading days), has been achieved, and (ii) any one of the following eight operational milestones focused on total revenue or any one of the eight operational milestones focused on Adjusted EBITDA have been achieved for the four consecutive fiscal quarters on an annualized basis and subsequently reported by us in our financial statements filed with our Forms 10-Q and/or 10-K.",12,,,,,,,,,,,,,filing,10-Q Q1 2021 — ITEM 1. FINANCIAL STATEMENTS — Note 11 – Equity Incentive Plans,
unpaired_actual,TSLA,2021,,,,,,,,product_milestone,Product / strategic milestone,,consolidated,,,,Q1 FY2021,"On the grant date, a Monte Carlo simulation was used to determine for each tranche (i) a fixed amount of expense for such tranche and (ii) the future time when the market capitalization milestone for such tranche was expected to be achieved, or its “expected market capitalization milestone achievement time.” Separately, based on a subjective assessment of our future financial performance, each quarter we determine whether it is probable that we will achieve each operational milestone that has not previously been achieved or deemed probable of achievement and if so, the future time when we expect to achieve that operational milestone, or its “expected operational milestone achievement time.” When we first determine that an operational milestone has become probable of being achieved, we allocate the entire expense for the related tranche over the number of quarters between the grant date and the then-applicable “expected full achievement time.” The “expected full achievement time” at any given time is the later of (i) the expected operational milestone achievement time (if the related operational milestone has not yet been achieved) and (ii) the expected market capitalization milestone achievement time (if the related market capitalization milestone has not yet been achieved).",,,,,,,,,,,,,,filing,10-Q Q1 2021 — ITEM 1. FINANCIAL STATEMENTS — Note 11 – Equity Incentive Plans,
unpaired_actual,TSLA,2021,,,,,,,,revenue,Revenue,,consolidated,,,,Q1 FY2021,We believe the capital expenditure requirement and the tax revenue target will be attainable even if our actual vehicle production was far lower than the volumes we are forecasting.,,,,,,,,,,,,,,filing,10-Q Q1 2021 — ITEM 1. FINANCIAL STATEMENTS — Note 12 – Commitments and Contingencies,
unpaired_actual,TSLA,2021,,,,,,,,subscribers,Subscribers / customers,,consolidated,,,,Q1 FY2021,Decreases in the retail or wholesale prices of electricity from utilities or other renewable energy sources could make our products less attractive to customers and lead to an increased rate of residential customer defaults under our existing long-term leases and PPAs.,,,,,,,,,,,,,,filing,10-Q Q1 2021 — ITEM 1A. RISK FACTORS,
unpaired_actual,TSLA,2021,,,,,,,,production,Production,,consolidated,,,,Q1 FY2021,"Similarly, increased demand for personal electronics has created a shortfall of microchips, which has caused challenges in our supply chain and production.",,,,,,,,,,,,,,filing,10-Q Q1 2021 — ITEM 1A. RISK FACTORS,
unpaired_actual,TSLA,2021,,,,,,,,revenue_growth,Revenue growth,,consolidated,,,,Q1 FY2021,"Services and other revenue increased $333 million, or 59%, in the three months ended March 31, 2021 as compared to the three months ended March 31, 2020, primarily due to increases in used vehicle revenue driven by an increase in trade-ins, non-warranty maintenance services revenue as our fleet continues to grow and retail merchandise revenue.",$333 million,,,,,,,,,,,,,filing,10-Q Q1 2021 — ITEM 2. MANAGEMENT’S DISCUSSION AND ANALYSIS OF FINANCIAL CONDITION AND RESULTS OF OPERATIONS,
unpaired_actual,TSLA,2021,,,,,,,,revenue,Revenue,,consolidated,,,,Q1 FY2021,"Energy generation and storage revenue increased by $201 million, or 69%, in the three months ended March 31, 2021 as compared to the three months ended March 31, 2020, primarily due to increases in deployments of solar cash and loan jobs, Powerwall and Megapack, partially offset by reduced average selling prices on our solar cash and loan jobs as a result of our low cost solar strategy introduced mid-2020.",$201 million,,,,,,,,,,,,,filing,10-Q Q1 2021 — ITEM 2. MANAGEMENT’S DISCUSSION AND ANALYSIS OF FINANCIAL CONDITION AND RESULTS OF OPERATIONS,
unpaired_actual,TSLA,2021,,,,,,,,revenue,Revenue,,segment:automotive,,,,Q1 FY2021,"Cost of automotive sales revenue increased $2.76 billion, or 75%, in the three months ended March 31, 2021 as compared to the three months ended March 31, 2020, primarily due to an increase of 96,464 Model 3 and Model Y cash deliveries, partially offset by a decrease in combined average Model 3 and Model Y costs per unit due to lower material, manufacturing, freight and duty costs from localized procurement and manufacturing in China, a higher sales mix of Standard Range trims and reductions in Model Y average costs per unit as compared to the prior period due to temporary under-utilization of manufacturing capacity at lower production volumes during our production ramp in the first half of 2020.",$2.76 billion,,,,,,,,,,,,,filing,10-Q Q1 2021 — ITEM 2. MANAGEMENT’S DISCUSSION AND ANALYSIS OF FINANCIAL CONDITION AND RESULTS OF OPERATIONS,
unpaired_actual,TSLA,2021,,,,,,,,revenue,Revenue,,segment:automotive,,,,Q1 FY2021,"Cost of automotive leasing revenue increased $38 million, or 31%, in the three months ended March 31, 2021 as compared to the three months ended March 31, 2020, primarily due to an increase in cumulative vehicles under our direct operating lease program and the introduction of direct sales-type leasing programs which we began offering in volume during the third quarter of 2020 where we recognize all cost of revenue associated with the sales-type lease upon delivery to the customer.",$38 million,,,,,,,,,,,,,filing,10-Q Q1 2021 — ITEM 2. MANAGEMENT’S DISCUSSION AND ANALYSIS OF FINANCIAL CONDITION AND RESULTS OF OPERATIONS,
unpaired_actual,TSLA,2021,,,,,,,,powertrain_cost_reduction,Powertrain Cost Reduction,,consolidated,,,,Q1 FY2021,"Cost of services and other revenue increased $314 million, or 48%, in the three months ended March 31, 2021 as compared to the three months ended March 31, 2020, primarily due to increases in used vehicle cost of revenue driven by an increase in trade-ins, costs to support our increase in non-warranty maintenance services revenue and costs of retail merchandise as our sales have increased.",$314 million,,,,,,,,,,,,,filing,10-Q Q1 2021 — ITEM 2. MANAGEMENT’S DISCUSSION AND ANALYSIS OF FINANCIAL CONDITION AND RESULTS OF OPERATIONS,
unpaired_actual,TSLA,2021,,,,,,,,production_volume,Production volume,,consolidated,,,,Q1 FY2021,"There were increases from improvements of Model Y and Model 3 gross margins primarily from lower material, manufacturing, freight and duty costs from localized procurement and manufacturing in China and reductions in Model Y average costs per unit as compared to the prior period due to temporary under-utilization of manufacturing capacity at lower production volumes during our production ramp in the first half of 2020.",3,,,,,,,,,,,,,filing,10-Q Q1 2021 — ITEM 2. MANAGEMENT’S DISCUSSION AND ANALYSIS OF FINANCIAL CONDITION AND RESULTS OF OPERATIONS,
unpaired_actual,TSLA,2021,,,,,,,,regulatory_credit_revenue,Regulatory credit revenue,,consolidated,,,,Q1 FY2021,"Additionally, there was a positive impact from an increase of $164 million in sales of regulatory credits.",$164 million,,,,,,,,,,,,,filing,10-Q Q1 2021 — ITEM 2. MANAGEMENT’S DISCUSSION AND ANALYSIS OF FINANCIAL CONDITION AND RESULTS OF OPERATIONS,
unpaired_actual,TSLA,2021,,,,,,,,gross_margin,Gross margin,,segment:automotive,,,,Q1 FY2021,"Gross margin for total automotive & services and other segment increased from 21% to 23% in the three months ended March 31, 2021 as compared to the three months ended March 31, 2020, primarily due to the automotive gross margin impacts discussed above and an improvement in our services and other gross margin.",21%,,,,,,,,,,,,,filing,10-Q Q1 2021 — ITEM 2. MANAGEMENT’S DISCUSSION AND ANALYSIS OF FINANCIAL CONDITION AND RESULTS OF OPERATIONS,
unpaired_actual,TSLA,2021,,,,,,,,revenue,Revenue,,consolidated,,,,Q1 FY2021,"34 Cost of energy generation and storage revenue increased by $313 million, or 111%, in the three months ended March 31, 2021 as compared to the three months ended March 31, 2020, primarily due to increases in deployments of solar cash and loan jobs, Solar Roof, Powerwall and Megapack and increased service maintenance costs on solar energy systems where we are the lessor, partially offset by reductions in average costs per unit of Solar Roof and solar cash and loan jobs from improved overhead utilization as deployments increased.",34,,,,,,,,,,,,,filing,10-Q Q1 2021 — ITEM 2. MANAGEMENT’S DISCUSSION AND ANALYSIS OF FINANCIAL CONDITION AND RESULTS OF OPERATIONS,
unpaired_actual,TSLA,2021,,,,,,,,gross_margin,Gross margin,,consolidated,,,,Q1 FY2021,"Gross margin for energy generation and storage decreased from 4% to -20% in the three months ended March 31, 2021 as compared to the three months ended March 31, 2020 primarily due to a higher proportion of Solar Roof in our overall energy business which operated at lower gross margins as a result of temporary manufacturing underutilization during product ramp, increased service maintenance costs on solar energy systems where we are the lessor and lower gross margins in our energy storage business as we are ramping Megapack.",4%,,,,,,,,,,,,,filing,10-Q Q1 2021 — ITEM 2. MANAGEMENT’S DISCUSSION AND ANALYSIS OF FINANCIAL CONDITION AND RESULTS OF OPERATIONS,
unpaired_actual,TSLA,2021,,,,,,,,headcount,Headcount,,consolidated,,,,Q1 FY2021,"The increase was primarily due to an $147 million increase in employee and labor related expenses due to an increase in headcount and increased payroll taxes related to appreciation of our stock price, a $122 million increase in R&D expensed materials and outside services and a $60 million increase in stock-based compensation expense.",$147 million,,,,,,,,,,,,,filing,10-Q Q1 2021 — ITEM 2. MANAGEMENT’S DISCUSSION AND ANALYSIS OF FINANCIAL CONDITION AND RESULTS OF OPERATIONS,
unpaired_actual,TSLA,2021,,,,,,,,revenue,Revenue,,consolidated,,,,Q1 FY2021,"R&D expenses as a percentage of revenue increased from 5% to 6% in the three months ended March 31, 2021 as compared to the three months ended March 31, 2020.",5%,,,,,,,,,,,,,filing,10-Q Q1 2021 — ITEM 2. MANAGEMENT’S DISCUSSION AND ANALYSIS OF FINANCIAL CONDITION AND RESULTS OF OPERATIONS,
unpaired_actual,TSLA,2021,,,,,,,,revenue,Revenue,,consolidated,,,,Q1 FY2021,"The increase in expense under the 2018 CEO Performance Award was due to the catch-up expense of $116 million recognized in the three months ended March 31, 2021 when the operational milestone of annualized revenue of $55.0 billion became probable of being achieved as well as the acceleration of the expense related to the fifth and sixth tranches as their market capitalization milestones were achieved earlier than originally forecasted due to rapid appreciation of our stock price since 2020 (see Note 11, Equity Incentive Plans , to the consolidated financial statements included elsewhere in this Quarterly Report on Form 10-Q).",$116 million,,,,,,,,,,,,,filing,10-Q Q1 2021 — ITEM 2. MANAGEMENT’S DISCUSSION AND ANALYSIS OF FINANCIAL CONDITION AND RESULTS OF OPERATIONS,
unpaired_actual,TSLA,2021,,,,,,,,headcount,Headcount,,consolidated,,,,Q1 FY2021,"Additionally, there was an increase of $125 million in employee and labor related expenses from increased headcount and increased payroll taxes related to appreciation of our stock price.",$125 million,,,,,,,,,,,,,filing,10-Q Q1 2021 — ITEM 2. MANAGEMENT’S DISCUSSION AND ANALYSIS OF FINANCIAL CONDITION AND RESULTS OF OPERATIONS,
unpaired_actual,TSLA,2021,,,,,,,,production,Production,,consolidated,,,,Q1 FY2021,"The decrease in our net operating assets and liabilities was mainly driven by an increase in accounts payable and accrued liabilities in the three months ended March 31, 2021 as compared to a decrease in the three months ended March 31, 2020 from ramp up in production at Gigafactory Shanghai and the Fremont Factory and a smaller increase in inventory from buildup of finished goods from limited capacity to deliver or install our products at the end of the first quarter of 2020.",,,,,,,,,,,,,,filing,10-Q Q1 2021 — ITEM 2. MANAGEMENT’S DISCUSSION AND ANALYSIS OF FINANCIAL CONDITION AND RESULTS OF OPERATIONS,
unpaired_actual,TSLA,2021,,,,,,,,production_deliveries,Production Deliveries,,segment:automotive,,,,Q1 FY2021,"Automotive sales revenue increased $3.81 billion, or 78%, in the three months ended March 31, 2021 as compared to the three months ended March 31, 2020, primarily due to an increase of 96,464 Model 3 and Model Y cash deliveries year over year from production ramping at both Gigafactory Shanghai and the Fremont Factory.",$3.81 billion,,,,,,,,,,,,,filing,10-Q Q1 2021 — ITEM 2. MANAGEMENT’S DISCUSSION AND ANALYSIS OF FINANCIAL CONDITION AND RESULTS OF OPERATIONS,
unpaired_actual,TSLA,2021,,,,,,,,regulatory_credit_revenue,Regulatory credit revenue,,consolidated,,,,Q1 FY2021,"There was also an increase of $164 million from additional sales of regulatory credits to $518 million in the three months ended March 31, 2021.",$164 million,,,,,,,,,,,,,filing,10-Q Q1 2021 — ITEM 2. MANAGEMENT’S DISCUSSION AND ANALYSIS OF FINANCIAL CONDITION AND RESULTS OF OPERATIONS,
unpaired_actual,TSLA,2021,,,,,,,,revenue,Revenue,,segment:automotive,,,,Q1 FY2021,"The increases in automotive sales revenue were partially offset by a decrease from 8,380 fewer Model S and Model X cash deliveries at a slightly lower combined average selling price in the three months ended March 31, 2021 compared to the prior period as we phase out the inventory of older models to get ready for the introduction of the updated versions.","8,380",,,,,,,,,,,,,filing,10-Q Q1 2021 — ITEM 2. MANAGEMENT’S DISCUSSION AND ANALYSIS OF FINANCIAL CONDITION AND RESULTS OF OPERATIONS,
unpaired_actual,TSLA,2021,,,,,,,,revenue,Revenue,,segment:automotive,,,,Q1 FY2021,"Automotive leasing revenue increased $58 million, or 24%, in the three months ended March 31, 2021 as compared to the three months ended March 31, 2020, primarily due to an increase in cumulative vehicles under our direct operating lease program and the introduction of direct sales-type leasing programs which we began offering in volume during the third quarter of 2020 where we recognize all revenue associated with the sales-type lease upon delivery to the customer.",$58 million,,,,,,,,,,,,,filing,10-Q Q1 2021 — ITEM 2. MANAGEMENT’S DISCUSSION AND ANALYSIS OF FINANCIAL CONDITION AND RESULTS OF OPERATIONS,
unpaired_actual,TSLA,2021,,,,,,,,operating_expenses,Operating expenses,,consolidated,,,,Q1 FY2021,"On operating expenses, these increased for Q1, which was driven by our investments in technology and growth.",,,,,,,,,,,,,,transcript,TSLA_Q1_2021,
unpaired_actual,TSLA,2021,,,,,,,,production_deliveries,Production Deliveries,,consolidated,,,,Q1 FY2021,"Tesla achieved record production, deliveries and surpassed $1 billion in non-GAAP net income for the first time.",$1 billion,,,,,,,,,,,,,transcript,TSLA_Q1_2021,
unpaired_actual,TSLA,2021,,,,,,,,production,Production,,product:model_3,,,,Q1 FY2021,"It’s been exceeded by the Tesla Model 3, and this is only three-and-a half years into production and with just two factories.","3,",,,,,,,,,,,,,transcript,TSLA_Q1_2021,
unpaired_actual,TSLA,2021,,,,,,,,stores,Stores / locations,,consolidated,,,,Q1 FY2021,"Elon and I were looking for a place to store cash that wasn’t being immediately used, trying to get some level of return on this but also preserve liquidity.",,,,,,,,,,,,,,transcript,TSLA_Q1_2021,
unpaired_actual,TSLA,2021,,,,,,,,production,Production,,consolidated,,,,Q1 FY2021,The truly profound thing on the car side is that Tesla was the first American car company to achieve volume production of a car in 100 years and not go bankrupt.,100,,,,,,,,,,,,,transcript,TSLA_Q1_2021,
unpaired_actual,TSLA,2021,,,,,,,,production,Production,,consolidated,,,,Q1 FY2021,"And second, actually on your production ramp.",,,,,,,,,,,,,,transcript,TSLA_Q1_2021,
unpaired_actual,TSLA,2021,,,,,,,,production,Production,,product:4680,,,,Q1 FY2021,"And basically, this is just a guess because we don’t know for sure, but it appears as though we are about 12, probably, not more than 18 months away from volume production of the 4680.","about 12,",,,,,,,,,,,,,transcript,TSLA_Q1_2021,
unpaired_actual,TSLA,2021,,,,,,,,product_milestone,Product / strategic milestone,,consolidated,,,,Q1 FY2021,"Now at the same time, we are actually trying to have our cell supply partners ramp up their supply as much as possible.",,,,,,,,,,,,,,transcript,TSLA_Q1_2021,
unpaired_actual,TSLA,2021,,,,,,,,production,Production,,consolidated,,,,Q3 FY2021,So -- and then to be in sort of fairly high-volume production for the S in Q3 and to start delivering the Model X in Q3 as well.,,,,,,,,,,,,,,transcript,TSLA_Q1_2021,
unpaired_actual,TSLA,2021,,,,,,,,gross_margin,Gross margin,,product:model_y,,,,Q1 FY2021,"First, we successfully launched and began the ramp of Model Y in Shanghai, achieving positive gross margin in the first quarter of production and receiving a great reception from the market.",,,,,,,,,,,,,,transcript,TSLA_Q1_2021,
unpaired_actual,TSLA,2021,,,,,,,,deliveries,Deliveries,,consolidated,,,,Q4 FY2021,The reduction in Model S and X deliveries from Q4 to Q1 were a meaningful headwind to free cash flows and profit generation.,,,,,,,,,,,,,,transcript,TSLA_Q1_2021,
unpaired_actual,TSLA,2021,,,,,,,,revenue,Revenue,,consolidated,,,,Q1 FY2021,"For example, we incurred an estimated $200 million of direct P&L impact relating to this program in Q1, the majority of which is reflected in COGS and that’s before even considering the impact of lost revenue and profits as a result of the transition.",$200 million,,,,,,,,,,,,,transcript,TSLA_Q1_2021,
unpaired_actual,TSLA,2021,,,,,,,,production,Production,,consolidated,,,,Q4 FY2021,"While the Tesla team in partnership with our suppliers did tremendous work keeping our factories running, we did experience high expedite costs in the quarter and they were also higher than they were in Q4, with some minor interruptions to production over the course of the quarter.",,,,,,,,,,,,,,transcript,TSLA_Q1_2021,
unpaired_actual,TSLA,2021,,,,,,,,product_milestone,Product / strategic milestone,,consolidated,,,,Q2 FY2021,This was driven by Solar Roof-related ramp costs and winter seasonality in the lease BPA business.,,,,,,,,,,,,,,transcript,TSLA_Q1_2021,
unpaired_actual,TSLA,2021,,,,,,,,adjusted_ebitda,Adjusted EBITDA,,consolidated,,,,Q2 FY2021,"Each of the 12 vesting tranches of the 2018 CEO Performance Award will vest upon certification by the Board of Directors that both (i) the market capitalization milestone for such tranche, which begins at $ 100.0 billion for the first tranche and increases by increments of $ 50.0 billion thereafter (based on both a six calendar month trailing average and a 30 calendar day trailing average, counting only trading days), has been achieved, and (ii) any one of the following eight operational milestones focused on total revenue or any one of the eight operational milestones focused on Adjusted EBITDA have been achieved for the four consecutive fiscal quarters on an annualized basis and subsequently reported by us in our consolidated financial statements filed with our Forms 10-Q and/or 10-K.",12,,,,,,,,,,,,,filing,10-Q Q2 2021 — ITEM 1. FINANCIAL STATEMENTS — Note 11 – Equity Incentive Plans,
unpaired_actual,TSLA,2021,,,,,,,,production_deliveries,Production Deliveries,,segment:automotive,,,,Q2 FY2021,"Automotive sales revenue increased $8.78 billion, or 90%, in the six months ended June 30, 2021 as compared to the six months ended June 30, 2020, primarily due to an increase of 203,736 Model 3 and Model Y cash deliveries year over year from production ramping at both Gigafactory Shanghai and the Fremont Factory.",$8.78 billion,,,,,,,,,,,,,filing,10-Q Q2 2021 — ITEM 2. MANAGEMENT’S DISCUSSION AND ANALYSIS OF FINANCIAL CONDITION AND RESULTS OF OPERATIONS,
unpaired_actual,TSLA,2021,,,,,,,,regulatory_credit_revenue,Regulatory credit revenue,,consolidated,,,,Q2 FY2021,"There was also an increase of $90 million from additional sales of regulatory credits to $872 million in the six months ended June 30, 2021.",$90 million,,,,,,,,,,,,,filing,10-Q Q2 2021 — ITEM 2. MANAGEMENT’S DISCUSSION AND ANALYSIS OF FINANCIAL CONDITION AND RESULTS OF OPERATIONS,
unpaired_actual,TSLA,2021,,,,,,,,revenue,Revenue,,segment:automotive,,,,Q2 FY2021,"The increases in automotive sales revenue were partially offset by a decrease from 15,912 fewer Model S and Model X cash deliveries in the six months ended June 30, 2021 compared to the prior period as we started delivering the new Model S as well as reductions in the average selling price of Model Y due to the regional sales mix compared to the prior period.","15,912",,,,,,,,,,,,,filing,10-Q Q2 2021 — ITEM 2. MANAGEMENT’S DISCUSSION AND ANALYSIS OF FINANCIAL CONDITION AND RESULTS OF OPERATIONS,
unpaired_actual,TSLA,2021,,,,,,,,revenue,Revenue,,segment:automotive,,,,Q2 FY2021,"35 Automotive leasing revenue increased $64 million, or 24%, in the three months ended June 30, 2021 as compared to the three months ended June 30, 2020.",35,,,,,,,,,,,,,filing,10-Q Q2 2021 — ITEM 2. MANAGEMENT’S DISCUSSION AND ANALYSIS OF FINANCIAL CONDITION AND RESULTS OF OPERATIONS,
unpaired_actual,TSLA,2021,,,,,,,,revenue,Revenue,,segment:automotive,,,,Q2 FY2021,"Automotive leasing revenue increased $122 million, or 24%, in the six months ended June 30, 2021 as compared to the six months ended June 30, 2020.",$122 million,,,,,,,,,,,,,filing,10-Q Q2 2021 — ITEM 2. MANAGEMENT’S DISCUSSION AND ANALYSIS OF FINANCIAL CONDITION AND RESULTS OF OPERATIONS,
unpaired_actual,TSLA,2021,,,,,,,,revenue,Revenue,,consolidated,,,,Q2 FY2021,These increases were primarily due to an increase in cumulative vehicles under our direct operating lease program and the introduction of direct sales-type leasing programs which we began offering in volume during the third quarter of 2020 where we recognize all revenue associated with the sales-type lease upon delivery to the customer.,,,,,,,,,,,,,,filing,10-Q Q2 2021 — ITEM 2. MANAGEMENT’S DISCUSSION AND ANALYSIS OF FINANCIAL CONDITION AND RESULTS OF OPERATIONS,
unpaired_actual,TSLA,2021,,,,,,,,revenue,Revenue,,consolidated,,,,Q2 FY2021,"Services and other revenue increased $464 million, or 95%, in the three months ended June 30, 2021 as compared to the three months ended June 30, 2020.",$464 million,,,,,,,,,,,,,filing,10-Q Q2 2021 — ITEM 2. MANAGEMENT’S DISCUSSION AND ANALYSIS OF FINANCIAL CONDITION AND RESULTS OF OPERATIONS,
unpaired_actual,TSLA,2021,,,,,,,,revenue,Revenue,,consolidated,,,,Q2 FY2021,"Services and other revenue increased $797 million, or 76%, in the six months ended June 30, 2021 as compared to the six months ended June 30, 2020.",$797 million,,,,,,,,,,,,,filing,10-Q Q2 2021 — ITEM 2. MANAGEMENT’S DISCUSSION AND ANALYSIS OF FINANCIAL CONDITION AND RESULTS OF OPERATIONS,
unpaired_actual,TSLA,2021,,,,,,,,revenue,Revenue,,consolidated,,,,Q2 FY2021,"Energy generation and storage revenue increased by $431 million, or 116%, in the three months ended June 30, 2021 as compared to the three months ended June 30, 2020.",$431 million,,,,,,,,,,,,,filing,10-Q Q2 2021 — ITEM 2. MANAGEMENT’S DISCUSSION AND ANALYSIS OF FINANCIAL CONDITION AND RESULTS OF OPERATIONS,
unpaired_actual,TSLA,2021,,,,,,,,revenue,Revenue,,consolidated,,,,Q2 FY2021,"Energy generation and storage revenue increased by $632 million, or 95%, in the six months ended June 30, 2021 as compared to the six months ended June 30, 2020.",$632 million,,,,,,,,,,,,,filing,10-Q Q2 2021 — ITEM 2. MANAGEMENT’S DISCUSSION AND ANALYSIS OF FINANCIAL CONDITION AND RESULTS OF OPERATIONS,
unpaired_actual,TSLA,2021,,,,,,,,revenue,Revenue,,segment:automotive,,,,Q2 FY2021,"36 Cost of automotive sales revenue increased $3.41 billion, or 92%, in the three months ended June 30, 2021 as compared to the three months ended June 30, 2020, primarily due to an increase of 107,272 Model 3 and Model Y cash deliveries and higher outbound freight and duties in China as Model 3 vehicles manufactured in Gigafactory Shanghai were exported to other regions offset by a decrease in combined average Model 3 and Model Y costs per unit due to lower material, manufacturing, inbound freight and duty costs from localized procurement and manufacturing in China.",36,,,,,,,,,,,,,filing,10-Q Q2 2021 — ITEM 2. MANAGEMENT’S DISCUSSION AND ANALYSIS OF FINANCIAL CONDITION AND RESULTS OF OPERATIONS,
unpaired_actual,TSLA,2021,,,,,,,,production_volume,Production volume,,product:model_y,,,,Q2 FY2021,"There was also reductions in Model Y average costs per unit as compared to the prior period due to temporary under-utilization of manufacturing capacity at lower production volumes during our production ramp in the first half of 2020, in addition to idle capacity charges of $189 million due to the temporary suspension of production at the Fremont Factory and Gigafactory Nevada during the three months ended June 30, 2020.",$189 million,,,,,,,,,,,,,filing,10-Q Q2 2021 — ITEM 2. MANAGEMENT’S DISCUSSION AND ANALYSIS OF FINANCIAL CONDITION AND RESULTS OF OPERATIONS,
unpaired_actual,TSLA,2021,,,,,,,,revenue,Revenue,,segment:automotive,,,,Q2 FY2021,"Additionally, there was a decrease of 7,532 Model S and Model X cash deliveries in the three months ended June 30, 2021 compared to the prior period as we started delivering the new Model S. Cost of automotive sales revenue increased $6.16 billion, or 83%, in the six months ended June 30, 2021 as compared to the six months ended June 30, 2020, primarily due to an increase of 203,736 Model 3 and Model Y cash deliveries and higher outbound freight and duties in China as Model 3 vehicles manufactured in Gigafactory Shanghai were exported to other regions offset by a decrease in combined average Model 3 and Model Y costs per unit due to lower material, manufacturing, inbound freight and duty costs from localized procurement and manufacturing in China.","7,532",,,,,,,,,,,,,filing,10-Q Q2 2021 — ITEM 2. MANAGEMENT’S DISCUSSION AND ANALYSIS OF FINANCIAL CONDITION AND RESULTS OF OPERATIONS,
unpaired_actual,TSLA,2021,,,,,,,,production_volume,Production volume,,product:model_y,,,,Q2 FY2021,"There were also reductions in Model Y average costs per unit as compared to the prior period due to temporary under-utilization of manufacturing capacity at lower production volumes during our production ramp in the first half of 2020, in addition to idle capacity charges of $213 million due to the temporary suspension of production at the Fremont Factory and Gigafactory Nevada during the six months ended June 30, 2020.",$213 million,,,,,,,,,,,,,filing,10-Q Q2 2021 — ITEM 2. MANAGEMENT’S DISCUSSION AND ANALYSIS OF FINANCIAL CONDITION AND RESULTS OF OPERATIONS,
unpaired_actual,TSLA,2021,,,,,,,,revenue,Revenue,,segment:automotive,,,,Q2 FY2021,"Additionally, there was a decrease of 15,912 Model S and Model X cash deliveries in the six months ended June 30, 2021 compared to the prior period as we started delivering the new Model S. Cost of automotive leasing revenue increased $40 million, or 27%, in the three months ended June 30, 2021 as compared to the three months ended June 30, 2020.","15,912",,,,,,,,,,,,,filing,10-Q Q2 2021 — ITEM 2. MANAGEMENT’S DISCUSSION AND ANALYSIS OF FINANCIAL CONDITION AND RESULTS OF OPERATIONS,
unpaired_actual,TSLA,2021,,,,,,,,revenue,Revenue,,segment:automotive,,,,Q2 FY2021,"Cost of automotive leasing revenue increased $78 million, or 29%, in the six months ended June 30, 2021 as compared to the six months ended June 30, 2020.",$78 million,,,,,,,,,,,,,filing,10-Q Q2 2021 — ITEM 2. MANAGEMENT’S DISCUSSION AND ANALYSIS OF FINANCIAL CONDITION AND RESULTS OF OPERATIONS,
unpaired_actual,TSLA,2021,,,,,,,,revenue,Revenue,,consolidated,,,,Q2 FY2021,These increases were primarily due to an increase in cumulative vehicles under our direct operating lease program and the introduction of direct sales-type leasing programs which we began offering in volume during the third quarter of 2020 where we recognize all cost of revenue associated with the sales-type lease upon delivery to the customer.,,,,,,,,,,,,,,filing,10-Q Q2 2021 — ITEM 2. MANAGEMENT’S DISCUSSION AND ANALYSIS OF FINANCIAL CONDITION AND RESULTS OF OPERATIONS,
unpaired_actual,TSLA,2021,,,,,,,,revenue,Revenue,,consolidated,,,,Q2 FY2021,"Cost of services and other revenue increased $428 million, or 77%, in the three months ended June 30, 2021 as compared to the three months ended June 30, 2020.",$428 million,,,,,,,,,,,,,filing,10-Q Q2 2021 — ITEM 2. MANAGEMENT’S DISCUSSION AND ANALYSIS OF FINANCIAL CONDITION AND RESULTS OF OPERATIONS,
unpaired_actual,TSLA,2021,,,,,,,,revenue,Revenue,,consolidated,,,,Q2 FY2021,"Cost of services and other revenue increased $742 million, or 62%, in the six months ended June 30, 2021 as compared to the six months ended June 30, 2020.",$742 million,,,,,,,,,,,,,filing,10-Q Q2 2021 — ITEM 2. MANAGEMENT’S DISCUSSION AND ANALYSIS OF FINANCIAL CONDITION AND RESULTS OF OPERATIONS,
unpaired_actual,TSLA,2021,,,,,,,,gross_margin,Gross margin,,segment:automotive,,,,Q2 FY2021,"Gross margin for total automotive increased from 25% to 28% in the three and six months ended June 30, 2021 as compared to the three and six months ended June 30, 2020.",25%,,,,,,,,,,,,,filing,10-Q Q2 2021 — ITEM 2. MANAGEMENT’S DISCUSSION AND ANALYSIS OF FINANCIAL CONDITION AND RESULTS OF OPERATIONS,
unpaired_actual,TSLA,2021,,,,,,,,revenue,Revenue,,product:model_y,,,,Q2 FY2021,"There were also reductions in Model Y average costs per unit as compared to the prior period due to temporary under-utilization of manufacturing capacity at lower production volumes during our production ramp in the first half of 2020, in addition to idle capacity charges of $189 million and $213 million in cost of automotive sales revenue due to the temporary suspension of production at the Fremont Factory and Gigafactory Nevada during the three and six months ended June 30, 2020, respectively .",$189 million,,,,,,,,,,,,,filing,10-Q Q2 2021 — ITEM 2. MANAGEMENT’S DISCUSSION AND ANALYSIS OF FINANCIAL CONDITION AND RESULTS OF OPERATIONS,
unpaired_actual,TSLA,2021,,,,,,,,gross_margin,Gross margin,,segment:automotive,,,,Q2 FY2021,"Gross margin for total automotive & services and other segment increased from 22% to 26% in the three months ended June 30, 2021 as compared to the three months ended June 30, 2020.",22%,,,,,,,,,,,,,filing,10-Q Q2 2021 — ITEM 2. MANAGEMENT’S DISCUSSION AND ANALYSIS OF FINANCIAL CONDITION AND RESULTS OF OPERATIONS,
unpaired_actual,TSLA,2021,,,,,,,,gross_margin,Gross margin,,segment:automotive,,,,Q2 FY2021,"Gross margin for total automotive & services and other segment increased from 22% to 25% in the six months ended June 30, 2021 as compared to the six months ended June 30, 2020.",22%,,,,,,,,,,,,,filing,10-Q Q2 2021 — ITEM 2. MANAGEMENT’S DISCUSSION AND ANALYSIS OF FINANCIAL CONDITION AND RESULTS OF OPERATIONS,
unpaired_actual,TSLA,2021,,,,,,,,revenue,Revenue,,consolidated,,,,Q2 FY2021,"37 Cost of energy generation and storage revenue increased by $432 million, or 124%, in the three months ended June 30, 2021 as compared to the three months ended June 30, 2020.",37,,,,,,,,,,,,,filing,10-Q Q2 2021 — ITEM 2. MANAGEMENT’S DISCUSSION AND ANALYSIS OF FINANCIAL CONDITION AND RESULTS OF OPERATIONS,
unpaired_actual,TSLA,2021,,,,,,,,revenue,Revenue,,consolidated,,,,Q2 FY2021,"Cost of energy generation and storage revenue increased by $745 million, or 118%, in the six months ended June 30, 2021 as compared to the six months ended June 30, 2020.",$745 million,,,,,,,,,,,,,filing,10-Q Q2 2021 — ITEM 2. MANAGEMENT’S DISCUSSION AND ANALYSIS OF FINANCIAL CONDITION AND RESULTS OF OPERATIONS,
unpaired_actual,TSLA,2021,,,,,,,,headcount,Headcount,,consolidated,,,,Q2 FY2021,"The increase was primarily due to a $135 million increase in employee and labor related expenses due to an increase in headcount and increased payroll taxes related to appreciation of our stock price, a $76 million increase in R&D expensed materials, a $52 million increase in facilities, outside services, freight and depreciation expenses and a $31 million increase in stock-based compensation expense.",$135 million,,,,,,,,,,,,,filing,10-Q Q2 2021 — ITEM 2. MANAGEMENT’S DISCUSSION AND ANALYSIS OF FINANCIAL CONDITION AND RESULTS OF OPERATIONS,
unpaired_actual,TSLA,2021,,,,,,,,operating_expenses,Operating expenses,,consolidated,,,,Q2 FY2021,"Additionally, opex as a percentage of revenue has declined, and in particular SG&A, representing the work we've done to become more efficient as we scale the company, while still making the required R&D investments to support our future.",,,,,,,,,,,,,,transcript,TSLA_Q2_2021,
unpaired_actual,TSLA,2021,,,,,,,,production_deliveries,Production Deliveries,,consolidated,,,,Q2 FY2021,"We achieved record production, deliveries, and surpassed over $1 billion in GAAP net income for the first time in Tesla's history.",$1 billion,,,,,,,,,,,,,transcript,TSLA_Q2_2021,
unpaired_actual,TSLA,2021,,,,,,,,production,Production,,consolidated,,,,FY2022,"Andrew Baglino -- Senior Vice President, Powertrain and Energy Engineering So yeah, our cell suppliers are tracking to double their production in 2022.",2022.,,,,,,,,,,,,,transcript,TSLA_Q2_2021,
unpaired_actual,TSLA,2021,,,,,,,,capacity,Capacity,,consolidated,,,,Q2 FY2021,"Andrew Baglino -- Senior Vice President, Powertrain and Energy Engineering I think it's also important to comment that increasing the utilization of the network actually reduces our costs, which allows us to lower charging prices for our customers and make the network more profitable, allows us to grow the network faster.",,,,,,,,,,,,,,transcript,TSLA_Q2_2021,
unpaired_actual,TSLA,2021,,,,,,,,production,Production,,consolidated,,,,Q2 FY2021,"So it was an incredibly intense effort of planning new chips, writing new firmware, integrating it to the vehicle and testing it in order to maintain production.",,,,,,,,,,,,,,transcript,TSLA_Q2_2021,
unpaired_actual,TSLA,2021,,,,,,,,product_milestone,Product / strategic milestone,,consolidated,,,,Q2 FY2021,Those who have not actually been involved in manufacturing ramp-up just have no idea how painful and difficult it is.,,,,,,,,,,,,,,transcript,TSLA_Q2_2021,
unpaired_actual,TSLA,2021,,,,,,,,product_milestone,Product / strategic milestone,,consolidated,,,,Q2 FY2021,"Lars Moravy -- Vice President, Vehicle Engineering Yeah, I mean, I think if you look at the expansion we've done in Shanghai, that factory was built in less than a year and ramped in five to six months to full volume.",,,,,,,,,,,,,,transcript,TSLA_Q2_2021,
unpaired_actual,TSLA,2021,,,,,,,,production,Production,,consolidated,,,,Q2 FY2021,It took longer than that to actually reach volume production -- a high volume production.,,,,,,,,,,,,,,transcript,TSLA_Q2_2021,
unpaired_actual,TSLA,2021,,,,,,,,product_milestone,Product / strategic milestone,,consolidated,,,,Q2 FY2021,"Let's see, in terms of FSD subscription, we were able to launch Full Self-Driving subscription last month, and we expect it to build slowly and then -- but then gather a lot of momentum over time.",,,,,,,,,,,,,,transcript,TSLA_Q2_2021,
unpaired_actual,TSLA,2021,,,,,,,,production,Production,,consolidated,,,,Q2 FY2021,"First approximation, there are 10,000 unique parts and processes that have to work, and the greater growth of production goes as fast as the least lucky and dumbest of those 10,000 things.","10,000",,,,,,,,,,,,,transcript,TSLA_Q2_2021,
unpaired_actual,TSLA,2021,,,,,,,,production,Production,,consolidated,,,,Q2 FY2021,It is trivial by comparison with actual production.,,,,,,,,,,,,,,transcript,TSLA_Q2_2021,
unpaired_actual,TSLA,2021,,,,,,,,production,Production,,consolidated,,,,Q2 FY2021,"But at a scale production, we obviously want to be using 4680s and structural pack.",,,,,,,,,,,,,,transcript,TSLA_Q2_2021,
unpaired_actual,TSLA,2021,,,,,,,,gross_margin,Gross margin,,segment:automotive,,,,Q2 FY2021,"Yet over that same period of time, our auto gross margin, excluding credit, has increased nearly 10 percentage points to our highest yet since the introduction of Model 3.",10 percentage points,,,,,,,,,,,,,transcript,TSLA_Q2_2021,
unpaired_actual,TSLA,2021,,,,,,,,adjusted_ebitda,Adjusted EBITDA,,consolidated,,,,Q3 FY2021,"Each of the 12 vesting tranches of the 2018 CEO Performance Award will vest upon certification by the Board of Directors that both (i) the market capitalization milestone for such tranche, which begins at $ 100.0 billion for the first tranche and increases by increments of $ 50.0 billion thereafter (based on both a six calendar month trailing average and a 30 calendar day trailing average, counting only trading days), has been achieved, and (ii) any one of the following eight operational milestones focused on total revenue or any one of the eight operational milestones focused on Adjusted EBITDA have been achieved for the four consecutive fiscal quarters on an annualized basis and subsequently reported by us in our consolidated financial statements filed with our Forms 10-Q and/or 10-K.",12,,,,,,,,,,,,,filing,10-Q Q3 2021 — ITEM 1. FINANCIAL STATEMENTS — Note 11 – Equity Incentive Plans,
unpaired_actual,TSLA,2021,,,,,,,,adjusted_ebitda,Adjusted EBITDA,,consolidated,,,,Q3 FY2021,"Although an operational milestone is deemed achieved in the last quarter of the relevant annualized period, it may be certified only after the financial statements supporting its achievement have been filed with our Forms 10-Q and/or 10-K. Total Annualized Revenue Annualized Adjusted EBITDA Milestone (in billions) Achievement Status Milestone (in billions) Achievement Status $ 20.0 Achieved $ 1.5 Achieved $ 35.0 Achieved $ 3.0 Achieved $ 55.0 Probable $ 4.5 Achieved $ 75.0 - $ 6.0 Achieved $ 100.0 - $ 8.0 Achieved (1) $ 125.0 - $ 10.0 Probable $ 150.0 - $ 12.0 Probable $ 175.0 - $ 14.0 - (1) Achieved in the third quarter of 2021 and expected to be certified following the filing of this Quarterly Report on Form 10-Q.",10,,,,,,,,,,,,,filing,10-Q Q3 2021 — ITEM 1. FINANCIAL STATEMENTS — Note 11 – Equity Incentive Plans,
unpaired_actual,TSLA,2021,,,,,,,,headcount,Headcount,,consolidated,,,,Q3 FY2021,"In addition, 54 as we have increased our employee headcount and operations, we are and may continue to be subject to increased scrutiny, including litigation and government investigations relating to allegations such as discrimination and workplace misconduct, that we will need to defend against.",54,,,,,,,,,,,,,filing,10-Q Q3 2021 — ITEM 1A. RISK FACTORS,
unpaired_actual,TSLA,2021,,,,,,,,revenue,Revenue,,consolidated,,,,Q3 FY2021,"Energy generation and storage revenue increased by $227 million, or 39%, in the three months ended September 30, 2021 as compared to the three months ended September 30, 2020.",$227 million,,,,,,,,,,,,,filing,10-Q Q3 2021 — ITEM 2. MANAGEMENT’S DISCUSSION AND ANALYSIS OF FINANCIAL CONDITION AND RESULTS OF OPERATIONS,
unpaired_actual,TSLA,2021,,,,,,,,revenue,Revenue,,consolidated,,,,Q3 FY2021,"Energy generation and storage revenue increased by $859 million, or 69%, in the nine months ended September 30, 2021 as compared to the nine months ended September 30, 2020.",$859 million,,,,,,,,,,,,,filing,10-Q Q3 2021 — ITEM 2. MANAGEMENT’S DISCUSSION AND ANALYSIS OF FINANCIAL CONDITION AND RESULTS OF OPERATIONS,
unpaired_actual,TSLA,2021,,,,,,,,revenue,Revenue,,segment:automotive,,,,Q3 FY2021,"Cost of automotive sales revenue increased $2.79 billion, or 52%, in the three months ended September 30, 2021 as compared to the three months ended September 30, 2020, primarily due to an increase of 101,183 Model 3 and Model Y cash deliveries, partially offset by a decrease in combined average Model 3 and Model Y costs per unit due to changes in regional production mix, as Gigafactory Shanghai has ramped in capacity, despite a higher proportion of Model Y compared to the prior period.",$2.79 billion,,,,,,,,,,,,,filing,10-Q Q3 2021 — ITEM 2. MANAGEMENT’S DISCUSSION AND ANALYSIS OF FINANCIAL CONDITION AND RESULTS OF OPERATIONS,
unpaired_actual,TSLA,2021,,,,,,,,revenue,Revenue,,segment:automotive,,,,Q3 FY2021,"Cost of automotive sales revenue increased $8.95 billion, or 70%, in the nine months ended September 30, 2021 as compared to the nine months ended September 30, 2020, primarily due to an increase of 304,919 Model 3 and Model Y cash deliveries.",$8.95 billion,,,,,,,,,,,,,filing,10-Q Q3 2021 — ITEM 2. MANAGEMENT’S DISCUSSION AND ANALYSIS OF FINANCIAL CONDITION AND RESULTS OF OPERATIONS,
unpaired_actual,TSLA,2021,,,,,,,,production_volume,Production volume,,consolidated,,,,Q3 FY2021,"These increases were partially offset by a decrease of 21,767 Model S and Model X cash deliveries at higher costs per unit due to temporary under-utilization of manufacturing capacity at lower production volumes during our current production ramp of the new version of Model S. Additionally, there was a decrease in combined average Model 3 and Model Y costs per unit due to changes in regional production mix, as Gigafactory Shanghai has ramped in capacity, despite a higher proportion of Model Y compared to the prior period and lower material, manufacturing, inbound freight and duty costs from localized procurement and manufacturing in China.","21,767",,,,,,,,,,,,,filing,10-Q Q3 2021 — ITEM 2. MANAGEMENT’S DISCUSSION AND ANALYSIS OF FINANCIAL CONDITION AND RESULTS OF OPERATIONS,
unpaired_actual,TSLA,2021,,,,,,,,revenue,Revenue,,segment:automotive,,,,Q3 FY2021,"Cost of automotive leasing revenue increased $89 million, or 61%, in the three months ended September 30, 2021 as compared to the three months ended September 30, 2020, primarily due to increases in cumulative vehicles and purchase options exercised under our direct operating lease program compared to the prior period.",$89 million,,,,,,,,,,,,,filing,10-Q Q3 2021 — ITEM 2. MANAGEMENT’S DISCUSSION AND ANALYSIS OF FINANCIAL CONDITION AND RESULTS OF OPERATIONS,
unpaired_actual,TSLA,2021,,,,,,,,revenue,Revenue,,segment:automotive,,,,Q3 FY2021,"35 Cost of automotive leasing revenue increased $167 million, or 40%, in the nine months ended September 30, 2021 as compared to the nine months ended September 30, 2020, primarily due to increases in cumulative vehicles and purchase options exercised under our direct operating lease program compared to the prior period and the introduction of direct sales-type leasing programs which we began offering in volume during the third quarter of 2020 where we recognize all cost of revenue associated with the sales-type lease upon delivery to the customer.",35,,,,,,,,,,,,,filing,10-Q Q3 2021 — ITEM 2. MANAGEMENT’S DISCUSSION AND ANALYSIS OF FINANCIAL CONDITION AND RESULTS OF OPERATIONS,
unpaired_actual,TSLA,2021,,,,,,,,revenue,Revenue,,consolidated,,,,Q3 FY2021,"Cost of services and other revenue increased $266 million, or 41%, in the three months ended September 30, 2021 as compared to the three months ended September 30, 2020, primarily due to increases in costs to support our increase in non-warranty maintenance services revenue, used vehicle cost of revenue driven by increases in volume and values of trade-ins and costs of retail merchandise as our sales have increased.",$266 million,,,,,,,,,,,,,filing,10-Q Q3 2021 — ITEM 2. MANAGEMENT’S DISCUSSION AND ANALYSIS OF FINANCIAL CONDITION AND RESULTS OF OPERATIONS,
unpaired_actual,TSLA,2021,,,,,,,,revenue,Revenue,,consolidated,,,,Q3 FY2021,"Cost of services and other revenue increased $1.01 billion, or 54%, in the nine months ended September 30, 2021 as compared to the nine months ended September 30, 2020, primarily due to increases in used vehicle cost of revenue driven by increases in volume and values of trade-ins, costs to support our increase in non-warranty maintenance services revenue and costs of retail merchandise as our sales have increased.",$1.01 billion,,,,,,,,,,,,,filing,10-Q Q3 2021 — ITEM 2. MANAGEMENT’S DISCUSSION AND ANALYSIS OF FINANCIAL CONDITION AND RESULTS OF OPERATIONS,
unpaired_actual,TSLA,2021,,,,,,,,gross_margin,Gross margin,,segment:automotive,,,,Q3 FY2021,"Gross margin for total automotive increased from 28% to 30% in the three months ended September 30, 2021 as compared to the three months ended September 30, 2020.",28%,,,,,,,,,,,,,filing,10-Q Q3 2021 — ITEM 2. MANAGEMENT’S DISCUSSION AND ANALYSIS OF FINANCIAL CONDITION AND RESULTS OF OPERATIONS,
unpaired_actual,TSLA,2021,,,,,,,,gross_margin,Gross margin,,segment:automotive,,,,Q3 FY2021,"Gross margin for total automotive increased from 26% to 29% in the nine months ended September 30, 2021 as compared to the nine months ended September 30, 2020.",26%,,,,,,,,,,,,,filing,10-Q Q3 2021 — ITEM 2. MANAGEMENT’S DISCUSSION AND ANALYSIS OF FINANCIAL CONDITION AND RESULTS OF OPERATIONS,
unpaired_actual,TSLA,2021,,,,,,,,production,Production,,product:model_y,,,,Q3 FY2021,The increases were primarily due to favorable changes in sales and production mix of Model 3 and Model Y as Gigafactory Shanghai has ramped in capacity.,3,,,,,,,,,,,,,filing,10-Q Q3 2021 — ITEM 2. MANAGEMENT’S DISCUSSION AND ANALYSIS OF FINANCIAL CONDITION AND RESULTS OF OPERATIONS,
unpaired_actual,TSLA,2021,,,,,,,,gross_margin,Gross margin,,segment:automotive,,,,Q3 FY2021,"Gross margin for total automotive & services and other segment increased from 25% to 28% in the three months ended September 30, 2021 as compared to the three months ended September 30, 2020.",25%,,,,,,,,,,,,,filing,10-Q Q3 2021 — ITEM 2. MANAGEMENT’S DISCUSSION AND ANALYSIS OF FINANCIAL CONDITION AND RESULTS OF OPERATIONS,
unpaired_actual,TSLA,2021,,,,,,,,gross_margin,Gross margin,,segment:automotive,,,,Q3 FY2021,"Gross margin for total automotive & services and other segment increased from 23% to 26% in the nine months ended September 30, 2021 as compared to the nine months ended September 30, 2020.",23%,,,,,,,,,,,,,filing,10-Q Q3 2021 — ITEM 2. MANAGEMENT’S DISCUSSION AND ANALYSIS OF FINANCIAL CONDITION AND RESULTS OF OPERATIONS,
unpaired_actual,TSLA,2021,,,,,,,,revenue,Revenue,,consolidated,,,,Q3 FY2021,"Cost of energy generation and storage revenue increased by $245 million, or 44%, in the three months ended September 30, 2021 as compared to the three months ended September 30, 2020.",$245 million,,,,,,,,,,,,,filing,10-Q Q3 2021 — ITEM 2. MANAGEMENT’S DISCUSSION AND ANALYSIS OF FINANCIAL CONDITION AND RESULTS OF OPERATIONS,
unpaired_actual,TSLA,2021,,,,,,,,revenue,Revenue,,consolidated,,,,Q3 FY2021,"Cost of energy generation and storage revenue increased by $990 million, or 83%, in the nine months ended September 30, 2021 as compared to the nine months ended September 30, 2020.",$990 million,,,,,,,,,,,,,filing,10-Q Q3 2021 — ITEM 2. MANAGEMENT’S DISCUSSION AND ANALYSIS OF FINANCIAL CONDITION AND RESULTS OF OPERATIONS,
unpaired_actual,TSLA,2021,,,,,,,,gross_margin,Gross margin,,consolidated,,,,Q3 FY2021,"Gross margin for energy generation and storage decreased from 4% to 0% in the three months ended September 30, 2021 as compared to the three months ended September 30, 2020, primarily due to a higher proportion of Solar Roof in our overall energy business, which operated at lower gross margins as a result of temporary manufacturing underutilization during product ramp, despite gross margin improvements compared to the prior period, partially offset by improved gross margins in our energy storage business.",4%,,,,,,,,,,,,,filing,10-Q Q3 2021 — ITEM 2. MANAGEMENT’S DISCUSSION AND ANALYSIS OF FINANCIAL CONDITION AND RESULTS OF OPERATIONS,
unpaired_actual,TSLA,2021,,,,,,,,gross_margin,Gross margin,,consolidated,,,,Q3 FY2021,"36 Gross margin for energy generation and storage decreased from 4% to -4% in the nine months ended September 30, 2021 as compared to the nine months ended September 30, 2020, primarily due to a higher proportion of Solar Roof in our overall energy business which operated at lower gross margins as a result of temporary manufacturing underutilization during product ramp despite improvements in gross margins compared to the prior period and increased service maintenance costs on solar energy systems where we are the lessor, partially offset by a higher proportion of Powerwall in our overall energy business which operated at higher gross margins.",36,,,,,,,,,,,,,filing,10-Q Q3 2021 — ITEM 2. MANAGEMENT’S DISCUSSION AND ANALYSIS OF FINANCIAL CONDITION AND RESULTS OF OPERATIONS,
unpaired_actual,TSLA,2021,,,,,,,,headcount,Headcount,,consolidated,,,,Q3 FY2021,"The increase was primarily due to a $111 million increase in employee and labor related expenses due to an increase in headcount, a $60 million increase in facilities, outside services, freight and depreciation expenses, a $44 million increase in R&D expensed materials, and a $29 million increase in stock-based compensation expense.",$111 million,,,,,,,,,,,,,filing,10-Q Q3 2021 — ITEM 2. MANAGEMENT’S DISCUSSION AND ANALYSIS OF FINANCIAL CONDITION AND RESULTS OF OPERATIONS,
unpaired_actual,TSLA,2021,,,,,,,,headcount,Headcount,,consolidated,,,,Q3 FY2021,"The increase was primarily due to a $393 million increase in employee and labor related expenses due to an increase in headcount, a $221 million increase in R&D expensed materials, a $148 million increase in facilities, outside services, freight and depreciation expense and a $120 million increase in stock-based compensation expense.",$393 million,,,,,,,,,,,,,filing,10-Q Q3 2021 — ITEM 2. MANAGEMENT’S DISCUSSION AND ANALYSIS OF FINANCIAL CONDITION AND RESULTS OF OPERATIONS,
unpaired_actual,TSLA,2021,,,,,,,,headcount,Headcount,,consolidated,,,,Q3 FY2021,"The increase is primarily due to an increase of $134 million in employee and labor related expenses from increased headcount and a $106 million increase in office, information technology, facilities-related expenses, sales and marketing activities and other costs.",$134 million,,,,,,,,,,,,,filing,10-Q Q3 2021 — ITEM 2. MANAGEMENT’S DISCUSSION AND ANALYSIS OF FINANCIAL CONDITION AND RESULTS OF OPERATIONS,
unpaired_actual,TSLA,2021,,,,,,,,headcount,Headcount,,consolidated,,,,Q3 FY2021,"The increase is primarily due to an increase of $445 million in employee and labor related expenses from increased headcount and a $223 million increase in office, information technology, facilities-related expenses, sales and marketing activities and other costs.",$445 million,,,,,,,,,,,,,filing,10-Q Q3 2021 — ITEM 2. MANAGEMENT’S DISCUSSION AND ANALYSIS OF FINANCIAL CONDITION AND RESULTS OF OPERATIONS,
unpaired_actual,TSLA,2021,,,,,,,,revenue,Revenue,,segment:automotive,,,,Q3 FY2021,"Automotive sales revenue increased $4.33 billion, or 59%, in the three months ended September 30, 2021 as compared to the three months ended September 30, 2020, primarily due to an increase of 101,183 Model 3 and Model Y cash deliveries.",$4.33 billion,,,,,,,,,,,,,filing,10-Q Q3 2021 — ITEM 2. MANAGEMENT’S DISCUSSION AND ANALYSIS OF FINANCIAL CONDITION AND RESULTS OF OPERATIONS,
unpaired_actual,TSLA,2021,,,,,,,,production,Production,,consolidated,,,,Q3 FY2021,"Over the last 12 months, we've done about 430,000 cars of production.",12,,,,,,,,,,,,,transcript,TSLA_Q3_2021,
unpaired_actual,TSLA,2021,,,,,,,,product_milestone,Product / strategic milestone,,consolidated,,,,Q3 FY2021,"So most recently, the ramp up to Model Y, which was our biggest contributor of volume in Q3.",,,,,,,,,,,,,,transcript,TSLA_Q3_2021,
unpaired_actual,TSLA,2021,,,,,,,,subscribers,Subscribers / customers,,consolidated,,,,FY2021,There may have been some demand for service during 2020 or in the early parts of 2021 that customers put off.,2021,,,,,,,,,,,,,transcript,TSLA_Q3_2021,
unpaired_actual,TSLA,2021,,,,,,,,capacity,Capacity,,consolidated,,,,Q3 FY2021,"While we certainly have work to do in an expanding capacity in some congested areas, average congestion on the network has decreased over the past 18 months.",18,,,,,,,,,,,,,transcript,TSLA_Q3_2021,
unpaired_actual,TSLA,2021,,,,,,,,subscribers,Subscribers / customers,,consolidated,,,,Q3 FY2021,"With the feedback loop back to the customer on how they are driving after every drive, the attributes that they were successful on or unsuccessful on, and the tips of things that they can do to improve their safety.",,,,,,,,,,,,,,transcript,TSLA_Q3_2021,
unpaired_actual,TSLA,2021,,,,,,,,subscribers,Subscribers / customers,,consolidated,,,,Q3 FY2021,The first is that the probability of collision for a customer using safety score versus not is 30% lower.,30%,,,,,,,,,,,,,transcript,TSLA_Q3_2021,
unpaired_actual,TSLA,2021,,,,,,,,regulatory_credit_revenue,Regulatory credit revenue,,consolidated,,,,Q3 FY2021,"Financially, our auto gross margins reached 30.5% on a GAAP basis and just under 29%, excluding regulatory credits, which was our strongest yet.",30.5%,,,,,,,,,,,,,transcript,TSLA_Q3_2021,
unpaired_actual,TSLA,2021,,,,,,,,operating_margin,Operating margin,,consolidated,,,,Q3 FY2021,And I think the net of all of this is hopefully that we continue to make progress on operating margin over the next 4 of 5 quarters.,4,,,,,,,,,,,,,transcript,TSLA_Q3_2021,
unpaired_actual,TSLA,2021,,,,,,,,capacity,Capacity,,consolidated,,,,FY2025,"On cash, we generated record operating cash flows of $3.1 billion and continued to invest heavily in the build-out of manufacturing, supercharging, and service capacity.",$3.1 billion,,,,,,,,,,,,,transcript,TSLA_Q3_2021,
unpaired_actual,TSLA,2021,,,,,,,,operating_expenses,Operating expenses,,consolidated,,,,FY2012,Operating expenses were meaningfully impacted by stock-based compensation from the final two tranches of the CEO stock grant becoming probable and payroll taxes associated with the exercise of the 2012 CEO options.,2012,,,,,,,,,,,,,transcript,TSLA_Q4_2021,
unpaired_actual,TSLA,2021,,,,,,,,capital_expenditure,Capital expenditure,,consolidated,,,,Q4 FY2021,"Our free cash flows have remained strong, reaching record levels in Q4 of $2.8 billion, despite increased CapEx.",$2.8 billion,,,,,,,,,,,,,transcript,TSLA_Q4_2021,
unpaired_actual,TSLA,2021,,,,,,,,volume_impact,Volume impact,,consolidated,,,,FY2022,"We continue to drive for vehicle volume growth at or above 50%, as Elon mentioned, and our plans show that this is actually achievable with just our Fremont and Shanghai factories.",above 50%,,,,,,,,,,,,,transcript,TSLA_Q4_2021,
unpaired_actual,TSLA,2021,,,,,,,,operating_margin,Operating margin,,consolidated,,,,FY2021,"Additionally, we reached the highest operating margin in the industry in the last widely reported quarter at over 14% GAAP operating margin.",14%,,,,,,,,,,,,,transcript,TSLA_Q4_2021,
unpaired_actual,TSLA,2021,,,,,,,,profitability_timing,Profitability timing,,consolidated,,,,FY2021,"Lastly, thanks to $5.5 billion of GAAP net income in 2021, our accumulated profitability since the inception of the Company became positive, which I think makes us a real company at this point.",$5.5 billion,,,,,,,,,,,,,transcript,TSLA_Q4_2021,
unpaired_actual,TSLA,2021,,,,,,,,production,Production,,consolidated,,,,Q4 FY2021,Like you actually have to reach scale production and have cash and exceed cash out.,,,,,,,,,,,,,,transcript,TSLA_Q4_2021,
unpaired_actual,TSLA,2021,,,,,,,,production,Production,,consolidated,,,,Q4 FY2021,"Sort through them and say, which one are we actually going to going through blood, sweat and tears in terms of bringing to volume production.",,,,,,,,,,,,,,transcript,TSLA_Q4_2021,
unpaired_actual,TSLA,2021,,,,,,,,production,Production,,consolidated,,,,Q4 FY2021,"Unidentified Company Representative And the closer you are to applying blood, sweat and tears to actual production, the faster you'll be able to bring new things into actual production.",,,,,,,,,,,,,,transcript,TSLA_Q4_2021,
unpaired_actual,TSLA,2021,,,,,,,,capacity,Capacity,,consolidated,,,,Q4 FY2021,If an asset has 5 times more utilization than the -- it's like dividing the cost of that asset by 5.,5,,,,,,,,,,,,,transcript,TSLA_Q4_2021,
unpaired_actual,TSLA,2021,,,,,,,,gross_margin,Gross margin,,segment:automotive,,,,Q4 FY2021,"For Q4 specifically, automotive gross margin, excluding credits, increased to 29.2%, which is our highest yet.",29.2%,,,,,,,,,,,,,transcript,TSLA_Q4_2021,
unpaired_actual,TSLA,2021,,,,,,,,powertrain_cost_reduction,Powertrain Cost Reduction,,consolidated,,,,FY2021,"Programs and Incentives California Alternative Energy and Advanced Transportation Financing Authority Tax Incentives We have agreements with the California Alternative Energy and Advanced Transportation Financing Authority that provide multi-year sales tax exclusions on purchases of manufacturing equipment that will be used for specific purposes, including the expansion and ongoing development of electric vehicles and powertrain production in California, thus reducing our cost basis in the related assets in our consolidated financial statements included elsewhere in this Annual Report on Form 10-K. Gigafactory Nevada—Nevada Tax Incentives In connection with the construction of Gigafactory Nevada, we entered into agreements with the State of Nevada and Storey County in Nevada that provide abatements for specified taxes, discounts to the base tariff energy rates and transferable tax credits in consideration of capital investment and hiring targets that were met at Gigafactory Nevada.",10,,,,,,,,,,,,,filing,10-K FY2021 — ITEM 1. BUSINESS,
unpaired_actual,TSLA,2021,,,,,,,,subscribers,Subscribers / customers,,consolidated,,,,FY2021,"7 Insurance In August 2019, we launched an insurance product designed for our customers in California.",7,,,,,,,,,,,,,filing,10-K FY2021 — ITEM 1. BUSINESS,
unpaired_actual,TSLA,2021,,,,,,,,revenue,Revenue,,segment:automotive,,,,FY2021,"Additionally, we had a $365 million net release of our sales return reserve on vehicles sold with resale value guarantees, which increased our automotive sales revenue, due to actual return rates being lower than expected and increases in resale values of our vehicles in 2021.",$365 million,,,,,,,,,,,,,filing,10-K FY2021 — ITEM 7. MANAGEMENT’S DISCUSSION AND ANALYSIS OF FINANCIAL CONDITION AND RESULTS OF OPERATIONS,
unpaired_actual,TSLA,2021,,,,,,,,revenue,Revenue,,segment:automotive,,,,FY2021,"The increases in automotive sales revenue were partially offset by a decrease of 28,819 Model S and Model X cash deliveries at a higher combined average selling price as deliveries of the new versions of Model S and Model X only began ramping in the second and fourth quarters of 2021, respectively.","28,819",,,,,,,,,,,,,filing,10-K FY2021 — ITEM 7. MANAGEMENT’S DISCUSSION AND ANALYSIS OF FINANCIAL CONDITION AND RESULTS OF OPERATIONS,
unpaired_actual,TSLA,2021,,,,,,,,revenue,Revenue,,segment:automotive,,,,FY2021,"2021 compared to 2020 Cost of automotive sales revenue increased $12.72 billion, or 65%, in the year ended December 31, 2021 as compared to the year ended December 31, 2020, primarily due to an increase of 433,815 Model 3 and Model Y cash deliveries.",$12.72 billion,,,,,,,,,,,,,filing,10-K FY2021 — ITEM 7. MANAGEMENT’S DISCUSSION AND ANALYSIS OF FINANCIAL CONDITION AND RESULTS OF OPERATIONS,
unpaired_actual,TSLA,2021,,,,,,,,production_volume,Production volume,,consolidated,,,,FY2021,"These increases were partially offset by a decrease of 28,819 Model S and Model X cash deliveries at higher costs per unit due to temporary under-utilization of manufacturing capacity at lower production volumes during our current production ramp of the new versions of Model S and Model X. Additionally, there was a decrease in combined average Model 3 and Model Y costs per unit due to changes in regional production mix as Gigafactory Shanghai has ramped in capacity, where costs are lower from localized procurement and manufacturing in China.","28,819",,,,,,,,,,,,,filing,10-K FY2021 — ITEM 7. MANAGEMENT’S DISCUSSION AND ANALYSIS OF FINANCIAL CONDITION AND RESULTS OF OPERATIONS,
unpaired_actual,TSLA,2021,,,,,,,,revenue,Revenue,,segment:automotive,,,,FY2021,"38 Cost of automotive leasing revenue increased $415 million, or 74%, in the year ended December 31, 2021 as compared to the year ended December 31, 2020, primarily due to an increase in cumulative vehicles under our direct operating lease program and an increase in direct sales-type leasing cost of revenues from more sales in the current year.",38,,,,,,,,,,,,,filing,10-K FY2021 — ITEM 7. MANAGEMENT’S DISCUSSION AND ANALYSIS OF FINANCIAL CONDITION AND RESULTS OF OPERATIONS,
unpaired_actual,TSLA,2021,,,,,,,,gross_margin,Gross margin,,segment:automotive,,,,FY2021,"Gross margin for total automotive increased from 25.6% in the year ended December 31, 2020 to 29.3% in the year ended December 31, 2021.",25.6%,,,,,,,,,,,,,filing,10-K FY2021 — ITEM 7. MANAGEMENT’S DISCUSSION AND ANALYSIS OF FINANCIAL CONDITION AND RESULTS OF OPERATIONS,
unpaired_actual,TSLA,2021,,,,,,,,gross_margin,Gross margin,,segment:automotive,,,,FY2021,"Gross margin for total automotive & services and other segment increased from 22.4% in the year ended December 31, 2020 to 26.9% in the year ended December 31, 2021, primarily due to the automotive gross margin impacts discussed above and an improvement in our services and other gross margin.",22.4%,,,,,,,,,,,,,filing,10-K FY2021 — ITEM 7. MANAGEMENT’S DISCUSSION AND ANALYSIS OF FINANCIAL CONDITION AND RESULTS OF OPERATIONS,
unpaired_actual,TSLA,2021,,,,,,,,revenue,Revenue,,consolidated,,,,FY2021,"2021 compared to 2020 Cost of energy generation and storage revenue increased by $942 million, or 48%, in the year ended December 31, 2021 as compared to the year ended December 31, 2020, primarily due to increases in deployments of Solar Roof, solar cash and loan jobs, Megapack and Powerwall, partially offset by reductions in average costs per unit of Solar Roof as deployments have increased and a decrease in Powerpack deployments as we phase out the product following the introduction of Megapack.",$942 million,,,,,,,,,,,,,filing,10-K FY2021 — ITEM 7. MANAGEMENT’S DISCUSSION AND ANALYSIS OF FINANCIAL CONDITION AND RESULTS OF OPERATIONS,
unpaired_actual,TSLA,2021,,,,,,,,headcount,Headcount,,consolidated,,,,FY2021,"The increase was primarily due to a $506 million increase in employee and labor related expenses due to an increase in headcount, a $263 million increase in R&D expensed materials, a $211 million increase in facilities, outside services, freight and depreciation expense and an $103 million increase in stock-based compensation expense.",$506 million,,,,,,,,,,,,,filing,10-K FY2021 — ITEM 7. MANAGEMENT’S DISCUSSION AND ANALYSIS OF FINANCIAL CONDITION AND RESULTS OF OPERATIONS,
unpaired_actual,TSLA,2021,,,,,,,,headcount,Headcount,,consolidated,,,,FY2021,"The increase is primarily due to an increase of $568 million in employee and labor related expenses from increased headcount and increased payroll taxes due to our higher average share price in the year ended December 31, 2021 compared to the prior year.",$568 million,,,,,,,,,,,,,filing,10-K FY2021 — ITEM 7. MANAGEMENT’S DISCUSSION AND ANALYSIS OF FINANCIAL CONDITION AND RESULTS OF OPERATIONS,
unpaired_actual,TSLA,2021,,,,,,,,revenue,Revenue,,consolidated,,,,FY2021,"See Note 13, Equity Incentive Plans , to the consolidated financial statements included elsewhere in this Annual Report on Form 10-K. SG&A expenses as a percentage of revenue decreased from 10% in the year ended December 31, 2020 to 8% in the year ended December 31, 2021.","13,",,,,,,,,,,,,,filing,10-K FY2021 — ITEM 7. MANAGEMENT’S DISCUSSION AND ANALYSIS OF FINANCIAL CONDITION AND RESULTS OF OPERATIONS,
unpaired_actual,TSLA,2021,,,,,,,,production,Production,,consolidated,,,,FY2021,"The decrease in our net operating assets and liabilities was mainly driven by a larger increase of accounts payable and accrued liabilities in the year ended December 31, 2021 as compared to the prior year from ramp up in production at Gigafactory Shanghai and the Fremont Factory.",,,,,,,,,,,,,,filing,10-K FY2021 — ITEM 7. MANAGEMENT’S DISCUSSION AND ANALYSIS OF FINANCIAL CONDITION AND RESULTS OF OPERATIONS,
unpaired_actual,TSLA,2021,,,,,,,,subscribers,Subscribers / customers,,consolidated,,,,FY2021,"As of December 31, 2021 and 2020, the total outstanding balance of MyPower customer notes receivable, net of allowance for expected credit losses, was $ 299 million and $ 334 million, respectively, of which $ 11 million and $ 9 million were due in the next 12 months as of December 31, 2021 and 2020, respectively.",$ 299 million,,,,,,,,,,,,,filing,10-K FY2021 — ITEM 8. FINANCIAL STATEME,
unpaired_actual,TSLA,2021,,,,,,,,product_milestone,Product / strategic milestone,,consolidated,,,,FY2021,"For the year ended December 31, 2021, accrued purchases increased as we continued construction and expansion of our facilities and operations.",,,,,,,,,,,,,,filing,10-K FY2021 — ITEM 8. FINANCIAL STATEME,
unpaired_actual,TSLA,2021,,,,,,,,adjusted_ebitda,Adjusted EBITDA,,consolidated,,,,FY2021,"Each of the 12 vesting tranches of the 2018 CEO Performance Award will vest upon certification by the Board of Directors that both (i) the market capitalization milestone for such tranche, which begins at $ 100.0 billion for the first tranche and increases by increments of $ 50.0 billion thereafter (based on both a six calendar month trailing average and a 30 calendar day trailing average, counting only trading days), has been achieved, and (ii) any one of the following eight operational milestones focused on total revenue or any one of the eight operational milestones focused on Adjusted EBITDA have been achieved for the four consecutive fiscal quarters on an annualized basis and subsequently reported by us in our consolidated financial statements filed with our Forms 10-Q and/or 10-K.",12,,,,,,,,,,,,,filing,10-K FY2021 — ITEM 8. FINANCIAL STATEME,
unpaired_actual,TSLA,2021,,,,,,,,product_milestone,Product / strategic milestone,,consolidated,,,,Q1 FY2022,"Historically, the expected market capitalization achievement times were generally later than the related expected operational milestone achievement times.",,,,,,,,,,,,,,filing,10-Q Q1 2022 — ITEM 1. FINANCIAL STATEMENTS — Note 11 – Equity Incentive Plans,
unpaired_actual,TSLA,2021,,,,,,,,adjusted_ebitda,Adjusted EBITDA,,consolidated,,,,Q1 FY2022,"Each of the 12 vesting tranches of the 2018 CEO Performance Award will vest upon certification by the Board of Directors that both (i) the market capitalization milestone for such tranche, which begins at $ 100.0 billion for the first tranche and increases by increments of $ 50.0 billion thereafter (based on both a six calendar month trailing average and a 30 calendar day trailing average, counting only trading days), has been achieved, and (ii) any one of the following eight operational milestones focused on total revenue or any one of the eight operational milestones focused on Adjusted EBITDA have been achieved for the four consecutive fiscal quarters on an annualized basis and subsequently reported by us in our consolidated financial statements filed with our Forms 10-Q and/or 10-K.",12,,,,,,,,,,,,,filing,10-Q Q1 2022 — ITEM 1. FINANCIAL STATEMENTS — Note 11 – Equity Incentive Plans,
unpaired_actual,TSLA,2021,,,,,,,,adjusted_ebitda,Adjusted EBITDA,,consolidated,,,,Q1 FY2022,"Although an operational milestone is deemed achieved in the last quarter of the relevant annualized period, it may be certified only after the financial statements supporting its achievement have been filed with our Forms 10-Q and/or 10-K. Total Annualized Revenue Annualized Adjusted EBITDA Milestone (in billions) Achievement Status Milestone (in billions) Achievement Status $ 20.0 Achieved $ 1.5 Achieved $ 35.0 Achieved $ 3.0 Achieved $ 55.0 Achieved (1) $ 4.5 Achieved $ 75.0 Probable $ 6.0 Achieved $ 100.0 - $ 8.0 Achieved $ 125.0 - $ 10.0 Achieved $ 150.0 - $ 12.0 Achieved (1) $ 175.0 - $ 14.0 Achieved (1) (1) Achieved in the first quarter of 2022 and expected to be certified following the filing of this Quarterly Report on Form 10-Q.",10,,,,,,,,,,,,,filing,10-Q Q1 2022 — ITEM 1. FINANCIAL STATEMENTS — Note 11 – Equity Incentive Plans,
unpaired_actual,TSLA,2021,,,,,,,,product_milestone,Product / strategic milestone,,consolidated,,,,Q1 FY2022,"On the grant date, a Monte Carlo simulation was used to determine for each tranche (i) a fixed amount of expense for such tranche and (ii) the future time when the market capitalization milestone for such tranche was expected to be achieved, or its “expected market capitalization milestone achievement time.” Separately, based on a subjective assessment of our future financial performance, each quarter we determine whether it is probable that we will achieve each operational milestone that has not previously been achieved or deemed probable of achievement and if so, the future time when we expect to achieve that operational milestone, or its “expected operational milestone achievement time.” When we first determine that an operational milestone has become probable of being achieved, we allocate the entire expense for the related tranche over the number of quarters between the grant date and the then-applicable “expected full achievement time.” The “expected full achievement time” at any given time is the later of (i) the expected operational milestone achievement time (if the related operational milestone has not yet been achieved) and (ii) the expected market capitalization milestone achievement time (if the related market capitalization milestone had not yet been achieved).",,,,,,,,,,,,,,filing,10-Q Q1 2022 — ITEM 1. FINANCIAL STATEMENTS — Note 11 – Equity Incentive Plans,
unpaired_actual,TSLA,2021,,,,,,,,revenue,Revenue,,consolidated,,,,Q1 FY2022,"Increased competition could result in our lower vehicle unit sales, price reductions, revenue shortfalls, loss of customers and loss of market share, which may harm our business, financial condition and operating results.",,,,,,,,,,,,,,filing,10-Q Q1 2022 — ITEM 1A. RISK FACTORS,
unpaired_actual,TSLA,2021,,,,,,,,subscribers,Subscribers / customers,,consolidated,,,,Q1 FY2022,Decreases in the retail or wholesale prices of electricity from utilities or other renewable energy sources could make our products less attractive to customers and lead to an increased rate of residential customer defaults under our existing long-term leases and PPAs.,,,,,,,,,,,,,,filing,10-Q Q1 2022 — ITEM 1A. RISK FACTORS,
unpaired_actual,TSLA,2021,,,,,,,,production,Production,,consolidated,,,,Q1 FY2022,"Similarly, increased demand for personal electronics has created a shortfall of semiconductors, which has caused challenges in our supply chain and production.",,,,,,,,,,,,,,filing,10-Q Q1 2022 — ITEM 1A. RISK FACTORS,
unpaired_actual,TSLA,2021,,,,,,,,headcount,Headcount,,consolidated,,,,Q1 FY2022,"It is not uncommon for employees of certain trades at companies such as us to belong to a union, which can result in higher employee costs and increased risk of work stoppages.",,,,,,,,,,,,,,filing,10-Q Q1 2022 — ITEM 1A. RISK FACTORS,
unpaired_actual,TSLA,2021,,,,,,,,headcount,Headcount,,consolidated,,,,Q1 FY2022,"In addition, as we have increased our employee headcount and operations, we are and may continue to be subject to increased scrutiny, including litigation and government investigations relating to 51 allegations such as discrimination and workplace misconduct, that we will need to defend against.",51,,,,,,,,,,,,,filing,10-Q Q1 2022 — ITEM 1A. RISK FACTORS,
unpaired_actual,TSLA,2021,,,,,,,,production,Production,,product:model_3,,,,Q1 FY2022,"These increases were partially offset by a decrease in combined average Model 3 and Model Y costs per unit due to changes in regional production mix as Gigafactory Shanghai ramped in capacity, where costs are lower from localized procurement and manufacturing in China as well as decrease in combined average Model S and Model X costs per unit driven by lower average cost for the new versions of Model S and Model X from ramping up production.",3,,,,,,,,,,,,,filing,10-Q Q1 2022 — ITEM 2. MANAGEMENT’S DISCUSSION AND ANALYSIS OF FINANCIAL CONDITION AND RESULTS OF OPERATIONS,
unpaired_actual,TSLA,2021,,,,,,,,revenue_growth,Revenue growth,,segment:automotive,,,,Q1 FY2022,"Cost of automotive leasing revenue increased $248 million, or 155%, in the three months ended March 31, 2022 as compared to the three months ended March 31, 2021, primarily due to an increase in direct sales-type leasing cost of revenues from more sales in the current year and an increase in cumulative vehicles under our direct operating lease program.",$248 million,,,,,,,,,,,,,filing,10-Q Q1 2022 — ITEM 2. MANAGEMENT’S DISCUSSION AND ANALYSIS OF FINANCIAL CONDITION AND RESULTS OF OPERATIONS,
unpaired_actual,TSLA,2021,,,,,,,,gross_margin,Gross margin,,segment:automotive,,,,Q1 FY2022,"Gross margin for total automotive increased from 26.5% in the three months ended March 31, 2021 to 32.9% in the three months ended March 31, 2022.",26.5%,,,,,,,,,,,,,filing,10-Q Q1 2022 — ITEM 2. MANAGEMENT’S DISCUSSION AND ANALYSIS OF FINANCIAL CONDITION AND RESULTS OF OPERATIONS,
unpaired_actual,TSLA,2021,,,,,,,,regulatory_credit_revenue,Regulatory credit revenue,,consolidated,,,,Q1 FY2022,"There was also an increase in overall Model S and Model X cash deliveries at a lower combined average cost per unit year over year, as well as an increase of $161 million in sales of regulatory credits, which have negligible incremental costs associated with them.",$161 million,,,,,,,,,,,,,filing,10-Q Q1 2022 — ITEM 2. MANAGEMENT’S DISCUSSION AND ANALYSIS OF FINANCIAL CONDITION AND RESULTS OF OPERATIONS,
unpaired_actual,TSLA,2021,,,,,,,,gross_margin,Gross margin,,segment:automotive,,,,Q1 FY2022,"Gross margin for total automotive & services and other segment increased from 23.4% in the three months ended March 31, 2021 to 30.5% in the three months ended March 31, 2022, primarily due to the automotive gross margin impacts discussed above and an improvement in our services and other gross margin.",23.4%,,,,,,,,,,,,,filing,10-Q Q1 2022 — ITEM 2. MANAGEMENT’S DISCUSSION AND ANALYSIS OF FINANCIAL CONDITION AND RESULTS OF OPERATIONS,
unpaired_actual,TSLA,2021,,,,,,,,revenue,Revenue,,consolidated,,,,Q1 FY2022,"Cost of energy generation and storage revenue increased by $93 million, or 16%, in the three months ended March 31, 2022 as compared to the three months ended March 31, 2021, primarily due to increases in deployments of Powerwall and Megapack, partially offset by a decrease in solar cash and loan costs as deployments have decreased and reductions in average costs per unit of Solar Roof.",$93 million,,,,,,,,,,,,,filing,10-Q Q1 2022 — ITEM 2. MANAGEMENT’S DISCUSSION AND ANALYSIS OF FINANCIAL CONDITION AND RESULTS OF OPERATIONS,
unpaired_actual,TSLA,2021,,,,,,,,gross_margin,Gross margin,,consolidated,,,,Q1 FY2022,"Gross margin for energy generation and storage increased from -20.4% in the three months ended March 31, 2021 to -11.7% in the three months ended March 31, 2022, primarily due to higher deployments of Powerwall which operated at a higher gross margin as well as an improvement in Solar Roof gross margin due to reductions in average costs per unit.",,,,,,,,,,,,,,filing,10-Q Q1 2022 — ITEM 2. MANAGEMENT’S DISCUSSION AND ANALYSIS OF FINANCIAL CONDITION AND RESULTS OF OPERATIONS,
unpaired_actual,TSLA,2021,,,,,,,,headcount,Headcount,,consolidated,,,,Q1 FY2022,"The increase was primarily due to a $90 million increase in facilities, outside services, freight and depreciation expense, a $75 million increase in employee and labor related expenses due to an increase in headcount, an $18 million increase in stock-based compensation expense, and a $13 million increase in R&D expensed materials.",$90 million,,,,,,,,,,,,,filing,10-Q Q1 2022 — ITEM 2. MANAGEMENT’S DISCUSSION AND ANALYSIS OF FINANCIAL CONDITION AND RESULTS OF OPERATIONS,
unpaired_actual,TSLA,2021,,,,,,,,headcount,Headcount,,consolidated,,,,Q1 FY2022,"This was offset by an increase of $110 million in employee and labor related expenses from increased headcount and an increase of $68 million in office, information technology, facilities-related expenses, sales and marketing activities and other costs.",$110 million,,,,,,,,,,,,,filing,10-Q Q1 2022 — ITEM 2. MANAGEMENT’S DISCUSSION AND ANALYSIS OF FINANCIAL CONDITION AND RESULTS OF OPERATIONS,
unpaired_actual,TSLA,2021,,,,,,,,production,Production,,consolidated,,,,Q1 FY2022,"The increase in our net operating assets and liabilities was mainly driven by a larger increase of inventory in the three months ended March 31, 2022 as compared to the three months ended March 31, 2021 to support the ramp up in production at our factories and a larger increase in other non-current assets.",,,,,,,,,,,,,,filing,10-Q Q1 2022 — ITEM 2. MANAGEMENT’S DISCUSSION AND ANALYSIS OF FINANCIAL CONDITION AND RESULTS OF OPERATIONS,
unpaired_actual,TSLA,2021,,,,,,,,revenue,Revenue,,segment:automotive,,,,Q1 FY2022,"Automotive sales revenue increased $7.33 billion, or 89%, in the three months ended March 31, 2022 as compared to the three months ended March 31, 2021, primarily due to an increase of 111,915 Model 3 and Model Y cash deliveries, and an increase of 10,305 Model S and Model X cash deliveries year over year.",$7.33 billion,,,,,,,,,,,,,filing,10-Q Q1 2022 — ITEM 2. MANAGEMENT’S DISCUSSION AND ANALYSIS OF FINANCIAL CONDITION AND RESULTS OF OPERATIONS,
unpaired_actual,TSLA,2021,,,,,,,,deliveries,Deliveries,,consolidated,,,,Q1 FY2022,"There was also an increase in the average selling price of Model S and Model X compared to the prior period as deliveries of the new versions of Model S and Model X only began ramping in the second and fourth quarters of 2021, respectively.","2021,",,,,,,,,,,,,,filing,10-Q Q1 2022 — ITEM 2. MANAGEMENT’S DISCUSSION AND ANALYSIS OF FINANCIAL CONDITION AND RESULTS OF OPERATIONS,
unpaired_actual,TSLA,2021,,,,,,,,regulatory_credit_revenue,Regulatory credit revenue,,segment:automotive,,,,Q1 FY2022,"31 Automotive regulatory credits revenue increased $161 million, or 31%, in the three months ended March 31, 2022 as compared to the three months ended March 31, 2021, primarily due to changes in regulation which entitled us to additional consideration of $288 million in revenue for credits sold previously, in the absence of which we had a decrease in automotive regulatory credits revenue driven by lower sales of regulatory credits.",31,,,,,,,,,,,,,filing,10-Q Q1 2022 — ITEM 2. MANAGEMENT’S DISCUSSION AND ANALYSIS OF FINANCIAL CONDITION AND RESULTS OF OPERATIONS,
unpaired_actual,TSLA,2021,,,,,,,,revenue_growth,Revenue growth,,segment:automotive,,,,Q1 FY2022,"Automotive leasing revenue increased $371 million, or 125%, in the three months ended March 31, 2022 as compared to the three months ended March 31, 2021, primarily due to an increase in direct sales-type leasing revenue and an increase in cumulative vehicles under our direct operating lease program .",$371 million,,,,,,,,,,,,,filing,10-Q Q1 2022 — ITEM 2. MANAGEMENT’S DISCUSSION AND ANALYSIS OF FINANCIAL CONDITION AND RESULTS OF OPERATIONS,
unpaired_actual,TSLA,2021,,,,,,,,revenue_growth,Revenue growth,,consolidated,,,,Q1 FY2022,"Services and other revenue increased $386 million, or 43%, in the three months ended March 31, 2022 as compared to the three months ended March 31, 2021, primarily due to non-warranty maintenance services revenue as our fleet continues to grow, increase in used vehicle revenue driven by increases in volume and average selling prices of used vehicles, retail merchandise revenue and insurance services revenue.",$386 million,,,,,,,,,,,,,filing,10-Q Q1 2022 — ITEM 2. MANAGEMENT’S DISCUSSION AND ANALYSIS OF FINANCIAL CONDITION AND RESULTS OF OPERATIONS,
unpaired_actual,TSLA,2021,,,,,,,,revenue,Revenue,,consolidated,,,,Q1 FY2022,"Energy generation and storage revenue increased by $122 million, or 25%, in the three months ended March 31, 2022 as compared to the three months ended March 31, 2021, primarily due to an increase in deployments of Powerwall and Megapack.",$122 million,,,,,,,,,,,,,filing,10-Q Q1 2022 — ITEM 2. MANAGEMENT’S DISCUSSION AND ANALYSIS OF FINANCIAL CONDITION AND RESULTS OF OPERATIONS,
unpaired_actual,TSLA,2021,,,,,,,,production,Production,,consolidated,,,,Q1 FY2022,"It’s important for new factories to be focused on -- and have the least amount of complexity and variation, which is why Giga Berlin and Giga Texas are focused on the Model Y. It’s -- from the point in which you have a factory complete and you’re making a small number of units to the point where it’s producing high-quality vehicles in volume is sort of 9 to 12 months from start of production.",9,,,,,,,,,,,,,transcript,TSLA_Q1_2022,
unpaired_actual,TSLA,2021,,,,,,,,production,Production,,consolidated,,,,Q1 FY2022,"But to get to sort of the 5,000 a week level has typically taken us around 12 months from start of production.","5,000",,,,,,,,,,,,,transcript,TSLA_Q1_2022,
unpaired_actual,TSLA,2021,,,,,,,,profitability_timing,Profitability timing,,consolidated,,,,Q1 FY2022,"Elon Musk Actually, on the price increase front, I should mention that it may seem like maybe we’re being unreasonable about increasing the prices of our vehicles, given that we had record profitability this quarter, but the wait list for our vehicles is quite long.",,,,,,,,,,,,,,transcript,TSLA_Q1_2022,
unpaired_actual,TSLA,2021,,,,,,,,deliveries,Deliveries,,consolidated,,,,Q1 FY2022,"Despite numerous supply interruptions, including shuts at our Shanghai factory and nearby suppliers due to COVID, we’ve continued making progress and achieved our best-ever vehicle deliveries.",,,,,,,,,,,,,,transcript,TSLA_Q1_2022,
unpaired_actual,TSLA,2021,,,,,,,,regulatory_credit_revenue,Regulatory credit revenue,,segment:automotive,,,,Q1 FY2022,GAAP automotive gross margin reached 32.9% and first time exceeded 30% when excluding regulatory credits.,32.9%,,,,,,,,,,,,,transcript,TSLA_Q1_2022,
unpaired_actual,TSLA,2021,,,,,,,,production_volume,Production volume,,consolidated,,,,Q1 FY2022,"Like I said, it’s long-term, like years now, it makes sense probably to an 800-volt architecture probably, but it really needs a very big vehicle volume to pay for the cost of changing from 400 to 800 volts.",800,,,,,,,,,,,,,transcript,TSLA_Q1_2022,
unpaired_actual,TSLA,2021,,,,,,,,revenue,Revenue,,consolidated,,,,Q1 FY2022,"We also recognized a onetime benefit of $288 million from credit revenue relating to a regulatory change in the U.S. CAFE penalty, without of which credit revenue would have declined compared to the same period last year.",$288 million,,,,,,,,,,,,,transcript,TSLA_Q1_2022,
unpaired_actual,TSLA,2021,,,,,,,,operating_margin,Operating margin,,consolidated,,,,Q1 FY2022,"As a result of our ongoing improvements in operating leverage, we achieved a record operating margin of over 19%.",19%,,,,,,,,,,,,,transcript,TSLA_Q1_2022,
unpaired_actual,TSLA,2021,,,,,,,,production,Production,,consolidated,,,,FY2023,"4680 output is not a risk to achieving 1.5 million vehicles produced this year, but it would become a risk next year if we do not solve volume production by early 2023, but we’re highly confident of doing so.",4680,,,,,,,,,,,,,transcript,TSLA_Q1_2022,
unpaired_actual,TSLA,2021,,,,,,,,production,Production,,consolidated,,,,Q1 FY2022,"Our free cash flows have remained quite strong, yet were impacted by working capital related to lower-than-planned production.",,,,,,,,,,,,,,transcript,TSLA_Q1_2022,
unpaired_actual,TSLA,2021,,,,,,,,operating_margin,Operating margin,,consolidated,,,,Q1 FY2022,"Q1 was once again a record quarter on many levels, by reaching the highest deliveries, profit and an operating margin of 19%.",19%,,,,,,,,,,,,,transcript,TSLA_Q1_2022,
unpaired_actual,TSLA,2021,,,,,,,,capacity,Capacity,,consolidated,,,,Q1 FY2022,"With the growth of the cars that we’re producing and then anticipating what you were discussing, overall charger capacity is really important.",,,,,,,,,,,,,,transcript,TSLA_Q1_2022,
unpaired_actual,TSLA,2021,,,,,,,,adjusted_ebitda,Adjusted EBITDA,,consolidated,,,,Q2 FY2022,"Each of the 12 vesting tranches of the 2018 CEO Performance Award will vest upon certification by the Board of Directors that both (i) the market capitalization milestone for such tranche, which begins at $ 100.0 billion for the first tranche and increases by increments of $ 50.0 billion thereafter (based on both a six calendar month trailing average and a 30 calendar day trailing average, counting only trading days), has been achieved, and (ii) any one of the following eight operational milestones focused on total revenue or any one of the eight operational milestones focused on Adjusted EBITDA have been achieved for the four consecutive fiscal quarters on an annualized basis and subsequently reported by us in our consolidated financial statements filed with our Forms 10-Q and/or 10-K.",12,,,,,,,,,,,,,filing,10-Q Q2 2022 — ITEM 1. FINANCIAL STATEMENTS — Note 11 – Equity Incentive Plans,
unpaired_actual,TSLA,2021,,,,,,,,production,Production,,consolidated,,,,Q2 FY2022,"There were also idle capacity charges of $168 million due to the temporary suspension of production at Gigafactory Shanghai as well as the ramping up of production in Gigafactory Texas during the three months ended June 30, 2022.",$168 million,,,,,,,,,,,,,filing,10-Q Q2 2022 — ITEM 2. MANAGEMENT’S DISCUSSION AND ANALYSIS OF FINANCIAL CONDITION AND RESULTS OF OPERATIONS,
unpaired_actual,TSLA,2021,,,,,,,,production,Production,,product:model_3,,,,Q2 FY2022,"Further there was an increase in combined average Model 3 and Model Y costs per unit due to overall rising raw material, commodity, logistics and expedite costs and the ramping up of production at Gigafactory Berlin-Brandenburg and Gigafactory Texas during the three months ended June 30, 2022 as compared to the three months ended June 30, 2021.",3,,,,,,,,,,,,,filing,10-Q Q2 2022 — ITEM 2. MANAGEMENT’S DISCUSSION AND ANALYSIS OF FINANCIAL CONDITION AND RESULTS OF OPERATIONS,
unpaired_actual,TSLA,2021,,,,,,,,production,Production,,consolidated,,,,Q2 FY2022,"There were also idle capacity charges of $198 million due to the temporary suspension of production at Gigafactory Shanghai as well as the ramping up of production in Gigafactory Texas during the six months ended June 30, 2022.",$198 million,,,,,,,,,,,,,filing,10-Q Q2 2022 — ITEM 2. MANAGEMENT’S DISCUSSION AND ANALYSIS OF FINANCIAL CONDITION AND RESULTS OF OPERATIONS,
unpaired_actual,TSLA,2021,,,,,,,,revenue,Revenue,,segment:automotive,,,,Q2 FY2022,"Cost of automotive leasing revenue increased $428 million, or 123%, in the six months ended June 30, 2022 as compared to the six months ended June 30, 2021, primarily due to an increase in cumulative vehicles under our direct operating lease program and an increase in direct sales-type leasing cost of revenues from more activities in the current year.",$428 million,,,,,,,,,,,,,filing,10-Q Q2 2022 — ITEM 2. MANAGEMENT’S DISCUSSION AND ANALYSIS OF FINANCIAL CONDITION AND RESULTS OF OPERATIONS,
unpaired_actual,TSLA,2021,,,,,,,,revenue,Revenue,,consolidated,,,,Q2 FY2022,"Cost of energy generation and storage revenue increased $81 million, or 6%, in the six months ended June 30, 2022 as compared to the six months ended June 30, 2021, primarily due to increases in deployments of Powerwall and higher average cost of solar and cash and loan deployments due to increased component costs, partially offset by lower deployments of Megapack.",$81 million,,,,,,,,,,,,,filing,10-Q Q2 2022 — ITEM 2. MANAGEMENT’S DISCUSSION AND ANALYSIS OF FINANCIAL CONDITION AND RESULTS OF OPERATIONS,
unpaired_actual,TSLA,2021,,,,,,,,gross_margin,Gross margin,,consolidated,,,,Q2 FY2022,"Gross margin for energy generation and storage increased from 2.5% to 11.2% in the three months ended June 30, 2022 as compared to the three months ended June 30, 2021.",2.5%,,,,,,,,,,,,,filing,10-Q Q2 2022 — ITEM 2. MANAGEMENT’S DISCUSSION AND ANALYSIS OF FINANCIAL CONDITION AND RESULTS OF OPERATIONS,
unpaired_actual,TSLA,2021,,,,,,,,production,Production,,consolidated,,,,Q2 FY2022,These increases were to support our expanding product roadmap and technologies including our proprietary battery cells and there were additional R&D expenses in the first quarter of 2022 as we were in the pre-production phase at Gigafactory Texas and started production at Gigafactory Berlin-Brandenburg only closer to the end of the first quarter of 2022.,,,,,,,,,,,,,,filing,10-Q Q2 2022 — ITEM 2. MANAGEMENT’S DISCUSSION AND ANALYSIS OF FINANCIAL CONDITION AND RESULTS OF OPERATIONS,
unpaired_actual,TSLA,2021,,,,,,,,headcount,Headcount,,consolidated,,,,Q2 FY2022,"This was offset by an increase of $109 million in employee and labor related expenses from increased headcount and an increase of $45 million in office, information technology, facilities-related expenses, sales and marketing activities and other costs.",$109 million,,,,,,,,,,,,,filing,10-Q Q2 2022 — ITEM 2. MANAGEMENT’S DISCUSSION AND ANALYSIS OF FINANCIAL CONDITION AND RESULTS OF OPERATIONS,
unpaired_actual,TSLA,2021,,,,,,,,headcount,Headcount,,consolidated,,,,Q2 FY2022,"This was offset by an increase of $219 million in employee and labor related expenses from increased headcount and an increase of $113 million in office, information technology, facilities-related expenses, sales and marketing activities and other costs.",$219 million,,,,,,,,,,,,,filing,10-Q Q2 2022 — ITEM 2. MANAGEMENT’S DISCUSSION AND ANALYSIS OF FINANCIAL CONDITION AND RESULTS OF OPERATIONS,
unpaired_actual,TSLA,2021,,,,,,,,production,Production,,consolidated,,,,Q2 FY2022,"The increase in our net operating assets and liabilities was mainly driven by a larger increase of inventory in the six months ended June 30, 2022 as compared to the six months ended June 30, 2021 to support the ramp up in production at our factories and a larger increase in other non-current assets.",,,,,,,,,,,,,,filing,10-Q Q2 2022 — ITEM 2. MANAGEMENT’S DISCUSSION AND ANALYSIS OF FINANCIAL CONDITION AND RESULTS OF OPERATIONS,
unpaired_actual,TSLA,2021,,,,,,,,production,Production,,product:model_y,,,,Q2 FY2022,"This was achieved from production ramping of Model Y at Gigafactory Shanghai and the Fremont Factory as well as the start of production at Gigafactory Berlin-Brandenburg and Gigafactory Texas in 2022, at a higher combined average selling price from a higher proportion of Model Y sales.","2022,",,,,,,,,,,,,,filing,10-Q Q2 2022 — ITEM 2. MANAGEMENT’S DISCUSSION AND ANALYSIS OF FINANCIAL CONDITION AND RESULTS OF OPERATIONS,
unpaired_actual,TSLA,2021,,,,,,,,deliveries,Deliveries,,consolidated,,,,Q2 FY2022,"There was also an increase in production and an increase in the average selling price of Model S and Model X with a higher proportion of Model X sales, compared to the prior period as deliveries of the new versions of Model S and Model X only began ramping in the second and fourth quarters of 2021, respectively.","2021,",,,,,,,,,,,,,filing,10-Q Q2 2022 — ITEM 2. MANAGEMENT’S DISCUSSION AND ANALYSIS OF FINANCIAL CONDITION AND RESULTS OF OPERATIONS,
unpaired_actual,TSLA,2021,,,,,,,,revenue,Revenue,,product:model_y,,,,Q2 FY2022,"This was achieved from production ramping of Model Y at Gigafactory Shanghai and the Fremont Factory as well as the start of production at Gigafactory Berlin-Brandenburg and Gigafactory Texas in 2022, at a higher combined average selling price from a higher proportion of Model Y sales offset by regional sales mix.","2022,",,,,,,,,,,,,,filing,10-Q Q2 2022 — ITEM 2. MANAGEMENT’S DISCUSSION AND ANALYSIS OF FINANCIAL CONDITION AND RESULTS OF OPERATIONS,
unpaired_actual,TSLA,2021,,,,,,,,production,Production,,consolidated,,,,Q2 FY2022,"Most importantly, in June, we achieved production records in both Fremont and Shanghai.",,,,,,,,,,,,,,transcript,TSLA_Q2_2022,
unpaired_actual,TSLA,2021,,,,,,,,product_milestone,Product / strategic milestone,,consolidated,,,,Q2 FY2022,"We achieved an important milestone of 1,000 cars a week in June.","1,000",,,,,,,,,,,,,transcript,TSLA_Q2_2022,
unpaired_actual,TSLA,2021,,,,,,,,product_milestone,Product / strategic milestone,,consolidated,,,,Q2 FY2022,"And we are expecting – sorry, our Giga Texas to exceed the 1,000 vehicle per week milestone, hopefully in the next few months.","1,000",,,,,,,,,,,,,transcript,TSLA_Q2_2022,
unpaired_actual,TSLA,2021,,,,,,,,production,Production,,consolidated,,,,Q2 FY2022,And we’ve gained the perspective through putting our first structural pack in production that it is actually the A architecture.,,,,,,,,,,,,,,transcript,TSLA_Q2_2022,
unpaired_actual,TSLA,2021,,,,,,,,production,Production,,consolidated,,,,Q2 FY2022,But it is worth emphasizing that we have enough 2170 cells to satisfy all vehicle production for the remainder of the year.,2170,,,,,,,,,,,,,transcript,TSLA_Q2_2022,
unpaired_actual,TSLA,2021,,,,,,,,production,Production,,consolidated,,,,FY2023,So we are not dependent on 4680.,4680.,,,,,,,,,,,,,transcript,TSLA_Q2_2022,
unpaired_actual,TSLA,2021,,,,,,,,production,Production,,consolidated,,,,Q2 FY2022,"Since we have ordered more dies because bringing more dies for more production, we’ve saved like 4 or 5 kilos of mass just doing die iteration.",4,,,,,,,,,,,,,transcript,TSLA_Q2_2022,
unpaired_actual,TSLA,2021,,,,,,,,production,Production,,consolidated,,,,Q2 FY2022,We’ve grown cell production significantly on a 12-month rolling basis and have long-term contracts with all our partners for key battery metals.,12,,,,,,,,,,,,,transcript,TSLA_Q2_2022,
unpaired_actual,TSLA,2021,,,,,,,,product_milestone,Product / strategic milestone,,consolidated,,,,Q2 FY2022,"Let me just try to provide like a super straightforward answer, like as Elon mentioned before, our priority was really on simplicity and scale during the initial 4680 and structural battery ramp.",4680,,,,,,,,,,,,,transcript,TSLA_Q2_2022,
unpaired_actual,TSLA,2021,,,,,,,,capacity,Capacity,,consolidated,,,,Q2 FY2022,We reduced body welding robot count by 70% per unit of capacity in Austin and Berlin.,70%,,,,,,,,,,,,,transcript,TSLA_Q2_2022,
unpaired_actual,TSLA,2021,,,,,,,,capacity,Capacity,,consolidated,,,,Q2 FY2022,"So, it was very encouraging to see that you are quantifying your current installed capacity at basically already in excess of 1.9 million units installed currently.",1.9 million,,,,,,,,,,,,,transcript,TSLA_Q2_2022,
unpaired_actual,TSLA,2021,,,,,,,,production,Production,,consolidated,,,,Q2 FY2022,"In conclusion, we exited Q2 with a strong production rate than ever before.",,,,,,,,,,,,,,transcript,TSLA_Q2_2022,
unpaired_actual,TSLA,2021,,,,,,,,gross_margin,Gross margin,,segment:automotive,,,,Q2 FY2022,"On GAAP automotive gross margin, it declined sequentially to 27.9%.",27.9%,,,,,,,,,,,,,transcript,TSLA_Q2_2022,
unpaired_actual,TSLA,2021,,,,,,,,adjusted_ebitda,Adjusted EBITDA,,consolidated,,,,Q3 FY2022,"Each of the 12 vesting tranches of the 2018 CEO Performance Award will vest upon certification by the Board of Directors that both (i) the market capitalization milestone for such tranche, which begins at $ 100.0 billion for the first tranche and increases by increments of $ 50.0 billion thereafter (based on both a six calendar month trailing average and a 30 calendar day trailing average, counting only trading days), has been achieved, and (ii) any one of the following eight operational milestones focused on total revenue or any one of the eight operational milestones focused on Adjusted EBITDA have been achieved for the four consecutive fiscal quarters on an annualized basis and subsequently reported by us in our consolidated financial statements filed with our Forms 10-Q and/or 10-K.",12,,,,,,,,,,,,,filing,10-Q Q3 2022 — ITEM 1. FINANCIAL STATEMENTS — Note 11 – Equity Incentive Plans,
unpaired_actual,TSLA,2021,,,,,,,,revenue,Revenue,,consolidated,,,,Q3 FY2022,"Increased competition could result in our 46 lower vehicle unit sales, price reductions, revenue shortfalls, loss of customers and loss of market share, which may harm our business, financial condition and operating results.",46,,,,,,,,,,,,,filing,10-Q Q3 2022 — ITEM 1A. RISK FACTORS,
unpaired_actual,TSLA,2021,,,,,,,,revenue,Revenue,,consolidated,,,,Q3 FY2022,"Energy generation and storage revenue increased $311 million, or 39%, in the three months ended September 30, 2022 as compared to the three months ended September 30, 2021, primarily due to an increase in Megapack, Powerwall and solar retrofit deployments.",$311 million,,,,,,,,,,,,,filing,10-Q Q3 2022 — ITEM 2. MANAGEMENT’S DISCUSSION AND ANALYSIS OF FINANCIAL CONDITION AND RESULTS OF OPERATIONS,
unpaired_actual,TSLA,2021,,,,,,,,revenue,Revenue,,consolidated,,,,Q3 FY2022,"Energy generation and storage revenue increased $498 million, or 24%, in the nine months ended September 30, 2022 as compared to the nine months ended September 30, 2021, primarily due to an increase in Powerwall and Megapack deployments.",$498 million,,,,,,,,,,,,,filing,10-Q Q3 2022 — ITEM 2. MANAGEMENT’S DISCUSSION AND ANALYSIS OF FINANCIAL CONDITION AND RESULTS OF OPERATIONS,
unpaired_actual,TSLA,2021,,,,,,,,revenue_growth,Revenue growth,,segment:automotive,,,,Q3 FY2022,"Cost of automotive sales revenue increased $4.95 billion, or 61%, in the three months ended September 30, 2022 as compared to the three months ended September 30, 2021, in line with the growth in revenue year over year, as discussed above.",$4.95 billion,,,,,,,,,,,,,filing,10-Q Q3 2022 — ITEM 2. MANAGEMENT’S DISCUSSION AND ANALYSIS OF FINANCIAL CONDITION AND RESULTS OF OPERATIONS,
unpaired_actual,TSLA,2021,,,,,,,,production,Production,,product:model_3,,,,Q3 FY2022,"Further there was an increase in combined average Model 3 and Model Y costs per unit due to overall rising raw material, commodity, logistics and expedite costs and the ramping up of production at Gigafactory Berlin-Brandenburg and Gigafactory Texas as well as our proprietary battery cells manufacturing during the three months ended September 30, 2022 as compared to the three months ended September 30, 2021.",3,,,,,,,,,,,,,filing,10-Q Q3 2022 — ITEM 2. MANAGEMENT’S DISCUSSION AND ANALYSIS OF FINANCIAL CONDITION AND RESULTS OF OPERATIONS,
unpaired_actual,TSLA,2021,,,,,,,,revenue_growth,Revenue growth,,segment:automotive,,,,Q3 FY2022,"Cost of automotive sales revenue increased $12.44 billion, or 57%, in the nine months ended September 30, 2022 as compared to the nine months ended September 30, 2021, in line with the growth in revenue year over year, as discussed above.",$12.44 billion,,,,,,,,,,,,,filing,10-Q Q3 2022 — ITEM 2. MANAGEMENT’S DISCUSSION AND ANALYSIS OF FINANCIAL CONDITION AND RESULTS OF OPERATIONS,
unpaired_actual,TSLA,2021,,,,,,,,production,Production,,consolidated,,,,Q3 FY2022,"There were also idle capacity charges of $244 million primarily related to the temporary suspension of production at Gigafactory Shanghai as well as the ramping up of production in Gigafactory Texas and our proprietary battery cells manufacturing during the nine months ended September 30, 2022.",$244 million,,,,,,,,,,,,,filing,10-Q Q3 2022 — ITEM 2. MANAGEMENT’S DISCUSSION AND ANALYSIS OF FINANCIAL CONDITION AND RESULTS OF OPERATIONS,
unpaired_actual,TSLA,2021,,,,,,,,revenue,Revenue,,segment:automotive,,,,Q3 FY2022,"35 Cost of automotive leasing revenue increased $147 million, or 63%, in the three months ended September 30, 2022 as compared to the three months ended September 30, 2021.",35,,,,,,,,,,,,,filing,10-Q Q3 2022 — ITEM 2. MANAGEMENT’S DISCUSSION AND ANALYSIS OF FINANCIAL CONDITION AND RESULTS OF OPERATIONS,
unpaired_actual,TSLA,2021,,,,,,,,revenue,Revenue,,segment:automotive,,,,Q3 FY2022,"Cost of automotive leasing revenue increased $575 million, or 99%, in the nine months ended September 30, 2022 as compared to the nine months ended September 30, 2021, primarily due to an increase in cumulative vehicles under our direct operating lease program and an increase in direct sales-type leasing cost of revenues from more activities in the current year.",$575 million,,,,,,,,,,,,,filing,10-Q Q3 2022 — ITEM 2. MANAGEMENT’S DISCUSSION AND ANALYSIS OF FINANCIAL CONDITION AND RESULTS OF OPERATIONS,
unpaired_actual,TSLA,2021,,,,,,,,revenue,Revenue,,consolidated,,,,Q3 FY2022,"Cost of services and other revenue increased $669 million, or 74%, in the three months ended September 30, 2022 as compared to the three months ended September 30, 2021.",$669 million,,,,,,,,,,,,,filing,10-Q Q3 2022 — ITEM 2. MANAGEMENT’S DISCUSSION AND ANALYSIS OF FINANCIAL CONDITION AND RESULTS OF OPERATIONS,
unpaired_actual,TSLA,2021,,,,,,,,revenue,Revenue,,consolidated,,,,Q3 FY2022,"Cost of services and other revenue increased $1.42 billion, or 50%, in the nine months ended September 30, 2022 as compared to the nine months ended September 30, 2021.",$1.42 billion,,,,,,,,,,,,,filing,10-Q Q3 2022 — ITEM 2. MANAGEMENT’S DISCUSSION AND ANALYSIS OF FINANCIAL CONDITION AND RESULTS OF OPERATIONS,
unpaired_actual,TSLA,2021,,,,,,,,gross_margin,Gross margin,,segment:automotive,,,,Q3 FY2022,"Gross margin for total automotive increased from 28.6% to 29.6% in the nine months ended September 30, 2022 as compared to the nine months ended September 30, 2021.",28.6%,,,,,,,,,,,,,filing,10-Q Q3 2022 — ITEM 2. MANAGEMENT’S DISCUSSION AND ANALYSIS OF FINANCIAL CONDITION AND RESULTS OF OPERATIONS,
unpaired_actual,TSLA,2021,,,,,,,,gross_margin,Gross margin,,segment:automotive,,,,Q3 FY2022,"Gross margin for total automotive & services and other segment decreased from 28.2% to 26.0% in the three months ended September 30, 2022 as compared to the three months ended September 30, 2021, primarily due to the automotive gross margin decrease discussed above and offset by an improvement in our services and other gross margin.",28.2%,,,,,,,,,,,,,filing,10-Q Q3 2022 — ITEM 2. MANAGEMENT’S DISCUSSION AND ANALYSIS OF FINANCIAL CONDITION AND RESULTS OF OPERATIONS,
unpaired_actual,TSLA,2021,,,,,,,,gross_margin,Gross margin,,segment:automotive,,,,Q3 FY2022,"Gross margin for total automotive & services and other segment increased from 26.0% to 27.4% in the nine months ended September 30, 2022 as compared to the nine months ended September 30, 2021, primarily due to the automotive gross margin increase discussed above and an improvement in our services and other gross margin.",26.0%,,,,,,,,,,,,,filing,10-Q Q3 2022 — ITEM 2. MANAGEMENT’S DISCUSSION AND ANALYSIS OF FINANCIAL CONDITION AND RESULTS OF OPERATIONS,
unpaired_actual,TSLA,2021,,,,,,,,revenue,Revenue,,consolidated,,,,Q3 FY2022,"Cost of energy generation and storage revenue increased $210 million, or 26%, in the three months ended September 30, 2022 as compared to the three months ended September 30, 2021, primarily due to increases in deployments of Megapack, Powerwall and solar retrofit deployments.",$210 million,,,,,,,,,,,,,filing,10-Q Q3 2022 — ITEM 2. MANAGEMENT’S DISCUSSION AND ANALYSIS OF FINANCIAL CONDITION AND RESULTS OF OPERATIONS,
unpaired_actual,TSLA,2021,,,,,,,,revenue,Revenue,,consolidated,,,,Q3 FY2022,"Cost of energy generation and storage revenue increased $291 million, or 13%, in the nine months ended September 30, 2022 as compared to the nine months ended September 30, 2021, primarily due to increases in deployments of Powerwall and Megapack and higher average cost of solar cash and loan deployments due to increased component costs.",$291 million,,,,,,,,,,,,,filing,10-Q Q3 2022 — ITEM 2. MANAGEMENT’S DISCUSSION AND ANALYSIS OF FINANCIAL CONDITION AND RESULTS OF OPERATIONS,
unpaired_actual,TSLA,2021,,,,,,,,gross_margin,Gross margin,,consolidated,,,,Q3 FY2022,"Gross margin for energy generation and storage increased from 0.4% to 9.3% in the three months ended September 30, 2022 as compared to the three months ended September 30, 2021.",0.4%,,,,,,,,,,,,,filing,10-Q Q3 2022 — ITEM 2. MANAGEMENT’S DISCUSSION AND ANALYSIS OF FINANCIAL CONDITION AND RESULTS OF OPERATIONS,
unpaired_actual,TSLA,2021,,,,,,,,gross_margin,Gross margin,,consolidated,,,,Q3 FY2022,"Gross margin for energy generation and storage increased from -3.7% to 5.0% in the nine months ended September 30, 2022 as compared to the nine months ended September 30, 2021.",5.0%,,,,,,,,,,,,,filing,10-Q Q3 2022 — ITEM 2. MANAGEMENT’S DISCUSSION AND ANALYSIS OF FINANCIAL CONDITION AND RESULTS OF OPERATIONS,
unpaired_actual,TSLA,2021,,,,,,,,production,Production,,consolidated,,,,Q3 FY2022,These increases were to support our expanding product roadmap and technologies including our proprietary battery cells and there were additional R&D expenses in the first quarter of 2022 as we were in the pre-production phase at Gigafactory Texas and started production at Gigafactory Berlin-Brandenburg only closer to the end of the first quarter of 2022.,,,,,,,,,,,,,,filing,10-Q Q3 2022 — ITEM 2. MANAGEMENT’S DISCUSSION AND ANALYSIS OF FINANCIAL CONDITION AND RESULTS OF OPERATIONS,
unpaired_actual,TSLA,2021,,,,,,,,headcount,Headcount,,consolidated,,,,Q3 FY2022,"This was offset by an increase of $92 million in employee and labor related expenses from increased headcount and an increase of $53 million in office, information technology, facilities-related expenses and sales and marketing activities.",$92 million,,,,,,,,,,,,,filing,10-Q Q3 2022 — ITEM 2. MANAGEMENT’S DISCUSSION AND ANALYSIS OF FINANCIAL CONDITION AND RESULTS OF OPERATIONS,
unpaired_actual,TSLA,2021,,,,,,,,headcount,Headcount,,consolidated,,,,Q3 FY2022,"This was offset by an increase of $311 million in employee and labor related expenses from increased headcount and an increase of $172 million in office, information technology, facilities-related expenses, sales and marketing activities and other costs.",$311 million,,,,,,,,,,,,,filing,10-Q Q3 2022 — ITEM 2. MANAGEMENT’S DISCUSSION AND ANALYSIS OF FINANCIAL CONDITION AND RESULTS OF OPERATIONS,
unpaired_actual,TSLA,2021,,,,,,,,production,Production,,consolidated,,,,Q3 FY2022,"The increase in our net operating assets and liabilities was mainly driven by a larger increase of inventory in the nine months ended September 30, 2022 as compared to the nine months ended September 30, 2021, partially offset by a larger increase of accounts payable and accrued liabilities, to support the ramp up in production at our factories and a larger increase in other non-current assets.",,,,,,,,,,,,,,filing,10-Q Q3 2022 — ITEM 2. MANAGEMENT’S DISCUSSION AND ANALYSIS OF FINANCIAL CONDITION AND RESULTS OF OPERATIONS,
unpaired_actual,TSLA,2021,,,,,,,,revenue,Revenue,,segment:automotive,,,,Q3 FY2022,"33 Automotive sales revenue increased $6.39 billion, or 56%, in the three months ended September 30, 2022 as compared to the three months ended September 30, 2021, primarily due to an increase of 96,737 Model 3 and Model Y cash deliveries, and an increase of 9,330 Model S and Model X cash deliveries year over year.",33,,,,,,,,,,,,,filing,10-Q Q3 2022 — ITEM 2. MANAGEMENT’S DISCUSSION AND ANALYSIS OF FINANCIAL CONDITION AND RESULTS OF OPERATIONS,
unpaired_actual,TSLA,2021,,,,,,,,production,Production,,product:model_y,,,,Q3 FY2022,"This was achieved from production ramping of Model Y at Gigafactory Shanghai and the Fremont Factory as well as the start of production at Gigafactory Berlin-Brandenburg and Gigafactory Texas in 2022, at a higher combined average selling price from a higher proportion of Model Y sales.","2022,",,,,,,,,,,,,,filing,10-Q Q3 2022 — ITEM 2. MANAGEMENT’S DISCUSSION AND ANALYSIS OF FINANCIAL CONDITION AND RESULTS OF OPERATIONS,
unpaired_actual,TSLA,2021,,,,,,,,deliveries,Deliveries,,consolidated,,,,Q3 FY2022,"There was also an increase in production of Model X and an increase in the combined average selling price of Model S and Model X with a higher proportion of Model X sales, compared to the prior period as deliveries of the new versions of Model S and Model X began ramping in the second and fourth quarters of 2021, respectively.","2021,",,,,,,,,,,,,,filing,10-Q Q3 2022 — ITEM 2. MANAGEMENT’S DISCUSSION AND ANALYSIS OF FINANCIAL CONDITION AND RESULTS OF OPERATIONS,
unpaired_actual,TSLA,2021,,,,,,,,revenue,Revenue,,segment:automotive,,,,Q3 FY2022,"Automotive sales revenue increased $17.87 billion, or 61%, in the nine months ended September 30, 2022 as compared to the nine months ended September 30, 2021, primarily due to an increase of 253,016 Model 3 and Model Y cash deliveries, and an increase of 32,293 Model S and Model X cash deliveries year over year.",$17.87 billion,,,,,,,,,,,,,filing,10-Q Q3 2022 — ITEM 2. MANAGEMENT’S DISCUSSION AND ANALYSIS OF FINANCIAL CONDITION AND RESULTS OF OPERATIONS,
unpaired_actual,TSLA,2021,,,,,,,,production_deliveries,Production Deliveries,,consolidated,,,,Q4 FY2022,"This means that, again, you should expect a gap between production and deliveries in Q4, and those cars in transit will be delivered shortly to their customers upon arrival to their destination in Q1.",,,,,,,,,,,,,,transcript,TSLA_Q3_2022,
unpaired_actual,TSLA,2021,,,,,,,,production,Production,,consolidated,,,,Q3 FY2022,"Elon Musk Yes, like I said, we’re -- like I said earlier, we’re going to go basically pedal to the metal as fast as humanly possible to get to 1,000 gigawatt hours a year of production in the U.S. vertically integrated.","1,000",,,,,,,,,,,,,transcript,TSLA_Q3_2022,
unpaired_actual,TSLA,2021,,,,,,,,production_deliveries,Production Deliveries,,consolidated,,,,Q3 FY2022,"Elon Musk Actually one caveat, I should say, growing production by 50% every year because deliveries -- we’re trying to smooth out the deliveries and not have this crazy delivery rate at the end of every quarter, so.",50%,,,,,,,,,,,,,transcript,TSLA_Q3_2022,
unpaired_actual,TSLA,2021,,,,,,,,deliveries,Deliveries,,consolidated,,,,Q3 FY2022,"So, whether we like it or not, we actually have to smooth out the delivery of cars intra-quarter because there aren’t just enough transportation objects to move them around.",,,,,,,,,,,,,,transcript,TSLA_Q3_2022,
unpaired_actual,TSLA,2021,,,,,,,,operating_margin,Operating margin,,consolidated,,,,Q3 FY2022,We had our industry-leading operating margin reach 17%.,17%,,,,,,,,,,,,,transcript,TSLA_Q3_2022,
unpaired_actual,TSLA,2021,,,,,,,,free_cash_flow,Free cash flow,,consolidated,,,,Q3 FY2022,And our free cash flow surpassed $3 billion in Q3 and approached $9 billion in the past 12 months.,$3 billion,,,,,,,,,,,,,transcript,TSLA_Q3_2022,
unpaired_actual,TSLA,2021,,,,,,,,production,Production,,consolidated,,,,Q4 FY2022,"On the production ramp, Giga Berlin achieved another milestone of 2,000 cars made in a week with very good quality and is ramping rapidly.","2,000",,,,,,,,,,,,,transcript,TSLA_Q3_2022,
unpaired_actual,TSLA,2021,,,,,,,,gross_margin,Gross margin,,segment:automotive,,,,Q3 FY2022,"On automotive profitability, our GAAP operating margin was 17.2% with automotive gross margin at 27.9%.",17.2%,,,,,,,,,,,,,transcript,TSLA_Q3_2022,
unpaired_actual,TSLA,2021,,,,,,,,gross_profit,Gross profit,,consolidated,,,,Q3 FY2022,"On energy profitability, we achieved our strongest gross profit yet for this business, driven primarily by record volumes of our Megapack and Powerwall products.",,,,,,,,,,,,,,transcript,TSLA_Q3_2022,
unpaired_actual,TSLA,2021,,,,,,,,production,Production,,consolidated,,,,Q4 FY2022,"You can do the math if we were to get anyone your 1,000 gigawatt-hours a year of production or even a few hundred gigawatt-hours, it's very significant.","1,000",,,,,,,,,,,,,transcript,TSLA_Q4_2022,
unpaired_actual,TSLA,2021,,,,,,,,subscribers,Subscribers / customers,,consolidated,,,,Q4 FY2022,"And so as we're thinking about our pricing changes in the US, a couple of weeks ago that we announced, we were looking at what the credit benefit to Tesla would be to make sure that customers are able to receive the benefit not only from this that were received to some extent but also on the consumer-facing side, which is currently $7,500 per car of tax credit, assuming that -- subject to the MSRP caps and the income caps.","$7,500",,,,,,,,,,,,,transcript,TSLA_Q4_2022,
unpaired_actual,TSLA,2021,,,,,,,,gross_margin,Gross margin,,consolidated,,,,Q4 FY2022,So that means that there's millions of cars were full self-driving can be sold at essentially 100% gross margin.,100%,,,,,,,,,,,,,transcript,TSLA_Q4_2022,
unpaired_actual,TSLA,2021,,,,,,,,free_cash_flow,Free cash flow,,consolidated,,,,FY2022,"While doing so, we generated $12.5 billion in net income and $7.5 billion in free cash flow.",$12.5 billion,,,,,,,,,,,,,transcript,TSLA_Q4_2022,
unpaired_actual,TSLA,2021,,,,,,,,deliveries,Deliveries,,consolidated,,,,FY2022,"Importantly, the Tesla team achieved these records, despite the fact that 2022 was an incredibly challenging year due to forced shutdowns, very high interest rates, and many delivery challenges.",2022,,,,,,,,,,,,,transcript,TSLA_Q4_2022,
unpaired_actual,TSLA,2021,,,,,,,,subscribers,Subscribers / customers,,consolidated,,,,Q4 FY2022,"So, this has actually a very significant effect on total cost of ownership and customer happiness.",,,,,,,,,,,,,,transcript,TSLA_Q4_2022,
unpaired_actual,TSLA,2021,,,,,,,,production,Production,,consolidated,,,,FY2023,"It's kind of when does volume production actually happen, and that's next year.",,,,,,,,,,,,,,transcript,TSLA_Q4_2022,
unpaired_actual,TSLA,2021,,,,,,,,production,Production,,segment:automotive,,,,Q4 FY2022,"I mean, our internal production potential is actually closer to two million vehicles, but we were saying 1.8 million, because -- I don't know, it just always seems to be some force majeure thing that happened somewhere on earth.",1.8 million,,,,,,,,,,,,,transcript,TSLA_Q4_2022,
unpaired_actual,TSLA,2021,,,,,,,,product_milestone,Product / strategic milestone,,consolidated,,,,Q4 FY2022,"And on the cost side, the numbers that we just saw from you, as you pointed out, were weighed down by the 4680 ramp, the Berlin, Austin, Giga castings, processes, not at rate.",4680,,,,,,,,,,,,,transcript,TSLA_Q4_2022,
unpaired_actual,TSLA,2021,,,,,,,,product_milestone,Product / strategic milestone,,segment:north_america,,,,Q4 FY2022,This is a huge milestone for autonomy as FSD Beta is the only way any consumer can actually test the latest AI-powered autonomy.,,,,,,,,,,,,,,transcript,TSLA_Q4_2022,
unpaired_actual,TSLA,2021,,,,,,,,production,Production,,consolidated,,,,Q4 FY2022,"So, we actually look at like, what is the limiting factor for new vehicles because if the -- for the longest time, we've been constrained on total cell lithium-ion production output.",,,,,,,,,,,,,,transcript,TSLA_Q4_2022,
unpaired_actual,TSLA,2021,,,,,,,,production,Production,,segment:energy,,,,Q4 FY2022,"So yeah, so we were obviously ramping up Megapack production.",,,,,,,,,,,,,,transcript,TSLA_Q4_2022,
unpaired_actual,TSLA,2021,,,,,,,,operating_income,Operating income,,consolidated,,,,Q4 FY2022,"On a full year basis: revenue increased over 50%, operating income doubled, free cash flows increased over 50%, and our margins remained industry-leading.",50%,,,,,,,,,,,,,transcript,TSLA_Q4_2022,
unpaired_actual,TSLA,2021,,,,,,,,production,Production,,consolidated,,,,Q4 FY2022,"The first question is, some analysts are claiming that Tesla orders, net of cancellations, came in at a rate less than half of production in the fourth quarter.",,,,,,,,,,,,,,transcript,TSLA_Q4_2022,
unpaired_actual,TSLA,2021,,,,,,,,production,Production,,consolidated,,,,Q4 FY2022,"Elon Musk Demand far exceeds production, and we actually are making some small price increases as a result.",,,,,,,,,,,,,,transcript,TSLA_Q4_2022,
unpaired_actual,TSLA,2021,,,,,,,,headcount,Headcount,,consolidated,,,,FY2022,"As of December 31, 2022, our full-time count for our and our subsidiaries’ employees worldwide was 127,855, a 29,000 year over year increase.","127,855,",,,,,,,,,,,,,filing,10-K FY2022 — ITEM 1. BUSINESS,
unpaired_actual,TSLA,2021,,,,,,,,headcount,Headcount,,consolidated,,,,FY2022,"It is not uncommon for employees of certain trades at companies such as ours to belong to a union, which can result in higher employee costs and increased risk of work stoppages.",,,,,,,,,,,,,,filing,10-K FY2022 — ITEM 1A. RISK FACTORS,
unpaired_actual,TSLA,2021,,,,,,,,headcount,Headcount,,consolidated,,,,FY2022,"In addition, as we have increased our employee headcount and operations, we are and may continue to be subject to increased scrutiny, including litigation and government investigations relating to allegations such as discrimination and workplace misconduct, that we will need to defend against.",,,,,,,,,,,,,,filing,10-K FY2022 — ITEM 1A. RISK FACTORS,
unpaired_actual,TSLA,2021,,,,,,,,production,Production,,consolidated,,,,FY2022,"If we are unable to accurately match the timing and quantities of component purchases to our actual needs or successfully implement automation, inventory 15 management and other systems to accommodate the increased complexity in our supply chain and parts management, we may incur unexpected production disruption, storage, transportation and write-off costs, which may harm our business and operating results.",15,,,,,,,,,,,,,filing,10-K FY2022 — ITEM 1A. RISK FACTORS,
unpaired_actual,TSLA,2021,,,,,,,,revenue,Revenue,,segment:automotive,,,,FY2022,"2022 compared to 2021 Automotive sales revenue increased $23.09 billion, or 52%, in the year ended December 31, 2022 as compared to the year ended December 31, 2021, primarily due to an increase of 347,024 Model 3 and Model Y deliveries, and an increase of 38,183 Model S and Model X deliveries year over year.",$23.09 billion,,,,,,,,,,,,,filing,10-K FY2022 — ITEM 7. MANAGEMENT’S DISCUSSION AND ANALYSIS OF FINANCIAL CONDITION AND RESULTS OF OPERATIONS,
unpaired_actual,TSLA,2021,,,,,,,,production,Production,,product:model_y,,,,FY2022,"This was achieved from production ramping of Model Y at Gigafactory Shanghai and the Fremont Factory as well as the start of production at Gigafactory Berlin-Brandenburg and Gigafactory Texas in 2022, at a higher combined average selling price from a higher proportion of Model Y sales despite a negative impact from the United States dollar strengthening against other foreign currencies in 2022 compared to the prior period.","2022,",,,,,,,,,,,,,filing,10-K FY2022 — ITEM 7. MANAGEMENT’S DISCUSSION AND ANALYSIS OF FINANCIAL CONDITION AND RESULTS OF OPERATIONS,
unpaired_actual,TSLA,2021,,,,,,,,deliveries,Deliveries,,consolidated,,,,FY2022,"There was also an increase in production of Model S and Model X and an increase in the combined average selling price of Model S and Model X with a higher proportion of Model X sales, compared to the prior period as deliveries of the new versions of Model S and Model X began ramping in the second and fourth quarters of 2021, respectively.","2021,",,,,,,,,,,,,,filing,10-K FY2022 — ITEM 7. MANAGEMENT’S DISCUSSION AND ANALYSIS OF FINANCIAL CONDITION AND RESULTS OF OPERATIONS,
unpaired_actual,TSLA,2021,,,,,,,,regulatory_credit_revenue,Regulatory credit revenue,,segment:automotive,,,,Q1 FY2022,"Automotive regulatory credits revenue increased $311 million, or 21%, in the year ended December 31, 2022 as compared to the year ended December 31, 2021, primarily due to changes in regulation which entitled us to additional consideration of $288 million in revenue in the first quarter of 2022 for credits sold previously, in the absence of which we had only an immaterial increase in automotive regulatory credits revenue.",$311 million,,,,,,,,,,,,,filing,10-K FY2022 — ITEM 7. MANAGEMENT’S DISCUSSION AND ANALYSIS OF FINANCIAL CONDITION AND RESULTS OF OPERATIONS,
unpaired_actual,TSLA,2021,,,,,,,,revenue,Revenue,,segment:automotive,,,,FY2022,"Automotive leasing revenue increased $834 million, or 51%, in the year ended December 31, 2022 as compared to the year ended December 31, 2021.",$834 million,,,,,,,,,,,,,filing,10-K FY2022 — ITEM 7. MANAGEMENT’S DISCUSSION AND ANALYSIS OF FINANCIAL CONDITION AND RESULTS OF OPERATIONS,
unpaired_actual,TSLA,2021,,,,,,,,revenue,Revenue,,consolidated,,,,FY2022,"Services and other revenue increased $2.29 billion, or 60%, in the year ended December 31, 2022 as compared to the year ended December 31, 2021.",$2.29 billion,,,,,,,,,,,,,filing,10-K FY2022 — ITEM 7. MANAGEMENT’S DISCUSSION AND ANALYSIS OF FINANCIAL CONDITION AND RESULTS OF OPERATIONS,
unpaired_actual,TSLA,2021,,,,,,,,revenue,Revenue,,consolidated,,,,FY2022,"2022 compared to 2021 Energy generation and storage revenue increased $1.12 billion, or 40%, in the year ended December 31, 2022 as compared to the year ended December 31, 2021, primarily due to an increase in energy storage deployments of Megapack, Powerwall and higher average selling price of Megapack, as well as on solar cash and loan deployments driven by price increases in 2022.",$1.12 billion,,,,,,,,,,,,,filing,10-K FY2022 — ITEM 7. MANAGEMENT’S DISCUSSION AND ANALYSIS OF FINANCIAL CONDITION AND RESULTS OF OPERATIONS,
unpaired_actual,TSLA,2021,,,,,,,,revenue_growth,Revenue growth,,segment:automotive,,,,FY2022,"38 2022 compared to 2021 Cost of automotive sales revenue increased $17.18 billion, or 53%, in the year ended December 31, 2022 as compared to the year ended December 31, 2021, in line with the growth in revenue year over year, as discussed above.",38,,,,,,,,,,,,,filing,10-K FY2022 — ITEM 7. MANAGEMENT’S DISCUSSION AND ANALYSIS OF FINANCIAL CONDITION AND RESULTS OF OPERATIONS,
unpaired_actual,TSLA,2021,,,,,,,,production,Production,,consolidated,,,,FY2022,"There were also idle capacity charges of $306 million primarily related to the temporary suspension of production at Gigafactory Shanghai as well as the ramping up of production in Gigafactory Texas and our proprietary battery cells manufacturing during the year ended December 31, 2022.",$306 million,,,,,,,,,,,,,filing,10-K FY2022 — ITEM 7. MANAGEMENT’S DISCUSSION AND ANALYSIS OF FINANCIAL CONDITION AND RESULTS OF OPERATIONS,
unpaired_actual,TSLA,2021,,,,,,,,production,Production,,consolidated,,,,FY2022,"We had also incurred costs related to the ramp up of production in Gigafactory Berlin-Brandenburg during the year ended December 31, 2022.",,,,,,,,,,,,,,filing,10-K FY2022 — ITEM 7. MANAGEMENT’S DISCUSSION AND ANALYSIS OF FINANCIAL CONDITION AND RESULTS OF OPERATIONS,
unpaired_actual,TSLA,2021,,,,,,,,revenue,Revenue,,consolidated,,,,FY2022,"Further, these increases in costs of revenue were positively impacted by the United States dollar strengthening against other foreign currencies in 2022 compared to the prior period.",2022,,,,,,,,,,,,,filing,10-K FY2022 — ITEM 7. MANAGEMENT’S DISCUSSION AND ANALYSIS OF FINANCIAL CONDITION AND RESULTS OF OPERATIONS,
unpaired_actual,TSLA,2021,,,,,,,,revenue,Revenue,,segment:automotive,,,,FY2022,"Cost of automotive leasing revenue increased $531 million, or 54%, in the year ended December 31, 2022 as compared to the year ended December 31, 2021, primarily due to an increase in cumulative vehicles under our direct operating lease program and an increase in direct sales-type leasing cost of revenues from more activities in the current year.",$531 million,,,,,,,,,,,,,filing,10-K FY2022 — ITEM 7. MANAGEMENT’S DISCUSSION AND ANALYSIS OF FINANCIAL CONDITION AND RESULTS OF OPERATIONS,
unpaired_actual,TSLA,2021,,,,,,,,revenue,Revenue,,consolidated,,,,FY2022,"Cost of services and other revenue increased $1.97 billion, or 51%, in the year ended December 31, 2022 as compared to the year ended December 31, 2021.",$1.97 billion,,,,,,,,,,,,,filing,10-K FY2022 — ITEM 7. MANAGEMENT’S DISCUSSION AND ANALYSIS OF FINANCIAL CONDITION AND RESULTS OF OPERATIONS,
unpaired_actual,TSLA,2021,,,,,,,,gross_margin,Gross margin,,segment:automotive,,,,FY2022,"Gross margin for total automotive & services and other segment decreased from 26.9% to 26.5% in the year ended December 31, 2022 as compared to the year ended December 31, 2021, primarily due to the automotive gross margin decrease discussed above, partially offset by an improvement in our services and other gross margin.",26.9%,,,,,,,,,,,,,filing,10-K FY2022 — ITEM 7. MANAGEMENT’S DISCUSSION AND ANALYSIS OF FINANCIAL CONDITION AND RESULTS OF OPERATIONS,
unpaired_actual,TSLA,2021,,,,,,,,revenue,Revenue,,consolidated,,,,FY2022,"2022 compared to 2021 Cost of energy generation and storage revenue increased $703 million, or 24%, in the year ended December 31, 2022 as compared to the year ended December 31, 2021, primarily due to increases in energy storage deployments of Megapack and Powerwall, as well as higher average cost of solar cash and loan deployments due to increased component costs.",$703 million,,,,,,,,,,,,,filing,10-K FY2022 — ITEM 7. MANAGEMENT’S DISCUSSION AND ANALYSIS OF FINANCIAL CONDITION AND RESULTS OF OPERATIONS,
unpaired_actual,TSLA,2021,,,,,,,,gross_margin,Gross margin,,consolidated,,,,FY2022,"Gross margin for energy generation and storage increased from -4.6% to 7.4% in the year ended December 31, 2022 as compared to the year ended December 31, 2021.",7.4%,,,,,,,,,,,,,filing,10-K FY2022 — ITEM 7. MANAGEMENT’S DISCUSSION AND ANALYSIS OF FINANCIAL CONDITION AND RESULTS OF OPERATIONS,
unpaired_actual,TSLA,2021,,,,,,,,headcount,Headcount,,consolidated,,,,FY2022,"There was also a decrease of $87 million in overall employee and labor related expenses driven by a decrease of $340 million of additional payroll tax due to our CEO's option exercises from the 2012 CEO Performance Award in 2021, partially offset by an increase in other employee and labor costs from increased headcount.",$87 million,,,,,,,,,,,,,filing,10-K FY2022 — ITEM 7. MANAGEMENT’S DISCUSSION AND ANALYSIS OF FINANCIAL CONDITION AND RESULTS OF OPERATIONS,
unpaired_actual,TSLA,2021,,,,,,,,adjusted_ebitda,Adjusted EBITDA,,consolidated,,,,FY2022,"Each of the 12 vesting tranches of the 2018 CEO Performance Award will vest upon certification by the Board of Directors that both (i) the market capitalization milestone for such tranche, which began at $ 100.0 billion for the first tranche and increases by increments of $ 50.0 billion thereafter (based on both a six calendar month trailing average and a 30 calendar day trailing average, counting only trading days), has been achieved, and (ii) any one of the following eight operational milestones focused on total revenue or any one of the eight operational milestones focused on Adjusted EBITDA have been achieved for the four consecutive fiscal quarters on an annualized basis and subsequently reported by us in our consolidated financial statements filed with our Forms 10-Q and/or 10-K.",12,,,,,,,,,,,,,filing,10-K FY2022 — ITEM 8. FINANCIAL STATEMENTS AND SUPPLEMENTARY DATA — Note 13 – Equity Incentive Plans,
unpaired_actual,TSLA,2021,,,,,,,,adjusted_ebitda,Adjusted EBITDA,,consolidated,,,,FY2022,"Although an operational milestone is deemed achieved in the last quarter of the relevant annualized period, it may be certified only after the financial statements supporting its achievement have been filed with our Forms 10-Q and/or 10-K. Total Annualized Revenue Annualized Adjusted EBITDA Milestone (in billions) Achievement Status Milestone (in billions) Achievement Status $ 20.0 Achieved $ 1.5 Achieved $ 35.0 Achieved $ 3.0 Achieved $ 55.0 Achieved $ 4.5 Achieved $ 75.0 Achieved (1) $ 6.0 Achieved $ 100.0 - $ 8.0 Achieved $ 125.0 - $ 10.0 Achieved $ 150.0 - $ 12.0 Achieved $ 175.0 - $ 14.0 Achieved (1) Achieved in the fourth quarter of 2022 and expected to be certified following the filing of this Annual Report on Form 10-K. 79 Stock-based compensation under the 2018 CEO Performance Award represents a non-cash expense and is recorded as a Selling, general, and administrative operating expense in our consolidated statements of operations.",10,,,,,,,,,,,,,filing,10-K FY2022 — ITEM 8. FINANCIAL STATEMENTS AND SUPPLEMENTARY DATA — Note 13 – Equity Incentive Plans,
unpaired_actual,TSLA,2021,,,,,,,,product_milestone,Product / strategic milestone,,consolidated,,,,FY2022,"On the grant date, a Monte Carlo simulation was used to determine for each tranche (i) a fixed amount of expense for such tranche and (ii) the future time when the market capitalization milestone for such tranche was expected to be achieved, or its “expected market capitalization milestone achievement time.” Separately, based on a subjective assessment of our future financial performance, each quarter we determine whether it is probable that we will achieve each operational milestone that has not previously been achieved or deemed probable of achievement and if so, the future time when we expect to achieve that operational milestone, or its “expected operational milestone achievement time.” During the first quarter of 2022, three operational milestones were achieved and consequently, we recognized an aggregate catch-up expense of $ 11 million.",$ 11 million,,,,,,,,,,,,,filing,10-K FY2022 — ITEM 8. FINANCIAL STATEMENTS AND SUPPLEMENTARY DATA — Note 13 – Equity Incentive Plans,
unpaired_actual,TSLA,2021,,,,,,,,product_milestone,Product / strategic milestone,,consolidated,,,,FY2022,"For the year ended December 31, 2022, accrued purchases increased as we continued construction and expansion of our facilities and operations.",,,,,,,,,,,,,,filing,10-K FY2022 — ITEM 8. FINANCIAL STATEMENTS AND SUPPLEMENTARY DATA — Note 9 – Accrued Liabilities and Other,
unpaired_actual,TSLA,2021,,,,,,,,revenue,Revenue,,consolidated,,,,Q1 FY2020,SEC XBRL Revenue for Q1 FY2020: 5985000000 USD,$5985000000,,,,,,,,,,,,,xbrl,XBRL Revenue Q1 FY2020,
unpaired_actual,TSLA,2021,,,,,,,,gross_profit,Gross profit,,consolidated,,,,Q1 FY2020,SEC XBRL Gross Profit for Q1 FY2020: 1234000000 USD,$1234000000,,,,,,,,,,,,,xbrl,XBRL Gross Profit Q1 FY2020,
unpaired_actual,TSLA,2021,,,,,,,,operating_income,Operating income,,consolidated,,,,Q1 FY2020,SEC XBRL Operating Income for Q1 FY2020: 283000000 USD,$283000000,,,,,,,,,,,,,xbrl,XBRL Operating Income Q1 FY2020,
unpaired_actual,TSLA,2021,,,,,,,,net_income,Net Income,,consolidated,,,,Q1 FY2020,SEC XBRL Net Income for Q1 FY2020: 16000000 USD,$16000000,,,,,,,,,,,,,xbrl,XBRL Net Income Q1 FY2020,
unpaired_actual,TSLA,2021,,,,,,,,eps,Diluted EPS,,consolidated,,,,Q1 FY2020,SEC XBRL Diluted EPS for Q1 FY2020: 0.08 USD/share,$0.08,,,,,,,,,,,,,xbrl,XBRL Diluted EPS Q1 FY2020,
unpaired_actual,TSLA,2021,,,,,,,,operating_cash_flow,Operating Cash Flow,,consolidated,,,,Q1 FY2020,SEC XBRL Operating Cash Flow for Q1 FY2020: -440000000 USD,$-440000000,,,,,,,,,,,,,xbrl,XBRL Operating Cash Flow Q1 FY2020,
unpaired_actual,TSLA,2021,,,,,,,,capital_expenditure,Capital expenditure,,consolidated,,,,Q1 FY2020,SEC XBRL Capital Expenditures for Q1 FY2020: 455000000 USD,$455000000,,,,,,,,,,,,,xbrl,XBRL Capital Expenditures Q1 FY2020,
unpaired_actual,TSLA,2021,,,,,,,,gross_margin,Gross margin,,consolidated,,,,Q1 FY2020,SEC XBRL derived Gross margin for Q1 FY2020: 20.6182% (1234000000 / 5985000000),20.6182%,,,,,,,,,,,,,xbrl,XBRL Gross margin Q1 FY2020,
unpaired_actual,TSLA,2021,,,,,,,,operating_margin,Operating margin,,consolidated,,,,Q1 FY2020,SEC XBRL derived Operating margin for Q1 FY2020: 4.7285% (283000000 / 5985000000),4.7285%,,,,,,,,,,,,,xbrl,XBRL Operating margin Q1 FY2020,
unpaired_actual,TSLA,2021,,,,,,,,revenue,Revenue,,consolidated,,,,Q2 FY2020,SEC XBRL Revenue for Q2 FY2020: 6036000000 USD,$6036000000,,,,,,,,,,,,,xbrl,XBRL Revenue Q2 FY2020,
unpaired_actual,TSLA,2021,,,,,,,,gross_profit,Gross profit,,consolidated,,,,Q2 FY2020,SEC XBRL Gross Profit for Q2 FY2020: 1267000000 USD,$1267000000,,,,,,,,,,,,,xbrl,XBRL Gross Profit Q2 FY2020,
unpaired_actual,TSLA,2021,,,,,,,,operating_income,Operating income,,consolidated,,,,Q2 FY2020,SEC XBRL Operating Income for Q2 FY2020: 327000000 USD,$327000000,,,,,,,,,,,,,xbrl,XBRL Operating Income Q2 FY2020,
unpaired_actual,TSLA,2021,,,,,,,,net_income,Net Income,,consolidated,,,,Q2 FY2020,SEC XBRL Net Income for Q2 FY2020: 104000000 USD,$104000000,,,,,,,,,,,,,xbrl,XBRL Net Income Q2 FY2020,
unpaired_actual,TSLA,2021,,,,,,,,eps,Diluted EPS,,consolidated,,,,Q2 FY2020,SEC XBRL Diluted EPS for Q2 FY2020: 0.5 USD/share,$0.5,,,,,,,,,,,,,xbrl,XBRL Diluted EPS Q2 FY2020,
unpaired_actual,TSLA,2021,,,,,,,,operating_cash_flow,Operating Cash Flow,,consolidated,,,,Q2 FY2020,SEC XBRL Operating Cash Flow for Q2 FY2020: 964000000 USD,$964000000,,,,,,,,,,,,,xbrl,XBRL Operating Cash Flow Q2 FY2020,
unpaired_actual,TSLA,2021,,,,,,,,capital_expenditure,Capital expenditure,,consolidated,,,,Q2 FY2020,SEC XBRL Capital Expenditures for Q2 FY2020: 546000000 USD,$546000000,,,,,,,,,,,,,xbrl,XBRL Capital Expenditures Q2 FY2020,
unpaired_actual,TSLA,2021,,,,,,,,gross_margin,Gross margin,,consolidated,,,,Q2 FY2020,SEC XBRL derived Gross margin for Q2 FY2020: 20.9907% (1267000000 / 6036000000),20.9907%,,,,,,,,,,,,,xbrl,XBRL Gross margin Q2 FY2020,
unpaired_actual,TSLA,2021,,,,,,,,operating_margin,Operating margin,,consolidated,,,,Q2 FY2020,SEC XBRL derived Operating margin for Q2 FY2020: 5.4175% (327000000 / 6036000000),5.4175%,,,,,,,,,,,,,xbrl,XBRL Operating margin Q2 FY2020,
unpaired_actual,TSLA,2021,,,,,,,,revenue,Revenue,,consolidated,,,,Q3 FY2020,SEC XBRL Revenue for Q3 FY2020: 8771000000 USD,$8771000000,,,,,,,,,,,,,xbrl,XBRL Revenue Q3 FY2020,
unpaired_actual,TSLA,2021,,,,,,,,gross_profit,Gross profit,,consolidated,,,,Q3 FY2020,SEC XBRL Gross Profit for Q3 FY2020: 2063000000 USD,$2063000000,,,,,,,,,,,,,xbrl,XBRL Gross Profit Q3 FY2020,
unpaired_actual,TSLA,2021,,,,,,,,operating_income,Operating income,,consolidated,,,,Q3 FY2020,SEC XBRL Operating Income for Q3 FY2020: 809000000 USD,$809000000,,,,,,,,,,,,,xbrl,XBRL Operating Income Q3 FY2020,
unpaired_actual,TSLA,2021,,,,,,,,net_income,Net Income,,consolidated,,,,Q3 FY2020,SEC XBRL Net Income for Q3 FY2020: 331000000 USD,$331000000,,,,,,,,,,,,,xbrl,XBRL Net Income Q3 FY2020,
unpaired_actual,TSLA,2021,,,,,,,,eps,Diluted EPS,,consolidated,,,,Q3 FY2020,SEC XBRL Diluted EPS for Q3 FY2020: 0.27 USD/share,$0.27,,,,,,,,,,,,,xbrl,XBRL Diluted EPS Q3 FY2020,
unpaired_actual,TSLA,2021,,,,,,,,operating_cash_flow,Operating Cash Flow,,consolidated,,,,Q3 FY2020,SEC XBRL Operating Cash Flow for Q3 FY2020: 2400000000 USD,$2400000000,,,,,,,,,,,,,xbrl,XBRL Operating Cash Flow Q3 FY2020,
unpaired_actual,TSLA,2021,,,,,,,,capital_expenditure,Capital expenditure,,consolidated,,,,Q3 FY2020,SEC XBRL Capital Expenditures for Q3 FY2020: 1005000000 USD,$1005000000,,,,,,,,,,,,,xbrl,XBRL Capital Expenditures Q3 FY2020,
unpaired_actual,TSLA,2021,,,,,,,,gross_margin,Gross margin,,consolidated,,,,Q3 FY2020,SEC XBRL derived Gross margin for Q3 FY2020: 23.5207% (2063000000 / 8771000000),23.5207%,,,,,,,,,,,,,xbrl,XBRL Gross margin Q3 FY2020,
unpaired_actual,TSLA,2021,,,,,,,,operating_margin,Operating margin,,consolidated,,,,Q3 FY2020,SEC XBRL derived Operating margin for Q3 FY2020: 9.2236% (809000000 / 8771000000),9.2236%,,,,,,,,,,,,,xbrl,XBRL Operating margin Q3 FY2020,
unpaired_actual,TSLA,2021,,,,,,,,revenue,Revenue,,consolidated,,,,FY2020,SEC XBRL Revenue for FY2020: 10744000000 USD,$10744000000,,,,,,,,,,,,,xbrl,XBRL Revenue FY2020,
unpaired_actual,TSLA,2021,,,,,,,,gross_profit,Gross profit,,consolidated,,,,FY2020,SEC XBRL Gross Profit for FY2020: 2066000000 USD,$2066000000,,,,,,,,,,,,,xbrl,XBRL Gross Profit FY2020,
unpaired_actual,TSLA,2021,,,,,,,,operating_income,Operating income,,consolidated,,,,FY2020,SEC XBRL Operating Income for FY2020: 1994000000 USD,$1994000000,,,,,,,,,,,,,xbrl,XBRL Operating Income FY2020,
unpaired_actual,TSLA,2021,,,,,,,,net_income,Net Income,,consolidated,,,,FY2020,SEC XBRL Net Income for FY2020: 270000000 USD,$270000000,,,,,,,,,,,,,xbrl,XBRL Net Income FY2020,
unpaired_actual,TSLA,2021,,,,,,,,eps,Diluted EPS,,consolidated,,,,FY2020,SEC XBRL Diluted EPS for FY2020: 0.64 USD/share,$0.64,,,,,,,,,,,,,xbrl,XBRL Diluted EPS FY2020,
unpaired_actual,TSLA,2021,,,,,,,,operating_cash_flow,Operating Cash Flow,,consolidated,,,,FY2020,SEC XBRL Operating Cash Flow for FY2020: 5943000000 USD,$5943000000,,,,,,,,,,,,,xbrl,XBRL Operating Cash Flow FY2020,
unpaired_actual,TSLA,2021,,,,,,,,capital_expenditure,Capital expenditure,,consolidated,,,,FY2020,SEC XBRL Capital Expenditures for FY2020: 3157000000 USD,$3157000000,,,,,,,,,,,,,xbrl,XBRL Capital Expenditures FY2020,
unpaired_actual,TSLA,2021,,,,,,,,gross_margin,Gross margin,,consolidated,,,,FY2020,SEC XBRL derived Gross margin for FY2020: 19.2293% (2066000000 / 10744000000),19.2293%,,,,,,,,,,,,,xbrl,XBRL Gross margin FY2020,
unpaired_actual,TSLA,2021,,,,,,,,operating_margin,Operating margin,,consolidated,,,,FY2020,SEC XBRL derived Operating margin for FY2020: 18.5592% (1994000000 / 10744000000),18.5592%,,,,,,,,,,,,,xbrl,XBRL Operating margin FY2020,
unpaired_actual,TSLA,2021,,,,,,,,revenue,Revenue,,consolidated,,,,Q1 FY2021,SEC XBRL Revenue for Q1 FY2021: 10389000000 USD,$10389000000,,,,,,,,,,,,,xbrl,XBRL Revenue Q1 FY2021,
unpaired_actual,TSLA,2021,,,,,,,,gross_profit,Gross profit,,consolidated,,,,Q1 FY2021,SEC XBRL Gross Profit for Q1 FY2021: 2215000000 USD,$2215000000,,,,,,,,,,,,,xbrl,XBRL Gross Profit Q1 FY2021,
unpaired_actual,TSLA,2021,,,,,,,,operating_income,Operating income,,consolidated,,,,Q1 FY2021,SEC XBRL Operating Income for Q1 FY2021: 594000000 USD,$594000000,,,,,,,,,,,,,xbrl,XBRL Operating Income Q1 FY2021,
unpaired_actual,TSLA,2021,,,,,,,,net_income,Net Income,,consolidated,,,,Q1 FY2021,SEC XBRL Net Income for Q1 FY2021: 438000000 USD,$438000000,,,,,,,,,,,,,xbrl,XBRL Net Income Q1 FY2021,
unpaired_actual,TSLA,2021,,,,,,,,eps,Diluted EPS,,consolidated,,,,Q1 FY2021,SEC XBRL Diluted EPS for Q1 FY2021: 0.39 USD/share,$0.39,,,,,,,,,,,,,xbrl,XBRL Diluted EPS Q1 FY2021,
unpaired_actual,TSLA,2021,,,,,,,,operating_cash_flow,Operating Cash Flow,,consolidated,,,,Q1 FY2021,SEC XBRL Operating Cash Flow for Q1 FY2021: 1641000000 USD,$1641000000,,,,,,,,,,,,,xbrl,XBRL Operating Cash Flow Q1 FY2021,
unpaired_actual,TSLA,2021,,,,,,,,capital_expenditure,Capital expenditure,,consolidated,,,,Q1 FY2021,SEC XBRL Capital Expenditures for Q1 FY2021: 1348000000 USD,$1348000000,,,,,,,,,,,,,xbrl,XBRL Capital Expenditures Q1 FY2021,
unpaired_actual,TSLA,2021,,,,,,,,gross_margin,Gross margin,,consolidated,,,,Q1 FY2021,SEC XBRL derived Gross margin for Q1 FY2021: 21.3206% (2215000000 / 10389000000),21.3206%,,,,,,,,,,,,,xbrl,XBRL Gross margin Q1 FY2021,
unpaired_actual,TSLA,2021,,,,,,,,operating_margin,Operating margin,,consolidated,,,,Q1 FY2021,SEC XBRL derived Operating margin for Q1 FY2021: 5.7176% (594000000 / 10389000000),5.7176%,,,,,,,,,,,,,xbrl,XBRL Operating margin Q1 FY2021,
unpaired_actual,TSLA,2021,,,,,,,,revenue,Revenue,,consolidated,,,,Q2 FY2021,SEC XBRL Revenue for Q2 FY2021: 11958000000 USD,$11958000000,,,,,,,,,,,,,xbrl,XBRL Revenue Q2 FY2021,
unpaired_actual,TSLA,2021,,,,,,,,gross_profit,Gross profit,,consolidated,,,,Q2 FY2021,SEC XBRL Gross Profit for Q2 FY2021: 2884000000 USD,$2884000000,,,,,,,,,,,,,xbrl,XBRL Gross Profit Q2 FY2021,
unpaired_actual,TSLA,2021,,,,,,,,operating_income,Operating income,,consolidated,,,,Q2 FY2021,SEC XBRL Operating Income for Q2 FY2021: 1312000000 USD,$1312000000,,,,,,,,,,,,,xbrl,XBRL Operating Income Q2 FY2021,
unpaired_actual,TSLA,2021,,,,,,,,net_income,Net Income,,consolidated,,,,Q2 FY2021,SEC XBRL Net Income for Q2 FY2021: 1142000000 USD,$1142000000,,,,,,,,,,,,,xbrl,XBRL Net Income Q2 FY2021,
unpaired_actual,TSLA,2021,,,,,,,,eps,Diluted EPS,,consolidated,,,,Q2 FY2021,SEC XBRL Diluted EPS for Q2 FY2021: 1.02 USD/share,$1.02,,,,,,,,,,,,,xbrl,XBRL Diluted EPS Q2 FY2021,
unpaired_actual,TSLA,2021,,,,,,,,operating_cash_flow,Operating Cash Flow,,consolidated,,,,Q2 FY2021,SEC XBRL Operating Cash Flow for Q2 FY2021: 2124000000 USD,$2124000000,,,,,,,,,,,,,xbrl,XBRL Operating Cash Flow Q2 FY2021,
unpaired_actual,TSLA,2021,,,,,,,,capital_expenditure,Capital expenditure,,consolidated,,,,Q2 FY2021,SEC XBRL Capital Expenditures for Q2 FY2021: 1505000000 USD,$1505000000,,,,,,,,,,,,,xbrl,XBRL Capital Expenditures Q2 FY2021,
unpaired_actual,TSLA,2021,,,,,,,,gross_margin,Gross margin,,consolidated,,,,Q2 FY2021,SEC XBRL derived Gross margin for Q2 FY2021: 24.1177% (2884000000 / 11958000000),24.1177%,,,,,,,,,,,,,xbrl,XBRL Gross margin Q2 FY2021,
unpaired_actual,TSLA,2021,,,,,,,,operating_margin,Operating margin,,consolidated,,,,Q2 FY2021,SEC XBRL derived Operating margin for Q2 FY2021: 10.9717% (1312000000 / 11958000000),10.9717%,,,,,,,,,,,,,xbrl,XBRL Operating margin Q2 FY2021,
unpaired_actual,TSLA,2021,,,,,,,,revenue,Revenue,,consolidated,,,,Q3 FY2021,SEC XBRL Revenue for Q3 FY2021: 13757000000 USD,$13757000000,,,,,,,,,,,,,xbrl,XBRL Revenue Q3 FY2021,
unpaired_actual,TSLA,2021,,,,,,,,gross_profit,Gross profit,,consolidated,,,,Q3 FY2021,SEC XBRL Gross Profit for Q3 FY2021: 3660000000 USD,$3660000000,,,,,,,,,,,,,xbrl,XBRL Gross Profit Q3 FY2021,
unpaired_actual,TSLA,2021,,,,,,,,operating_income,Operating income,,consolidated,,,,Q3 FY2021,SEC XBRL Operating Income for Q3 FY2021: 2004000000 USD,$2004000000,,,,,,,,,,,,,xbrl,XBRL Operating Income Q3 FY2021,
unpaired_actual,TSLA,2021,,,,,,,,net_income,Net Income,,consolidated,,,,Q3 FY2021,SEC XBRL Net Income for Q3 FY2021: 1618000000 USD,$1618000000,,,,,,,,,,,,,xbrl,XBRL Net Income Q3 FY2021,
unpaired_actual,TSLA,2021,,,,,,,,eps,Diluted EPS,,consolidated,,,,Q3 FY2021,SEC XBRL Diluted EPS for Q3 FY2021: 1.44 USD/share,$1.44,,,,,,,,,,,,,xbrl,XBRL Diluted EPS Q3 FY2021,
unpaired_actual,TSLA,2021,,,,,,,,operating_cash_flow,Operating Cash Flow,,consolidated,,,,Q3 FY2021,SEC XBRL Operating Cash Flow for Q3 FY2021: 3147000000 USD,$3147000000,,,,,,,,,,,,,xbrl,XBRL Operating Cash Flow Q3 FY2021,
unpaired_actual,TSLA,2021,,,,,,,,capital_expenditure,Capital expenditure,,consolidated,,,,Q3 FY2021,SEC XBRL Capital Expenditures for Q3 FY2021: 1819000000 USD,$1819000000,,,,,,,,,,,,,xbrl,XBRL Capital Expenditures Q3 FY2021,
unpaired_actual,TSLA,2021,,,,,,,,gross_margin,Gross margin,,consolidated,,,,Q3 FY2021,SEC XBRL derived Gross margin for Q3 FY2021: 26.6046% (3660000000 / 13757000000),26.6046%,,,,,,,,,,,,,xbrl,XBRL Gross margin Q3 FY2021,
unpaired_actual,TSLA,2021,,,,,,,,operating_margin,Operating margin,,consolidated,,,,Q3 FY2021,SEC XBRL derived Operating margin for Q3 FY2021: 14.5671% (2004000000 / 13757000000),14.5671%,,,,,,,,,,,,,xbrl,XBRL Operating margin Q3 FY2021,
unpaired_actual,TSLA,2021,,,,,,,,revenue,Revenue,,consolidated,,,,FY2021,SEC XBRL Revenue for FY2021: 53823000000 USD,$53823000000,,,,,,,,,,,,,xbrl,XBRL Revenue FY2021,
unpaired_actual,TSLA,2021,,,,,,,,gross_profit,Gross profit,,consolidated,,,,FY2021,SEC XBRL Gross Profit for FY2021: 13606000000 USD,$13606000000,,,,,,,,,,,,,xbrl,XBRL Gross Profit FY2021,
unpaired_actual,TSLA,2021,,,,,,,,operating_income,Operating income,,consolidated,,,,FY2021,SEC XBRL Operating Income for FY2021: 6523000000 USD,$6523000000,,,,,,,,,,,,,xbrl,XBRL Operating Income FY2021,
unpaired_actual,TSLA,2021,,,,,,,,net_income,Net Income,,consolidated,,,,FY2021,SEC XBRL Net Income for FY2021: 5519000000 USD,$5519000000,,,,,,,,,,,,,xbrl,XBRL Net Income FY2021,
unpaired_actual,TSLA,2021,,,,,,,,eps,Diluted EPS,,consolidated,,,,FY2021,SEC XBRL Diluted EPS for FY2021: 4.9 USD/share,$4.9,,,,,,,,,,,,,xbrl,XBRL Diluted EPS FY2021,
unpaired_actual,TSLA,2021,,,,,,,,operating_cash_flow,Operating Cash Flow,,consolidated,,,,FY2021,SEC XBRL Operating Cash Flow for FY2021: 11497000000 USD,$11497000000,,,,,,,,,,,,,xbrl,XBRL Operating Cash Flow FY2021,
unpaired_actual,TSLA,2021,,,,,,,,capital_expenditure,Capital expenditure,,consolidated,,,,FY2021,SEC XBRL Capital Expenditures for FY2021: 6482000000 USD,$6482000000,,,,,,,,,,,,,xbrl,XBRL Capital Expenditures FY2021,
unpaired_actual,TSLA,2021,,,,,,,,gross_margin,Gross margin,,consolidated,,,,FY2021,SEC XBRL derived Gross margin for FY2021: 25.2792% (13606000000 / 53823000000),25.2792%,,,,,,,,,,,,,xbrl,XBRL Gross margin FY2021,
unpaired_actual,TSLA,2021,,,,,,,,operating_margin,Operating margin,,consolidated,,,,FY2021,SEC XBRL derived Operating margin for FY2021: 12.1194% (6523000000 / 53823000000),12.1194%,,,,,,,,,,,,,xbrl,XBRL Operating margin FY2021,
unpaired_actual,TSLA,2021,,,,,,,,revenue,Revenue,,consolidated,,,,Q1 FY2022,SEC XBRL Revenue for Q1 FY2022: 18756000000 USD,$18756000000,,,,,,,,,,,,,xbrl,XBRL Revenue Q1 FY2022,
unpaired_actual,TSLA,2021,,,,,,,,gross_profit,Gross profit,,consolidated,,,,Q1 FY2022,SEC XBRL Gross Profit for Q1 FY2022: 5460000000 USD,$5460000000,,,,,,,,,,,,,xbrl,XBRL Gross Profit Q1 FY2022,
unpaired_actual,TSLA,2021,,,,,,,,operating_income,Operating income,,consolidated,,,,Q1 FY2022,SEC XBRL Operating Income for Q1 FY2022: 3603000000 USD,$3603000000,,,,,,,,,,,,,xbrl,XBRL Operating Income Q1 FY2022,
unpaired_actual,TSLA,2021,,,,,,,,net_income,Net Income,,consolidated,,,,Q1 FY2022,SEC XBRL Net Income for Q1 FY2022: 3318000000 USD,$3318000000,,,,,,,,,,,,,xbrl,XBRL Net Income Q1 FY2022,
unpaired_actual,TSLA,2021,,,,,,,,eps,Diluted EPS,,consolidated,,,,Q1 FY2022,SEC XBRL Diluted EPS for Q1 FY2022: 2.86 USD/share,$2.86,,,,,,,,,,,,,xbrl,XBRL Diluted EPS Q1 FY2022,
unpaired_actual,TSLA,2021,,,,,,,,operating_cash_flow,Operating Cash Flow,,consolidated,,,,Q1 FY2022,SEC XBRL Operating Cash Flow for Q1 FY2022: 3995000000 USD,$3995000000,,,,,,,,,,,,,xbrl,XBRL Operating Cash Flow Q1 FY2022,
unpaired_actual,TSLA,2021,,,,,,,,capital_expenditure,Capital expenditure,,consolidated,,,,Q1 FY2022,SEC XBRL Capital Expenditures for Q1 FY2022: 1767000000 USD,$1767000000,,,,,,,,,,,,,xbrl,XBRL Capital Expenditures Q1 FY2022,
unpaired_actual,TSLA,2021,,,,,,,,gross_margin,Gross margin,,consolidated,,,,Q1 FY2022,SEC XBRL derived Gross margin for Q1 FY2022: 29.1107% (5460000000 / 18756000000),29.1107%,,,,,,,,,,,,,xbrl,XBRL Gross margin Q1 FY2022,
unpaired_actual,TSLA,2021,,,,,,,,operating_margin,Operating margin,,consolidated,,,,Q1 FY2022,SEC XBRL derived Operating margin for Q1 FY2022: 19.2099% (3603000000 / 18756000000),19.2099%,,,,,,,,,,,,,xbrl,XBRL Operating margin Q1 FY2022,
unpaired_actual,TSLA,2021,,,,,,,,revenue,Revenue,,consolidated,,,,Q2 FY2022,SEC XBRL Revenue for Q2 FY2022: 16934000000 USD,$16934000000,,,,,,,,,,,,,xbrl,XBRL Revenue Q2 FY2022,
unpaired_actual,TSLA,2021,,,,,,,,gross_profit,Gross profit,,consolidated,,,,Q2 FY2022,SEC XBRL Gross Profit for Q2 FY2022: 4234000000 USD,$4234000000,,,,,,,,,,,,,xbrl,XBRL Gross Profit Q2 FY2022,
unpaired_actual,TSLA,2021,,,,,,,,operating_income,Operating income,,consolidated,,,,Q2 FY2022,SEC XBRL Operating Income for Q2 FY2022: 2464000000 USD,$2464000000,,,,,,,,,,,,,xbrl,XBRL Operating Income Q2 FY2022,
unpaired_actual,TSLA,2021,,,,,,,,net_income,Net Income,,consolidated,,,,Q2 FY2022,SEC XBRL Net Income for Q2 FY2022: 2259000000 USD,$2259000000,,,,,,,,,,,,,xbrl,XBRL Net Income Q2 FY2022,
unpaired_actual,TSLA,2021,,,,,,,,eps,Diluted EPS,,consolidated,,,,Q2 FY2022,SEC XBRL Diluted EPS for Q2 FY2022: 1.95 USD/share,$1.95,,,,,,,,,,,,,xbrl,XBRL Diluted EPS Q2 FY2022,
unpaired_actual,TSLA,2021,,,,,,,,operating_cash_flow,Operating Cash Flow,,consolidated,,,,Q2 FY2022,SEC XBRL Operating Cash Flow for Q2 FY2022: 2351000000 USD,$2351000000,,,,,,,,,,,,,xbrl,XBRL Operating Cash Flow Q2 FY2022,
unpaired_actual,TSLA,2021,,,,,,,,capital_expenditure,Capital expenditure,,consolidated,,,,Q2 FY2022,SEC XBRL Capital Expenditures for Q2 FY2022: 1730000000 USD,$1730000000,,,,,,,,,,,,,xbrl,XBRL Capital Expenditures Q2 FY2022,
unpaired_actual,TSLA,2021,,,,,,,,gross_margin,Gross margin,,consolidated,,,,Q2 FY2022,SEC XBRL derived Gross margin for Q2 FY2022: 25.0030% (4234000000 / 16934000000),25.0030%,,,,,,,,,,,,,xbrl,XBRL Gross margin Q2 FY2022,
unpaired_actual,TSLA,2021,,,,,,,,operating_margin,Operating margin,,consolidated,,,,Q2 FY2022,SEC XBRL derived Operating margin for Q2 FY2022: 14.5506% (2464000000 / 16934000000),14.5506%,,,,,,,,,,,,,xbrl,XBRL Operating margin Q2 FY2022,
unpaired_actual,TSLA,2021,,,,,,,,revenue,Revenue,,consolidated,,,,Q3 FY2022,SEC XBRL Revenue for Q3 FY2022: 21454000000 USD,$21454000000,,,,,,,,,,,,,xbrl,XBRL Revenue Q3 FY2022,
unpaired_actual,TSLA,2021,,,,,,,,gross_profit,Gross profit,,consolidated,,,,Q3 FY2022,SEC XBRL Gross Profit for Q3 FY2022: 5382000000 USD,$5382000000,,,,,,,,,,,,,xbrl,XBRL Gross Profit Q3 FY2022,
unpaired_actual,TSLA,2021,,,,,,,,operating_income,Operating income,,consolidated,,,,Q3 FY2022,SEC XBRL Operating Income for Q3 FY2022: 3688000000 USD,$3688000000,,,,,,,,,,,,,xbrl,XBRL Operating Income Q3 FY2022,
unpaired_actual,TSLA,2021,,,,,,,,net_income,Net Income,,consolidated,,,,Q3 FY2022,SEC XBRL Net Income for Q3 FY2022: 3292000000 USD,$3292000000,,,,,,,,,,,,,xbrl,XBRL Net Income Q3 FY2022,
unpaired_actual,TSLA,2021,,,,,,,,eps,Diluted EPS,,consolidated,,,,Q3 FY2022,SEC XBRL Diluted EPS for Q3 FY2022: 0.95 USD/share,$0.95,,,,,,,,,,,,,xbrl,XBRL Diluted EPS Q3 FY2022,
unpaired_actual,TSLA,2021,,,,,,,,operating_cash_flow,Operating Cash Flow,,consolidated,,,,Q3 FY2022,SEC XBRL Operating Cash Flow for Q3 FY2022: 5100000000 USD,$5100000000,,,,,,,,,,,,,xbrl,XBRL Operating Cash Flow Q3 FY2022,
unpaired_actual,TSLA,2021,,,,,,,,capital_expenditure,Capital expenditure,,consolidated,,,,Q3 FY2022,SEC XBRL Capital Expenditures for Q3 FY2022: 1803000000 USD,$1803000000,,,,,,,,,,,,,xbrl,XBRL Capital Expenditures Q3 FY2022,
unpaired_actual,TSLA,2021,,,,,,,,gross_margin,Gross margin,,consolidated,,,,Q3 FY2022,SEC XBRL derived Gross margin for Q3 FY2022: 25.0862% (5382000000 / 21454000000),25.0862%,,,,,,,,,,,,,xbrl,XBRL Gross margin Q3 FY2022,
unpaired_actual,TSLA,2021,,,,,,,,operating_margin,Operating margin,,consolidated,,,,Q3 FY2022,SEC XBRL derived Operating margin for Q3 FY2022: 17.1903% (3688000000 / 21454000000),17.1903%,,,,,,,,,,,,,xbrl,XBRL Operating margin Q3 FY2022,
unpaired_actual,TSLA,2021,,,,,,,,revenue,Revenue,,consolidated,,,,FY2022,SEC XBRL Revenue for FY2022: 81462000000 USD,$81462000000,,,,,,,,,,,,,xbrl,XBRL Revenue FY2022,
unpaired_actual,TSLA,2021,,,,,,,,gross_profit,Gross profit,,consolidated,,,,FY2022,SEC XBRL Gross Profit for FY2022: 20853000000 USD,$20853000000,,,,,,,,,,,,,xbrl,XBRL Gross Profit FY2022,
unpaired_actual,TSLA,2021,,,,,,,,operating_income,Operating income,,consolidated,,,,FY2022,SEC XBRL Operating Income for FY2022: 13656000000 USD,$13656000000,,,,,,,,,,,,,xbrl,XBRL Operating Income FY2022,
unpaired_actual,TSLA,2021,,,,,,,,net_income,Net Income,,consolidated,,,,FY2022,SEC XBRL Net Income for FY2022: 12556000000 USD,$12556000000,,,,,,,,,,,,,xbrl,XBRL Net Income FY2022,
unpaired_actual,TSLA,2021,,,,,,,,eps,Diluted EPS,,consolidated,,,,FY2022,SEC XBRL Diluted EPS for FY2022: 3.62 USD/share,$3.62,,,,,,,,,,,,,xbrl,XBRL Diluted EPS FY2022,
unpaired_actual,TSLA,2021,,,,,,,,operating_cash_flow,Operating Cash Flow,,consolidated,,,,FY2022,SEC XBRL Operating Cash Flow for FY2022: 14724000000 USD,$14724000000,,,,,,,,,,,,,xbrl,XBRL Operating Cash Flow FY2022,
unpaired_actual,TSLA,2021,,,,,,,,gross_margin,Gross margin,,consolidated,,,,FY2022,SEC XBRL derived Gross margin for FY2022: 25.5984% (20853000000 / 81462000000),25.5984%,,,,,,,,,,,,,xbrl,XBRL Gross margin FY2022,
unpaired_actual,TSLA,2021,,,,,,,,operating_margin,Operating margin,,consolidated,,,,FY2022,SEC XBRL derived Operating margin for FY2022: 16.7636% (13656000000 / 81462000000),16.7636%,,,,,,,,,,,,,xbrl,XBRL Operating margin FY2022,
