record_type,ticker,anchor_year,cohort,guidance_issued_period,guidance_issued_year,target_period,guidance_category,metric_key,metric_label,metric_label_original,business_scope,guidance_text,guidance_value_raw,guidance_value_normalized,actual_period,actual_text,actual_value_raw,actual_value_normalized,verdict,explanation,confidence,revision_group,is_primary_guidance,unresolved_reason,guidance_source_type,guidance_source_label,guidance_source_url,actual_source_type,actual_source_label,actual_source_url
comparison,VST,2021,outside anchor-year cohorts,VST_Q1_2020,2020,FY2020,financial,adjusted_ebitda,Adjusted Ebitda,Ongoing operations adjusted EBITDA,consolidated,"As we turn now to Slide 11, you can see all of the variables we just discussed accounted for in our 2020 guidance walk forward table.","{'low': 3285000000, 'high': 3585000000}","{""low"": 3285000000.0, ""high"": 3285000000.0, ""value"": 3285000000.0, ""unit"": ""number"", ""direction"": ""exact"", ""raw"": ""{'low': 3285000000, 'high': 3585000000}""}",FY2020,"Net income increased by $175 million to $309 million and Adjusted EBITDA increased by $176 million to $983 million in the year ended December 31, 2020 compared to the year ended December 31, 2019.",983,"{""low"": 983.0, ""high"": 983.0, ""value"": 983.0, ""unit"": ""number"", ""direction"": ""exact"", ""raw"": ""983""}",Not Verifiable After Exhaustive Search,explicit target-period evidence,high,adjusted_ebitda_consolidated_fy2020,True,,transcript,VST_Q1_2020,,filing,10-K FY2020 — Item 7. MANAGEMENT'S DISCUSSION AND ANALYSIS OF FINANCIAL CONDITION AND RESULTS OF OPERATIONS,
comparison,VST,2021,outside anchor-year cohorts,VST_Q1_2020,2020,FY2020,financial,free_cash_flow,Free cash flow,Adjusted free cash flow before growth,consolidated,"As we turn now to Slide 11, you can see all of the variables we just discussed accounted for in our 2020 guidance walk forward table.","{'low': 2160000000, 'high': 2460000000}","{""low"": 2160000000.0, ""high"": 2160000000.0, ""value"": 2160000000.0, ""unit"": ""number"", ""direction"": ""exact"", ""raw"": ""{'low': 2160000000, 'high': 2460000000}""}",,,,,Not Verifiable After Exhaustive Search,explicit target-period evidence,low,free_cash_flow_consolidated_fy2020,False,,transcript,VST_Q1_2020,,,,
comparison,VST,2021,prior-year guidance resolved in anchor year,VST_Q1_2020,2020,FY2021,financial,adjusted_ebitda,Adjusted Ebitda,2021 ongoing operations adjusted EBITDA,consolidated,"Importantly, this means that even in our most punitive modeled case, we still expect we will be able to deliver approximately $3.1 billion or more of adjusted EBITDA from our ongoing operations in 2021.",3100000000,"{""low"": 3100000000.0, ""high"": 3100000000.0, ""value"": 3100000000.0, ""unit"": ""number"", ""direction"": ""exact"", ""raw"": ""3100000000""}",,,,,Superseded,"A later valid guidance statement for the same metric, scope, and target period superseded this statement before the outcome.",low,adjusted_ebitda_consolidated_fy2021,False,,transcript,VST_Q1_2020,,,,
comparison,VST,2021,outside anchor-year cohorts,VST_Q1_2020,2020,FY2020,financial,bad_debt_expense,Bad Debt Expense,Bad debt expense increase,segment:retail,"In total, we had a strong first quarter, and we are tracking strong for the full year with the expectation that our 2020 ongoing operations adjusted EBITDA will be well within the range of the $3.285 billion to $3.585 billion, which is yet another example of the resiliency of the integrated model.",40000000,"{""low"": 40000000.0, ""high"": 40000000.0, ""value"": 40000000.0, ""unit"": ""number"", ""direction"": ""exact"", ""raw"": ""40000000""}",,,,,Not Verifiable After Exhaustive Search,explicit target-period evidence,low,bad_debt_expense_segment_retail_fy2020,True,,transcript,VST_Q1_2020,,,,
comparison,VST,2021,outside anchor-year cohorts,VST_Q1_2020,2020,FY2020,financial,volume_impact,Volume Impact,Lower volumes impact,segment:retail,"In total, we had a strong first quarter, and we are tracking strong for the full year with the expectation that our 2020 ongoing operations adjusted EBITDA will be well within the range of the $3.285 billion to $3.585 billion, which is yet another example of the resiliency of the integrated model.",-30000000,"{""low"": 30000000.0, ""high"": 30000000.0, ""value"": 30000000.0, ""unit"": ""number"", ""direction"": ""exact"", ""raw"": ""-30000000""}",,,,,Not Verifiable After Exhaustive Search,explicit target-period evidence,low,volume_impact_segment_retail_fy2020,True,,transcript,VST_Q1_2020,,,,
comparison,VST,2021,prior-year guidance resolved in anchor year,VST_Q1_2020,2020,FY2021,financial,adjusted_ebitda,Adjusted Ebitda,2021 ongoing operations adjusted EBITDA,consolidated,"Just looking at forward curves as of March 31, 2020, which already reflected a level of uncertainty around COVID-19 impact, which suggests 2021 ongoing operations adjusted EBITDA would be approximately $200 million to $250 million lower than our 2020 guidance midpoint or about a 6% to 7% reduction.","{'expected_reduction_low': 200000000, 'expected_reduction_high': 250000000}","{""low"": 200000000.0, ""high"": 200000000.0, ""value"": 200000000.0, ""unit"": ""number"", ""direction"": ""exact"", ""raw"": ""{'expected_reduction_low': 200000000, 'expected_reduction_high': 250000000}""}",,,,,Superseded,"A later valid guidance statement for the same metric, scope, and target period superseded this statement before the outcome.",low,adjusted_ebitda_consolidated_fy2021,False,,transcript,VST_Q1_2020,,,,
comparison,VST,2021,prior-year guidance resolved in anchor year,VST_Q1_2020,2020,FY2021,financial,hedge_ratio,Hedge Ratio,Hedge ratio,consolidated,"Prior to COVID-19, our fundamental point of view suggested 2021 ongoing operations adjusted EBITDA could track in line with or potentially higher than 2020 expected results.","{'ercot': 0.57, 'other_markets_min': 0.6, 'other_markets_max': 0.7}","{""low"": 0.57, ""high"": 0.57, ""value"": 0.57, ""unit"": ""number"", ""direction"": ""exact"", ""raw"": ""{'ercot': 0.57, 'other_markets_min': 0.6, 'other_markets_max': 0.7}""}",,,,,Not Verifiable After Exhaustive Search,"The loaded transcript, filing-section, filing-table, and XBRL search matrix did not contain a defensible actual for the same metric, scope, unit, and target period. Missing evidence is not treated as a miss.",low,hedge_ratio_consolidated_fy2021,True,,transcript,VST_Q1_2020,,,,
comparison,VST,2021,outside anchor-year cohorts,VST_Q1_2020,2020,FY2020,financial,adjusted_ebitda_retail_segment,Adjusted Ebitda Retail Segment,Retail segment adjusted EBITDA,segment:retail,"This forecasted retail variance is comprised of an expected $10 million benefit from lower costs and an accelerated capture of synergies from our Ambit and Crius acquisitions, offset by $70 million of expected headwinds related to COVID-19.",-60000000,"{""low"": 60000000.0, ""high"": 60000000.0, ""value"": 60000000.0, ""unit"": ""number"", ""direction"": ""exact"", ""raw"": ""-60000000""}",,,,,Not Verifiable After Exhaustive Search,explicit target-period evidence,low,adjusted_ebitda_retail_segment_segment_retail_fy2020,True,,transcript,VST_Q1_2020,,,,
comparison,VST,2021,outside anchor-year cohorts,VST_Q1_2020,2020,FY2020,financial,free_cash_flow,Free cash flow,Ongoing operations adjusted EBITDA,consolidated,We are also reaffirming our ongoing operations adjusted free cash flow before growth guidance range of $2.16 billion to $2.46 billion.,"{'low': 3285000000, 'high': 3585000000}","{""low"": 3285000000.0, ""high"": 3285000000.0, ""value"": 3285000000.0, ""unit"": ""number"", ""direction"": ""exact"", ""raw"": ""{'low': 3285000000, 'high': 3585000000}""}",,,,,Not Verifiable After Exhaustive Search,explicit target-period evidence,low,free_cash_flow_consolidated_fy2020,False,,transcript,VST_Q1_2020,,,,
comparison,VST,2021,outside anchor-year cohorts,VST_Q1_2020,2020,FY2020,financial,adjusted_ebitda_generation_segment,Adjusted Ebitda Generation Segment,Generation segment adjusted EBITDA,segment:generation,We expect this positive variance in our generation segment to be potentially offset by a $60 million negative variance in our retail segment as compared to our initial guidance forecast.,60000000,"{""low"": 60000000.0, ""high"": 60000000.0, ""value"": 60000000.0, ""unit"": ""number"", ""direction"": ""exact"", ""raw"": ""60000000""}",,,,,Not Verifiable After Exhaustive Search,explicit target-period evidence,low,adjusted_ebitda_generation_segment_segment_generation_fy2020,True,,transcript,VST_Q1_2020,,,,
comparison,VST,2021,prior-year guidance resolved in anchor year,VST_Q1_2020,2020,FY2021,financial,free_cash_flow,Free cash flow,Adjusted free cash flow before growth,consolidated,"With an expected 65% to 70% free cash flow conversion ratio, this would translate to more than $2 billion of adjusted free cash flow before growth, meaning that even in a recession created by an extremely low probability pandemic tail event, we expect to maintain very strong liquidity.",2000000000,"{""low"": 2000000000.0, ""high"": 2000000000.0, ""value"": 2000000000.0, ""unit"": ""number"", ""direction"": ""exact"", ""raw"": ""2000000000""}",,,,,Superseded,"A later valid guidance statement for the same metric, scope, and target period superseded this statement before the outcome.",low,free_cash_flow_consolidated_fy2021,False,,transcript,VST_Q1_2020,,,,
comparison,VST,2021,outside anchor-year cohorts,VST_Q2_2020,2020,FY2020,financial,free_cash_flow,Free cash flow,2020 Guidance Range for Ongoing Operations Adjusted EBITDA,consolidated,"As a result of this strong performance through the first half of the year, we are reaffirming our 2020 guidance ranges for both ongoing operations adjusted EBITDA and ongoing operations adjusted free cash flow before growth, as set forth on slide six.",2020,"{""low"": 2020.0, ""high"": 2020.0, ""value"": 2020.0, ""unit"": ""number"", ""direction"": ""exact"", ""raw"": ""2020""}",,,,,Not Verifiable After Exhaustive Search,explicit target-period evidence,low,free_cash_flow_consolidated_fy2020,False,,transcript,VST_Q2_2020,,,,
comparison,VST,2021,outside anchor-year cohorts,VST_Q2_2020,2020,FY2020,financial,revenue,Revenue,Incremental Adjusted EBITDA from Operations Performance Improvement,consolidated,"In addition, our teams continue to drive savings and revenue enhancements through the ongoing execution of our operations performance improvement initiative, which we expect will deliver an incremental $100 million of adjusted EBITDA in 2020, reaching an annual run rate of nearly $700 million by year-end.",100000000,"{""low"": 100000000.0, ""high"": 100000000.0, ""value"": 100000000.0, ""unit"": ""number"", ""direction"": ""exact"", ""raw"": ""100000000""}",FY2020,"Increased unemployment of residential customers and decreased demand for products and services by commercial and industrial customers resulting from an economic downturn could lead to declines in the demand for energy and an increase in the number of uncollectible customer balances, which would negatively impact our overall sales and cash flows.",,"{""low"": null, ""high"": null, ""value"": null, ""unit"": null, ""direction"": ""between"", ""raw"": ""Increased unemployment of residential customers and decreased demand for products and services by commercial and industrial customers resulting from an economic downturn could lead to declines in the demand for energy and an increase in the number of uncollectible customer balances, which would negatively impact our overall sales and cash flows.""}",Not Verifiable After Exhaustive Search,explicit target-period evidence,high,revenue_consolidated_fy2020,True,,transcript,VST_Q2_2020,,filing,10-K FY2020 — Item 1A. RISK FACTORS,
comparison,VST,2021,prior-year guidance resolved in anchor year,VST_Q2_2020,2020,FY2021,financial,adjusted_ebitda,Adjusted Ebitda,2021 Ongoing Operations Adjusted EBITDA Outlook,consolidated,"This strong recovery in demand, particularly in ERCOT, is a positive data point for our 2021 outlook, bringing us to slide eight.",2021,"{""low"": 2021.0, ""high"": 2021.0, ""value"": 2021.0, ""unit"": ""number"", ""direction"": ""exact"", ""raw"": ""2021""}",,,,,Superseded,"A later valid guidance statement for the same metric, scope, and target period superseded this statement before the outcome.",low,adjusted_ebitda_consolidated_fy2021,False,,transcript,VST_Q2_2020,,,,
comparison,VST,2021,prior-year guidance resolved in anchor year,VST_Q2_2020,2020,FY2021,other assessable company-level guidance,forward_price_summer_peak,Forward Price Summer Peak,2021 Forward Curve Summer Peak Price,consolidated,Vistra's fundamental point of view continues to suggest that our 2021 ongoing operations adjusted EBITDA could track in line with or potentially slightly lower than the 2020 guidance midpoint.,80,"{""low"": 80.0, ""high"": 80.0, ""value"": 80.0, ""unit"": ""number"", ""direction"": ""exact"", ""raw"": ""80""}",,,,,Not Verifiable After Exhaustive Search,"The loaded transcript, filing-section, filing-table, and XBRL search matrix did not contain a defensible actual for the same metric, scope, unit, and target period. Missing evidence is not treated as a miss.",low,forward_price_summer_peak_consolidated_fy2021,True,,transcript,VST_Q2_2020,,,,
comparison,VST,2021,outside anchor-year cohorts,VST_Q3_2020,2020,FY2022,financial,dividend_per_share,Dividend Per Share,Dividend Per Share,consolidated,"As it relates to the dividend, it is our intention to increase our dividend by approximately 8% in 2021, at the high end of our expected 6% to 8% annual growth rate.",$0.76 per share,"{""low"": 0.76, ""high"": 0.76, ""value"": 0.76, ""unit"": ""currency"", ""direction"": ""exact"", ""raw"": ""$0.76 per share""}",,,,,Not Verifiable After Exhaustive Search,explicit target-period evidence,low,dividend_per_share_consolidated_fy2022,True,,transcript,VST_Q3_2020,,,,
comparison,VST,2021,outside anchor-year cohorts,VST_Q3_2020,2020,FY2025,financial,cash_return_to_stakeholders,Cash Return To Stakeholders,Annual Cash Return to Financial Stakeholders,consolidated,"As we approach our long-term leverage target of 2.5 times net-debt-to-EBITDA, we also believe we are on track to achieve investment-grade credit ratings next year.",1500000000,"{""low"": 1500000000.0, ""high"": 1500000000.0, ""value"": 1500000000.0, ""unit"": ""number"", ""direction"": ""exact"", ""raw"": ""1500000000""}",,,,,Not Verifiable After Exhaustive Search,explicit target-period evidence,low,cash_return_to_stakeholders_consolidated_fy2025,True,,transcript,VST_Q3_2020,,,,
comparison,VST,2021,prior-year guidance resolved in anchor year,VST_Q3_2020,2020,FY2021,financial,leverage_ratio_target,Leverage Ratio Target,Long-term Leverage Target,consolidated,"As we approach our long-term leverage target of 2.5 times net-debt-to-EBITDA, we also believe we are on track to achieve investment-grade credit ratings next year.",2.5,"{""low"": 2.5, ""high"": 2.5, ""value"": 2.5, ""unit"": ""number"", ""direction"": ""exact"", ""raw"": ""2.5""}",,,,,Not Verifiable After Exhaustive Search,"The loaded transcript, filing-section, filing-table, and XBRL search matrix did not contain a defensible actual for the same metric, scope, unit, and target period. Missing evidence is not treated as a miss.",low,leverage_ratio_target_consolidated_fy2021,True,,transcript,VST_Q3_2020,,,,
comparison,VST,2021,outside anchor-year cohorts,VST_Q3_2020,2020,FY2040,financial,adjusted_ebitda_share,Adjusted Ebitda Share,Adjusted EBITDA Share from Carbon-Free Operations,segment:energy,"By 2040, we estimate at least 70% to 80% of our adjusted EBITDA will come from our carbon-free operations, including retail, nuclear, renewable and energy storage.",70% to 80%,"{""low"": 70.0, ""high"": 80.0, ""value"": 70.0, ""unit"": ""percent"", ""direction"": ""range"", ""raw"": ""70% to 80%""}",,,,,Not Verifiable After Exhaustive Search,explicit target-period evidence,low,adjusted_ebitda_share_segment_energy_fy2040,True,,transcript,VST_Q3_2020,,,,
comparison,VST,2021,outside anchor-year cohorts,VST_Q3_2020,2020,FY2020,financial,covid_impact_adjusted_ebitda,Covid Impact Adjusted Ebitda,COVID-19 Impact on 2020 Adjusted EBITDA,consolidated,"In May, we estimated that COVID-19 could potentially be a negative driver of our 2020 adjusted EBITDA of approximately $70 million due to anticipated higher bad debt expense and the anticipated impact of lower volumes on our financial results.",$10 million to $15 million negative impact,"{""low"": 10000000.0, ""high"": 15000000.0, ""value"": 10000000.0, ""unit"": ""currency"", ""direction"": ""range"", ""raw"": ""$10 million to $15 million negative impact""}",,,,,Not Verifiable After Exhaustive Search,explicit target-period evidence,low,covid_impact_adjusted_ebitda_consolidated_fy2020,True,,transcript,VST_Q3_2020,,,,
comparison,VST,2021,outside anchor-year cohorts,VST_Q3_2020,2020,FY2030,financial,adjusted_ebitda_share,Adjusted Ebitda Share,Adjusted EBITDA Share from Carbon-Free Operations,consolidated,"In fact, by 2030, we project that more than half of our adjusted EBITDA will be derived from our carbon-free operations, with 90% of our adjusted EBITDA coming from our Retail business and low to zero-carbon generating assets.",more than 50%,"{""low"": 50.0, ""high"": null, ""value"": 50.0, ""unit"": ""percent"", ""direction"": ""above"", ""raw"": ""more than 50%""}",,,,,Not Verifiable After Exhaustive Search,explicit target-period evidence,low,adjusted_ebitda_share_consolidated_fy2030,True,,transcript,VST_Q3_2020,,,,
comparison,VST,2021,prior-year guidance resolved in anchor year,VST_Q3_2020,2020,FY2021,financial,free_cash_flow,Free cash flow,Incremental Debt Reduction,consolidated,"In furtherance of our commitment to maintaining a strong balance sheet, our capital allocation plan for 2021 and '22 calls for incremental debt reduction of approximately $550 million over the 2-year period, while the bulk of our free cash flow of more than $2 billion is expected to be returned to our shareholders through dividends and share repurchases.",approximately $550 million,"{""low"": 550000000.0, ""high"": 550000000.0, ""value"": 550000000.0, ""unit"": ""currency"", ""direction"": ""approximately"", ""raw"": ""approximately $550 million""}",,,,,Superseded,"A later valid guidance statement for the same metric, scope, and target period superseded this statement before the outcome.",low,free_cash_flow_consolidated_fy2021,False,,transcript,VST_Q3_2020,,,,
comparison,VST,2021,prior-year guidance resolved in anchor year,VST_Q3_2020,2020,FY2021,financial,share_repurchases,Share Repurchases,Share Repurchase Program,consolidated,Our recently announced $1.5 billion share repurchase program begins on January 1 of next year and replaces any repurchase authority that remains outstanding under our existing programs as of the end of this year.,$1.5 billion,"{""low"": 1500000000.0, ""high"": 1500000000.0, ""value"": 1500000000.0, ""unit"": ""currency"", ""direction"": ""exact"", ""raw"": ""$1.5 billion""}",,,,,Not Verifiable After Exhaustive Search,"The loaded transcript, filing-section, filing-table, and XBRL search matrix did not contain a defensible actual for the same metric, scope, unit, and target period. Missing evidence is not treated as a miss.",low,share_repurchases_consolidated_fy2021,True,,transcript,VST_Q3_2020,,,,
comparison,VST,2021,prior-year guidance resolved in anchor year,VST_Q3_2020,2020,FY2021,financial,product_milestone,Product / strategic milestone,Capital Allocation to Transformational Growth Investments,consolidated,The last component of our 2021 and 2022 capital allocation plan is to grow our business through investments that have attractive return profiles and support our continued retail growth or expansion into zero-carbon resources.,approximately $1.15 billion,"{""low"": 1150000000.0, ""high"": 1150000000.0, ""value"": 1150000000.0, ""unit"": ""currency"", ""direction"": ""approximately"", ""raw"": ""approximately $1.15 billion""}",FY2021,"Additionally, the increased demand for construction of renewables projects, such as ESSs and solar projects, and other labor market and supply chain constraints have resulted, and may continue to result, in limited availability of qualified specialists, contractors, and necessary services or materials, leading to delays in and higher costs for the development and construction of our current and future planned projects.",,"{""low"": null, ""high"": null, ""value"": null, ""unit"": null, ""direction"": ""exact"", ""raw"": ""Additionally, the increased demand for construction of renewables projects, such as ESSs and solar projects, and other labor market and supply chain constraints have resulted, and may continue to result, in limited availability of qualified specialists, contractors, and necessary services or materials, leading to delays in and higher costs for the development and construction of our current and future planned projects.""}",Met,The reported direction is consistent with the guidance.,high,product_milestone_consolidated_fy2021,True,,transcript,VST_Q3_2020,,filing,10-K FY2021 — Item 1A. RISK FACTORS,
comparison,VST,2021,prior-year guidance resolved in anchor year,VST_Q3_2020,2020,FY2021,financial,free_cash_flow,Free cash flow,2021 Adjusted EBITDA and Adjusted Free Cash Flow Before Growth Guidance Ranges,consolidated,"Today, we are also reaffirming our 2021 guidance ranges for both ongoing operations adjusted EBITDA and ongoing operations adjusted free cash flow before growth, which we initiated during our virtual Investor event in September.",guidance ranges reaffirmed with increased confidence,"{""low"": null, ""high"": null, ""value"": null, ""unit"": null, ""direction"": ""exact"", ""raw"": ""guidance ranges reaffirmed with increased confidence""}",,,,,Superseded,"A later valid guidance statement for the same metric, scope, and target period superseded this statement before the outcome.",low,free_cash_flow_consolidated_fy2021,False,,transcript,VST_Q3_2020,,,,
comparison,VST,2021,outside anchor-year cohorts,VST_Q3_2020,2020,FY2030,financial,free_cash_flow,Free cash flow,EBITDA Growth Over Next Decade,consolidated,"We believe we can grow our EBITDA over the next decade, even while retiring the majority of our existing coal portfolio, by investing only a modest fraction of our free cash flow back into the business.",growth expected,"{""low"": null, ""high"": null, ""value"": null, ""unit"": null, ""direction"": ""exact"", ""raw"": ""growth expected""}",,,,,Not Verifiable After Exhaustive Search,explicit target-period evidence,low,free_cash_flow_consolidated_fy2030,True,,transcript,VST_Q3_2020,,,,
comparison,VST,2021,outside anchor-year cohorts,VST_Q3_2020,2020,FY2020,financial,free_cash_flow,Free cash flow,2020 Adjusted EBITDA Guidance Range,consolidated,"Year-to-date, Vistra is tracking soundly above this recently raised adjusted EBITDA guidance midpoint and as we have mentioned before, it will be the fifth year in a row that we have exceeded the midpoint of our guidance, not exactly the kind of performance associated with a stock with a free cash flow yield in the 20s.",recently raised guidance ranges reaffirmed,"{""low"": null, ""high"": null, ""value"": null, ""unit"": null, ""direction"": ""exact"", ""raw"": ""recently raised guidance ranges reaffirmed""}",FY2020,"$3.77 billion of EBITDA and almost $2.6 billion in free cash flow before growth, almost a 70% conversion ratio.",3770,"{""low"": 3770.0, ""high"": 3770.0, ""value"": 3770.0, ""unit"": ""number"", ""direction"": ""exact"", ""raw"": ""3770""}",Not Verifiable After Exhaustive Search,explicit target-period evidence,high,free_cash_flow_consolidated_fy2020,True,,transcript,VST_Q3_2020,,transcript,VST_Q4_2020,
comparison,VST,2021,outside anchor-year cohorts,VST_Q2_2021,2021,Q3 FY2021,financial,dividend,Dividend,Dividend per share,consolidated,All of this to say we continue to believe this business will have significant capital to allocate in the years ahead which takes me to Slide 11.,$0.15 per quarter or $0.60 annualized,"{""low"": 0.15, ""high"": 0.15, ""value"": 0.15, ""unit"": ""currency"", ""direction"": ""exact"", ""raw"": ""$0.15 per quarter or $0.60 annualized""}",,,,,Not Verifiable After Exhaustive Search,explicit target-period evidence,low,dividend_consolidated_q3_fy2021,True,,transcript,VST_Q2_2021,,,,
comparison,VST,2021,outside anchor-year cohorts,VST_Q2_2021,2021,FY2021,financial,free_cash_flow,Free cash flow,Ongoing Operations adjusted EBITDA,consolidated,"As a result, we are reaffirming our 2021 guidance ranges for both Ongoing Operations adjusted EBITDA and Ongoing Operations adjusted free cash flow before growth as set forth on Slide 6.",tracking in line to ahead of pre-Uri guidance midpoint for 2021 excluding Uri impact,"{""low"": 2021.0, ""high"": 2021.0, ""value"": 2021.0, ""unit"": ""number"", ""direction"": ""exact"", ""raw"": ""tracking in line to ahead of pre-Uri guidance midpoint for 2021 excluding Uri impact""}",,,,,Not Verifiable After Exhaustive Search,explicit target-period evidence,low,free_cash_flow_consolidated_fy2021,False,,transcript,VST_Q2_2021,,,,
comparison,VST,2021,anchor-year guidance resolved in following year,VST_Q2_2021,2021,FY2022,financial,adjusted_ebitda,Adjusted Ebitda,Ongoing Operations adjusted EBITDA,consolidated,"In fact, without the impact of Uri, we expect we would have been reaffirming our pre-yearly guidance today, which had an adjusted EBITDA from ongoing operations midpoint of $3.275 billion.",approximately $3.4 billion,"{""low"": 3400000000.0, ""high"": 3400000000.0, ""value"": 3400000000.0, ""unit"": ""currency"", ""direction"": ""approximately"", ""raw"": ""approximately $3.4 billion""}",,,,,Not Verifiable After Exhaustive Search,"The loaded transcript, filing-section, filing-table, and XBRL search matrix did not contain a defensible actual for the same metric, scope, unit, and target period. Missing evidence is not treated as a miss.",low,adjusted_ebitda_consolidated_fy2022,True,,transcript,VST_Q2_2021,,,,
comparison,VST,2021,anchor-year guidance resolved in following year,VST_Q2_2021,2021,FY2022,financial,free_cash_flow,Free cash flow,Conversion of adjusted EBITDA to free cash flow before growth,consolidated,"In fact, without the impact of Uri, we expect we would have been reaffirming our pre-yearly guidance today, which had an adjusted EBITDA from ongoing operations midpoint of $3.275 billion.",60% to 70%,"{""low"": 60.0, ""high"": 70.0, ""value"": 60.0, ""unit"": ""percent"", ""direction"": ""range"", ""raw"": ""60% to 70%""}",,,,,Superseded,"A later valid guidance statement for the same metric, scope, and target period superseded this statement before the outcome.",low,free_cash_flow_consolidated_fy2022,False,,transcript,VST_Q2_2021,,,,
comparison,VST,2021,anchor-year guidance resolved in following year,VST_Q2_2021,2021,FY2022,financial,free_cash_flow,Free cash flow,Ongoing Operations adjusted EBITDA,consolidated,"Next year, excluding the impact from Uri bill credit, we believe we have the ability to deliver adjusted EBITDA from ongoing operations in the $3.4 billion range with 60% to 70% conversion to free cash flow before growth.",approximately $3.4 billion,"{""low"": 3400000000.0, ""high"": 3400000000.0, ""value"": 3400000000.0, ""unit"": ""currency"", ""direction"": ""approximately"", ""raw"": ""approximately $3.4 billion""}",,,,,Superseded,"A later valid guidance statement for the same metric, scope, and target period superseded this statement before the outcome.",low,free_cash_flow_consolidated_fy2022,False,,transcript,VST_Q2_2021,,,,
comparison,VST,2021,outside anchor-year cohorts,VST_Q2_2021,2021,FY2021,financial,adjusted_ebitda,Adjusted Ebitda,Ongoing Operations adjusted EBITDA,consolidated,"We will continue to pursue the full $500 million, but only to the extent we do not jeopardize the future risk profile and/or earnings of the company.",2021 guidance ranges reaffirmed,"{""low"": 2021.0, ""high"": 2021.0, ""value"": 2021.0, ""unit"": ""number"", ""direction"": ""exact"", ""raw"": ""2021 guidance ranges reaffirmed""}",,,,,Not Verifiable After Exhaustive Search,explicit target-period evidence,low,adjusted_ebitda_consolidated_fy2021,False,,transcript,VST_Q2_2021,,,,
comparison,VST,2021,outside anchor-year cohorts,VST_Q2_2021,2021,FY2021,financial,free_cash_flow,Free cash flow,Ongoing Operations adjusted free cash flow before growth,consolidated,"We will continue to pursue the full $500 million, but only to the extent we do not jeopardize the future risk profile and/or earnings of the company.",2021 guidance ranges reaffirmed,"{""low"": 2021.0, ""high"": 2021.0, ""value"": 2021.0, ""unit"": ""number"", ""direction"": ""exact"", ""raw"": ""2021 guidance ranges reaffirmed""}",,,,,Not Verifiable After Exhaustive Search,explicit target-period evidence,low,free_cash_flow_consolidated_fy2021,False,,transcript,VST_Q2_2021,,,,
comparison,VST,2021,outside anchor-year cohorts,VST_Q3_2021,2021,FY2026,other assessable company-level guidance,dividend_growth_potential,Dividend Growth Potential,Potential dividend per share growth,consolidated,"And our current share price, these share repurchases, and dividend programs are projected to result in an annual average cash yield on the stock of an attractive 15%, as always, we are also committed to a strong balance sheet, we expect we will retire another approximately $1.5 billion of corporate level debt by the end of next year and up to $3 billion by 2026 with projections of debt to EBITDA in the mid to high twos during this timeframe for the Vistra base business.",>100%,"{""low"": 100.0, ""high"": null, ""value"": 100.0, ""unit"": ""percent"", ""direction"": ""above"", ""raw"": "">100%""}",,,,,Not Verifiable After Exhaustive Search,explicit target-period evidence,low,dividend_growth_potential_consolidated_fy2026,True,,transcript,VST_Q3_2021,,,,
comparison,VST,2021,outside anchor-year cohorts,VST_Q3_2021,2021,,financial,net_debt_to_adjusted_ebitda,Net Debt To Adjusted Ebitda,Net debt to adjusted EBITDA leverage ratio,consolidated,"As outlined on slide 15, we believe our current leverage in the range of approximately 3 to 3.5 times net debt to adjusted EBITDA is a leverage level that will afford us the same level of financial strength, we believe we will be able to maintain our leverage in this range in the near term and reach the mid to high twos over the next 5 years.",3 to 3.5 times near term; mid to high twos over next 5 years,"{""low"": 3.0, ""high"": null, ""value"": 3.0, ""unit"": ""number"", ""direction"": ""above"", ""raw"": ""3 to 3.5 times near term; mid to high twos over next 5 years""}",,,,,Not Verifiable After Exhaustive Search,no defensible target period,low,net_debt_to_adjusted_ebitda_consolidated_unresolved,False,,transcript,VST_Q3_2021,,,,
comparison,VST,2021,outside anchor-year cohorts,VST_Q3_2021,2021,FY2021,financial,adjusted_ebitda,Adjusted Ebitda,2021 Ongoing Operations Adjusted EBITDA guidance range,consolidated,"As shown on the slide, the securitization and self-help materially offset the more than $2 billion loss from Yuri such as the retail bill credits, we will discuss later, as you likely recall internal and 3rd-party analysis has shown that Vistra is Yuri loss was driven predominantly by the uncontrollable failure of the Texas intrastate gas system.",{'narrowed_range': True},"{""low"": null, ""high"": null, ""value"": null, ""unit"": null, ""direction"": ""exact"", ""raw"": ""{'narrowed_range': True}""}",,,,,Not Verifiable After Exhaustive Search,explicit target-period evidence,low,adjusted_ebitda_consolidated_fy2021,True,,transcript,VST_Q3_2021,,,,
comparison,VST,2021,outside anchor-year cohorts,VST_Q3_2021,2021,FY2021,financial,free_cash_flow,Free cash flow,2021 Ongoing Operations Adjusted Free Cash Flow Before Growth guidance,consolidated,"As shown on the slide, the securitization and self-help materially offset the more than $2 billion loss from Yuri such as the retail bill credits, we will discuss later, as you likely recall internal and 3rd-party analysis has shown that Vistra is Yuri loss was driven predominantly by the uncontrollable failure of the Texas intrastate gas system.",{'narrowed_range': True},"{""low"": null, ""high"": null, ""value"": null, ""unit"": null, ""direction"": ""exact"", ""raw"": ""{'narrowed_range': True}""}",,,,,Not Verifiable After Exhaustive Search,explicit target-period evidence,low,free_cash_flow_consolidated_fy2021,True,,transcript,VST_Q3_2021,,,,
comparison,VST,2021,anchor-year guidance resolved in following year,VST_Q3_2021,2021,FY2022,other assessable company-level guidance,share_repurchase_program,Share Repurchase Program,Share repurchase program,consolidated,"As we set forth on the next slide, our long-term capital allocation plan reflects these strategic priorities, Vistra's long-term capital allocation plan reflects an anticipated return of capital of at least $7.5 billion to its common stockholders through year-end 2026 while simultaneously reducing our corporate level leverage and accelerating our Vistra's zero growth pipeline.",2000000000,"{""low"": 2000000000.0, ""high"": 2000000000.0, ""value"": 2000000000.0, ""unit"": ""number"", ""direction"": ""exact"", ""raw"": ""2000000000""}",,,,,Not Verifiable After Exhaustive Search,"The loaded transcript, filing-section, filing-table, and XBRL search matrix did not contain a defensible actual for the same metric, scope, unit, and target period. Missing evidence is not treated as a miss.",low,share_repurchase_program_consolidated_fy2022,True,,transcript,VST_Q3_2021,,,,
comparison,VST,2021,outside anchor-year cohorts,VST_Q3_2021,2021,FY2026,capacity or infrastructure,capacity,Capacity,Vistra's zero renewable and battery storage portfolio capacity,consolidated,"Importantly, we expect we will be able to execute on this capital allocation plan by growing our Vistra's zero renewable and battery storage portfolio to a more than five gigawatt business generating approximately $450 to $500 million of adjusted EBITDA annually by year-end 2026.",5000000000,"{""low"": 5000000000.0, ""high"": 5000000000.0, ""value"": 5000000000.0, ""unit"": ""number"", ""direction"": ""exact"", ""raw"": ""5000000000""}",,,,,Not Verifiable After Exhaustive Search,explicit target-period evidence,low,capacity_consolidated_fy2026,True,,transcript,VST_Q3_2021,,,,
comparison,VST,2021,outside anchor-year cohorts,VST_Q3_2021,2021,FY2026,financial,vistra_zero_adjusted_ebitda,Vistra Zero Adjusted Ebitda,Vistra's zero adjusted EBITDA,consolidated,"Importantly, we expect we will be able to execute on this capital allocation plan by growing our Vistra's zero renewable and battery storage portfolio to a more than five gigawatt business generating approximately $450 to $500 million of adjusted EBITDA annually by year-end 2026.","{'min': 450000000, 'max': 500000000}","{""low"": 450000000.0, ""high"": 450000000.0, ""value"": 450000000.0, ""unit"": ""number"", ""direction"": ""exact"", ""raw"": ""{'min': 450000000, 'max': 500000000}""}",,,,,Not Verifiable After Exhaustive Search,explicit target-period evidence,low,vistra_zero_adjusted_ebitda_consolidated_fy2026,True,,transcript,VST_Q3_2021,,,,
comparison,VST,2021,outside anchor-year cohorts,VST_Q3_2021,2021,,other assessable company-level guidance,capital_investment,Capital Investment,Vistra Zero capital investment,segment:vistra zero,"So I wanted to focus on Vistra Zero and the updated guidance here and you mentioned your prepared remarks, it's fairly capital-light from your perspective as you mentioned $5 billion of total capital needed, but only $500 million in net capital from Vistra, and that of project debt, other financing cash flow, etc.",$5 billion total capital needed; less than $500 million net capital from Vistra,"{""low"": null, ""high"": 5000000000.0, ""value"": 5000000000.0, ""unit"": ""currency"", ""direction"": ""below"", ""raw"": ""$5 billion total capital needed; less than $500 million net capital from Vistra""}",,,,,Not Verifiable After Exhaustive Search,no defensible target period,low,capital_investment_segment_vistra_zero_unresolved,False,,transcript,VST_Q3_2021,,,,
comparison,VST,2021,anchor-year guidance resolved in following year,VST_Q3_2021,2021,FY2022,financial,free_cash_flow,Free cash flow,2022 Ongoing Operations Adjusted EBITDA guidance range,consolidated,"So turning to slide 7, Vistra is initiating its 2022 guidance today forecasting Ongoing Operations Adjusted EBITDA in the range of $2.81 billion -$3.31 billion with ongoing operations, adjusted free cash flow before growth in the range of $2.07 to $2.57 billion.","{'min': 2810000000, 'max': 3310000000}","{""low"": 2810000000.0, ""high"": 2810000000.0, ""value"": 2810000000.0, ""unit"": ""number"", ""direction"": ""exact"", ""raw"": ""{'min': 2810000000, 'max': 3310000000}""}",,,,,Not Verifiable After Exhaustive Search,"The loaded transcript, filing-section, filing-table, and XBRL search matrix did not contain a defensible actual for the same metric, scope, unit, and target period. Missing evidence is not treated as a miss.",low,free_cash_flow_consolidated_fy2022,True,,transcript,VST_Q3_2021,,,,
comparison,VST,2021,outside anchor-year cohorts,VST_Q3_2021,2021,FY2026,other assessable company-level guidance,return_of_capital,Return Of Capital,Return of capital to common stockholders,consolidated,"Specifically, as we announced in October, our Board recently approved a $2 billion share repurchase program, which we expect to fully execute by year-end 2022.",7500000000,"{""low"": 7500000000.0, ""high"": 7500000000.0, ""value"": 7500000000.0, ""unit"": ""number"", ""direction"": ""exact"", ""raw"": ""7500000000""}",,,,,Not Verifiable After Exhaustive Search,explicit target-period evidence,low,return_of_capital_consolidated_fy2026,True,,transcript,VST_Q3_2021,,,,
comparison,VST,2021,outside anchor-year cohorts,VST_Q3_2021,2021,,financial,net_debt_to_adjusted_ebitda,Net Debt To Adjusted Ebitda,Net debt to adjusted EBITDA leverage ratio,consolidated,We also believe that we would still be a candidate for investment-grade credit ratings in the future as our corporate leverage drops below 3 times and any project financing will relate to a lower risk contracted part of the business.,below 3 times for investment-grade credit rating candidacy,"{""low"": null, ""high"": 3.0, ""value"": 3.0, ""unit"": ""number"", ""direction"": ""below"", ""raw"": ""below 3 times for investment-grade credit rating candidacy""}",,,,,Not Verifiable After Exhaustive Search,no defensible target period,low,net_debt_to_adjusted_ebitda_consolidated_unresolved,False,,transcript,VST_Q3_2021,,,,
comparison,VST,2021,anchor-year guidance resolved in following year,VST_Q3_2021,2021,FY2022,other assessable company-level guidance,annual_dividend_allocation,Annual Dividend Allocation,Annual dividend allocation,consolidated,"We are also reinforcing our commitment to paying a meaningful and growing dividend rather than identifying a target annual growth rate for our dividend, management expects that it will subject to Board approval at the appropriate time allocate $300 million per year toward its common dividend.",300000000,"{""low"": 300000000.0, ""high"": 300000000.0, ""value"": 300000000.0, ""unit"": ""number"", ""direction"": ""exact"", ""raw"": ""300000000""}",,,,,Not Verifiable After Exhaustive Search,"The loaded transcript, filing-section, filing-table, and XBRL search matrix did not contain a defensible actual for the same metric, scope, unit, and target period. Missing evidence is not treated as a miss.",low,annual_dividend_allocation_consolidated_fy2022,True,,transcript,VST_Q3_2021,,,,
unpaired_actual,VST,2021,,,,,,adjusted_ebitda,Adjusted Ebitda,,consolidated,,,,Q1 FY2020,Turning now to Slide 15.,$850 million,,,,,,,,,,,transcript,VST_Q1_2020,
unpaired_actual,VST,2021,,,,,,net_income,Net Income,,consolidated,,,,FY2020,"Net income increased by $80 million to $95 million and Adjusted EBITDA increased by $54 million to $311 million in the three months ended March 31, 2020 compared to the three months ended March 31, 2019.",56,,,,,,,,,,,filing,10-Q Q1 2020 — Item 2. MANAGEMENT'S DISCUSSION AND ANALYSIS OF FINANCIAL CONDITION AND RESULTS OF OPERATIONS,
unpaired_actual,VST,2021,,,,,,adjusted_ebitda,Adjusted Ebitda,,consolidated,,,,FY2020,"Net income increased by $80 million to $95 million and Adjusted EBITDA increased by $54 million to $311 million in the three months ended March 31, 2020 compared to the three months ended March 31, 2019.",311,,,,,,,,,,,filing,10-Q Q1 2020 — Item 2. MANAGEMENT'S DISCUSSION AND ANALYSIS OF FINANCIAL CONDITION AND RESULTS OF OPERATIONS,
unpaired_actual,VST,2021,,,,,,adjusted_ebitda_ongoing_operations,Adjusted Ebitda Ongoing Operations,,consolidated,,,,Q2 FY2020,"As shown on slide 12, Vistra delivered another strong quarter, with adjusted EBITDA from ongoing operations of $929 million, which was $212 million higher than the same period in 2019.",929000000,,,,,,,,,,,transcript,VST_Q2_2020,
unpaired_actual,VST,2021,,,,,,adjusted_ebitda_ongoing_operations_year_to_date,Adjusted Ebitda Ongoing Operations Year To Date,,consolidated,,,,FY2020,"Year-to-date, Vistra's ongoing operations adjusted EBITDA is $1.779 billion or $238 million higher than our comparable 2019 results.",1779000000,,,,,,,,,,,transcript,VST_Q2_2020,
unpaired_actual,VST,2021,,,,,,debt_repayment_2020,Debt Repayment 2020,,consolidated,,,,FY2020,"As of July 31, we have paid down nearly $750 million of debt in 2020, including the redemption of the entire $500 million principal amount of our 5.875% senior unsecured notes due 2023 as well as redemption of the entire $166 million principal amount of our 8.125% senior unsecured notes due 2026.",750000000,,,,,,,,,,,transcript,VST_Q2_2020,
unpaired_actual,VST,2021,,,,,,dividend_per_share_annualized,Dividend Per Share Annualized,,consolidated,,,,Q3 FY2020,"As of July 31, we have paid down nearly $750 million of debt in 2020, including the redemption of the entire $500 million principal amount of our 5.875% senior unsecured notes due 2023 as well as redemption of the entire $166 million principal amount of our 8.125% senior unsecured notes due 2026.",0.54,,,,,,,,,,,transcript,VST_Q2_2020,
unpaired_actual,VST,2021,,,,,,adjusted_ebitda_ongoing_operations_year_to_date,Adjusted Ebitda Ongoing Operations Year To Date,,consolidated,,,,FY2020,Vistra's second quarter 2020 financial results benefited from both portfolio positioning executed in anticipation of COVID-19 as well as from higher hedged energy margin realized in ERCOT and PJM.,1779000000,,,,,,,,,,,transcript,VST_Q2_2020,
unpaired_actual,VST,2021,,,,,,net_income,Net Income,,consolidated,,,,Q2 FY2020,"59 Table of Contents Net income increased by $814 million to $229 million and Adjusted EBITDA increased by $108 million to $401 million in the three months ended June 30, 2020 compared to the three months ended June 30, 2019.",229,,,,,,,,,,,filing,10-Q Q2 2020 — Item 2. MANAGEMENT'S DISCUSSION AND ANALYSIS OF FINANCIAL CONDITION AND RESULTS OF OPERATIONS,
unpaired_actual,VST,2021,,,,,,adjusted_ebitda,Adjusted Ebitda,,consolidated,,,,Q2 FY2020,"59 Table of Contents Net income increased by $814 million to $229 million and Adjusted EBITDA increased by $108 million to $401 million in the three months ended June 30, 2020 compared to the three months ended June 30, 2019.",401,,,,,,,,,,,filing,10-Q Q2 2020 — Item 2. MANAGEMENT'S DISCUSSION AND ANALYSIS OF FINANCIAL CONDITION AND RESULTS OF OPERATIONS,
unpaired_actual,VST,2021,,,,,,adjusted_ebitda,Adjusted Ebitda,,consolidated,,,,Q3 FY2020,"Ongoing operations delivered adjusted EBITDA of $1,185 million, which was $108 million higher than the same period in 2019, with our Retail segment down $53 million, and our generation segments up a collective $161 million.",1185,,,,,,,,,,,transcript,VST_Q3_2020,
unpaired_actual,VST,2021,,,,,,adjusted_ebitda,Adjusted Ebitda,,consolidated,,,,Q3 FY2020,"Year-to-date, Vistra's ongoing operations adjusted EBITDA is $2,964 million or $346 million higher than our comparable 2019 results.",2964,,,,,,,,,,,transcript,VST_Q3_2020,
unpaired_actual,VST,2021,,,,,,adjusted_ebitda,Adjusted Ebitda,,consolidated,,,,Q3 FY2020,"In the third quarter, Vistra delivered adjusted EBITDA from ongoing operations of $1,185 million, which is 10% above third quarter 2019 results despite operating through a pandemic in 2020.",1185000000,,,,,,,,,,,transcript,VST_Q3_2020,
unpaired_actual,VST,2021,,,,,,subscribers,Subscribers / customers,,consolidated,,,,Q3 FY2020,"In addition, our three legacy retail brands once again organically grew residential customer counts in Texas during the quarter.",2964000000,,,,,,,,,,,transcript,VST_Q3_2020,
unpaired_actual,VST,2021,,,,,,net_income,Net Income,,consolidated,,,,Q3 FY2020,"Net income increased by $430 million to $433 million and Adjusted EBITDA increased by $109 million to $572 million in the nine months ended September 30, 2020 compared to the nine months ended September 30, 2019.",109,,,,,,,,,,,filing,10-Q Q3 2020 — Item 2. MANAGEMENT'S DISCUSSION AND ANALYSIS OF FINANCIAL CONDITION AND RESULTS OF OPERATIONS,
unpaired_actual,VST,2021,,,,,,adjusted_ebitda,Adjusted Ebitda,,consolidated,,,,Q3 FY2020,"Net income increased by $430 million to $433 million and Adjusted EBITDA increased by $109 million to $572 million in the nine months ended September 30, 2020 compared to the nine months ended September 30, 2019.",-140,,,,,,,,,,,filing,10-Q Q3 2020 — Item 2. MANAGEMENT'S DISCUSSION AND ANALYSIS OF FINANCIAL CONDITION AND RESULTS OF OPERATIONS,
unpaired_actual,VST,2021,,,,,,capacity,Capacity,,consolidated,,,,FY2020,"The $197 million favorability in our collective generation segments was driven by higher margins in our Texas East and Sunset segments, including the higher period-over-period benefits from our OPI initiatives, partially offset by lower capacity revenues.",176,,,,,,,,,,,transcript,VST_Q4_2020,
unpaired_actual,VST,2021,,,,,,subscribers,Subscribers / customers,,segment:retail business texas,,,,FY2020,"In addition to these strong financial results, our retail business grew its residential customer count in Texas year-over-year, reflecting strong performance by our legacy brands, while our generation business once again executed with commercial availability of over 95%.",95%,,,,,,,,,,,transcript,VST_Q4_2020,
unpaired_actual,VST,2021,,,,,,product_milestone,Product / strategic milestone,,segment:generation business,,,,FY2020,"On the liquidity side, as of year end 2020, Vistra had total available liquidity of approximately $2.4 billion, which was primarily comprised of cash and availability under its revolving credit facility.",95,,,,,,,,,,,transcript,VST_Q4_2020,
unpaired_actual,VST,2021,,,,,,capacity,Capacity,,segment:coal generation,,,,Q4 FY2020,We ended up at a 70% capacity factor for coal during the week.,0.7,,,,,,,,,,,transcript,VST_Q4_2020,
unpaired_actual,VST,2021,,,,,,operating_loss,Operating Loss,,consolidated,,,,FY2020,"(a) Our financial statements and financial statement schedules are incorporated under Part II, Item 8 of this annual report on Form 10-K. (b) SCHEDULE I - CONDENSED FINANCIAL INFORMATION OF REGISTRANT VISTRA CORP. (PARENT) SCHEDULE I - CONDENSED FINANCIAL INFORMATION OF REGISTRANT CONDENSED STATEMENTS OF OPERATIONS (Millions of Dollars) Year Ended December 31, 2020 2019 2018 Depreciation and amortization $ ( 15 ) $ ( 7 ) $ — Selling, general and administrative expenses ( 72 ) ( 62 ) ( 266 ) Operating loss ( 87 ) ( 69 ) ( 266 ) Other income 5 12 9 Interest expense and related charges ( 7 ) ( 88 ) ( 257 ) Impacts of Tax Receivable Agreement 5 ( 37 ) ( 79 ) Loss before income tax benefit ( 84 ) ( 182 ) ( 593 ) Income tax benefit 25 42 282 Equity in earnings of subsidiaries, net of tax 695 1,068 257 Net income (loss) $ 636 $ 928 $ ( 54 ) See Notes to the Condensed Financial Statements.",-87,,,,,,,,,,,filing,10-K FY2020 — Item 15. EXHIBITS AND FINANCIAL STATEMENT SCHEDULES,
unpaired_actual,VST,2021,,,,,,net_income,Net Income,,consolidated,,,,FY2020,"Net income increased by $175 million to $309 million and Adjusted EBITDA increased by $176 million to $983 million in the year ended December 31, 2020 compared to the year ended December 31, 2019.",309,,,,,,,,,,,filing,10-K FY2020 — Item 7. MANAGEMENT'S DISCUSSION AND ANALYSIS OF FINANCIAL CONDITION AND RESULTS OF OPERATIONS,
unpaired_actual,VST,2021,,,,,,revenue,Revenue,,consolidated,,,,Q1 FY2021,"Three Months Ended March 31, 2021 Compared to 2020 Lower margins driven by Winter Storm Uri $ (489) Other driven by higher SG&A and bad debt expense (21) Change in Adjusted EBITDA $ (510) Favorable impact of higher unrealized net gains on hedging activities 904 Future bill credits and other costs related to Winter Storm Uri (432) Increase in depreciation and amortization expenses 27 Lower transition and merger and other expenses 4 Change in net income (loss) $ (7) 53 Table of Contents Generation — Three Months Ended March 31, 2021 Compared to Three Months Ended March 31, 2020 Three Months Ended March 31, Texas East West Sunset 2021 2020 2021 2020 2021 2020 2021 2020 Operating revenues: Electricity sales $ 700 $ 260 $ 335 $ 195 $ 85 $ 74 $ 245 $ 181 Capacity revenue from ISO/RTO — — (4) 3 — — 39 42 Sales to affiliates 924 398 428 482 1 1 99 72 Rolloff of unrealized net gains (losses) representing positions settled in the current period (26) (41) 55 74 (5) (10) (52) (75) Unrealized net gains (losses) on hedging activities 158 175 (7) (72) (48) 17 (13) 132 Unrealized net gains (losses) on hedging activities with affiliates (673) 69 (83) 52 — — (34) (2) Other revenues — — — — — — (5) (4) Operating revenues 1,083 861 724 734 33 82 279 346 Fuel, purchased power costs and delivery fees: Fuel for generation facilities and purchased power costs (1,672) (212) (459) (358) (48) (46) (192) (125) Fuel for generation facilities and purchased power costs from affiliates — 2 — (3) — — (1) 1 Unrealized (gains) losses from hedging activities 19 (22) 15 (16) — (19) 7 (16) Ancillary and other costs (1,665) (35) (10) (10) — — (1) (2) Fuel, purchased power costs and delivery fees (3,318) (267) (454) (387) (48) (65) (187) (142) Net income (loss) $ (2,518) $ 273 $ 1 $ 65 $ (31) $ 4 $ (43) $ (25) Adjusted EBITDA $ (1,352) $ 223 $ 220 $ 238 $ 24 $ 21 $ 82 $ 63 Production volumes (GWh): Natural gas facilities 6,847 8,861 13,878 13,148 1,262 1,526 Lignite and coal facilities 5,892 5,479 8,533 5,778 Nuclear facilities 5,210 5,224 Solar/Battery facilities 96 79 Capacity factors: CCGT facilities 38.5 % 51.0 % 59.6 % 56.2 % 57.3 % 69.3 % Lignite and coal facilities 70.9 % 65.9 % 54.4 % 36.8 % Nuclear facilities 104.9 % 105.1 % Weather - percent of normal (a): Cooling degree days 59.7 % 160.9 % — % — % 37.6 % 59.8 % — % — % Heating degree days 121.7 % 78.0 % 96.4 % 83.6 % 110.3 % 96.0 % 94.7 % 84.0 % ____________ (a) Reflects cooling degree days or heating degree days for the region based on Weather Services International (WSI) data.",88000000,,,,,,,,,,,filing,10-Q Q1 2021 — Item 2. MANAGEMENT'S DISCUSSION AND ANALYSIS OF FINANCIAL CONDITION AND RESULTS OF OPERATIONS,
unpaired_actual,VST,2021,,,,,,capacity,Capacity,,consolidated,,,,Q1 FY2021,The change was primarily driven by: • $1.0 billion in cash received from the issuance of term loans under the Term Loan A Facility in March 2021; • $500 million in cash received from the sale of a portion of the PJM capacity that cleared for Planning Years 2021-2022 in March 2021; • net borrowings of $425 million under the accounts receivable financing facilities in 2021; • net borrowings of $300 million under the Revolving Credit Facility in 2021; • repayment of $100 million of term loans under the Vistra Operations Credit Facility in March 2020; and • redemption of $81 million principal amount of outstanding of 8.000% senior notes in January 2020; partially offset by: • net borrowings of $350 million under the Revolving Credit Facility in 2020; and • $175 million in cash paid for share repurchases in 2021.,1939000000,,,,,,,,,,,filing,10-Q Q1 2021 — Item 2. MANAGEMENT'S DISCUSSION AND ANALYSIS OF FINANCIAL CONDITION AND RESULTS OF OPERATIONS,
unpaired_actual,VST,2021,,,,,,capacity,Capacity,,consolidated,,,,Q1 FY2021,"The $49 million decrease in available liquidity for the three months ended March 31, 2021 was primarily driven by cash used in operations, $192 million of capital expenditures (including LTSA prepayments, nuclear fuel and development and growth expenditures), $175 million in cash paid for share repurchases and $74 million in dividends paid to stockholders, partially offset by $1.0 billion in cash received from the issuance of term loans under the Term Loan A Facility, $500 million in cash received from the sale of a portion of the PJM capacity that cleared for Planning Years 2021-2022, $425 million in net cash borrowings under the accounts receivable financing facilities, $300 million in net cash borrowings under the Revolving Credit Facility.",192000000,,,,,,,,,,,filing,10-Q Q1 2021 — Item 2. MANAGEMENT'S DISCUSSION AND ANALYSIS OF FINANCIAL CONDITION AND RESULTS OF OPERATIONS,
unpaired_actual,VST,2021,,,,,,adjusted_ebitda_ongoing_operations,Adjusted Ebitda Ongoing Operations,,consolidated,,,,Q2 FY2021,"Excluding the second quarter impacts from winter storm Uri related to bill credits and higher fuel costs, this delivered adjusted EBITDA from ongoing operations of $909 million, comparable to its very strong second quarter 2020 financial results.",909000000,,,,,,,,,,,transcript,VST_Q2_2021,
unpaired_actual,VST,2021,,,,,,adjusted_ebitda_ongoing_operations,Adjusted Ebitda Ongoing Operations,,consolidated,,,,Q2 FY2021,"As shown on Slide 10, Vistra delivered strong financial results during the quarter, with adjusted EBITDA from Ongoing Operations of $825 million.",825000000,,,,,,,,,,,transcript,VST_Q2_2021,
unpaired_actual,VST,2021,,,,,,adjusted_ebitda_ongoing_operations,Adjusted Ebitda Ongoing Operations,,consolidated,,,,Q2 FY2021,"Excluding the Uri related bill credits in fuel cost adjustments, Vistra's adjusted EBITDA from Ongoing Operations was $909 million.",909000000,,,,,,,,,,,transcript,VST_Q2_2021,
unpaired_actual,VST,2021,,,,,,capacity,Capacity,,segment:retail,,,,Q2 FY2021,"The collective Generation segment ended the quarter with $213 million lower than second quarter 2020, driven primarily by lower realized prices in Texas after an exceptionally strong 2020 and lower capacity revenues.",109000000,,,,,,,,,,,transcript,VST_Q2_2021,
unpaired_actual,VST,2021,,,,,,capacity,Capacity,,segment:zimmer,,,,Q2 FY2021,"Both impairment losses were as a result of a significant decrease in the estimated useful life of the facilities, reflecting a decrease in the economic forecast of the facility and the inability to secure capacity revenues for the plant in the latest PJM capacity auction held in May 2021 for Zimmer.",38 million USD,,,,,,,,,,,filing,10-Q Q2 2021 — Item 1. FINANCIAL STATEMENTS — Consolidated Financial Statements,
unpaired_actual,VST,2021,,,,,,net_income,Net Income,,consolidated,,,,Q2 FY2021,"Net income increased by $1.581 billion to $1.810 billion and Adjusted EBITDA increased by $109 million to $510 million in the three months ended June 30, 2021 compared to the three months ended June 30, 2020.",1.810 billion USD,,,,,,,,,,,filing,10-Q Q2 2021 — Item 2. MANAGEMENT'S DISCUSSION AND ANALYSIS OF FINANCIAL CONDITION AND RESULTS OF OPERATIONS,
unpaired_actual,VST,2021,,,,,,adjusted_ebitda,Adjusted Ebitda,,consolidated,,,,Q2 FY2021,"Net income increased by $1.581 billion to $1.810 billion and Adjusted EBITDA increased by $109 million to $510 million in the three months ended June 30, 2021 compared to the three months ended June 30, 2020.",510 million USD,,,,,,,,,,,filing,10-Q Q2 2021 — Item 2. MANAGEMENT'S DISCUSSION AND ANALYSIS OF FINANCIAL CONDITION AND RESULTS OF OPERATIONS,
unpaired_actual,VST,2021,,,,,,capacity,Capacity,,consolidated,,,,FY2021,The change was primarily driven by: • the issuance of $1.250 billion principal amount of Vistra Operations senior unsecured notes in May 2021; • redemption of $581 million principal amount of outstanding of Vistra unsecured senior notes in 2020; • $500 million in cash received from the sale of a portion of the PJM capacity that cleared for Planning Years 2021-2022 in March 2021; • net borrowings of $361 million under the accounts receivable financing facilities in 2021; • repayment of $100 million of term loans under the Vistra Operations Credit Facility in March 2020; partially offset by: • net borrowings of $200 million under the Revolving Credit Facility in 2020; and • $175 million in cash paid for share repurchases in 2021.,1.250 billion USD,,,,,,,,,,,filing,10-Q Q2 2021 — Item 2. MANAGEMENT'S DISCUSSION AND ANALYSIS OF FINANCIAL CONDITION AND RESULTS OF OPERATIONS,
unpaired_actual,VST,2021,,,,,,adjusted_ebitda,Adjusted Ebitda,,consolidated,,,,Q3 FY2021,"Despite a weak Texas summer, we're Vistra delivered adjusted EBITDA from ongoing operations of $1.177 billion or $1.167 billion, excluding the impacts from winter storm Yuri realized in the 3rd quarter, which included a small positive impact from ERCOT's 180-day resettlement statements.",1177000000,,,,,,,,,,,transcript,VST_Q3_2021,
unpaired_actual,VST,2021,,,,,,adjusted_ebitda_retail_segment,Adjusted Ebitda Retail Segment,,segment:retail,,,,Q3 FY2021,"Thank you, Curt, as shown on slide 12, Vistra delivered strong financial results during the quarter with adjusted EBITDA from ongoing operations of $1.177 billion results that are comparable to our 3rd quarter 2020 financial results, period over period our retail segment results were $205 million higher than 3rd quarter 2020 driven by the realization of our self-help initiatives and the lower cost of goods sold in 2021.",205000000,,,,,,,,,,,transcript,VST_Q3_2021,
unpaired_actual,VST,2021,,,,,,adjusted_ebitda_generation_segments,Adjusted Ebitda Generation Segments,,segment:generation,,,,Q3 FY2021,"Thank you, Curt, as shown on slide 12, Vistra delivered strong financial results during the quarter with adjusted EBITDA from ongoing operations of $1.177 billion results that are comparable to our 3rd quarter 2020 financial results, period over period our retail segment results were $205 million higher than 3rd quarter 2020 driven by the realization of our self-help initiatives and the lower cost of goods sold in 2021.",-211000000,,,,,,,,,,,transcript,VST_Q3_2021,
unpaired_actual,VST,2021,,,,,,net_income,Net Income,,consolidated,,,,Q3 FY2021,"Net income increased by $670 million to $779 million and Adjusted EBITDA increased by $205 million to $65 million in the three months ended September 30, 2021 compared to the three months ended September 30, 2020.",779 million USD,,,,,,,,,,,filing,10-Q Q3 2021 — Item 2. MANAGEMENT'S DISCUSSION AND ANALYSIS OF FINANCIAL CONDITION AND RESULTS OF OPERATIONS,
unpaired_actual,VST,2021,,,,,,adjusted_ebitda,Adjusted Ebitda,,consolidated,,,,Q3 FY2021,"Net income increased by $670 million to $779 million and Adjusted EBITDA increased by $205 million to $65 million in the three months ended September 30, 2021 compared to the three months ended September 30, 2020.",65 million USD,,,,,,,,,,,filing,10-Q Q3 2021 — Item 2. MANAGEMENT'S DISCUSSION AND ANALYSIS OF FINANCIAL CONDITION AND RESULTS OF OPERATIONS,
unpaired_actual,VST,2021,,,,,,pre_tax_earnings_impact,Pre Tax Earnings Impact,,consolidated,,,,FY2021,"The weather event resulted in a $2.2 billion negative impact on the Company's pre-tax earnings in the year ended December 31, 2021 (see Note 1 to the Financial Statements), after taking into account approximately $544 million in securitization proceeds Vistra expects to receive from ERCOT as further described below.",-2200,,,,,,,,,,,filing,10-K FY2021 — Item 7. MANAGEMENT'S DISCUSSION AND ANALYSIS OF FINANCIAL CONDITION AND RESULTS OF OPERATIONS,
unpaired_actual,VST,2021,,,,,,operating_income,Operating income,,consolidated,,,,FY2021,"RESULTS OF OPERATIONS Vistra Consolidated Financial Results — Year Ended December 31, 2021 Compared to Year Ended December 31, 2020 Year Ended December 31, Favorable (Unfavorable) $ Change 2021 2020 Operating revenues $ 12,077 $ 11,443 $ 634 Fuel, purchased power costs and delivery fees (9,169) (5,174) (3,995) Operating costs (1,559) (1,622) 63 Depreciation and amortization (1,753) (1,737) (16) Selling, general and administrative expenses (1,040) (1,035) (5) Impairment of long-lived and other assets (71) (356) 285 Operating income (loss) (1,515) 1,519 (3,034) Other income 140 34 106 Other deductions (16) (42) 26 Interest expense and related charges (384) (630) 246 Impacts of Tax Receivable Agreement 53 5 48 Equity in earnings of unconsolidated investment — 4 (4) Income (loss) before income taxes (1,722) 890 (2,612) Income tax (expense) benefit 458 (266) 724 Net income (loss) $ (1,264) $ 624 $ (1,888) 64 Table of Contents Year Ended December 31, 2021 Retail Texas East West Sunset Asset Closure Eliminations / Corporate and Other Vistra Consolidated Operating revenues $ 7,871 $ 2,790 $ 2,587 $ 374 $ 739 $ — $ (2,284) $ 12,077 Fuel, purchased power costs and delivery fees (4,568) (3,991) (2,123) (253) (518) — 2,284 (9,169) Operating costs (127) (704) (243) (37) (417) (30) (1) (1,559) Depreciation and amortization (212) (608) (698) (60) (139) — (36) (1,753) Selling, general and administrative expenses (718) (88) (75) (32) (55) (26) (46) (1,040) Impairment of long-lived and other assets (33) — — — (38) — — (71) Operating income (loss) 2,213 (2,601) (552) (8) (428) (56) (83) (1,515) Other income 1 84 — — 15 35 5 140 Other deductions (7) (9) — — 2 — (2) (16) Interest expense and related charges (9) 14 (15) 9 (2) (1) (380) (384) Impacts of Tax Receivable Agreement — — — — — — 53 53 Income (loss) before income taxes 2,198 (2,512) (567) 1 (413) (22) (407) (1,722) Income tax benefit (expense) (2) — — — — — 460 458 Net income (loss) $ 2,196 $ (2,512) $ (567) $ 1 $ (413) $ (22) $ 53 $ (1,264) Year Ended December 31, 2020 Retail Texas East West Sunset Asset Closure Eliminations / Corporate and Other Vistra Consolidated Operating revenues $ 8,270 $ 4,116 $ 2,415 $ 282 $ 1,252 $ 3 $ (4,895) $ 11,443 Fuel, purchased power costs and delivery fees (6,857) (1,078) (1,262) (168) (704) — 4,895 (5,174) Operating costs (123) (727) (270) (30) (408) (63) (1) (1,622) Depreciation and amortization (303) (475) (721) (19) (133) (22) (64) (1,737) Selling, general and administrative expenses (675) (75) (89) (26) (71) (27) (72) (1,035) Impairment of long-lived assets and other assets — — — — (356) — — (356) Operating income (loss) 312 1,761 73 39 (420) (109) (137) 1,519 Other income 6 3 1 1 6 10 7 34 Other deductions 1 (12) (30) — 2 (2) (1) (42) Interest expense and related charges (10) 8 (7) 10 (2) — (629) (630) Impacts of Tax Receivable Agreement — — — — — — 5 5 Equity in earnings of unconsolidated investment — — 4 — — — — 4 Income (loss) before income taxes 309 1,760 41 50 (414) (101) (755) 890 Income tax expense — — — — — — (266) (266) Net income (loss) $ 309 $ 1,760 $ 41 $ 50 $ (414) $ (101) $ (1,021) $ 624 65 Table of Contents In February 2021, Winter Storm Uri resulted in a $2.2 billion negative impact on the Company's pre-tax earnings in the year ended December 31, 2021, after taking into account approximately $544 million in securitization proceeds Vistra expects to receive from ERCOT as further described in Note 1 to the Financial Statements.",12077,,,,,,,,,,,filing,10-K FY2021 — Item 7. MANAGEMENT'S DISCUSSION AND ANALYSIS OF FINANCIAL CONDITION AND RESULTS OF OPERATIONS,
unpaired_actual,VST,2021,,,,,,capacity,Capacity,,consolidated,,,,FY2022,"These obligations total $ 216 million, $ 467 million, $ 278 million, $ 179 million and $ 111 million that will be recognized, in the balance of the year ended December 31, 2022 and the years ending December 31, 2023, 2024, 2025 and 2026, respectively, and $ 735 million thereafter.",216,,,,,,,,,,,filing,10-Q Q2 2022 — Item 1. FINANCIAL STATEMENTS — Consolidated Financial Statements,
unpaired_actual,VST,2021,,,,,,subscribers,Subscribers / customers,,consolidated,,,,Q1 FY2020,"In ERCOT, the Public Utility Commission of Texas recognized that the retail electricity providers could be unduly harmed by continuing to supply power to customers who cannot pay their electric bills due to unemployment or lower income and enacted a COVID-19 Electricity Relief Program in response.",19,,,,,,,,,,,transcript,VST_Q1_2020,
unpaired_actual,VST,2021,,,,,,subscribers,Subscribers / customers,,consolidated,,,,Q1 FY2020,"This program includes, among other things, a mechanism for retail electric providers to recover $0.04 a kilowatt hour for nonpayment by a qualifying set of customers in exchange for not disconnecting these customers.",$0.04,,,,,,,,,,,transcript,VST_Q1_2020,
unpaired_actual,VST,2021,,,,,,subscribers,Subscribers / customers,,consolidated,,,,Q1 FY2020,"We are continuing to offer bill payment assistance through our partner, TXU Energy Aid, which uses donations from customers, employees and other Texans to help around 20,000 families keep their lights on each year.","around 20,000",,,,,,,,,,,transcript,VST_Q1_2020,
unpaired_actual,VST,2021,,,,,,other_before_we_begin_our_presentation,Other Before We Begin Our Presentation,,consolidated,,,,Q1 FY2020,"Before we begin our presentation, I encourage all listeners to review the safe harbor statements included on Slides 2 and 3 in the investor presentation on our website that explain the risks of forward-looking statements, the limitations of certain industry and market data included in the presentation and the use of non-GAAP financial measures.",2,,,,,,,,,,,transcript,VST_Q1_2020,
unpaired_actual,VST,2021,,,,,,other_now_that_we_have_covered,Other Now That We Have Covered,,consolidated,,,,Q1 FY2020,"Now that we have covered 2020, let's turn the discussion toward the potential impacts COVID-19 could have on future market environments.","2020,",,,,,,,,,,,transcript,VST_Q1_2020,
unpaired_actual,VST,2021,,,,,,other_starting_with_ercot_which_is,Other Starting With Ercot Which Is,,consolidated,,,,Q1 FY2020,"Starting with ERCOT, which is a market with relatively tight supply demand fundamentals, we are already seeing evidence that renewable development is slowing for projects that were slated to come online in 2021 and beyond.",2021,,,,,,,,,,,transcript,VST_Q1_2020,
unpaired_actual,VST,2021,,,,,,other_the_uncertainty_that_has_been,Other The Uncertainty That Has Been,,consolidated,,,,Q1 FY2020,The uncertainty that has been created by the COVID-19-led economic recession is exacerbating this challenge.,19,,,,,,,,,,,transcript,VST_Q1_2020,
unpaired_actual,VST,2021,,,,,,other_as_a_result_ercot_reserve,Other As A Result Ercot Reserve,,consolidated,,,,Q1 FY2020,"As a result, ERCOT reserve margins could be very tight when demand growth returns to pre-COVID-19 levels.",19,,,,,,,,,,,transcript,VST_Q1_2020,
unpaired_actual,VST,2021,,,,,,other_similarly_the_decreased_oil_drilling,Other Similarly The Decreased Oil Drilling,,consolidated,,,,Q1 FY2020,"Similarly, the decreased oil drilling activity we are observing is reducing the supply of associated gas, making us somewhat bullish on natural gas prices in 2021 and beyond.",2021,,,,,,,,,,,transcript,VST_Q1_2020,
unpaired_actual,VST,2021,,,,,,other_in_addition_to_looking_at,Other In Addition To Looking At,,consolidated,,,,Q1 FY2020,"In addition to looking at current forward curves, we also modeled fundamental supply and demand drivers in a number of economic downturn scenarios in order to better inform our views on the potential range of outcomes for 2021 financial results.",2021,,,,,,,,,,,transcript,VST_Q1_2020,
unpaired_actual,VST,2021,,,,,,other_over_the_past_two_months,Other Over The Past Two Months,,consolidated,,,,Q1 FY2020,"Over the past two months, ERCOT's peak load has trended in the range of 2% below expectations.",2%,,,,,,,,,,,transcript,VST_Q1_2020,
unpaired_actual,VST,2021,,,,,,other_and_with_so_many_different,Other And With So Many Different,,consolidated,,,,Q1 FY2020,"And with so many different variables influencing the range of potential outcomes, we still think there is a meaningful possibility we can achieve flat EBITDA from 2020 to 2021.",2020,,,,,,,,,,,transcript,VST_Q1_2020,
unpaired_actual,VST,2021,,,,,,other_vistra_delivered_first_quarter_2020,Other Vistra Delivered First Quarter 2020,,consolidated,,,,Q1 FY2020,"Vistra delivered first-quarter 2020 adjusted EBITDA from ongoing operations of $850 million, results that exceeded management expectations for the quarter.",2020,,,,,,,,,,,transcript,VST_Q1_2020,
unpaired_actual,VST,2021,,,,,,other_our_first_quarter_2020_results,Other Our First Quarter 2020 Results,,consolidated,,,,Q1 FY2020,"Our first-quarter 2020 results were $26 million higher than the same period in 2019, with our retail segment up $54 million and our generation segments down a collective $28 million.",2020,,,,,,,,,,,transcript,VST_Q1_2020,
unpaired_actual,VST,2021,,,,,,revenue,Revenue,,consolidated,,,,Q1 FY2020,"The positive year-over-year variance for our ongoing operations was driven by the acquisitions of Crius and Ambit, partially offset by lower results in our MISO and New York, New England generation segments, driven primarily by lower capacity revenue.",,,,,,,,,,,,transcript,VST_Q1_2020,
unpaired_actual,VST,2021,,,,,,other_as_a_reminder_due_to,Other As A Reminder Due To,,consolidated,,,,Q1 FY2020,"As a reminder, due to retirement of four coal plants in our MISO segment in the fourth quarter, our first-quarter 2019 results have been recast, increasing by $9 million to account for the movement of the financial results of those plants out of the MISO segment and into the asset closure segment.",2019,,,,,,,,,,,transcript,VST_Q1_2020,
unpaired_actual,VST,2021,,,,,,product_milestone,Product / strategic milestone,,consolidated,,,,Q1 FY2020,"Vistra had total available liquidity of approximately $1.834 billion as of March 31, which includes cash and cash equivalents of $717 million and $1.117 billion of availability under our revolving credit facility.",approximately $1.834 billion,,,,,,,,,,,transcript,VST_Q1_2020,
unpaired_actual,VST,2021,,,,,,other_in_april_we_repaid_550,Other In April We Repaid 550,,consolidated,,,,Q1 FY2020,"In April, we repaid $550 million of borrowings under our revolving credit facility.",$550 million,,,,,,,,,,,transcript,VST_Q1_2020,
unpaired_actual,VST,2021,,,,,,other_as_we_have_consistently_emphasized,Other As We Have Consistently Emphasized,,consolidated,,,,Q1 FY2020,"As we have consistently emphasized, our capital allocation priority for 2020 is debt reduction.",2020,,,,,,,,,,,transcript,VST_Q1_2020,
unpaired_actual,VST,2021,,,,,,other_ladies_and_gentlemen_thank_you,Other Ladies And Gentlemen Thank You,,consolidated,,,,Q1 FY2020,"Ladies and gentlemen, thank you for standing by, and welcome to the Vistra Energy first-quarter 2020 earnings call.",2020,,,,,,,,,,,transcript,VST_Q1_2020,
unpaired_actual,VST,2021,,,,,,other_first_and_foremost_the_vistra,Other First And Foremost The Vistra,,consolidated,,,,Q1 FY2020,"First and foremost, the Vistra family sends our heartfelt thoughts and prayers to those adversely impacted by the COVID-19 virus.",19,,,,,,,,,,,transcript,VST_Q1_2020,
unpaired_actual,VST,2021,,,,,,other_i_think_one_of_them,Other I Think One Of Them,,consolidated,,,,Q1 FY2020,"I think one of them was that we just think the growth in renewables, in particular in ERCOT, may have slowed down a bit.",,,,,,,,,,,,transcript,VST_Q1_2020,
unpaired_actual,VST,2021,,,,,,other_these_are_challenging_times_as,Other These Are Challenging Times As,,consolidated,,,,Q1 FY2020,"These are challenging times as we face the highly disruptive COVID-19 disease, which has already created unprecedented harm to society, threatening the health of not only the population, but of our economy and businesses as well.",19,,,,,,,,,,,transcript,VST_Q1_2020,
unpaired_actual,VST,2021,,,,,,subscribers,Subscribers / customers,,consolidated,,,,Q1 FY2020,"Roughly 3,000 power plant team members at Vistra have no choice but to go to work every day to fulfill our obligation to society, and they have done it with pride and without question.","3,000",,,,,,,,,,,transcript,VST_Q1_2020,
unpaired_actual,VST,2021,,,,,,other_so_for_the_past_month,Other So For The Past Month,,consolidated,,,,Q1 FY2020,"So for the past month or so, it's been in the 5% to 6% range.",5%,,,,,,,,,,,transcript,VST_Q1_2020,
unpaired_actual,VST,2021,,,,,,other_we_ve_modeled_it_relatively,Other We Ve Modeled It Relatively,,consolidated,,,,Q1 FY2020,"We've modeled it relatively conservatively, around 2% for the back nine months of the year, but we've actually seen increases, reflecting people working from home in the 5% to 6% range.",around 2%,,,,,,,,,,,transcript,VST_Q1_2020,
unpaired_actual,VST,2021,,,,,,other_and_so_you_may_see,Other And So You May See,,consolidated,,,,Q1 FY2020,"And so you may see more kind of like it did last year when everything got pushed from '20 into '21, and there was a big bucket of projects that showed up there.",20,,,,,,,,,,,transcript,VST_Q1_2020,
unpaired_actual,VST,2021,,,,,,stores,Stores / locations,,consolidated,,,,Q1 FY2020,"And perhaps most important, I am proud that as of today, these procedures have contributed to eliminating our COVID-19 positive test to only two in a population of approximately 5,500 employees and over 3,000 contractors on our sites in 20 states and the district of Columbia, with both of these cases contracted outside of work.",19,,,,,,,,,,,transcript,VST_Q1_2020,
unpaired_actual,VST,2021,,,,,,other_we_are_also_offering_additional,Other We Are Also Offering Additional,,consolidated,,,,Q1 FY2020,"We are also offering additional payment assistance to those in need through our TXU Energy Aid program, and we donated $2 million for COVID-19 relief efforts to nonprofits and social service agencies in the communities we serve.",$2 million,,,,,,,,,,,transcript,VST_Q1_2020,
unpaired_actual,VST,2021,,,,,,other_last_approximately_70_of_vistra,Other Last Approximately 70 Of Vistra,,consolidated,,,,Q1 FY2020,"Last, approximately 70% of Vistra's adjusted EBITDA is derived from the ERCOT market, which is proving to be relatively resilient as compared to the other markets where we operate.",approximately 70%,,,,,,,,,,,transcript,VST_Q1_2020,
unpaired_actual,VST,2021,,,,,,other_while_covid_19_is_making,Other While Covid 19 Is Making,,consolidated,,,,Q1 FY2020,"While COVID-19 is making it virtually impossible for businesses in various sectors such as retail, real estate, airlines and hospitality, to estimate the potential negative impacts of the pandemic on their operations, fortunately, Vistra offers and essential product, electricity, which is critical to a well-functioning society.",19,,,,,,,,,,,transcript,VST_Q1_2020,
unpaired_actual,VST,2021,,,,,,other_this_is_an_important_point,Other This Is An Important Point,,consolidated,,,,Q1 FY2020,"This is an important point for Vistra, given that, as I mentioned previously, approximately 70% of our adjusted EBITDA is derived from the ERCOT market.",approximately 70%,,,,,,,,,,,transcript,VST_Q1_2020,
unpaired_actual,VST,2021,,,,,,product_milestone,Product / strategic milestone,,consolidated,,,,Q1 FY2020,"Also available on our website are a copy of today's investor presentation, our Form 10-Q and the related earnings release.",10,,,,,,,,,,,transcript,VST_Q1_2020,
unpaired_actual,VST,2021,,,,,,other_and_we_estimate_that_it,Other And We Estimate That It,,consolidated,,,,Q1 FY2020,And we estimate that it could take only two degrees of the increased summer temperatures to offset the lower demand impact from COVID-19.,19.,,,,,,,,,,,transcript,VST_Q1_2020,
unpaired_actual,VST,2021,,,,,,other_supplementary_financial_information_pension_and,Other Supplementary Financial Information Pension And,,consolidated,,,,Q1 FY2020,"SUPPLEMENTARY FINANCIAL INFORMATION Pension and OPEB Plans — Components of Net Benefit Cost For the three months ended March 31, 2020 and 2019, net periodic benefit costs consisted of the following: Pension Benefits OPEB Benefits Three Months Ended March 31, Three Months Ended March 31, 2020 2019 2020 2019 Service cost $ 2 $ 2 $ — $ — Other costs 1 — 2 2 Net periodic benefit cost $ 3 $ 2 $ 2 $ 2 36 Table of Contents Impairment of Long-Lived Assets In March 2020, we recognized an impairment loss of $ 52 million related to our Joppa/EEI coal generation facility in Illinois as a result of a significant decrease in the estimated useful life of the facility, reflecting a decrease in the economic forecast of the facility and changes to the operating assumption based on lower forecasted wholesale electricity prices.","31,",,,,,,,,,,,filing,10-Q Q1 2020 — Item 1. FINANCIAL STATEMENTS — Consolidated Financial Statements,
unpaired_actual,VST,2021,,,,,,other_allowance_for_uncollectible_accounts_receivable,Other Allowance For Uncollectible Accounts Receivable,,consolidated,,,,Q1 FY2020,"Allowance for Uncollectible Accounts Receivable Three Months Ended March 31, 2020 2019 Allowance for uncollectible accounts receivable at beginning of period (a) $ 42 $ 19 Increase for bad debt expense 26 15 Decrease for account write-offs ( 28 ) ( 15 ) Allowance for uncollectible accounts receivable at end of period $ 40 $ 19 ____________ (a) Includes a $ 6 million increase recorded due to the adoption of ASU 2016-13, Financial Instruments—Credit Losses (see Note 1).","31,",,,,,,,,,,,filing,10-Q Q1 2020 — Item 1. FINANCIAL STATEMENTS — Consolidated Financial Statements,
unpaired_actual,VST,2021,,,,,,deliveries,Deliveries,,consolidated,,,,Q1 FY2020,"Income and expense, including gains and losses associated with the trust fund assets and the decommissioning liability are offset by a corresponding change in a regulatory asset/liability (currently a regulatory asset reported in other noncurrent assets) that will ultimately be settled through changes in Oncor's delivery fees rates.",,,,,,,,,,,,filing,10-Q Q1 2020 — Item 1. FINANCIAL STATEMENTS — Consolidated Financial Statements,
unpaired_actual,VST,2021,,,,,,revenue,Revenue,,consolidated,,,,Q1 FY2020,"The Merger was intended to qualify as a tax-free reorganization under the Internal Revenue Code, as amended, so that none of Vistra Energy, Dynegy or any of the Dynegy stockholders would recognize any gain or loss in the transaction, except that Dynegy stockholders could recognize a gain or loss with respect to cash received in lieu of fractional shares of Vistra Energy's common stock.",,,,,,,,,,,,filing,10-Q Q1 2020 — Item 1. FINANCIAL STATEMENTS — Consolidated Financial Statements,
unpaired_actual,VST,2021,,,,,,capacity,Capacity,,consolidated,,,,Q1 FY2020,"In April 2020, the project received necessary approvals from EBCE and from Pacific Gas and Electric Company (PG&E), and the contract was amended to increase the capacity of the planned development to a 36.25 MW battery ESS.","2020,",,,,,,,,,,,filing,10-Q Q1 2020 — Item 1. FINANCIAL STATEMENTS — Consolidated Financial Statements,
unpaired_actual,VST,2021,,,,,,other_these_obligations_total_576_million,Other These Obligations Total 576 Million,,consolidated,,,,Q1 FY2020,"These obligations total $ 576 million, $ 822 million, $ 473 million, $ 123 million and $ 38 million that will be recognized, in the balance of the year ended December 31, 2020 and the years ending December 31, 2021, 2022, 2023 and 2024, respectively, and $ 19 million thereafter.",$ 576 million,,,,,,,,,,,filing,10-Q Q1 2020 — Item 1. FINANCIAL STATEMENTS — Consolidated Financial Statements,
unpaired_actual,VST,2021,,,,,,subscribers,Subscribers / customers,,consolidated,,,,Q1 FY2020,"However, COVID-19 or another pandemic could have material and adverse effects on our results of operations, financial condition and cash flows due to, among other factors, a protracted slowdown of broad sectors of the economy, changes in demand or supply for commodities, significant changes in legislation or regulatory policy to address the pandemic (including moratoriums or conditions or disconnections and limits or restrictions or late fees), reduced demand for electricity (particularly from commercial and industrial customers), increased late or uncollectible customer payments, and the inability of the Company's contractors, suppliers, and other business partners to fulfill their contractual obligations.",19,,,,,,,,,,,filing,10-Q Q1 2020 — Item 1A. RISK FACTORS,
unpaired_actual,VST,2021,,,,,,other_the_following_discussion_and_analysis,Other The Following Discussion And Analysis,,consolidated,,,,Q1 FY2020,"The following discussion and analysis of our financial condition and results of operations for the three months ended March 31, 2020 and 2019 should be read in conjunction with our condensed consolidated financial statements and the notes to those statements.","31,",,,,,,,,,,,filing,10-Q Q1 2020 — Item 2. MANAGEMENT'S DISCUSSION AND ANALYSIS OF FINANCIAL CONDITION AND RESULTS OF OPERATIONS,
unpaired_actual,VST,2021,,,,,,other_the_favorable_change_of_164,Other The Favorable Change Of 164,,consolidated,,,,Q1 FY2020,The favorable change of $164 million was primarily driven by increased cash from operations and a decrease in cash margin deposits posted with third-parties.,$164 million,,,,,,,,,,,filing,10-Q Q1 2020 — Item 2. MANAGEMENT'S DISCUSSION AND ANALYSIS OF FINANCIAL CONDITION AND RESULTS OF OPERATIONS,
unpaired_actual,VST,2021,,,,,,other_the_change_was_primarily_driven,Other The Change Was Primarily Driven,,consolidated,,,,Q1 FY2020,"The change was primarily driven by: • cash tender offers to purchase $1.193 billion of senior unsecured notes assumed in the Merger in 2019; • $350 million increase in net short-term borrowings under the Revolving Credit Facility in 2020; • $248 million in cash paid for share repurchases in 2019, and • $59 million decrease in debt tender offer and other financing fees in 2020 compared to 2019, partially offset by: • the issuance of $1.3 billion principal amount of Vistra Operations 5.625% senior notes due 2027 in 2019; • $100 million of term loans under the Vistra Operations Credit Facility repaid in March 2020, and • $81 million principal amount of outstanding of 8.000% senior unsecured notes due 2025 redeemed in January 2020.",$1.193 billion,,,,,,,,,,,filing,10-Q Q1 2020 — Item 2. MANAGEMENT'S DISCUSSION AND ANALYSIS OF FINANCIAL CONDITION AND RESULTS OF OPERATIONS,
unpaired_actual,VST,2021,,,,,,other_56_table_of_contents_available,Other 56 Table Of Contents Available,,consolidated,,,,Q1 FY2020,"56 Table of Contents Available Liquidity The following table summarizes changes in available liquidity for the three months ended March 31, 2020: March 31, 2020 December 31, 2019 Change Cash and cash equivalents $ 717 $ 300 $ 417 Vistra Operations Credit Facilities — Revolving Credit Facility 1,117 1,426 (309) Total available liquidity $ 1,834 $ 1,726 $ 108 The $108 million increase in available liquidity in the three months ended March 31, 2020 was primarily driven by cash from operations, partially offset by $261 million of capital expenditures (including LTSA prepayments, nuclear fuel and development and growth expenditures), $100 million of term loans under the Vistra Operations Credit Facility repaid in March 2020, $81 million principal amount of outstanding of 8.000% senior unsecured notes due 2025 redeemed in January 2020 and $66 million in dividends paid to shareholders.",56,,,,,,,,,,,filing,10-Q Q1 2020 — Item 2. MANAGEMENT'S DISCUSSION AND ANALYSIS OF FINANCIAL CONDITION AND RESULTS OF OPERATIONS,
unpaired_actual,VST,2021,,,,,,other_as_part_of_the_settlement,Other As Part Of The Settlement,,consolidated,,,,Q1 FY2020,"As part of the settlement, which was approved by the U.S. District Court for the Central District of Illinois in November 2019, we will retire the Edwards facility by the end of 2022 (see Note 12).","2019,",,,,,,,,,,,filing,10-Q Q1 2020 — Item 1. FINANCIAL STATEMENTS — Consolidated Financial Statements,
unpaired_actual,VST,2021,,,,,,other_for_the_three_months_ended,Other For The Three Months Ended,,consolidated,,,,Q1 FY2020,"For the three months ended March 31, 2020 and 2019, selling, general and administrative expense increased by $70 million, primarily due to the increased expense resulting from the acquisition of Crius in July 2019 and Ambit in November 2019 and a nonrecurring charge of approximately $10 million related to gross receipts taxes.","31,",,,,,,,,,,,filing,10-Q Q1 2020 — Item 2. MANAGEMENT'S DISCUSSION AND ANALYSIS OF FINANCIAL CONDITION AND RESULTS OF OPERATIONS,
unpaired_actual,VST,2021,,,,,,other_interest_expense_and_related_charges,Other Interest Expense And Related Charges,,consolidated,,,,Q1 FY2020,"Interest expense and related charges increased $78 million to $300 million in the three months ended March 31, 2020 compared to the three months ended March 31, 2019 driven by a $94 million increase in unrealized mark-to-market losses on interest rate swaps, partially offset by a $22 million decrease in interest paid/accrued reflecting the reduction in higher interest Vistra Energy Senior Notes through redemptions and tender offers in 2019.",$78 million,,,,,,,,,,,filing,10-Q Q1 2020 — Item 2. MANAGEMENT'S DISCUSSION AND ANALYSIS OF FINANCIAL CONDITION AND RESULTS OF OPERATIONS,
unpaired_actual,VST,2021,,,,,,other_this_discussion_is_intended_to,Other This Discussion Is Intended To,,consolidated,,,,Q1 FY2020,"This discussion is intended to clarify and focus on our results of operations, certain changes in its financial position, liquidity, capital structure and business developments for the periods covered by the consolidated financial statements included under Item 1 of this quarterly report on Form 10-Q for the quarter ended March 31, 2020.",1,,,,,,,,,,,filing,10-Q Q1 2020 — Item 2. MANAGEMENT'S DISCUSSION AND ANALYSIS OF FINANCIAL CONDITION AND RESULTS OF OPERATIONS,
unpaired_actual,VST,2021,,,,,,other_the_actual_timing_number_and,Other The Actual Timing Number And,,consolidated,,,,Q1 FY2020,"The actual timing, number and value of shares repurchased under the share repurchase program or otherwise will be determined at our discretion and will depend on a number of factors, including our capital allocation priorities, the market price of our stock, general market and economic conditions, applicable legal requirements and compliance with the terms of our debt agreements and the Tax Matters Agreement.",,,,,,,,,,,,filing,10-Q Q1 2020 — Item 2. UNREGISTERED SALES OF EQUITY SECURITIES AND USE OF PROCEEDS,
unpaired_actual,VST,2021,,,,,,revenue,Revenue,,segment:aws,,,,Q1 FY2020,"Although we believe that in making any such forward-looking statement our expectations are based on reasonable assumptions, any such forward-looking statement involves uncertainties and risks and is qualified in its entirety by reference to the discussion under Part II, Item 1A Risk Factors and Part I, Item 2 Management's Discussion and Analysis of Financial Condition and Results of Operations in this quarterly report on Form 10-Q and the following important factors, among others, that could cause our actual results to differ materially from those projected in or implied by such forward-looking statements: • the actions and decisions of judicial and regulatory authorities; • prohibitions and other restrictions on our operations due to the terms of our agreements; • prevailing federal, state and local governmental policies and regulatory actions, including those of the legislatures and other government actions of states in which we operate, the U.S. Congress, the FERC, the NERC, the TRE, the public utility commissions of states and locales in which we operate, CAISO, ERCOT, ISO-NE, MISO, NYISO, PJM, the RCT, the NRC, the EPA, the environmental regulatory bodies of states in which we operate, the MSHA and the CFTC, with respect to, among other things: ▪ allowed prices; ▪ industry, market and rate structure; ▪ purchased power and recovery of investments; ▪ operations of nuclear generation facilities; ▪ operations of fossil-fueled generation facilities; ▪ operations of mines; ▪ acquisition and disposal of assets and facilities; ▪ development, construction and operation of facilities; ▪ decommissioning costs; ▪ present or prospective wholesale and retail competition; ▪ changes in federal, state and local tax laws, rates and policies, including additional regulation, interpretations, amendments, or technical corrections to The Tax Cuts and Jobs Act of 2017; ▪ changes in and compliance with environmental and safety laws and policies, including the Coal Combustion Residuals Rule, National Ambient Air Quality Standards, the Cross-State Air Pollution Rule, the Mercury and Air Toxics Standard, regional haze program implementation and GHG and other climate change initiatives, and ▪ clearing over-the-counter derivatives through exchanges and posting of cash collateral therewith; • expectations regarding, or impacts of, environmental matters, including costs of compliance, availability and adequacy of emission credits, and the impact of ongoing proceedings and potential regulations or changes to current regulations, including those relating to climate change, air emissions, cooling water intake structures, coal combustion byproducts, and other laws and regulations that we are, or could become, subject to, which could increase our costs, result in an impairment of our assets, cause us to limit or terminate the operation of certain of our facilities, or otherwise have a negative financial effect; • legal and administrative proceedings and settlements; • general industry trends; • economic conditions, including the impact of an economic downturn; • pandemics (including COVID-19), weather conditions (including drought and limitations on access to water), and other natural phenomena, and the financial and operational impacts related thereto; • acts of sabotage, wars or terrorist or cybersecurity threats or activities; • our ability to collect trade receivables from counterparties; • our ability to attract, retain and profitably serve customers; • our ability to profitably serve our customers; • restrictions on competitive retail pricing or direct-selling businesses; • adverse publicity associated with our retail products or direct selling businesses, including our ability to address the marketplace and regulators regarding our compliance with applicable laws; • changes in wholesale electricity prices or energy commodity prices, including the price of natural gas; • changes in prices of transportation of natural gas, coal, fuel oil and other refined products; 63 Table of Contents • sufficiency of, access to, and costs associated with coal, fuel oil, and natural gas inventories and transportation and storage thereof; • changes in the ability of vendors to provide or deliver commodities as needed; • beliefs and assumptions about the benefits of state- or federal-based subsidies to our market competition, and the corresponding impacts on us, including if such subsidies are disproportionately available to our competitors; • the effects of, or changes to, market design and the power and capacity procurement processes in the markets in which we operate; • changes in market heat rates in the CAISO, ERCOT, ISO-NE, MISO, NYISO and PJM electricity markets; • our ability to effectively hedge against unfavorable commodity prices, including the price of natural gas, market heat rates and interest rates; • population growth or decline, or changes in market supply or demand and demographic patterns, particularly in ERCOT, MISO and PJM; • our ability to mitigate forced outage risk, including managing risk associated with Capacity Performance in PJM and performance incentives in ISO-NE; • efforts to identify opportunities to reduce congestion and improve busbar power prices; • access to adequate transmission facilities to meet changing demands; • changes in interest rates, commodity prices, rates of inflation or foreign exchange rates; • changes in operating expenses, liquidity needs and capital expenditures; • commercial bank market and capital market conditions and the potential impact of disruptions in U.S. and international credit markets; • access to capital, the attractiveness of the cost and other terms of such capital and the success of financing and refinancing efforts, including availability of funds in capital markets; • our ability to maintain prudent financial leverage; • our ability to generate sufficient cash flow to make principal and interest payments in respect of, or refinance, our debt obligations; • our ability to implement our growth strategy, including the completion and integration of mergers, acquisitions and/or joint venture activity and identification and completion of sales and divestitures activity; • competition for new energy development and other business opportunities; • inability of various counterparties to meet their obligations with respect to our financial instruments; • counterparties' collateral demands and other factors affecting our liquidity position and financial condition; • changes in technology (including large scale electricity storage) used by and services offered by us; • changes in electricity transmission that allow additional power generation to compete with our generation assets; • our ability to attract and retain qualified employees; • significant changes in our relationship with our employees, including the availability of qualified personnel, and the potential adverse effects if labor disputes or grievances were to occur or changes in laws or regulations relating to independent contractor status; • changes in assumptions used to estimate costs of providing employee benefits, including medical and dental benefits, pension and other postretirement employee benefits, and future funding requirements related thereto, including joint and several liability exposure under ERISA; • hazards customary to the industry and the possibility that we may not have adequate insurance to cover losses resulting from such hazards; • the impact of our obligations under the TRA; • our ability to optimize our assets through targeted investment in cost-effective technology enhancements and operations performance initiatives; • our ability to effectively and efficiently plan, prepare for and execute expected asset retirements and reclamation obligations and the impacts thereof; • our ability to successfully complete the integration of businesses acquired by Vistra Energy and our ability to successfully capture the full amount of projected operational and financial synergies relating to such transactions, and • actions by credit rating agencies.",1,,,,,,,,,,,filing,10-Q Q1 2020 — Item 3. QUANTITATIVE AND QUALITATIVE DISCLOSURES ABOUT MARKET RISK,
unpaired_actual,VST,2021,,,,,,other_during_the_fiscal_quarter_covered,Other During The Fiscal Quarter Covered,,consolidated,,,,Q1 FY2020,"During the fiscal quarter covered by this quarterly report on Form 10-Q, other than the changes resulting from the Ambit Transaction, there have been no changes in our internal control over financial reporting (as such term is defined in Rules 13a-15(e) and 15a-15(e) of the Exchange Act) that have materially affected, or are reasonably likely to materially affect, our internal control over financial reporting.",10,,,,,,,,,,,filing,10-Q Q1 2020 — Item 4. CONTROLS AND PROCEDURES,
unpaired_actual,VST,2021,,,,,,other_three_months_ended_march_31,Other Three Months Ended March 31,,consolidated,,,,Q1 FY2020,"Three Months Ended March 31, 2020 2019 Net income attributable to common stock — basic $ 56 $ 225 Weighted average shares of common stock outstanding — basic (a) 487,944,564 502,367,299 Net income per weighted average share of common stock outstanding — basic $ 0.11 $ 0.45 Dilutive securities: Stock-based incentive compensation plan 2,694,062 6,772,689 Weighted average shares of common stock outstanding — diluted 490,638,626 509,139,988 Net income per weighted average share of common stock outstanding — diluted $ 0.11 $ 0.44 ____________ (a) For the three months ended March 31, 2019, the minimum settlement amount of tangible equity units, or 15,128,940 shares, are considered to be outstanding and are included in the computation of basic net income per share.","31,",,,,,,,,,,,filing,10-Q Q1 2020 — Item 1. FINANCIAL STATEMENTS — Consolidated Financial Statements,
unpaired_actual,VST,2021,,,,,,other_stock_based_incentive_compensation_plan,Other Stock Based Incentive Compensation Plan,,consolidated,,,,Q1 FY2020,"Stock-based incentive compensation plan awards excluded from the calculation of diluted earnings per share because the effect would have been antidilutive totaled 10,872,836 and 6,243,220 shares for the three months ended March 31, 2020 and 2019, respectively.","10,872,836",,,,,,,,,,,filing,10-Q Q1 2020 — Item 1. FINANCIAL STATEMENTS — Consolidated Financial Statements,
unpaired_actual,VST,2021,,,,,,other_the_letter_of_credit_sub,Other The Letter Of Credit Sub,,consolidated,,,,Q1 FY2020,The letter of credit sub-facility was also increased by $ 50 million.,$ 50 million,,,,,,,,,,,filing,10-Q Q1 2020 — Item 1. FINANCIAL STATEMENTS — Consolidated Financial Statements,
unpaired_actual,VST,2021,,,,,,capacity,Capacity,,consolidated,,,,Q1 FY2020,"19 Table of Contents Other Long-Term Debt Forward Capacity Agreements — On the Merger Date, the Company assumed the obligation of Dynegy's agreements under which a portion of the PJM capacity that cleared for Planning Years 2018-2019, 2019-2020 and 2020-2021 was sold to a financial institution (Forward Capacity Agreements).",19,,,,,,,,,,,filing,10-Q Q1 2020 — Item 1. FINANCIAL STATEMENTS — Consolidated Financial Statements,
unpaired_actual,VST,2021,,,,,,revenue,Revenue,,consolidated,,,,Q1 FY2020,"Use of Estimates Preparation of financial statements requires estimates and assumptions about future events that affect the reporting of assets and liabilities at the balance sheet dates and the reported amounts of revenue and expense, including fair value measurements, estimates of expected obligations, judgments related to the potential timing of events and other estimates.",,,,,,,,,,,,filing,10-Q Q1 2020 — Item 1. FINANCIAL STATEMENTS — Consolidated Financial Statements,
unpaired_actual,VST,2021,,,,,,other_the_actual_timing_number_and,Other The Actual Timing Number And,,consolidated,,,,Q1 FY2020,"The actual timing, number and value of shares repurchased under the Program or otherwise will be determined at our discretion and will depend on a number of factors, including our capital allocation priorities, the market price of our stock, general market and economic conditions, applicable legal requirements and compliance with the terms of our debt agreements and the Tax Matters Agreement.",,,,,,,,,,,,filing,10-Q Q1 2020 — Item 1. FINANCIAL STATEMENTS — Consolidated Financial Statements,
unpaired_actual,VST,2021,,,,,,other_26_table_of_contents_equity,Other 26 Table Of Contents Equity,,consolidated,,,,Q1 FY2020,"26 Table of Contents Equity The following table presents the changes to equity for the three months ended March 31, 2020: Common Stock (a) Treasury Stock Additional Paid-in Capital Retained Earnings (Deficit) Accumulated Other Comprehensive Income (Loss) Total Stockholders' Equity Noncontrolling Interest Total Equity Balance at December 31, 2019 $ 5 $ ( 973 ) $ 9,721 $ ( 764 ) $ ( 30 ) $ 7,959 $ 1 $ 7,960 Dividends declared on common stock — — — ( 66 ) — ( 66 ) — ( 66 ) Effects of stock-based incentive compensation plans — — 14 — — 14 — 14 Net income (loss) — — — 56 — 56 ( 11 ) 45 Adoption of accounting standard — — — ( 4 ) — ( 4 ) — ( 4 ) Change in accumulated other comprehensive income (loss) — — — — ( 23 ) ( 23 ) — ( 23 ) Other — — 2 ( 2 ) — — — — Balance at March 31, 2020 $ 5 $ ( 973 ) $ 9,737 $ ( 780 ) $ ( 53 ) $ 7,936 $ ( 10 ) $ 7,926 ________________ (a) Authorized shares totaled 1,800,000,000 at March 31, 2020.",26,,,,,,,,,,,filing,10-Q Q1 2020 — Item 1. FINANCIAL STATEMENTS — Consolidated Financial Statements,
unpaired_actual,VST,2021,,,,,,other_the_following_table_presents_the,Other The Following Table Presents The,,consolidated,,,,Q1 FY2020,"The following table presents the changes to equity for the three months ended March 31, 2019: Common Stock (a) Treasury Stock Additional Paid-in Capital Retained Earnings (Deficit) Accumulated Other Comprehensive Income (Loss) Total Stockholders' Equity Noncontrolling Interest Total Equity Balance at December 31, 2018 $ 5 $ ( 778 ) $ 10,107 $ ( 1,449 ) $ ( 22 ) $ 7,863 $ 4 $ 7,867 Stock repurchase — ( 236 ) — — — ( 236 ) — ( 236 ) Dividends declared on common stock — — — ( 61 ) — ( 61 ) — ( 61 ) Effects of stock-based incentive compensation plans — — 12 — — 12 — 12 Net income — — — 225 — 225 ( 1 ) 224 Adoption of accounting standard — — — ( 2 ) — ( 2 ) — ( 2 ) Change in accumulated other comprehensive income (loss) — — — — 1 1 — 1 Other — — — 2 — 2 ( 1 ) 1 Balance at March 31, 2019 $ 5 $ ( 1,014 ) $ 10,119 $ ( 1,285 ) $ ( 21 ) $ 7,804 $ 2 $ 7,806 ________________ (a) Authorized shares totaled 1,800,000,000 at March 31, 2019.","31,",,,,,,,,,,,filing,10-Q Q1 2020 — Item 1. FINANCIAL STATEMENTS — Consolidated Financial Statements,
unpaired_actual,VST,2021,,,,,,product_milestone,Product / strategic milestone,,consolidated,,,,Q2 FY2020,"Also available on our website are a copy of today's investor presentation, our Form 10-Q and the related earnings release.",10,,,,,,,,,,,transcript,VST_Q2_2020,
unpaired_actual,VST,2021,,,,,,headcount,Headcount,,consolidated,,,,Q2 FY2020,"The stories our employees shared about the challenges they continue to face most outside of the office, but some within our own walls, simply because of the color of their skin, were sobering.",,,,,,,,,,,,transcript,VST_Q2_2020,
unpaired_actual,VST,2021,,,,,,other_we_have_now_completed_21,Other We Have Now Completed 21,,consolidated,,,,Q2 FY2020,"We have now completed 21 listening sessions in just over a month period for a total of about additional 40-hour work week, and I have attended every single one of them.",21,,,,,,,,,,,transcript,VST_Q2_2020,
unpaired_actual,VST,2021,,,,,,headcount,Headcount,,consolidated,,,,Q2 FY2020,"The feedback we received during these sessions was invaluable, helping us to identify pockets of issues we must address to unlock the full potential of our employees in our company.",,,,,,,,,,,,transcript,VST_Q2_2020,
unpaired_actual,VST,2021,,,,,,headcount,Headcount,,consolidated,,,,Q2 FY2020,"In addition to the listening sessions, which were a new initiative for Vistra in the second quarter, we also continue to prioritize the safety of our employees and contractors through the COVID-19 pandemic, while ensuring a reliable electricity supply.",19,,,,,,,,,,,transcript,VST_Q2_2020,
unpaired_actual,VST,2021,,,,,,headcount,Headcount,,consolidated,,,,Q2 FY2020,"In the first half of the year, we shipped our employees and their families more than 5,000 facial coverings to help keep them safe in the public spaces and also sent nearly 30,000 masks to organizations in our local communities, including hospitals.","more than 5,000",,,,,,,,,,,transcript,VST_Q2_2020,
unpaired_actual,VST,2021,,,,,,subscribers,Subscribers / customers,,consolidated,,,,Q2 FY2020,"In total, we assisted 4,400 customers impacted by COVID-19 pay their electric bills through $1.1 million in donations to TXU Energy Aid, which is in addition to the $2 million we donated to nonprofits and social service agencies for COVID-19 relief.","4,400",,,,,,,,,,,transcript,VST_Q2_2020,
unpaired_actual,VST,2021,,,,,,other_similarly_in_june_with_a,Other Similarly In June With A,,consolidated,,,,Q2 FY2020,"Similarly, in June, with a focus toward social justice and equity, we made a commitment to donate $10 million over the next five years to support the advancement of business and education in diverse communities, including enhancing our minority, women, veteran and LGBTQ+ supplier programs.",$10 million,,,,,,,,,,,transcript,VST_Q2_2020,
unpaired_actual,VST,2021,,,,,,other_in_the_second_quarter_we,Other In The Second Quarter We,,consolidated,,,,Q2 FY2020,"In the second quarter, we also enhanced our environmental stewardship initiatives by publishing our 2019 Sustainability Report that, for the first time, adopts the Global Reporting Initiative and Sustainability Accounting Standards Board frameworks.",2019,,,,,,,,,,,transcript,VST_Q2_2020,
unpaired_actual,VST,2021,,,,,,other_a_link_to_our_sustainability,Other A Link To Our Sustainability,,consolidated,,,,Q2 FY2020,A link to our sustainability report is available on slide 10.,10.,,,,,,,,,,,transcript,VST_Q2_2020,
unpaired_actual,VST,2021,,,,,,other_we_recognize_the_importance_of,Other We Recognize The Importance Of,,consolidated,,,,Q2 FY2020,"We recognize the importance of providing complete and transparent information to the many stakeholders who have interest in our ESG-related activities, and the publication of our 2019 Sustainability Report in June was the first step toward enhancing these disclosures.",2019,,,,,,,,,,,transcript,VST_Q2_2020,
unpaired_actual,VST,2021,,,,,,capacity,Capacity,,consolidated,,,,Q2 FY2020,"In addition, we increased the capacity of our Oakland project by more than 80%.",more than 80%,,,,,,,,,,,transcript,VST_Q2_2020,
unpaired_actual,VST,2021,,,,,,other_as_a_result_we_now,Other As A Result We Now,,segment:energy,,,,Q2 FY2020,"As a result, we now have nearly 450 megawatts of battery energy storage developments under contract in California, with another nearly 3,000 megawatts of solar and battery storage projects in our development pipeline, primarily in ERCOT.",450,,,,,,,,,,,transcript,VST_Q2_2020,
unpaired_actual,VST,2021,,,,,,other_we_are_also_a_large,Other We Are Also A Large,,consolidated,,,,Q2 FY2020,"We are also a large purchaser of renewables through long-term agreements with over 1,000 megawatts contracted.","1,000",,,,,,,,,,,transcript,VST_Q2_2020,
unpaired_actual,VST,2021,,,,,,stores,Stores / locations,,consolidated,,,,Q2 FY2020,"At a very high level, the rule requires certain coal plants that dispose of coal ash and surface impoundments to either make necessary capital investments and operating changes to bring these coal ash disposal sites into compliance with the federal rule or to permanently retire by 2023 or 2028, depending on the size of the surface impoundment.",2023,,,,,,,,,,,transcript,VST_Q2_2020,
unpaired_actual,VST,2021,,,,,,other_our_retail_segment_increased_by,Other Our Retail Segment Increased By,,consolidated,,,,Q2 FY2020,Our retail segment increased by $108 million period-over-period and our generation segments were up a collective $104 million.,$108 million,,,,,,,,,,,transcript,VST_Q2_2020,
unpaired_actual,VST,2021,,,,,,other_the_positive_year_over_year,Other The Positive Year Over Year,,consolidated,,,,Q2 FY2020,"The positive year-over-year variance for our ongoing operations was driven by the acquisitions of Crius and Ambit and favorability in our ERCOT and PJM segments, reflecting our operations performance improvement initiatives and commercial optimization contributing to higher energy margin.",,,,,,,,,,,,transcript,VST_Q2_2020,
unpaired_actual,VST,2021,,,,,,other_as_a_reminder_due_to,Other As A Reminder Due To,,consolidated,,,,Q2 FY2020,"As a reminder, due to the retirement of four coal plants in our MISO segment in the fourth quarter of 2019 and the associated movement of the financial results of those plants into the Asset Closure segment, our 2019 results have been recast, increasing ongoing operations adjusted EBITDA by $9 million in the first quarter of 2019 and $10 million in the second quarter of 2019.",2019,,,,,,,,,,,transcript,VST_Q2_2020,
unpaired_actual,VST,2021,,,,,,other_turning_now_to_slide_13,Other Turning Now To Slide 13,,consolidated,,,,Q2 FY2020,Turning now to slide 13.,13.,,,,,,,,,,,transcript,VST_Q2_2020,
unpaired_actual,VST,2021,,,,,,other_in_the_second_quarter_vistra,Other In The Second Quarter Vistra,,consolidated,,,,Q2 FY2020,"In the second quarter, Vistra delivered adjusted EBITDA from ongoing operations of $929 million, which is 30% above second quarter 2019 results.",$929 million,,,,,,,,,,,transcript,VST_Q2_2020,
unpaired_actual,VST,2021,,,,,,other_the_quarter_over_quarter_favorability,Other The Quarter Over Quarter Favorability,,consolidated,,,,Q2 FY2020,"The quarter-over-quarter favorability was driven by the acquisitions of Crius and Ambit in the second half of 2019 as well as strong execution by our retail, generation and commercial teams.",2019,,,,,,,,,,,transcript,VST_Q2_2020,
unpaired_actual,VST,2021,,,,,,subscribers,Subscribers / customers,,consolidated,,,,Q2 FY2020,"Specifically, our retail team grew customer counts in the second quarter in all five of our ERCOT residential retail brands, all while earning all-time highs in our post-interaction customer surveys, reflecting our team's laser focus on maintaining superior customer service levels during this pandemic.",,,,,,,,,,,,transcript,VST_Q2_2020,
unpaired_actual,VST,2021,,,,,,other_our_overall_performance_came_in,Other Our Overall Performance Came In,,consolidated,,,,Q2 FY2020,"Our overall performance came in on time and under budget despite the challenges presented by COVID-19, positioning our fleet to be available for the critical summer months.","19,",,,,,,,,,,,transcript,VST_Q2_2020,
unpaired_actual,VST,2021,,,,,,subscribers,Subscribers / customers,,consolidated,,,,Q2 FY2020,I saw the customer count versus March came down maybe about 1%.,about 1%,,,,,,,,,,,transcript,VST_Q2_2020,
unpaired_actual,VST,2021,,,,,,subscribers,Subscribers / customers,,consolidated,,,,Q2 FY2020,So I'm presuming other regions saw customer accounts come in and maybe that was partly sort of intentional.,,,,,,,,,,,,transcript,VST_Q2_2020,
unpaired_actual,VST,2021,,,,,,other_vistra_delivered_year_to_date,Other Vistra Delivered Year To Date,,consolidated,,,,Q2 FY2020,"Vistra delivered year-to-date adjusted EBITDA from ongoing operations of $1.779 billion, results that are tracking ahead of expectations for the period and solidly above 2019 results by more than 15%, further evidence of the resiliency of the integrated model.",$1.779 billion,,,,,,,,,,,transcript,VST_Q2_2020,
unpaired_actual,VST,2021,,,,,,other_we_also_i_think_if,Other We Also I Think If,,consolidated,,,,Q2 FY2020,"We also, I think, if you remember, Jonathan, we said that we had stressed down further than that, and we were within 10% of EBITDA.",10%,,,,,,,,,,,transcript,VST_Q2_2020,
unpaired_actual,VST,2021,,,,,,other_while_market_participants_might_be,Other While Market Participants Might Be,,consolidated,,,,Q2 FY2020,"While market participants might be currently bearish summer 2021 because we have yet to see any meaningful scarcity events in 2020, recall that we were in the same place at this time last year.",2021,,,,,,,,,,,transcript,VST_Q2_2020,
unpaired_actual,VST,2021,,,,,,other_in_2019_we_observed_a,Other In 2019 We Observed A,,consolidated,,,,Q2 FY2020,"In 2019, we observed a couple of weeks of hot July temperatures in Texas, but wind was also strong and unit performance was exceptional.","2019,",,,,,,,,,,,transcript,VST_Q2_2020,
unpaired_actual,VST,2021,,,,,,other_in_2018_and_2019_ercot,Other In 2018 And 2019 Ercot,,consolidated,,,,Q2 FY2020,"In 2018 and 2019, ERCOT saw a total of 31 hours where prices were greater than $1,000 per megawatt hour, with 71% of the hours occurring in August, September or October.",2018,,,,,,,,,,,transcript,VST_Q2_2020,
unpaired_actual,VST,2021,,,,,,other_the_average_price_for_these,Other The Average Price For These,,consolidated,,,,Q2 FY2020,"The average price for these high-priced hours was $2,921 per megawatt hour, which increased the around-the-clock price by $5.17 per megawatt hour.","$2,921",,,,,,,,,,,transcript,VST_Q2_2020,
unpaired_actual,VST,2021,,,,,,other_as_part_of_the_settlement,Other As Part Of The Settlement,,consolidated,,,,Q2 FY2020,"As part of the settlement, which was approved by the U.S. District Court for the Central District of Illinois in November 2019, we will retire the Edwards facility by the end of 2022 (see Note 12).","2019,",,,,,,,,,,,filing,10-Q Q2 2020 — Item 1. FINANCIAL STATEMENTS — Consolidated Financial Statements,
unpaired_actual,VST,2021,,,,,,other_expected_plant_retirement_expenses_of,Other Expected Plant Retirement Expenses Of,,consolidated,,,,Q2 FY2020,"Expected plant retirement expenses of $ 47 million, driven by severance costs, were accrued in the three months ended September 30, 2019 and were included primarily in operating costs of our Asset Closure segment.",$ 47 million,,,,,,,,,,,filing,10-Q Q2 2020 — Item 1. FINANCIAL STATEMENTS — Consolidated Financial Statements,
unpaired_actual,VST,2021,,,,,,other_these_obligations_total_390_million,Other These Obligations Total 390 Million,,consolidated,,,,Q2 FY2020,"These obligations total $ 390 million, $ 826 million, $ 479 million, $ 121 million and $ 38 million that will be recognized, in the balance of the year ended December 31, 2020 and the years ending December 31, 2021, 2022, 2023 and 2024, respectively, and $ 18 million thereafter.",$ 390 million,,,,,,,,,,,filing,10-Q Q2 2020 — Item 1. FINANCIAL STATEMENTS — Consolidated Financial Statements,
unpaired_actual,VST,2021,,,,,,other_three_months_ended_june_30,Other Three Months Ended June 30,,consolidated,,,,Q2 FY2020,"Three Months Ended June 30, Six Months Ended June 30, 2020 2019 2020 2019 Net income attributable to common stock — basic $ 166 $ 356 $ 222 $ 581 Weighted average shares of common stock outstanding — basic (a) 488,680,442 499,778,235 488,312,503 499,213,522 Net income per weighted average share of common stock outstanding — basic $ 0.34 $ 0.71 $ 0.45 $ 1.16 Dilutive securities: Stock-based incentive compensation plan 1,788,293 7,722,148 2,397,429 8,035,398 Weighted average shares of common stock outstanding — diluted 490,468,735 507,500,383 490,709,932 507,248,920 Net income per weighted average share of common stock outstanding — diluted $ 0.34 $ 0.70 $ 0.45 $ 1.15 ____________ (a) For the three and six months ended June 30, 2019, the minimum settlement amount of tangible equity units, or 15,207,600 shares, are considered to be outstanding and are included in the computation of basic net income per share.","30,",,,,,,,,,,,filing,10-Q Q2 2020 — Item 1. FINANCIAL STATEMENTS — Consolidated Financial Statements,
unpaired_actual,VST,2021,,,,,,other_stock_based_incentive_compensation_plan,Other Stock Based Incentive Compensation Plan,,consolidated,,,,Q2 FY2020,"Stock-based incentive compensation plan awards excluded from the calculation of diluted earnings per share because the effect would have been antidilutive totaled 13,978,168 and 2,910,226 for the three months ended June 30, 2020 and 2019, respectively, and 12,123,691 and 7,577,246 shares for the six months ended June 30, 2020 and 2019, respectively.","13,978,168",,,,,,,,,,,filing,10-Q Q2 2020 — Item 1. FINANCIAL STATEMENTS — Consolidated Financial Statements,
unpaired_actual,VST,2021,,,,,,other_the_letter_of_credit_sub,Other The Letter Of Credit Sub,,consolidated,,,,Q2 FY2020,The letter of credit sub-facility was also increased by $ 50 million.,$ 50 million,,,,,,,,,,,filing,10-Q Q2 2020 — Item 1. FINANCIAL STATEMENTS — Consolidated Financial Statements,
unpaired_actual,VST,2021,,,,,,capacity,Capacity,,consolidated,,,,Q2 FY2020,"22 Table of Contents Other Long-Term Debt Forward Capacity Agreements — On the Merger Date, the Company assumed the obligation of Dynegy's agreements under which a portion of the PJM capacity that cleared for Planning Years 2018-2019, 2019-2020 and 2020-2021 was sold to a financial institution (Forward Capacity Agreements).",22,,,,,,,,,,,filing,10-Q Q2 2020 — Item 1. FINANCIAL STATEMENTS — Consolidated Financial Statements,
unpaired_actual,VST,2021,,,,,,revenue,Revenue,,consolidated,,,,Q2 FY2020,"Use of Estimates Preparation of financial statements requires estimates and assumptions about future events that affect the reporting of assets and liabilities at the balance sheet dates and the reported amounts of revenue and expense, including fair value measurements, estimates of expected obligations, judgments related to the potential timing of events and other estimates.",,,,,,,,,,,,filing,10-Q Q2 2020 — Item 1. FINANCIAL STATEMENTS — Consolidated Financial Statements,
unpaired_actual,VST,2021,,,,,,other_miso_2015_2016_planning_resource,Other Miso 2015 2016 Planning Resource,,consolidated,,,,Q2 FY2020,"MISO 2015-2016 Planning Resource Auction In May 2015, three complaints were filed at FERC regarding the Zone 4 results for the 2015-2016 planning resource auction (PRA) conducted by MISO.",2015,,,,,,,,,,,filing,10-Q Q2 2020 — Item 1. FINANCIAL STATEMENTS — Consolidated Financial Statements,
unpaired_actual,VST,2021,,,,,,other_the_actual_timing_number_and,Other The Actual Timing Number And,,consolidated,,,,Q2 FY2020,"The actual timing, number and value of shares repurchased under the Program or otherwise will be determined at our discretion and will depend on a number of factors, including our capital allocation priorities, the market price of our stock, general market and economic conditions, applicable legal requirements and compliance with the terms of our debt agreements and the Tax Matters Agreement.",,,,,,,,,,,,filing,10-Q Q2 2020 — Item 1. FINANCIAL STATEMENTS — Consolidated Financial Statements,
unpaired_actual,VST,2021,,,,,,other_29_table_of_contents_equity,Other 29 Table Of Contents Equity,,consolidated,,,,Q2 FY2020,"29 Table of Contents Equity The following table presents the changes to equity for the three months ended June 30, 2020: Common Stock (a) Treasury Stock Additional Paid-in Capital Retained Earnings (Deficit) Accumulated Other Comprehensive Income (Loss) Total Stockholders' Equity Noncontrolling Interest Total Equity Balance at March 31, 2020 $ 5 $ ( 973 ) $ 9,737 $ ( 780 ) $ ( 53 ) $ 7,936 $ ( 10 ) $ 7,926 Dividends declared on common stock — — — ( 66 ) — ( 66 ) — ( 66 ) Effects of stock-based incentive compensation plans — — 16 — — 16 — 16 Net income (loss) — — — 166 — 166 ( 2 ) 164 Change in accumulated other comprehensive income (loss) — — — — 1 1 — 1 Other — — 1 2 — 3 — 3 Balance at June 30, 2020 $ 5 $ ( 973 ) $ 9,754 $ ( 678 ) $ ( 52 ) $ 8,056 $ ( 12 ) $ 8,044 The following table presents the changes to equity for the six months ended June 30, 2020: Common Stock (a) Treasury Stock Additional Paid-in Capital Retained Earnings (Deficit) Accumulated Other Comprehensive Income (Loss) Total Stockholders' Equity Noncontrolling Interest Total Equity Balance at December 31, 2019 $ 5 $ ( 973 ) $ 9,721 $ ( 764 ) $ ( 30 ) $ 7,959 $ 1 $ 7,960 Dividends declared on common stock — — — ( 132 ) — ( 132 ) — ( 132 ) Effects of stock-based incentive compensation plans — — 30 — — 30 — 30 Net income (loss) — — — 222 — 222 ( 13 ) 209 Adoption of accounting standard — — — ( 4 ) — ( 4 ) — ( 4 ) Change in accumulated other comprehensive income (loss) — — — — ( 22 ) ( 22 ) — ( 22 ) Other — — 3 — — 3 — 3 Balance at June 30, 2020 $ 5 $ ( 973 ) $ 9,754 $ ( 678 ) $ ( 52 ) $ 8,056 $ ( 12 ) $ 8,044 ________________ (a) Authorized shares totaled 1,800,000,000 at June 30, 2020.",29,,,,,,,,,,,filing,10-Q Q2 2020 — Item 1. FINANCIAL STATEMENTS — Consolidated Financial Statements,
unpaired_actual,VST,2021,,,,,,other_30_table_of_contents_the,Other 30 Table Of Contents The,,consolidated,,,,Q2 FY2020,"30 Table of Contents The following table presents the changes to equity for the three months ended June 30, 2019: Common Stock Treasury Stock Additional Paid-in Capital Retained Earnings (Deficit) Accumulated Other Comprehensive Income (Loss) Total Stockholders' Equity Noncontrolling Interest Total Equity Balance at March 31, 2019 $ 5 $ ( 1,014 ) $ 10,119 $ ( 1,285 ) $ ( 21 ) $ 7,804 $ 2 $ 7,806 Stock repurchase — ( 212 ) — — — ( 212 ) — ( 212 ) Dividends declared on common stock — — — ( 59 ) — ( 59 ) — ( 59 ) Effects of stock-based incentive compensation plans — — 16 — — 16 — 16 Net income (loss) — — — 356 — 356 ( 2 ) 354 Other — — — ( 1 ) — ( 1 ) — ( 1 ) Balance at June 30, 2019 $ 5 $ ( 1,226 ) $ 10,135 $ ( 989 ) $ ( 21 ) $ 7,904 $ — $ 7,904 The following table presents the changes to equity for the six months ended June 30, 2019: Common Stock (a) Treasury Stock Additional Paid-in Capital Retained Earnings (Deficit) Accumulated Other Comprehensive Income (Loss) Total Stockholders' Equity Noncontrolling Interest Total Equity Balance at December 31, 2018 $ 5 $ ( 778 ) $ 10,107 $ ( 1,449 ) $ ( 22 ) $ 7,863 $ 4 $ 7,867 Stock repurchase — ( 448 ) — — — ( 448 ) — ( 448 ) Dividends declared on common stock — — — ( 120 ) — ( 120 ) — ( 120 ) Effects of stock-based incentive compensation plans — — 28 — — 28 — 28 Net income — — — 581 — 581 ( 3 ) 578 Adoption of accounting standard — — — ( 2 ) — ( 2 ) — ( 2 ) Change in accumulated other comprehensive income (loss) — — — — 1 1 — 1 Other — — — 1 — 1 ( 1 ) — Balance at June 30, 2019 $ 5 $ ( 1,226 ) $ 10,135 $ ( 989 ) $ ( 21 ) $ 7,904 $ — $ 7,904 ________________ (a) Authorized shares totaled 1,800,000,000 at June 30, 2019.",30,,,,,,,,,,,filing,10-Q Q2 2020 — Item 1. FINANCIAL STATEMENTS — Consolidated Financial Statements,
unpaired_actual,VST,2021,,,,,,other_supplementary_financial_information_pension_and,Other Supplementary Financial Information Pension And,,consolidated,,,,Q2 FY2020,"SUPPLEMENTARY FINANCIAL INFORMATION Pension and OPEB Plans — Components of Net Benefit Cost For the three and six months ended June 30, 2020 and 2019, net periodic benefit costs consisted of the following: Pension Benefits OPEB Benefits Three Months Ended June 30, Six Months Ended June 30, Three Months Ended June 30, Six Months Ended June 30, 2020 2019 2020 2019 2020 2019 2020 2019 Service cost $ 2 $ 2 $ 4 $ 4 $ — $ — $ — $ — Other costs — — 1 — 2 2 4 4 Net periodic benefit cost $ 2 $ 2 $ 5 $ 4 $ 2 $ 2 $ 4 $ 4 Impairment of Long-Lived Assets In March 2020, we recognized an impairment loss of $ 52 million related to our Joppa/EEI coal generation facility in Illinois as a result of a significant decrease in the estimated useful life of the facility, reflecting a decrease in the economic forecast of the facility and changes to the operating assumption based on lower forecasted wholesale electricity prices.","30,",,,,,,,,,,,filing,10-Q Q2 2020 — Item 1. FINANCIAL STATEMENTS — Consolidated Financial Statements,
unpaired_actual,VST,2021,,,,,,other_specifically_a_resolution_to_the,Other Specifically A Resolution To The,,consolidated,,,,Q2 FY2020,"Specifically, a resolution to the CCR and/or ELG matters could result in increased operating costs and impact the economic viability of our MISO and PJM coal generation facilities (see Note 12).",12,,,,,,,,,,,filing,10-Q Q2 2020 — Item 1. FINANCIAL STATEMENTS — Consolidated Financial Statements,
unpaired_actual,VST,2021,,,,,,other_allowance_for_uncollectible_accounts_receivable,Other Allowance For Uncollectible Accounts Receivable,,consolidated,,,,Q2 FY2020,"Allowance for Uncollectible Accounts Receivable Six Months Ended June 30, 2020 2019 Allowance for uncollectible accounts receivable at beginning of period (a) $ 42 $ 19 Increase for bad debt expense 45 29 Decrease for account write-offs ( 49 ) ( 31 ) Allowance for uncollectible accounts receivable at end of period $ 38 $ 17 ____________ (a) Includes a $ 6 million increase recorded due to the adoption of ASU 2016-13, Financial Instruments—Credit Losses (see Note 1).","30,",,,,,,,,,,,filing,10-Q Q2 2020 — Item 1. FINANCIAL STATEMENTS — Consolidated Financial Statements,
unpaired_actual,VST,2021,,,,,,deliveries,Deliveries,,consolidated,,,,Q2 FY2020,"Income and expense, including gains and losses associated with the trust fund assets and the decommissioning liability are offset by a corresponding change in a regulatory asset/liability (currently a regulatory asset reported in other noncurrent assets) that will ultimately be settled through changes in Oncor's delivery fees rates.",,,,,,,,,,,,filing,10-Q Q2 2020 — Item 1. FINANCIAL STATEMENTS — Consolidated Financial Statements,
unpaired_actual,VST,2021,,,,,,other_for_the_three_and_six,Other For The Three And Six,,consolidated,,,,Q2 FY2020,"For the three and six months ended June 30, 2020, the remeasurement of our pension plan in connection with settlement accounting resulted in an increase in the benefit obligation liability of $ 1 million and $ 33 million, respectively, pretax other comprehensive loss of zero and $ 30 million, respectively, and settlement expense of $ 1 million and $ 3 million, respectively, recognized as other deductions in our condensed consolidated statements of operations.","30,",,,,,,,,,,,filing,10-Q Q2 2020 — Item 1. FINANCIAL STATEMENTS — Consolidated Financial Statements,
unpaired_actual,VST,2021,,,,,,capacity,Capacity,,consolidated,,,,Q2 FY2020,"In April 2020, the project received necessary approvals from EBCE and from Pacific Gas and Electric Company (PG&E), and the contract was amended to increase the capacity of the planned development to a 36.25 MW battery ESS.","2020,",,,,,,,,,,,filing,10-Q Q2 2020 — Item 1. FINANCIAL STATEMENTS — Consolidated Financial Statements,
unpaired_actual,VST,2021,,,,,,subscribers,Subscribers / customers,,consolidated,,,,Q2 FY2020,"However, COVID-19 or another pandemic could have material and adverse effects on our results of operations, financial condition and cash flows due to, among other factors, a protracted slowdown of broad sectors of the economy, changes in demand or supply for commodities, significant changes in legislation or regulatory policy to address the pandemic (including moratoriums or conditions or disconnections and limits or restrictions or late fees), reduced demand for electricity (particularly from commercial and industrial customers), increased late or uncollectible customer payments, and the inability of the Company's contractors, suppliers, and other business partners to fulfill their contractual obligations.",19,,,,,,,,,,,filing,10-Q Q2 2020 — Item 1A. RISK FACTORS,
unpaired_actual,VST,2021,,,,,,other_net_income_increased_by_894,Other Net Income Increased By 894,,consolidated,,,,Q2 FY2020,"Net income increased by $894 million to $323 million and Adjusted EBITDA increased by $162 million to $712 million in the six months ended June 30, 2020 compared to the six months ended June 30, 2019.",$894 million,,,,,,,,,,,filing,10-Q Q2 2020 — Item 2. MANAGEMENT'S DISCUSSION AND ANALYSIS OF FINANCIAL CONDITION AND RESULTS OF OPERATIONS,
unpaired_actual,VST,2021,,,,,,other_general_and_administrative_expenses_3,Other General And Administrative Expenses 3,,consolidated,,,,Q2 FY2020,"general and administrative expenses (3) — (1) (7) Other (7) (1) (3) 1 Change in Adjusted EBITDA $ 104 $ 16 $ (19) $ (8) Favorable/(unfavorable) change in depreciation and amortization 4 (31) (9) (6) Change in unrealized net (gains)/losses on hedging activities (857) (230) (65) (79) Fresh start/purchase accounting impacts (7) (10) (6) (5) Transition and merger expenses 9 1 1 17 Other (including interest) (10) 5 1 3 Change in Net income (loss) $ (757) $ (249) $ (97) $ (78) The change in ERCOT segment results was driven by improved realized margin through hedging activities and plant optimization efforts, partially offset by higher operating costs, lower insurance reimbursement and lower unrealized gains.",3,,,,,,,,,,,filing,10-Q Q2 2020 — Item 2. MANAGEMENT'S DISCUSSION AND ANALYSIS OF FINANCIAL CONDITION AND RESULTS OF OPERATIONS,
unpaired_actual,VST,2021,,,,,,revenue,Revenue,,consolidated,,,,Q2 FY2020,"The change in PJM segment results was driven by lower unrealized hedging gains, lower capacity revenue and increased depreciation expense, partially offset by improved realized margin through hedging activities and plant optimization efforts.",,,,,,,,,,,,filing,10-Q Q2 2020 — Item 2. MANAGEMENT'S DISCUSSION AND ANALYSIS OF FINANCIAL CONDITION AND RESULTS OF OPERATIONS,
unpaired_actual,VST,2021,,,,,,revenue,Revenue,,consolidated,,,,Q2 FY2020,"The change in NY/NE segment results was driven by lower capacity revenue and higher unrealized losses, partially offset by improved realized margin through hedging activities and plant optimization efforts.",,,,,,,,,,,,filing,10-Q Q2 2020 — Item 2. MANAGEMENT'S DISCUSSION AND ANALYSIS OF FINANCIAL CONDITION AND RESULTS OF OPERATIONS,
unpaired_actual,VST,2021,,,,,,other_the_favorable_change_of_427,Other The Favorable Change Of 427,,consolidated,,,,Q2 FY2020,The favorable change of $427 million was primarily driven by increased cash from operations and a decrease in cash margin deposits posted with third-parties.,$427 million,,,,,,,,,,,filing,10-Q Q2 2020 — Item 2. MANAGEMENT'S DISCUSSION AND ANALYSIS OF FINANCIAL CONDITION AND RESULTS OF OPERATIONS,
unpaired_actual,VST,2021,,,,,,other_the_actual_timing_number_and,Other The Actual Timing Number And,,consolidated,,,,Q2 FY2020,"The actual timing, number and value of shares repurchased under the Share Repurchase Program or otherwise will be determined at our discretion and will depend on a number of factors, including our capital allocation priorities, the market price of our stock, general market and economic conditions, applicable legal requirements and compliance with the terms of our debt agreements and the Tax Matters Agreement.",,,,,,,,,,,,filing,10-Q Q2 2020 — Item 2. UNREGISTERED SALES OF EQUITY SECURITIES AND USE OF PROCEEDS,
unpaired_actual,VST,2021,,,,,,revenue,Revenue,,segment:aws,,,,Q2 FY2020,"Although we believe that in making any such forward-looking statement our expectations are based on reasonable assumptions, any such forward-looking statement involves uncertainties and risks and is qualified in its entirety by reference to the discussion under Part II, Item 1A Risk Factors and Part I, Item 2 Management's Discussion and Analysis of Financial Condition and Results of Operations in this quarterly report on Form 10-Q and the following important factors, among others, that could cause our actual results to differ materially from those projected in or implied by such forward-looking statements: • the actions and decisions of judicial and regulatory authorities; • prohibitions and other restrictions on our operations due to the terms of our agreements; • prevailing federal, state and local governmental policies and regulatory actions, including those of the legislatures and other government actions of states in which we operate, the U.S. Congress, the FERC, the NERC, the TRE, the public utility commissions of states and locales in which we operate, CAISO, ERCOT, ISO-NE, MISO, NYISO, PJM, the RCT, the NRC, the EPA, the environmental regulatory bodies of states in which we operate, the MSHA and the CFTC, with respect to, among other things: ▪ allowed prices; ▪ industry, market and rate structure; ▪ purchased power and recovery of investments; ▪ operations of nuclear generation facilities; ▪ operations of fossil-fueled generation facilities; ▪ operations of mines; ▪ acquisition and disposal of assets and facilities; ▪ development, construction and operation of facilities; ▪ decommissioning costs; ▪ present or prospective wholesale and retail competition; ▪ changes in federal, state and local tax laws, rates and policies, including additional regulation, interpretations, amendments, or technical corrections to The Tax Cuts and Jobs Act of 2017; ▪ changes in and compliance with environmental and safety laws and policies, including the Coal Combustion Residuals Rule, National Ambient Air Quality Standards, the Cross-State Air Pollution Rule, the Mercury and Air Toxics Standard, regional haze program implementation and GHG and other climate change initiatives, and ▪ clearing over-the-counter derivatives through exchanges and posting of cash collateral therewith; • expectations regarding, or impacts of, environmental matters, including costs of compliance, availability and adequacy of emission credits, and the impact of ongoing proceedings and potential regulations or changes to current regulations, including those relating to climate change, air emissions, cooling water intake structures, coal combustion byproducts, and other laws and regulations that we are, or could become, subject to, which could increase our costs, result in an impairment of our assets, cause us to limit or terminate the operation of certain of our facilities, or otherwise have a negative financial effect; • legal and administrative proceedings and settlements; • general industry trends; • economic conditions, including the impact of any recession or economic downturn; • pandemics (including COVID-19), weather conditions (including drought and limitations on access to water), and other natural phenomena, and the financial and operational impacts related thereto; • acts of sabotage, wars or terrorist or cybersecurity threats or activities; • risk of contract performance claims by us or our counterparties, and risks of, or costs associated with, pursuing or defending such claims; • our ability to collect trade receivables from counterparties in the amount or at the time expected, if at all; • our ability to attract, retain and profitably serve customers; • our ability to profitably serve our customers; • restrictions on competitive retail pricing or direct-selling businesses; • adverse publicity associated with our retail products or direct selling businesses, including our ability to address the marketplace and regulators regarding our compliance with applicable laws; 73 Table of Contents • changes in wholesale electricity prices or energy commodity prices, including the price of natural gas; • changes in prices of transportation of natural gas, coal, fuel oil and other refined products; • sufficiency of, access to, and costs associated with coal, fuel oil, and natural gas inventories and transportation and storage thereof; • changes in the ability of vendors to provide or deliver commodities as needed; • beliefs and assumptions about the benefits of state- or federal-based subsidies to our market competition, and the corresponding impacts on us, including if such subsidies are disproportionately available to our competitors; • the effects of, or changes to, market design and the power and capacity procurement processes in the markets in which we operate; • changes in market heat rates in the CAISO, ERCOT, ISO-NE, MISO, NYISO and PJM electricity markets; • our ability to effectively hedge against unfavorable commodity prices, including the price of natural gas, market heat rates and interest rates; • population growth or decline, or changes in market supply or demand and demographic patterns, particularly in ERCOT, MISO and PJM; • our ability to mitigate forced outage risk, including managing risk associated with Capacity Performance in PJM and performance incentives in ISO-NE; • efforts to identify opportunities to reduce congestion and improve busbar power prices; • access to adequate transmission facilities to meet changing demands; • changes in interest rates, commodity prices, rates of inflation or foreign exchange rates; • changes in operating expenses, liquidity needs and capital expenditures; • commercial bank market and capital market conditions and the potential impact of disruptions in U.S. and international credit markets; • access to capital, the attractiveness of the cost and other terms of such capital and the success of financing and refinancing efforts, including availability of funds in capital markets; • our ability to maintain prudent financial leverage and achieve our capital allocation objectives; • our ability to generate sufficient cash flow to make principal and interest payments in respect of, or refinance, our debt obligations; • our expectation that we will continue to pay a comparable cash dividend on a quarterly basis; • our ability to implement our growth strategy, including the completion and integration of mergers, acquisitions and/or joint venture activity and identification and completion of sales and divestitures activity; • competition for new energy development and other business opportunities; • inability of various counterparties to meet their obligations with respect to our financial instruments; • counterparties' collateral demands and other factors affecting our liquidity position and financial condition; • changes in technology (including large scale electricity storage) used by and services offered by us; • changes in electricity transmission that allow additional power generation to compete with our generation assets; • our ability to attract and retain qualified employees; • significant changes in our relationship with our employees, including the availability of qualified personnel, and the potential adverse effects if labor disputes or grievances were to occur or changes in laws or regulations relating to independent contractor status; • changes in assumptions used to estimate costs of providing employee benefits, including medical and dental benefits, pension and other postretirement employee benefits, and future funding requirements related thereto, including joint and several liability exposure under ERISA; • hazards customary to the industry and the possibility that we may not have adequate insurance to cover losses resulting from such hazards; • the impact of our obligations under the TRA; • our ability to optimize our assets through targeted investment in cost-effective technology enhancements and operations performance initiatives; • our ability to effectively and efficiently plan, prepare for and execute expected asset retirements and reclamation obligations and the impacts thereof; • our ability to successfully complete the integration of businesses acquired by Vistra and our ability to successfully capture the full amount of projected operational and financial synergies relating to such transactions, and • actions by credit rating agencies.",1,,,,,,,,,,,filing,10-Q Q2 2020 — Item 3. QUANTITATIVE AND QUALITATIVE DISCLOSURES ABOUT MARKET RISK,
unpaired_actual,VST,2021,,,,,,other_since_2016_when_vistra_was,Other Since 2016 When Vistra Was,,consolidated,,,,Q3 FY2020,"Since 2016, when Vistra was first spun off from its parent as a publicly traded company, we have taken actions to build a business that prioritizes a strong balance sheet and low cost and market-leading integrated operations with high-quality assets.","2016,",,,,,,,,,,,transcript,VST_Q3_2020,
unpaired_actual,VST,2021,,,,,,subscribers,Subscribers / customers,,consolidated,,,,Q3 FY2020,"We also took a company that was 70% coal and transformed it by retiring 16,000 megawatts of coal, adding natural gas renewables and battery generation and growing our Retail business by over 3 million customers, all while significantly reducing cost, improving generation performance and expanding our EBITDA at highly attractive returns, which we highlighted at our investor event.",70%,,,,,,,,,,,transcript,VST_Q3_2020,
unpaired_actual,VST,2021,,,,,,free_cash_flow,Free cash flow,,consolidated,,,,Q3 FY2020,"Of that 95%, only 15% now comes from coal and we convert approximately 65% of our adjusted EBITDA to adjusted free cash flow before growth, which has enabled the return of more than $6 billion of capital to our financial stakeholders over the last 4 years.",95%,,,,,,,,,,,transcript,VST_Q3_2020,
unpaired_actual,VST,2021,,,,,,other_and_if_we_allocate_only,Other And If We Allocate Only,,consolidated,,,,Q3 FY2020,"And if we allocate only $1 billion per year to share repurchases at the recent prices where our stock has been trading, we can buy back the entire market cap of our Company in less than 9 years.",$1 billion,,,,,,,,,,,transcript,VST_Q3_2020,
unpaired_actual,VST,2021,,,,,,other_slides_15_through_17_in,Other Slides 15 Through 17 In,,consolidated,,,,Q3 FY2020,Slides 15 through 17 in our appendix highlight some of our recent ESG initiatives in these areas.,15,,,,,,,,,,,transcript,VST_Q3_2020,
unpaired_actual,VST,2021,,,,,,other_turning_to_slide_10_we,Other Turning To Slide 10 We,,consolidated,,,,Q3 FY2020,"Turning to Slide 10, we wanted to spend some time on today's earnings call highlighting the stability of our Retail business, its resiliency through the COVID-19 pandemic and our opportunities for continued growth.","10,",,,,,,,,,,,transcript,VST_Q3_2020,
unpaired_actual,VST,2021,,,,,,other_as_many_of_you_who,Other As Many Of You Who,,consolidated,,,,Q3 FY2020,"As many of you who have been following Vistra for some time might recall, Vistra's Retail business has been a stable contributor of EBITDA since the retail market in Texas opened fully to competition in 2008.",2008.,,,,,,,,,,,transcript,VST_Q3_2020,
unpaired_actual,VST,2021,,,,,,other_prior_to_the_dynegy_transaction,Other Prior To The Dynegy Transaction,,consolidated,,,,Q3 FY2020,"Prior to the Dynegy transaction, which closed in April of 2018, Vistra's Retail business grew solely through organic activity.","2018,",,,,,,,,,,,transcript,VST_Q3_2020,
unpaired_actual,VST,2021,,,,,,other_and_over_the_period_from,Other And Over The Period From,,consolidated,,,,Q3 FY2020,"And over the period from 2008 to 2017, we generated an average of approximately $800 million of EBITDA annually even in the face of a number of volatile power price cycles, including the extremely hot summer of 2011 and the polar vortex of 2014.",2008,,,,,,,,,,,transcript,VST_Q3_2020,
unpaired_actual,VST,2021,,,,,,other_the_dynegy_transaction_that_closed,Other The Dynegy Transaction That Closed,,consolidated,,,,Q3 FY2020,The Dynegy transaction that closed in 2018 expanded Vistra's reach from a Texas-only retailer to one with operations in five of the Top 10 competitive markets in the US.,2018,,,,,,,,,,,transcript,VST_Q3_2020,
unpaired_actual,VST,2021,,,,,,subscribers,Subscribers / customers,,consolidated,,,,Q3 FY2020,"Vistra's customer counts grew to nearly 5 million, and our total delivered load grew to approximately 95 terawatt hours.",5 million,,,,,,,,,,,transcript,VST_Q3_2020,
unpaired_actual,VST,2021,,,,,,subscribers,Subscribers / customers,,consolidated,,,,Q3 FY2020,Our strong performance in 2020 in the face of the pandemic is a direct result of the numerous initiatives we implemented to help our customers through these unprecedented times.,2020,,,,,,,,,,,transcript,VST_Q3_2020,
unpaired_actual,VST,2021,,,,,,other_importantly_txu_energy_our_flagship,Other Importantly Txu Energy Our Flagship,,consolidated,,,,Q3 FY2020,"Importantly, TXU Energy, our flagship retail brand, continued to maintain its 5-star rating in the ERCOT market and was the top performing major retail electric brand in each month of the third quarter.",5,,,,,,,,,,,transcript,VST_Q3_2020,
unpaired_actual,VST,2021,,,,,,subscribers,Subscribers / customers,,consolidated,,,,Q3 FY2020,"We have invested in our platform, and we have seen significant growth, with customer interest growing threefold since 2013.",2013.,,,,,,,,,,,transcript,VST_Q3_2020,
unpaired_actual,VST,2021,,,,,,free_cash_flow,Free cash flow,,consolidated,,,,Q3 FY2020,"Vistra Retail has the lowest cost structure of any major retailer in the country, and our operations are incredibly cash efficient, dropping over 90% of our EBITDA to free cash flow.",90%,,,,,,,,,,,transcript,VST_Q3_2020,
unpaired_actual,VST,2021,,,,,,other_the_negative_variance_in_our,Other The Negative Variance In Our,,consolidated,,,,Q3 FY2020,The negative variance in our Retail segment was a product with higher volumes from our Crius and Ambit acquisitions during negative margin months.,,,,,,,,,,,,transcript,VST_Q3_2020,
unpaired_actual,VST,2021,,,,,,other_had_we_gone_back_and,Other Had We Gone Back And,,consolidated,,,,Q3 FY2020,"Had we gone back and marked our book to the forward curves 5 years ago, we would be coming in with EBITDA over that 5-year period at less than $3 billion.",5,,,,,,,,,,,transcript,VST_Q3_2020,
unpaired_actual,VST,2021,,,,,,other_so_fill_in_some_of,Other So Fill In Some Of,,consolidated,,,,Q3 FY2020,"So fill in some of 2022, and then the bulk would be in 2023 to try to levelize around the $500 million or so in growth capital.","2022,",,,,,,,,,,,transcript,VST_Q3_2020,
unpaired_actual,VST,2021,,,,,,other_there_was_a_supply_response,Other There Was A Supply Response,,consolidated,,,,Q3 FY2020,"There was a supply response when combined cycle plants came into the market, and there were a number of retirements in coal plants and higher heat rate gas and oil units.",,,,,,,,,,,,transcript,VST_Q3_2020,
unpaired_actual,VST,2021,,,,,,other_and_then_i_think_we,Other And Then I Think We,,consolidated,,,,Q3 FY2020,And then I think we said that it was about 3.7 times when you look at the multiple.,about 3.7,,,,,,,,,,,transcript,VST_Q3_2020,
unpaired_actual,VST,2021,,,,,,free_cash_flow,Free cash flow,,consolidated,,,,Q3 FY2020,"But then you know this because you've asked me this question, a sustainable 20% plus free cash flow yield has far-reaching implications well beyond whether we invest in solar projects or not.",20%,,,,,,,,,,,transcript,VST_Q3_2020,
unpaired_actual,VST,2021,,,,,,other_these_higher_results_might_appear,Other These Higher Results Might Appear,,consolidated,,,,Q3 FY2020,These higher results might appear counter intuitive as it was in the third quarter of 2019 when the Texas market saw meaningful scarcity pricing intervals.,2019,,,,,,,,,,,transcript,VST_Q3_2020,
unpaired_actual,VST,2021,,,,,,other_we_did_not_see_similar,Other We Did Not See Similar,,consolidated,,,,Q3 FY2020,We did not see similar scarcity pricing this summer as the hottest days fell on the weekends and fleet performance across Texas was exceptional exceeding what was already a strong performance in the summer of 2019.,2019.,,,,,,,,,,,transcript,VST_Q3_2020,
unpaired_actual,VST,2021,,,,,,other_we_saw_this_phenomenon_play,Other We Saw This Phenomenon Play,,consolidated,,,,Q3 FY2020,We saw this phenomenon play out in the summer of 2019 as it was in August 2019 when the summer 2020 forward in Texas rose meaningfully.,2019,,,,,,,,,,,transcript,VST_Q3_2020,
unpaired_actual,VST,2021,,,,,,other_the_ercot_forward_stated_elevated,Other The Ercot Forward Stated Elevated,,consolidated,,,,Q3 FY2020,"The ERCOT forward stated elevated levels through the end of the year, giving Vistra several months of opportunity to hedge our summer 2020 output at attractive prices that were on average higher than the average prices realized for 2019.",2020,,,,,,,,,,,transcript,VST_Q3_2020,
unpaired_actual,VST,2021,,,,,,other_vistra_delivered_year_to_date,Other Vistra Delivered Year To Date,,consolidated,,,,Q3 FY2020,"Vistra delivered year-to-date adjusted EBITDA from ongoing operations of $2,964 million, results that are tracking ahead of management expectations for the period and solidly above 2019 results by nearly 15%, further evidence of the resiliency of the integrated model.","$2,964 million",,,,,,,,,,,transcript,VST_Q3_2020,
unpaired_actual,VST,2021,,,,,,other_these_price_outcomes_were_driven,Other These Price Outcomes Were Driven,,consolidated,,,,Q3 FY2020,"These price outcomes were driven by several factors, including load coming in 1,500 to 3,000 MW higher than predicted in the day ahead market.","1,500",,,,,,,,,,,transcript,VST_Q3_2020,
unpaired_actual,VST,2021,,,,,,product_milestone,Product / strategic milestone,,consolidated,,,,Q3 FY2020,"Also available on our website are a copy of today's investor presentation, our Form 10-Q and the related earnings release.",10,,,,,,,,,,,transcript,VST_Q3_2020,
unpaired_actual,VST,2021,,,,,,other_we_have_been_able_to,Other We Have Been Able To,,consolidated,,,,Q3 FY2020,We have been able to construct a realized wholesale price curve that has supported our consistent over performance for the last 5 years.,5,,,,,,,,,,,transcript,VST_Q3_2020,
unpaired_actual,VST,2021,,,,,,free_cash_flow,Free cash flow,,consolidated,,,,Q3 FY2020,"Looking ahead to 2022, our current expectations for the earnings power of our business are consistent with our average 2020 to 2021 view, in the range of $3.4 billion in adjusted EBITDA and a conversion rate to free cash flow before growth of 65% or more.","2022,",,,,,,,,,,,transcript,VST_Q3_2020,
unpaired_actual,VST,2021,,,,,,free_cash_flow,Free cash flow,,consolidated,,,,Q3 FY2020,There is no justification for Vistra to trade at a 20% free cash flow yield based on the performance and financial position of the company.,20%,,,,,,,,,,,transcript,VST_Q3_2020,
unpaired_actual,VST,2021,,,,,,capacity,Capacity,,consolidated,,,,Q3 FY2020,The contract was amended to increase the capacity of the planned development to a 36.25 MW battery ESS.,36.25,,,,,,,,,,,filing,10-Q Q3 2020 — Item 1. FINANCIAL STATEMENTS — Consolidated Financial Statements,
unpaired_actual,VST,2021,,,,,,other_in_april_2020_the_concurrent,Other In April 2020 The Concurrent,,consolidated,,,,Q3 FY2020,"In April 2020, the concurrent local area reliability service agreement to ensure grid reliability as part of the Oakland Clean Energy Initiative was signed and sent to the California Public Utilities Commission (CPUC) for approval which is expected prior to the second quarter of 2021.","2020,",,,,,,,,,,,filing,10-Q Q3 2020 — Item 1. FINANCIAL STATEMENTS — Consolidated Financial Statements,
unpaired_actual,VST,2021,,,,,,other_expected_plant_retirement_expenses_of,Other Expected Plant Retirement Expenses Of,,consolidated,,,,Q3 FY2020,"Expected plant retirement expenses of $ 43 million, driven by severance cost, were accrued in the three months ended September 30, 2020 in operating costs of our Sunset segment.",$ 43 million,,,,,,,,,,,filing,10-Q Q3 2020 — Item 1. FINANCIAL STATEMENTS — Consolidated Financial Statements,
unpaired_actual,VST,2021,,,,,,other_as_part_of_the_settlement,Other As Part Of The Settlement,,consolidated,,,,Q3 FY2020,"As part of the settlement, which was approved by the U.S. District Court for the Central District of Illinois in November 2019, we will retire the Edwards facility by the end of 2022 (see Note 12).","2019,",,,,,,,,,,,filing,10-Q Q3 2020 — Item 1. FINANCIAL STATEMENTS — Consolidated Financial Statements,
unpaired_actual,VST,2021,,,,,,other_expected_plant_retirement_expenses_of,Other Expected Plant Retirement Expenses Of,,consolidated,,,,Q3 FY2020,"Expected plant retirement expenses of $ 47 million, driven by severance costs, were accrued in the three months ended September 30, 2019 and were included primarily in operating costs of our Asset Closure segment.",$ 47 million,,,,,,,,,,,filing,10-Q Q3 2020 — Item 1. FINANCIAL STATEMENTS — Consolidated Financial Statements,
unpaired_actual,VST,2021,,,,,,other_these_obligations_total_189_million,Other These Obligations Total 189 Million,,consolidated,,,,Q3 FY2020,"These obligations total $ 189 million, $ 828 million, $ 486 million, $ 121 million and $ 38 million that will be recognized, in the balance of the year ended December 31, 2020 and the years ending December 31, 2021, 2022, 2023 and 2024, respectively, and $ 18 million thereafter.",$ 189 million,,,,,,,,,,,filing,10-Q Q3 2020 — Item 1. FINANCIAL STATEMENTS — Consolidated Financial Statements,
unpaired_actual,VST,2021,,,,,,other_income_taxes_income_tax_expense,Other Income Taxes Income Tax Expense,,consolidated,,,,Q3 FY2020,"INCOME TAXES Income Tax Expense The calculation of our effective tax rate is as follows: Three Months Ended September 30, Nine Months Ended September 30, 2020 2019 2020 2019 Income before income taxes $ 641 $ 159 $ 934 $ 962 Income tax expense $ ( 199 ) $ ( 45 ) $ ( 283 ) $ ( 270 ) Effective tax rate 31.0 % 28.3 % 30.3 % 28.1 % For the three months ended September 30, 2020, the effective tax rate of 31.0 % was higher than the U.S. federal statutory rate of 21 % due primarily to nondeductible impacts of the TRA and state income taxes, including the impact of an increase in the valuation allowance on a portion of state net operating losses.","30,",,,,,,,,,,,filing,10-Q Q3 2020 — Item 1. FINANCIAL STATEMENTS — Consolidated Financial Statements,
unpaired_actual,VST,2021,,,,,,other_the_following_table_summarizes_the,Other The Following Table Summarizes The,,consolidated,,,,Q3 FY2020,"The following table summarizes the changes to the TRA obligation, reported as other current liabilities and Tax Receivable Agreement obligation in our condensed consolidated balance sheets, for the nine months ended September 30, 2020 and 2019: Nine Months Ended September 30, 2020 2019 TRA obligation at the beginning of the period $ 455 $ 420 Accretion expense 50 45 Changes in tax assumptions impacting timing of payments (a) ( 94 ) ( 19 ) Impacts of Tax Receivable Agreement ( 44 ) 26 TRA obligation at the end of the period 411 446 Less amounts due currently — ( 3 ) TRA obligation at the end of the period (noncurrent) $ 411 $ 443 18 Table of Contents ____________ (a) During the three and nine months ended September 30, 2020, we recorded decreases to the carrying value of the TRA obligation totaling $ 74 million and $ 94 million, respectively, as a result of adjustments to forecasted taxable income, including the impacts of the CARES Act, changes to the Section 163(j) percentage limitation amount, the impacts from the issuance of final Section 163(j) regulations and the anticipated tax benefits from renewable development projects.","30,",,,,,,,,,,,filing,10-Q Q3 2020 — Item 1. FINANCIAL STATEMENTS — Consolidated Financial Statements,
unpaired_actual,VST,2021,,,,,,product_milestone,Product / strategic milestone,,consolidated,,,,Q3 FY2020,"During the three and nine months ended September 30, 2019, we recorded an increase of $ 48 million and a decrease of $ 19 million, respectively, to the carrying value of the TRA obligation as a result of adjustments to the timing of forecasted taxable income and state apportionment due to the expansion of Vistra's state income tax profile, including the Dynegy and Crius acquisitions.","30,",,,,,,,,,,,filing,10-Q Q3 2020 — Item 1. FINANCIAL STATEMENTS — Consolidated Financial Statements,
unpaired_actual,VST,2021,,,,,,other_three_months_ended_september_30,Other Three Months Ended September 30,,consolidated,,,,Q3 FY2020,"Three Months Ended September 30, Nine Months Ended September 30, 2020 2019 2020 2019 Net income attributable to common stock — basic $ 443 $ 113 $ 665 $ 694 Weighted average shares of common stock outstanding — basic 488,824,580 490,562,179 488,484,441 486,215,356 Net income per weighted average share of common stock outstanding — basic $ 0.91 $ 0.23 $ 1.36 $ 1.43 Dilutive securities: Stock-based incentive compensation plan 2,201,360 3,108,116 2,430,037 4,011,387 Weighted average shares of common stock outstanding — diluted 491,025,940 493,670,295 490,914,478 490,226,743 Net income per weighted average share of common stock outstanding — diluted $ 0.90 $ 0.23 $ 1.35 $ 1.42 Stock-based incentive compensation plan awards excluded from the calculation of diluted earnings per share because the effect would have been antidilutive totaled 13,778,275 and 7,145,662 for the three months ended September 30, 2020 and 2019, respectively, and 12,471,806 and 7,104,523 shares for the nine months ended September 30, 2020 and 2019, respectively.","30,",,,,,,,,,,,filing,10-Q Q3 2020 — Item 1. FINANCIAL STATEMENTS — Consolidated Financial Statements,
unpaired_actual,VST,2021,,,,,,other_the_letter_of_credit_sub,Other The Letter Of Credit Sub,,consolidated,,,,Q3 FY2020,The letter of credit sub-facility was also increased by $ 50 million.,$ 50 million,,,,,,,,,,,filing,10-Q Q3 2020 — Item 1. FINANCIAL STATEMENTS — Consolidated Financial Statements,
unpaired_actual,VST,2021,,,,,,capacity,Capacity,,consolidated,,,,Q3 FY2020,"Other Long-Term Debt Forward Capacity Agreements — On the Merger Date, the Company assumed the obligation of Dynegy's agreements under which a portion of the PJM capacity that cleared for Planning Years 2018-2019, 2019-2020 and 2020-2021 was sold to a financial institution (Forward Capacity Agreements).",2018,,,,,,,,,,,filing,10-Q Q3 2020 — Item 1. FINANCIAL STATEMENTS — Consolidated Financial Statements,
unpaired_actual,VST,2021,,,,,,revenue,Revenue,,consolidated,,,,Q3 FY2020,"Use of Estimates Preparation of financial statements requires estimates and assumptions about future events that affect the reporting of assets and liabilities at the balance sheet dates and the reported amounts of revenue and expense, including fair value measurements, estimates of expected obligations, judgments related to the potential timing of events and other estimates.",,,,,,,,,,,,filing,10-Q Q3 2020 — Item 1. FINANCIAL STATEMENTS — Consolidated Financial Statements,
unpaired_actual,VST,2021,,,,,,other_miso_2015_2016_planning_resource,Other Miso 2015 2016 Planning Resource,,consolidated,,,,Q3 FY2020,"MISO 2015-2016 Planning Resource Auction In May 2015, three complaints were filed at FERC regarding the Zone 4 results for the 2015-2016 planning resource auction (PRA) conducted by MISO.",2015,,,,,,,,,,,filing,10-Q Q3 2020 — Item 1. FINANCIAL STATEMENTS — Consolidated Financial Statements,
unpaired_actual,VST,2021,,,,,,other_34_table_of_contents_equity,Other 34 Table Of Contents Equity,,consolidated,,,,Q3 FY2020,"34 Table of Contents Equity The following table presents the changes to equity for the three months ended September 30, 2020: Common Stock (a) Treasury Stock Additional Paid-in Capital Retained Earnings (Deficit) Accumulated Other Comprehensive Income (Loss) Total Stockholders' Equity Noncontrolling Interest Total Equity Balance at June 30, 2020 $ 5 $ ( 973 ) $ 9,754 $ ( 678 ) $ ( 52 ) $ 8,056 $ ( 12 ) $ 8,044 Dividends declared on common stock — — — ( 66 ) — ( 66 ) — ( 66 ) Effects of stock-based incentive compensation plans — — 18 — — 18 — 18 Net income (loss) — — — 443 — 443 ( 1 ) 442 Change in accumulated other comprehensive income (loss) — — — — ( 4 ) ( 4 ) — ( 4 ) Other — — ( 1 ) ( 2 ) — ( 3 ) — ( 3 ) Balance at September 30, 2020 $ 5 $ ( 973 ) $ 9,771 $ ( 303 ) $ ( 56 ) $ 8,444 $ ( 13 ) $ 8,431 The following table presents the changes to equity for the nine months ended September 30, 2020: Common Stock (a) Treasury Stock Additional Paid-in Capital Retained Earnings (Deficit) Accumulated Other Comprehensive Income (Loss) Total Stockholders' Equity Noncontrolling Interest Total Equity Balance at December 31, 2019 $ 5 $ ( 973 ) $ 9,721 $ ( 764 ) $ ( 30 ) $ 7,959 $ 1 $ 7,960 Dividends declared on common stock — — — ( 198 ) — ( 198 ) — ( 198 ) Effects of stock-based incentive compensation plans — — 48 — — 48 — 48 Net income (loss) — — — 665 — 665 ( 14 ) 651 Adoption of accounting standard — — — ( 4 ) — ( 4 ) — ( 4 ) Change in accumulated other comprehensive income (loss) — — — — ( 26 ) ( 26 ) — ( 26 ) Other — — 2 ( 2 ) — — — — Balance at September 30, 2020 $ 5 $ ( 973 ) $ 9,771 $ ( 303 ) $ ( 56 ) $ 8,444 $ ( 13 ) $ 8,431 ________________ (a) Authorized shares totaled 1,800,000,000 at September 30, 2020.",34,,,,,,,,,,,filing,10-Q Q3 2020 — Item 1. FINANCIAL STATEMENTS — Consolidated Financial Statements,
unpaired_actual,VST,2021,,,,,,other_35_table_of_contents_the,Other 35 Table Of Contents The,,consolidated,,,,Q3 FY2020,"35 Table of Contents The following table presents the changes to equity for the three months ended September 30, 2019: Common Stock Treasury Stock Additional Paid-in Capital Retained Earnings (Deficit) Accumulated Other Comprehensive Income (Loss) Total Stockholders' Equity Noncontrolling Interest Total Equity Balance at June 30, 2019 $ 5 $ ( 1,226 ) $ 10,135 $ ( 989 ) $ ( 21 ) $ 7,904 $ — $ 7,904 Stock repurchase — ( 171 ) — — — ( 171 ) — ( 171 ) Shares issued for tangible equity unit contracts — 446 ( 446 ) — — — — — Dividends declared on common stock — — — ( 61 ) — ( 61 ) — ( 61 ) Effects of stock-based incentive compensation plans — — 17 — — 17 — 17 Net income — — — 113 — 113 1 114 Change in accumulated other comprehensive income (loss) — — — — ( 13 ) ( 13 ) — ( 13 ) Other — — 2 1 — 3 ( 1 ) 2 Balance at September 30, 2019 $ 5 $ ( 951 ) $ 9,708 $ ( 936 ) $ ( 34 ) $ 7,792 $ — $ 7,792 The following table presents the changes to equity for the nine months ended September 30, 2019: Common Stock (a) Treasury Stock Additional Paid-in Capital Retained Earnings (Deficit) Accumulated Other Comprehensive Income (Loss) Total Stockholders' Equity Noncontrolling Interest Total Equity Balance at December 31, 2018 $ 5 $ ( 778 ) $ 10,107 $ ( 1,449 ) $ ( 22 ) $ 7,863 $ 4 $ 7,867 Stock repurchase — ( 619 ) — — — ( 619 ) — ( 619 ) Shares issued for tangible equity unit contracts — 446 ( 446 ) — — — — — Dividends declared on common stock — — — ( 181 ) — ( 181 ) — ( 181 ) Effects of stock-based incentive compensation plans — — 45 — — 45 — 45 Net income (loss) — — — 694 — 694 ( 2 ) 692 Adoption of accounting standard — — — ( 2 ) — ( 2 ) — ( 2 ) Change in accumulated other comprehensive income (loss) — — — — ( 12 ) ( 12 ) — ( 12 ) Other — — 2 2 — 4 ( 2 ) 2 Balance at September 30, 2019 $ 5 $ ( 951 ) $ 9,708 $ ( 936 ) $ ( 34 ) $ 7,792 $ — $ 7,792 ________________ (a) Authorized shares totaled 1,800,000,000 at September 30, 2019.",35,,,,,,,,,,,filing,10-Q Q3 2020 — Item 1. FINANCIAL STATEMENTS — Consolidated Financial Statements,
unpaired_actual,VST,2021,,,,,,deliveries,Deliveries,,consolidated,,,,Q3 FY2020,"Income and expense, including gains and losses associated with the trust fund assets and the decommissioning liability are offset by a corresponding change in a regulatory asset/liability (currently a regulatory asset reported in other noncurrent assets) that will ultimately be settled through changes in Oncor's delivery fees rates.",,,,,,,,,,,,filing,10-Q Q3 2020 — Item 1. FINANCIAL STATEMENTS — Consolidated Financial Statements,
unpaired_actual,VST,2021,,,,,,subscribers,Subscribers / customers,,consolidated,,,,Q3 FY2020,"However, COVID-19 or another pandemic could have material and adverse effects on our results of operations, financial condition and cash flows due to, among other factors, a protracted slowdown of broad sectors of the economy, changes in demand or supply for commodities, significant changes in legislation or regulatory policy to address the pandemic (including moratoriums or conditions or disconnections and limits or restrictions or late fees), reduced demand for electricity (particularly from commercial and industrial customers), increased late or uncollectible customer payments, and the inability of the Company's contractors, suppliers, and other business partners to fulfill their contractual obligations.",19,,,,,,,,,,,filing,10-Q Q3 2020 — Item 1A. RISK FACTORS,
unpaired_actual,VST,2021,,,,,,operating_expenses,Operating expenses,,consolidated,,,,Q3 FY2020,"general and administrative expenses (1) 3 (4) (8) Other — (6) — 2 Change in Adjusted EBITDA $ 177 $ (9) $ (1) $ (6) Favorable/(unfavorable) change in depreciation and amortization 8 (11) — 8 Change in unrealized net (gains)/losses on hedging activities 760 89 (12) 16 Impairment of long-lived assets — — — (272) Generation plant retirement expenses — — — (32) Fresh start/purchase accounting impacts — (6) (1) 8 Transition and merger expenses 5 6 — 2 Other (including interest and COVID-19 related expenses) (15) 17 2 (12) Change in Net income (loss) $ 935 $ 86 $ (12) $ (288) The change in Texas segment results was driven by improved realized margin through hedging activities and plant optimization efforts, and higher unrealized gains, partially offset by higher operating expenses and other costs.",1,,,,,,,,,,,filing,10-Q Q3 2020 — Item 2. MANAGEMENT'S DISCUSSION AND ANALYSIS OF FINANCIAL CONDITION AND RESULTS OF OPERATIONS,
unpaired_actual,VST,2021,,,,,,revenue,Revenue,,consolidated,,,,Q3 FY2020,"The change in East segment results was driven by higher unrealized hedging gains and improved realized margin through hedging activities and plant optimization efforts, partially offset by lower capacity revenue and increased depreciation expenses.",,,,,,,,,,,,filing,10-Q Q3 2020 — Item 2. MANAGEMENT'S DISCUSSION AND ANALYSIS OF FINANCIAL CONDITION AND RESULTS OF OPERATIONS,
unpaired_actual,VST,2021,,,,,,other_the_favorable_change_of_527,Other The Favorable Change Of 527,,consolidated,,,,Q3 FY2020,The favorable change of $527 million was primarily driven by increased cash from operations and a decrease in cash margin deposits posted with third-parties.,$527 million,,,,,,,,,,,filing,10-Q Q3 2020 — Item 2. MANAGEMENT'S DISCUSSION AND ANALYSIS OF FINANCIAL CONDITION AND RESULTS OF OPERATIONS,
unpaired_actual,VST,2021,,,,,,other_74_table_of_contents_available,Other 74 Table Of Contents Available,,consolidated,,,,Q3 FY2020,"74 Table of Contents Available Liquidity The following table summarizes changes in available liquidity for the nine months ended September 30, 2020: September 30, 2020 December 31, 2019 Change Cash and cash equivalents $ 500 $ 300 $ 200 Vistra Operations Credit Facilities — Revolving Credit Facility 2,057 1,426 631 Total available liquidity $ 2,557 $ 1,726 $ 831 The $831 million increase in available liquidity for the nine months ended September 30, 2020 was primarily driven by cash from operations, repayments of cash borrowings under the Revolving Credit Facility and a reduction in letters of credit outstanding under the Revolving Credit Facility reflecting the issuance of $166 million of letters of credit under the new Secured LOC Facilities, partially offset by $838 million of capital expenditures (including LTSA prepayments, nuclear fuel and development and growth expenditures), $747 million principal amount of outstanding Vistra senior unsecured notes redeemed in 2020, $100 million of term loans under the Vistra Operations Credit Facility repaid in March 2020, $81 million principal amount of outstanding of 8.000% senior notes redeemed in January 2020 and $198 million in dividends paid to shareholders.",74,,,,,,,,,,,filing,10-Q Q3 2020 — Item 2. MANAGEMENT'S DISCUSSION AND ANALYSIS OF FINANCIAL CONDITION AND RESULTS OF OPERATIONS,
unpaired_actual,VST,2021,,,,,,revenue,Revenue,,segment:aws,,,,Q3 FY2020,"Although we believe that in making any such forward-looking statement our expectations are based on reasonable assumptions, any such forward-looking statement involves uncertainties and risks and is qualified in its entirety by reference to the discussion under Part II, Item 1A Risk Factors and Part I, Item 2 Management's Discussion and Analysis of Financial Condition and Results of Operations in this quarterly report on Form 10-Q and the following important factors, among others, that could cause our actual results to differ materially from those projected in or implied by such forward-looking statements: • the actions and decisions of judicial and regulatory authorities; • prohibitions and other restrictions on our operations due to the terms of our agreements; • prevailing federal, state and local governmental policies and regulatory actions, including those of the legislatures and other government actions of states in which we operate, the U.S. Congress, the FERC, the NERC, the TRE, the public utility commissions of states and locales in which we operate, CAISO, ERCOT, ISO-NE, MISO, NYISO, PJM, the RCT, the NRC, the EPA, the environmental regulatory bodies of states in which we operate, the MSHA and the CFTC, with respect to, among other things: ▪ allowed prices; ▪ industry, market and rate structure; ▪ purchased power and recovery of investments; ▪ operations of nuclear generation facilities; ▪ operations of fossil-fueled generation facilities; ▪ operations of mines; ▪ acquisition and disposal of assets and facilities; ▪ development, construction and operation of facilities; ▪ decommissioning costs; ▪ present or prospective wholesale and retail competition; ▪ changes in federal, state and local tax laws, rates and policies, including additional regulation, interpretations, amendments, or technical corrections to The Tax Cuts and Jobs Act of 2017; ▪ changes in and compliance with environmental and safety laws and policies, including the Coal Combustion Residuals Rule, National Ambient Air Quality Standards, the Cross-State Air Pollution Rule, the Mercury and Air Toxics Standard, regional haze program implementation and GHG and other climate change initiatives, and ▪ clearing over-the-counter derivatives through exchanges and posting of cash collateral therewith; • expectations regarding, or impacts of, environmental matters, including costs of compliance, availability and adequacy of emission credits, and the impact of ongoing proceedings and potential regulations or changes to current regulations, including those relating to climate change, air emissions, cooling water intake structures, coal combustion byproducts, and other laws and regulations that we are, or could become, subject to, which could increase our costs, result in an impairment of our assets, cause us to limit or terminate the operation of certain of our facilities, or otherwise negatively impact our financial results or stock price; • legal and administrative proceedings and settlements; • general industry trends; • economic conditions, including the impact of any recession or economic downturn; • pandemics (including COVID-19), weather conditions (including drought and limitations on access to water), and other natural phenomena, and the financial and operational impacts related thereto; • acts of sabotage, wars or terrorist or cybersecurity threats or activities; • risk of contract performance claims by us or our counterparties, and risks of, or costs associated with, pursuing or defending such claims; • our ability to collect trade receivables from counterparties in the amount or at the time expected, if at all; • our ability to attract, retain and profitably serve customers; • restrictions on competitive retail pricing or direct-selling businesses; • adverse publicity associated with our retail products or direct selling businesses, including our ability to address the marketplace and regulators regarding our compliance with applicable laws; • changes in wholesale electricity prices or energy commodity prices, including the price of natural gas; 81 Table of Contents • changes in prices of transportation of natural gas, coal, fuel oil and other refined products; • sufficiency of, access to, and costs associated with coal, fuel oil, and natural gas inventories and transportation and storage thereof; • changes in the ability of vendors to provide or deliver commodities as needed; • beliefs and assumptions about the benefits of state- or federal-based subsidies to our market competition, and the corresponding impacts on us, including if such subsidies are disproportionately available to our competitors; • the effects of, or changes to, market design and the power and capacity procurement processes in the markets in which we operate; • changes in market heat rates in the CAISO, ERCOT, ISO-NE, MISO, NYISO and PJM electricity markets; • our ability to effectively hedge against unfavorable commodity prices, including the price of natural gas, market heat rates and interest rates; • population growth or decline, or changes in market supply or demand and demographic patterns, particularly in ERCOT, MISO and PJM; • our ability to mitigate forced outage risk, including managing risk associated with Capacity Performance in PJM and performance incentives in ISO-NE; • efforts to identify opportunities to reduce congestion and improve busbar power prices; • access to adequate transmission facilities to meet changing demands; • changes in interest rates, commodity prices, rates of inflation or foreign exchange rates; • changes in operating expenses, liquidity needs and capital expenditures; • commercial bank market and capital market conditions and the potential impact of disruptions in U.S. and international credit markets; • access to capital, the attractiveness of the cost and other terms of such capital and the success of financing and refinancing efforts, including availability of funds in capital markets; • our ability to maintain prudent financial leverage and achieve our capital allocation objectives; • our ability to generate sufficient cash flow to make principal and interest payments in respect of, or refinance, our debt obligations; • our expectation that we will continue to pay a comparable cash dividend on a quarterly basis; • our ability to implement and successfully execute upon our growth strategy, including the completion and integration of mergers, acquisitions and/or joint venture activity, the identification and completion of sales and divestitures activity, and the completion and commercialization of our other business development and construction projects; • competition for new energy development and other business opportunities; • inability of various counterparties to meet their obligations with respect to our financial instruments; • counterparties' collateral demands and other factors affecting our liquidity position and financial condition; • changes in technology (including large scale electricity storage) used by and services offered by us; • changes in electricity transmission that allow additional power generation to compete with our generation assets; • our ability to attract and retain qualified employees; • significant changes in our relationship with our employees, including the availability of qualified personnel, and the potential adverse effects if labor disputes or grievances were to occur or changes in laws or regulations relating to independent contractor status; • changes in assumptions used to estimate costs of providing employee benefits, including medical and dental benefits, pension and other postretirement employee benefits, and future funding requirements related thereto, including joint and several liability exposure under ERISA; • hazards customary to the industry and the possibility that we may not have adequate insurance to cover losses resulting from such hazards; • the impact of our obligations under the TRA; • our ability to optimize our assets through targeted investment in cost-effective technology enhancements and operations performance initiatives; • our ability to effectively and efficiently plan, prepare for and execute expected asset retirements and reclamation obligations and the impacts thereof; • our ability to successfully complete the integration of businesses acquired by Vistra and our ability to successfully capture the full amount of projected operational and financial synergies relating to such transactions, and • actions by credit rating agencies.",1,,,,,,,,,,,filing,10-Q Q3 2020 — Item 3. QUANTITATIVE AND QUALITATIVE DISCLOSURES ABOUT MARKET RISK,
unpaired_actual,VST,2021,,,,,,product_milestone,Product / strategic milestone,,consolidated,,,,Q4 FY2020,"Also available on our website are a copy of today's investor presentation, our Form 10-K and the related earnings release.",10,,,,,,,,,,,transcript,VST_Q4_2020,
unpaired_actual,VST,2021,,,,,,other_so_the_margin_that_we,Other So The Margin That We,,consolidated,,,,Q4 FY2020,So the margin that we were getting for that day and a half was less.,,,,,,,,,,,,transcript,VST_Q4_2020,
unpaired_actual,VST,2021,,,,,,other_price_was_trading_at_lmps,Other Price Was Trading At Lmps,,consolidated,,,,Q4 FY2020,"Price was trading at LMPs, in some instances, $1,000 below our cost.","$1,000",,,,,,,,,,,transcript,VST_Q4_2020,
unpaired_actual,VST,2021,,,,,,capacity,Capacity,,consolidated,,,,Q4 FY2020,Renewables during this event were at capacity factors from 5% to sort of 15%.,5%,,,,,,,,,,,transcript,VST_Q4_2020,
unpaired_actual,VST,2021,,,,,,other_that_s_why_we_didn,Other That S Why We Didn,,consolidated,,,,Q4 FY2020,"That's why we didn't -- and that's why I said, when we were at 74,000 peak load, we didn't have enough at megawatts in the system.","74,000",,,,,,,,,,,transcript,VST_Q4_2020,
unpaired_actual,VST,2021,,,,,,other_our_retail_business_was_exceptional,Other Our Retail Business Was Exceptional,,consolidated,,,,Q4 FY2020,Our retail business was exceptional getting close to almost $1 billion of EBITDA.,$1 billion,,,,,,,,,,,transcript,VST_Q4_2020,
unpaired_actual,VST,2021,,,,,,other_i_remember_when_i_was,Other I Remember When I Was,,consolidated,,,,Q4 FY2020,"I remember when I was talking to you guys and the Dynegy acquisition and we put out the, I think it's S-4 and we had a set of projection numbers.",4,,,,,,,,,,,transcript,VST_Q4_2020,
unpaired_actual,VST,2021,,,,,,other_and_just_looking_at_what,Other And Just Looking At What,,consolidated,,,,Q4 FY2020,"And just looking at what we were able to do in 2020 relative to what we had in that is, in my opinion, truly remarkable.",2020,,,,,,,,,,,transcript,VST_Q4_2020,
unpaired_actual,VST,2021,,,,,,subscribers,Subscribers / customers,,consolidated,,,,Q4 FY2020,And I know we did announce that we were -- had $5 million to help customers.,$5 million,,,,,,,,,,,transcript,VST_Q4_2020,
unpaired_actual,VST,2021,,,,,,other_as_it_relates_to_the,Other As It Relates To The,,consolidated,,,,Q4 FY2020,"As it relates to the impacts of COVID-19, Vistra was able to navigate through the challenges brought on by the pandemic with minimal impacts to our financial performance.","19,",,,,,,,,,,,transcript,VST_Q4_2020,
unpaired_actual,VST,2021,,,,,,other_and_as_we_discussed_on,Other And As We Discussed On,,consolidated,,,,Q4 FY2020,"And as we discussed on our first quarter earnings call in May of 2020, our commercial team executed some opportunistic transactions in anticipation of the market volatility caused by COVID-19, resulting in a positive benefit to Vistra for the year.","2020,",,,,,,,,,,,transcript,VST_Q4_2020,
unpaired_actual,VST,2021,,,,,,product_milestone,Product / strategic milestone,,consolidated,,,,Q4 FY2020,"As of February 25, Vistra had more than $1.5 billion of cash and availability under its revolving credit facility to meet any liquidity needs.","25,",,,,,,,,,,,transcript,VST_Q4_2020,
unpaired_actual,VST,2021,,,,,,subscribers,Subscribers / customers,,consolidated,,,,Q4 FY2020,Both our customer base and our generation footprint remained intact and we believe were solid growth prospects.,,,,,,,,,,,,transcript,VST_Q4_2020,
unpaired_actual,VST,2021,,,,,,other_and_i_think_history_tells,Other And I Think History Tells,,consolidated,,,,Q4 FY2020,And I think history tells us that this was one of these so-called one in a 100 years.,100,,,,,,,,,,,transcript,VST_Q4_2020,
unpaired_actual,VST,2021,,,,,,other_so_to_take_you_back,Other So To Take You Back,,consolidated,,,,Q4 FY2020,"So to take you back, and I think it's important to lay this out, I think it was the 9th of February, Steve Muscato who's on this call, came to me and said, our meteorologists that we have on staff came to him and said, we've got an unprecedented event coming.",9,,,,,,,,,,,transcript,VST_Q4_2020,
unpaired_actual,VST,2021,,,,,,other_and_it_was_10_million,Other And It Was 10 Million,,consolidated,,,,Q4 FY2020,"And it was $10 million, Steve.",$10 million,,,,,,,,,,,transcript,VST_Q4_2020,
unpaired_actual,VST,2021,,,,,,other_we_ran_the_numbers_and,Other We Ran The Numbers And,,consolidated,,,,Q4 FY2020,"We ran the numbers and we were seeing load in 72,000 to 74,000 megawatts.","72,000",,,,,,,,,,,transcript,VST_Q4_2020,
unpaired_actual,VST,2021,,,,,,other_now_let_s_put_that,Other Now Let S Put That,,consolidated,,,,Q4 FY2020,"Now let's put that in perspective, the worst case scenario or the -- one of the -- I guess you called out that ERCOT had performed was about 67,000 megawatts or so, maybe 67,000 to 68,000.","about 67,000",,,,,,,,,,,transcript,VST_Q4_2020,
unpaired_actual,VST,2021,,,,,,other_but_we_did_go_to,Other But We Did Go To,,consolidated,,,,Q4 FY2020,"But we did go to ERCOT because they had -- I think it was about 65,000 megawatt for Monday -- and this is by the way for Monday, Tuesday, 15th and 16th, just to give you a timeline.","about 65,000",,,,,,,,,,,transcript,VST_Q4_2020,
unpaired_actual,VST,2021,,,,,,other_in_22_and_beyond_by,Other In 22 And Beyond By,,consolidated,,,,Q4 FY2020,"In '22 and beyond, by the way, retail actually held up through this.",22,,,,,,,,,,,transcript,VST_Q4_2020,
unpaired_actual,VST,2021,,,,,,other_and_to_your_point_about,Other And To Your Point About,,consolidated,,,,Q4 FY2020,"And to your point about the curves, the curves being up in the next several years is a $200 million to $300 million difference than where we were just a few weeks ago.",$200 million,,,,,,,,,,,transcript,VST_Q4_2020,
unpaired_actual,VST,2021,,,,,,other_and_then_monday_came_and,Other And Then Monday Came And,,consolidated,,,,Q4 FY2020,"And then Monday came and I was on the phone with Steve and it was 1 AM and Steve, like he always does, we talk about, OK, here it comes.",1,,,,,,,,,,,transcript,VST_Q4_2020,
unpaired_actual,VST,2021,,,,,,other_i_mean_we_all_thought,Other I Mean We All Thought,,consolidated,,,,Q4 FY2020,"I mean, we all thought because we were 30 minutes on, 15 off, and that went on for a relatively short period of time.",30,,,,,,,,,,,transcript,VST_Q4_2020,
unpaired_actual,VST,2021,,,,,,other_so_we_were_trying_to,Other So We Were Trying To,,consolidated,,,,Q4 FY2020,So we were trying to get fresh coal in and then we were having problems with the rail because the coal we had on the ground was frozen and it was also wet in gumming up and causing problems that we end up having to take the units down.,,,,,,,,,,,,transcript,VST_Q4_2020,
unpaired_actual,VST,2021,,,,,,other_but_that_30_that_we,Other But That 30 That We,,consolidated,,,,Q4 FY2020,"But that 30% that we were not able to keep going, and that includes the derates and being offline, that just became a very expensive prospect for us.",30%,,,,,,,,,,,transcript,VST_Q4_2020,
unpaired_actual,VST,2021,,,,,,other_because_as_curt_said_we,Other Because As Curt Said We,,consolidated,,,,Q4 FY2020,"Because as Curt said, we were replacing $5 to $20 a megawatt hour fuel with $2,000 fuel in the form of gas that we were burning in some of our old gas steam units.",$5,,,,,,,,,,,transcript,VST_Q4_2020,
unpaired_actual,VST,2021,,,,,,other_and_so_a_little_bit,Other And So A Little Bit,,consolidated,,,,Q4 FY2020,And so a little bit of miss on the volume there multiplied by the delta on fuel cost was substantial.,,,,,,,,,,,,transcript,VST_Q4_2020,
unpaired_actual,VST,2021,,,,,,other_loans_were_down_about_40,Other Loans Were Down About 40,,consolidated,,,,Q4 FY2020,"Loans were down about 40,000.","about 40,000.",,,,,,,,,,,transcript,VST_Q4_2020,
unpaired_actual,VST,2021,,,,,,subscribers,Subscribers / customers,,consolidated,,,,Q4 FY2020,"And retailers, no matter how much they were headed, whether it was through a P95 or P99 scenario, they were going to swing and likely pay much higher prices to cover their obligation to their customers.",95,,,,,,,,,,,transcript,VST_Q4_2020,
unpaired_actual,VST,2021,,,,,,other_and_we_also_wanted_to,Other And We Also Wanted To,,consolidated,,,,Q4 FY2020,"And we also wanted to do address that our units were winterized, they were there running.",,,,,,,,,,,,transcript,VST_Q4_2020,
unpaired_actual,VST,2021,,,,,,revenue,Revenue,,consolidated,,,,FY2020,"Our debt could have negative consequences for our financial condition including: • increasing our vulnerability to general economic and industry conditions; • requiring a significant portion of our cash flows from operations to be dedicated to the payment of principal and interest on our indebtedness, therefore reducing our ability to pay dividends to holders of our common stock or to fund our operations, capital expenditures and future business opportunities; • limiting our ability to enter into long-term power sales or fuel purchases which require credit support; • limiting our ability to fund operations or future acquisitions; • restricting our ability to make distributions or pay dividends with respect to our capital stock and the ability of our subsidiaries to make distributions to us, in light of restricted payment and other financial covenants in our credit facilities and other financing agreements; • inhibiting the growth of our stock price; • exposing us to the risk of increased interest rates because certain of our borrowings, including borrowings under the Vistra Operations Credit Facilities, are at variable rates of interest; • limiting our ability to obtain additional financing for working capital including collateral postings, capital expenditures, debt service requirements, acquisitions and general corporate or other purposes; and • limiting our ability to adjust to changing market conditions and placing us at a competitive disadvantage compared to our competitors who may have less debt.",,,,,,,,,,,,filing,10-K FY2020 — Item 1A. RISK FACTORS,
unpaired_actual,VST,2021,,,,,,other_should_any_of_these_factors,Other Should Any Of These Factors,,consolidated,,,,FY2020,"Should any of these factors occur, our financial position, results of operations, and cash flows could be adversely affected, or our future growth opportunities may not be realized as anticipated.",,,,,,,,,,,,filing,10-K FY2020 — Item 1A. RISK FACTORS,
unpaired_actual,VST,2021,,,,,,product_milestone,Product / strategic milestone,,segment:energy,,,,FY2020,"Additionally, the increased demand for construction of renewables projects, such as energy storage systems and solar projects, may result in limited availability of qualified specialists, contractors, and necessary services and materials, which could lead to delays in and higher costs for the development and construction of our current and future planned projects.",,,,,,,,,,,,filing,10-K FY2020 — Item 1A. RISK FACTORS,
unpaired_actual,VST,2021,,,,,,revenue,Revenue,,consolidated,,,,FY2020,"If such degradations were to occur at the Comanche Peak Facility, the process of identifying and correcting the causes of the operational downgrade to return the facility to operation could require significant time and expense, resulting in both lost revenue and increased fuel and purchased power expense to meet supply commitments.",,,,,,,,,,,,filing,10-K FY2020 — Item 1A. RISK FACTORS,
unpaired_actual,VST,2021,,,,,,capacity,Capacity,,consolidated,,,,FY2020,"The operation and maintenance of power generation facilities and related mining operations involve many risks, including, as applicable, start-up risks, breakdown or failure of facilities, equipment or processes, operator error, lack of sufficient capital to maintain the facilities, the dependence on a specific fuel source, the inability to transport our product to our customers in an efficient manner due to the lack of transmission capacity or the impact of unusual or adverse weather conditions or other natural events, or terrorist attacks, as well as the risk of performance below expected levels of output, efficiency or reliability, the occurrence of any of which could result in substantial lost revenues and/or increased expenses.",,,,,,,,,,,,filing,10-K FY2020 — Item 1A. RISK FACTORS,
unpaired_actual,VST,2021,,,,,,other_if_we_do_not_have,Other If We Do Not Have,,consolidated,,,,FY2020,"If we do not have adequate liquidity to meet margin and collateral requirements, we may be exposed to significant losses, may miss significant opportunities and may have increased exposure to the volatility of spot markets, which could have a material adverse effect on us.",,,,,,,,,,,,filing,10-K FY2020 — Item 1A. RISK FACTORS,
unpaired_actual,VST,2021,,,,,,stores,Stores / locations,,consolidated,,,,FY2020,"As the closure and CCR management work progresses and final closure plans and corrective action measures are developed and approved at each site, the scope and complexity of work and the amount of CCR material could be greater than current estimates and could, therefore, materially impact earnings through increased compliance expenditures.",,,,,,,,,,,,filing,10-K FY2020 — Item 1A. RISK FACTORS,
unpaired_actual,VST,2021,,,,,,subscribers,Subscribers / customers,,consolidated,,,,FY2020,"However, COVID-19 or another pandemic could have material and adverse effects on our results of operations, financial condition and cash flows due to, among other factors, a protracted slowdown of broad sectors of the economy, changes in demand or supply for commodities, significant changes in legislation or regulatory policy to address the pandemic (including moratoriums or conditions or disconnections and limits or restrictions or late fees), reduced demand for electricity (particularly from commercial and industrial customers), increased late or uncollectible customer payments, negative impacts on the health of our workforce, a deterioration of our ability to ensure business continuity (including increased risk from cybersecurity attacks as a result of a significant portion of our workforce continuing to work from home), and the inability of the Company's contractors, suppliers, and other business partners to fulfill their contractual obligations.",19,,,,,,,,,,,filing,10-K FY2020 — Item 1A. RISK FACTORS,
unpaired_actual,VST,2021,,,,,,product_milestone,Product / strategic milestone,,consolidated,,,,FY2020,"This severe weather event substantially increased the demand for natural gas used in our electric power generation business, and the cold further limited the availability of renewable generation across the region contributing to extremely high market prices for natural gas and electricity, which resulted in substantial increases in the costs to procure sufficient fuel supply and increased collateral posting requirements.",,,,,,,,,,,,filing,10-K FY2020 — Item 1A. RISK FACTORS,
unpaired_actual,VST,2021,,,,,,headcount,Headcount,,consolidated,,,,FY2020,"The policies, procedures, processes and controls in place may not always function as planned and cannot eliminate all the risks associated with these activities, including unauthorized hedging activity, or improper reporting thereof, by our employees in violation of our existing risk management policies and procedures.",,,,,,,,,,,,filing,10-K FY2020 — Item 1A. RISK FACTORS,
unpaired_actual,VST,2021,,,,,,other_the_actual_timing_number_and,Other The Actual Timing Number And,,consolidated,,,,FY2020,"The actual timing, number and value of shares repurchased under the Share Repurchase Program or otherwise will be determined at our discretion and will depend on a number of factors, including our capital allocation priorities, the market price of our stock, general market and economic conditions, applicable legal requirements and compliance with the terms of our debt agreements.",,,,,,,,,,,,filing,"10-K FY2020 — Item 5. MARKET FOR REGISTRANT'S COMMON EQUITY, RELATED STOCKHOLDER MATTERS AND ISSUER PURCHASES OF EQUITY SECURITIES",
unpaired_actual,VST,2021,,,,,,subscribers,Subscribers / customers,,consolidated,,,,FY2020,"Based on numbers of meters, our total retail customer counts increased approximately 1% in 2020 and approximately 2% in both 2019 and 2018.",approximately 1%,,,,,,,,,,,filing,10-K FY2020 — Item 7. MANAGEMENT'S DISCUSSION AND ANALYSIS OF FINANCIAL CONDITION AND RESULTS OF OPERATIONS,
unpaired_actual,VST,2021,,,,,,subscribers,Subscribers / customers,,consolidated,,,,FY2020,Customer relationship intangibles assets are generally amortized using an accelerated method based on historical customer attrition rates and reflecting the expected pattern in which the economic benefits are realized over their estimated useful lives.,,,,,,,,,,,,filing,10-K FY2020 — Item 7. MANAGEMENT'S DISCUSSION AND ANALYSIS OF FINANCIAL CONDITION AND RESULTS OF OPERATIONS,
unpaired_actual,VST,2021,,,,,,capacity,Capacity,,consolidated,,,,FY2020,"Recoverability of long-lived assets is determined by a comparison of the carrying amount of the long-lived asset group to the net cash flows expected to be generated by the asset group, through considering specific assumptions for forward natural gas and electricity prices, forward capacity prices, the effects of enacted environmental rules, generation plant performance, forecasted capital expenditures, forecasted fuel prices and forecasted operating costs.",,,,,,,,,,,,filing,10-K FY2020 — Item 7. MANAGEMENT'S DISCUSSION AND ANALYSIS OF FINANCIAL CONDITION AND RESULTS OF OPERATIONS,
unpaired_actual,VST,2021,,,,,,other_on_the_most_recent_goodwill,Other On The Most Recent Goodwill,,consolidated,,,,FY2020,"On the most recent goodwill testing date, we applied qualitative factors and determined that it was more likely than not that the fair value of our Retail and Texas Generation reporting units exceeded their carrying value at October 1, 2020.","1,",,,,,,,,,,,filing,10-K FY2020 — Item 7. MANAGEMENT'S DISCUSSION AND ANALYSIS OF FINANCIAL CONDITION AND RESULTS OF OPERATIONS,
unpaired_actual,VST,2021,,,,,,other_accounting_guidance_requires_goodwill_to,Other Accounting Guidance Requires Goodwill To,,consolidated,,,,FY2020,"Accounting guidance requires goodwill to be allocated to our reporting units, and at December 31, 2020, $2.461 billion of our goodwill was allocated to our Retail reporting unit and $122 million was allocated to our Texas Generation reporting unit.","31,",,,,,,,,,,,filing,10-K FY2020 — Item 7. MANAGEMENT'S DISCUSSION AND ANALYSIS OF FINANCIAL CONDITION AND RESULTS OF OPERATIONS,
unpaired_actual,VST,2021,,,,,,other_additionally_the_increase_in_operating,Other Additionally The Increase In Operating,,consolidated,,,,FY2020,"Additionally, the increase in operating cash flows includes a lower increase in working capital, lower cash interest paid and increased income taxes received, partially offset by an increase in cash margin deposits posted with third-parties.",,,,,,,,,,,,filing,10-K FY2020 — Item 7. MANAGEMENT'S DISCUSSION AND ANALYSIS OF FINANCIAL CONDITION AND RESULTS OF OPERATIONS,
unpaired_actual,VST,2021,,,,,,other_the_673_million_increase_in,Other The 673 Million Increase In,,consolidated,,,,FY2020,"The $673 million increase in available liquidity for the year ended December 31, 2020 was primarily driven by cash from operations, repayments of cash borrowings under the Revolving Credit Facility and a reduction of letters of credit outstanding under the Revolving Credit Facility reflecting the issuance of $303 million of letters of credit under the Secured LOC Facilities, partially offset by $1.259 billion of capital expenditures (including LTSA prepayments, nuclear fuel and development and growth expenditures), $747 million principal amount of outstanding Vistra Unsecured Senior Notes redeemed in 2020, $266 million in dividends paid to stockholders, the maturity of a $250 million Alternate LOC Facility and $100 million of term loans under the Vistra Operation Credit Facility repaid in March 2020.",$673 million,,,,,,,,,,,filing,10-K FY2020 — Item 7. MANAGEMENT'S DISCUSSION AND ANALYSIS OF FINANCIAL CONDITION AND RESULTS OF OPERATIONS,
unpaired_actual,VST,2021,,,,,,other_the_share_repurchase_program_was,Other The Share Repurchase Program Was,,consolidated,,,,FY2020,"The Share Repurchase Program was effective January 1, 2021, at which time the Prior Share Repurchase Plan terminated.","1,",,,,,,,,,,,filing,10-K FY2020 — Item 7. MANAGEMENT'S DISCUSSION AND ANALYSIS OF FINANCIAL CONDITION AND RESULTS OF OPERATIONS,
unpaired_actual,VST,2021,,,,,,revenue,Revenue,,segment:aws,,,,FY2020,"Management's Discussion and Analysis of Financial Condition and Results of Operations in this annual report on Form 10-K and the following important factors, among others, that could cause our actual results to differ materially from those projected in or implied by such forward-looking statements: • the actions and decisions of judicial and regulatory authorities; • prohibitions and other restrictions on our operations due to the terms of our agreements; • prevailing federal, state and local governmental policies and regulatory actions, including those of the legislatures and other government actions of states in which we operate, the U.S. Congress, the FERC, the NERC, the TRE, the public utility commissions of states and locales in which we operate, CAISO, ERCOT, ISO-NE, MISO, NYISO, PJM, the RCT, the NRC, the EPA, the environmental regulatory bodies of states in which we operate, the MSHA and the CFTC, with respect to, among other things: ▪ allowed prices; ▪ industry, market and rate structure; ▪ purchased power and recovery of investments; ▪ operations of nuclear generation facilities; ▪ operations of fossil-fueled generation facilities; ▪ operations of mines; ▪ acquisition and disposal of assets and facilities; ▪ development, construction and operation of facilities; ▪ decommissioning costs; ▪ present or prospective wholesale and retail competition; ▪ changes in federal, state and local tax laws, rates and policies, including additional regulation, interpretations, amendments, or technical corrections to the TCJA; ▪ changes in and compliance with environmental and safety laws and policies, including the Coal Combustion Residuals Rule, National Ambient Air Quality Standards, the Cross-State Air Pollution Rule, the Mercury and Air Toxics Standard, regional haze program implementation and GHG and other climate change initiatives; and ▪ clearing over-the-counter derivatives through exchanges and posting of cash collateral therewith; • expectations regarding, or impacts of, environmental matters, including costs of compliance, availability and adequacy of emission credits, and the impact of ongoing proceedings and potential regulations or changes to current regulations, including those relating to climate change, air emissions, cooling water intake structures, coal combustion byproducts, and other laws and regulations that we are, or could become, subject to, which could increase our costs, result in an impairment of our assets, cause us to limit or terminate the operation of certain of our facilities, or otherwise negatively impact our financial results or stock price; • legal and administrative proceedings and settlements; • general industry trends; • economic conditions, including the impact of any recession or economic downturn; • investor sentiment relating to climate change and utilization of fossil fuels in connection with power generation could reduce demand for, or increase potential volatility in the market price of, our common stock; • the severity, magnitude and duration of pandemics, including the COVID-19 pandemic, and the resulting effects on our results of operations, financial condition and cash flows; • the severity, magnitude and duration of extreme weather events (including winter storm Uri), drought and limitations on access to water, and other weather conditions and natural phenomena, and the resulting effects on our results of operations, financial condition and cash flows; • acts of sabotage, wars or terrorist or cybersecurity threats or activities; • risk of contract performance claims by us or our counterparties, and risks of, or costs associated with, pursuing or defending such claims; • our ability to collect trade receivables from counterparties in the amount or at the time expected, if at all; 85 Table of Contents • our ability to attract, retain and profitably serve customers; • restrictions on competitive retail pricing or direct-selling businesses; • adverse publicity associated with our retail products or direct selling businesses, including our ability to address the marketplace and regulators regarding our compliance with applicable laws; • changes in wholesale electricity prices or energy commodity prices, including the price of natural gas; • changes in prices of transportation of natural gas, coal, fuel oil and other refined products; • sufficiency of, access to, and costs associated with coal, fuel oil, and natural gas inventories and transportation and storage thereof; • changes in the ability of vendors to provide or deliver commodities as needed; • beliefs and assumptions about the benefits of state- or federal-based subsidies to our market competition, and the corresponding impacts on us, including if such subsidies are disproportionately available to our competitors; • the effects of, or changes to, market design and the power and capacity procurement processes in the markets in which we operate; • changes in market heat rates in the CAISO, ERCOT, ISO-NE, MISO, NYISO and PJM electricity markets; • our ability to effectively hedge against unfavorable commodity prices, including the price of natural gas, market heat rates and interest rates; • population growth or decline, or changes in market supply or demand and demographic patterns, particularly in ERCOT, MISO and PJM; • our ability to mitigate forced outage risk, including managing risk associated with CP in PJM and performance incentives in ISO-NE; • efforts to identify opportunities to reduce congestion and improve busbar power prices; • access to adequate transmission facilities to meet changing demands; • changes in interest rates, commodity prices, rates of inflation or foreign exchange rates; • changes in operating expenses, liquidity needs and capital expenditures; • commercial bank market and capital market conditions and the potential impact of disruptions in U.S. and international credit markets; • access to capital, the attractiveness of the cost and other terms of such capital and the success of financing and refinancing efforts, including availability of funds in capital markets; • our ability to maintain prudent financial leverage and achieve our capital allocation objectives; • our ability to generate sufficient cash flow to make principal and interest payments in respect of, or refinance, our debt obligations; • our expectation that we will continue to pay a comparable cash dividend on a quarterly basis; • our ability to implement and successfully execute upon\ our growth strategy, including the completion and integration of mergers, acquisitions and/or joint venture activity, the identification and completion of sales and divestitures activity, and the completion and commercialization of our other business development and construction projects; • competition for new energy development and other business opportunities; • inability of various counterparties to meet their obligations with respect to our financial instruments; • counterparties' collateral demands and other factors affecting our liquidity position and financial condition; • changes in technology (including large scale electricity storage) used by and services offered by us; • changes in electricity transmission that allow additional power generation to compete with our generation assets; • our ability to attract and retain qualified employees; • significant changes in our relationship with our employees, including the availability of qualified personnel, and the potential adverse effects if labor disputes or grievances were to occur or changes in laws or regulations relating to independent contractor status; • changes in assumptions used to estimate costs of providing employee benefits, including medical and dental benefits, pension and OPEB, and future funding requirements related thereto, including joint and several liability exposure under ERISA; • hazards customary to the industry and the possibility that we may not have adequate insurance to cover losses resulting from such hazards; • the impact of our obligations under the TRA; • our ability to optimize our assets through targeted investment in cost-effective technology enhancements and operations performance initiatives; • our ability to effectively and efficiently plan, prepare for and execute expected asset retirements and reclamation obligations and the impacts thereof; • our ability to successfully complete the integration of businesses acquired by Vistra and our ability to successfully capture the full amount of projected operational and financial synergies relating to such transactions; and • actions by credit rating agencies.",10,,,,,,,,,,,filing,10-K FY2020 — Item 7A. QUANTITATIVE AND QUALITATIVE DISCLOSURES ABOUT MARKET RISK,
unpaired_actual,VST,2021,,,,,,headcount,Headcount,,consolidated,,,,FY2020,"After amendments in 2012, employees in the Retirement Plan now consist entirely of participants who were active and retired collective bargaining unit employees.","2012,",,,,,,,,,,,filing,10-K FY2020 — Item 8. FINANCIAL STATEMENTS AND SUPPLEMENTARY DATA — Consolidated Financial Statements,
unpaired_actual,VST,2021,,,,,,headcount,Headcount,,consolidated,,,,FY2020,"STOCK-BASED COMPENSATION Vistra 2016 Omnibus Incentive Plan On the Effective Date, the Vistra board of directors (Board) adopted the 2016 Omnibus Incentive Plan (2016 Incentive Plan), under which an aggregate of 22,500,000 shares of our common stock were reserved for issuance as equity-based awards to our non-employee directors, employees, and certain other persons.",2016,,,,,,,,,,,filing,10-K FY2020 — Item 8. FINANCIAL STATEMENTS AND SUPPLEMENTARY DATA — Consolidated Financial Statements,
unpaired_actual,VST,2021,,,,,,other_restricted_stock_units_the_following,Other Restricted Stock Units The Following,,consolidated,,,,FY2020,"Restricted Stock Units The following table summarizes our restricted stock unit activity: Year Ended December 31, 2020 Restricted Stock Units (in thousands) Weighted Average Grant Date Fair Value Total nonvested at beginning of period 2,538 $ 20.99 Granted 1,209 $ 22.50 Vested ( 1,456 ) $ 19.48 Forfeited ( 39 ) $ 21.89 Total nonvested at end of period 2,252 $ 22.35 At December 31, 2020, $ 27 million of unrecognized compensation cost related to unvested restricted stock units granted under the 2016 Incentive Plan are expected to be recognized over a weighted average period of approximately 2 years.","31,",,,,,,,,,,,filing,10-K FY2020 — Item 8. FINANCIAL STATEMENTS AND SUPPLEMENTARY DATA — Consolidated Financial Statements,
unpaired_actual,VST,2021,,,,,,other_the_following_table_summarizes_our,Other The Following Table Summarizes Our,,consolidated,,,,FY2020,"The following table summarizes our PSU activity: Year Ended December 31, 2020 Performance Stock Units (in thousands) Weighted Average Grant Date Fair Value Total nonvested at beginning of period — $ — Granted 473 $ 23.43 Vested ( 21 ) $ 23.43 Forfeited ( 1 ) $ 23.43 Total nonvested at end of period 451 $ 23.43 At December 31, 2020, $ 4 million of unrecognized compensation cost related to unvested performance stock units granted under the 2016 Incentive Plan is expected to be recognized over a weighted average period of approximately 3 months.","31,",,,,,,,,,,,filing,10-K FY2020 — Item 8. FINANCIAL STATEMENTS AND SUPPLEMENTARY DATA — Consolidated Financial Statements,
unpaired_actual,VST,2021,,,,,,revenue,Revenue,,consolidated,,,,FY2020,Revenue Recognition Revenue is recognized when electricity is delivered to our customers in an amount that we expect to invoice for volumes delivered or services provided.,,,,,,,,,,,,filing,10-K FY2020 — Item 8. FINANCIAL STATEMENTS AND SUPPLEMENTARY DATA — Consolidated Financial Statements,
unpaired_actual,VST,2021,,,,,,deliveries,Deliveries,,consolidated,,,,FY2020,"Income and expense, including gains and losses associated with the trust fund assets and the decommissioning liability, are offset by a corresponding change in a regulatory asset/liability (currently a regulatory liability reported in other noncurrent liabilities and deferred credits) that will ultimately be settled through changes in Oncor's delivery fees rates.",,,,,,,,,,,,filing,10-K FY2020 — Item 8. FINANCIAL STATEMENTS AND SUPPLEMENTARY DATA — Consolidated Financial Statements,
unpaired_actual,VST,2021,,,,,,revenue,Revenue,,consolidated,,,,FY2020,The impact of the adoption of the revenue standard was immaterial and we expect the adoption to continue to be immaterial to our net income on an ongoing basis.,,,,,,,,,,,,filing,10-K FY2020 — Item 8. FINANCIAL STATEMENTS AND SUPPLEMENTARY DATA — Consolidated Financial Statements,
unpaired_actual,VST,2021,,,,,,capacity,Capacity,,consolidated,,,,FY2020,"Our retail energy charges and wholesale generation, capacity and contract revenues will continue to be recognized when electricity and other services are delivered to our customers.",,,,,,,,,,,,filing,10-K FY2020 — Item 8. FINANCIAL STATEMENTS AND SUPPLEMENTARY DATA — Consolidated Financial Statements,
unpaired_actual,VST,2021,,,,,,capacity,Capacity,,consolidated,,,,FY2020,The contract was amended to increase the capacity of the planned development to a 36.25 MW battery ESS.,36.25,,,,,,,,,,,filing,10-K FY2020 — Item 8. FINANCIAL STATEMENTS AND SUPPLEMENTARY DATA — Consolidated Financial Statements,
unpaired_actual,VST,2021,,,,,,other_on_the_most_recent_goodwill,Other On The Most Recent Goodwill,,consolidated,,,,FY2020,"On the most recent goodwill testing date, we applied qualitative factors and determined that it was more likely than not that the fair value of our Retail and Texas Generation reporting units exceeded their carrying value at October 1, 2020.","1,",,,,,,,,,,,filing,10-K FY2020 — Item 8. FINANCIAL STATEMENTS AND SUPPLEMENTARY DATA — Consolidated Financial Statements,
unpaired_actual,VST,2021,,,,,,other_year_ended_december_31_2020,Other Year Ended December 31 2020,,consolidated,,,,FY2020,"Year Ended December 31, 2020 2019 2018 Net income (loss) attributable to common stock — basic $ 636 $ 928 $ ( 54 ) Weighted average shares of common stock outstanding — basic 488,668,263 494,146,268 504,954,371 Net income (loss) per weighted average share of common stock outstanding — basic $ 1.30 $ 1.88 $ ( 0.11 ) Dilutive securities: Stock-based incentive compensation plan 2,422,205 5,789,223 — Weighted average shares of common stock outstanding — diluted 491,090,468 499,935,490 504,954,371 Net income (loss) per weighted average share of common stock outstanding — diluted $ 1.30 $ 1.86 $ ( 0.11 ) 124 Table of Contents Stock-based incentive compensation plan awards excluded from the calculation of diluted earnings per share because the effect would have been antidilutive totaled 12,553,414 , 2,447,850 and 14,165,813 shares for the years ended December 31, 2020, 2019 and 2018, respectively.","31,",,,,,,,,,,,filing,10-K FY2020 — Item 8. FINANCIAL STATEMENTS AND SUPPLEMENTARY DATA — Consolidated Financial Statements,
unpaired_actual,VST,2021,,,,,,capacity,Capacity,,consolidated,,,,FY2020,"Forward Capacity Agreements — On the Merger Date, the Company assumed the obligation of Dynegy's agreements under which a portion of the PJM capacity that cleared for Planning Years 2018-2019, 2019-2020 and 2020-2021 was sold to a financial institution (Forward Capacity Agreements).",2018,,,,,,,,,,,filing,10-K FY2020 — Item 8. FINANCIAL STATEMENTS AND SUPPLEMENTARY DATA — Consolidated Financial Statements,
unpaired_actual,VST,2021,,,,,,other_the_share_repurchase_program_was,Other The Share Repurchase Program Was,,consolidated,,,,FY2020,"The Share Repurchase Program was effective January 1, 2021, at which time the Prior Share Repurchase Plan (described below) and all authorized amounts remaining thereunder terminated as of such date.","1,",,,,,,,,,,,filing,10-K FY2020 — Item 8. FINANCIAL STATEMENTS AND SUPPLEMENTARY DATA — Consolidated Financial Statements,
unpaired_actual,VST,2021,,,,,,other_three_months_ended_march_31,Other Three Months Ended March 31,,consolidated,,,,Q1 FY2021,"Three Months Ended March 31, 2021 2020 Net income (loss) attributable to common stock — basic $ ( 2,043 ) $ 56 Weighted average shares of common stock outstanding — basic 484,699,267 487,944,564 Net income (loss) per weighted average share of common stock outstanding — basic $ ( 4.21 ) $ 0.11 Dilutive securities: Stock-based incentive compensation plan — 2,694,062 Weighted average shares of common stock outstanding — diluted 484,699,267 490,638,626 Net income (loss) per weighted average share of common stock outstanding — diluted $ ( 4.21 ) $ 0.11 Stock-based incentive compensation plan awards excluded from the calculation of diluted earnings per share because the effect would have been antidilutive totaled 15,254,972 and 10,872,836 shares for the three months ended March 31, 2021 and 2020, respectively.","31,",,,,,,,,,,,filing,10-Q Q1 2021 — Item 1. FINANCIAL STATEMENTS — Consolidated Financial Statements,
unpaired_actual,VST,2021,,,,,,other_in_december_2020_the_receivables,Other In December 2020 The Receivables,,consolidated,,,,Q1 FY2021,"In December 2020, the Receivables Facility was amended to include Ambit Texas, LLC (Ambit Texas), Value Based Brands and TriEagle Energy, as originators, and increase the commitment of the Purchasers to $ 500 million.","2020,",,,,,,,,,,,filing,10-Q Q1 2021 — Item 1. FINANCIAL STATEMENTS — Consolidated Financial Statements,
unpaired_actual,VST,2021,,,,,,other_in_february_2021_the_receivables,Other In February 2021 The Receivables,,consolidated,,,,Q1 FY2021,"In February 2021, the Receivables Facility was amended to increase the commitment of the Purchasers to $ 596 million to take advantage of a higher receivable balance at such time.","2021,",,,,,,,,,,,filing,10-Q Q1 2021 — Item 1. FINANCIAL STATEMENTS — Consolidated Financial Statements,
unpaired_actual,VST,2021,,,,,,other_in_march_2021_the_receivables,Other In March 2021 The Receivables,,consolidated,,,,Q1 FY2021,"In March 2021, the Receivables Facility was amended to increase the commitment of the Purchasers to $ 600 million for the remaining term of the Receivables Facility.","2021,",,,,,,,,,,,filing,10-Q Q1 2021 — Item 1. FINANCIAL STATEMENTS — Consolidated Financial Statements,
unpaired_actual,VST,2021,,,,,,capacity,Capacity,,consolidated,,,,Q1 FY2021,"17 Table of Contents On the Merger Date, the Company assumed the obligation of Dynegy's agreements under which a portion of the PJM capacity that cleared for Planning Years 2018-2019, 2019-2020 and 2020-2021 was sold to a financial institution (Legacy Forward Capacity Agreements, and, together with the 2021-2022 Forward Capacity Agreement, the Forward Capacity Agreements).",17,,,,,,,,,,,filing,10-Q Q1 2021 — Item 1. FINANCIAL STATEMENTS — Consolidated Financial Statements,
unpaired_actual,VST,2021,,,,,,revenue,Revenue,,consolidated,,,,Q1 FY2021,"Use of Estimates Preparation of financial statements requires estimates and assumptions about future events that affect the reporting of assets and liabilities at the balance sheet dates and the reported amounts of revenue and expense, including fair value measurements, estimates of expected obligations, judgments related to the potential timing of events and other estimates.",,,,,,,,,,,,filing,10-Q Q1 2021 — Item 1. FINANCIAL STATEMENTS — Consolidated Financial Statements,
unpaired_actual,VST,2021,,,,,,capacity,Capacity,,consolidated,,,,Q1 FY2021,The contract was amended to increase the capacity of the planned development to a 36.25 MW battery ESS.,36.25,,,,,,,,,,,filing,10-Q Q1 2021 — Item 1. FINANCIAL STATEMENTS — Consolidated Financial Statements,
unpaired_actual,VST,2021,,,,,,other_miso_2015_2016_planning_resource,Other Miso 2015 2016 Planning Resource,,consolidated,,,,Q1 FY2021,"MISO 2015-2016 Planning Resource Auction In May 2015, three complaints were filed at FERC regarding the Zone 4 results for the 2015-2016 planning resource auction (PRA) conducted by MISO.",2015,,,,,,,,,,,filing,10-Q Q1 2021 — Item 1. FINANCIAL STATEMENTS — Consolidated Financial Statements,
unpaired_actual,VST,2021,,,,,,other_the_actual_timing_number_and,Other The Actual Timing Number And,,consolidated,,,,Q1 FY2021,"The actual timing, number and value of shares repurchased under the Share Repurchase Program or otherwise will be determined at our discretion and will depend on a number of factors, including our capital allocation priorities, the market price of our stock, general market and economic conditions, applicable legal requirements and compliance with the terms of our debt agreements.",,,,,,,,,,,,filing,10-Q Q1 2021 — Item 1. FINANCIAL STATEMENTS — Consolidated Financial Statements,
unpaired_actual,VST,2021,,,,,,other_25_table_of_contents_equity,Other 25 Table Of Contents Equity,,consolidated,,,,Q1 FY2021,"25 Table of Contents Equity The following table presents the changes to equity for the three months ended March 31, 2021: Common Stock (a) Treasury Stock Additional Paid-in Capital Retained Earnings (Deficit) Accumulated Other Comprehensive Income (Loss) Total Stockholders' Equity Noncontrolling Interest in Subsidiary Total Equity Balance at December 31, 2020 $ 5 $ ( 973 ) $ 9,786 $ ( 399 ) $ ( 48 ) $ 8,371 $ ( 10 ) $ 8,361 Stock repurchase — ( 175 ) — — — ( 175 ) — ( 175 ) Dividends declared on common stock — — — ( 74 ) — ( 74 ) — ( 74 ) Effects of stock-based incentive compensation plans — — 17 — — 17 — 17 Net income (loss) — — — ( 2,043 ) — ( 2,043 ) 3 ( 2,040 ) Change in accumulated other comprehensive income (loss) — — — — 2 2 — 2 Other — — 2 — — 2 — 2 Balance at March 31, 2021 $ 5 $ ( 1,148 ) $ 9,805 $ ( 2,516 ) $ ( 46 ) $ 6,100 $ ( 7 ) $ 6,093 ________________ (a) Authorized shares totaled 1,800,000,000 at March 31, 2021.",25,,,,,,,,,,,filing,10-Q Q1 2021 — Item 1. FINANCIAL STATEMENTS — Consolidated Financial Statements,
unpaired_actual,VST,2021,,,,,,other_the_following_table_presents_the,Other The Following Table Presents The,,consolidated,,,,Q1 FY2021,"The following table presents the changes to equity for the three months ended March 31, 2020: Common Stock (a) Treasury Stock Additional Paid-in Capital Retained Earnings (Deficit) Accumulated Other Comprehensive Income (Loss) Total Stockholders' Equity Noncontrolling Interest in Subsidiary Total Equity Balance at December 31, 2019 $ 5 $ ( 973 ) $ 9,721 $ ( 764 ) $ ( 30 ) $ 7,959 $ 1 $ 7,960 Dividends declared on common stock — — — ( 66 ) — ( 66 ) — ( 66 ) Effects of stock-based incentive compensation plans — — 14 — — 14 — 14 Net income (loss) — — — 56 — 56 ( 11 ) 45 Adoption of accounting standard — — — ( 4 ) — ( 4 ) — ( 4 ) Change in accumulated other comprehensive income (loss) — — — — ( 23 ) ( 23 ) — ( 23 ) Other — — 2 ( 2 ) — — — — Balance at March 31, 2020 $ 5 $ ( 973 ) $ 9,737 $ ( 780 ) $ ( 53 ) $ 7,936 $ ( 10 ) $ 7,926 ________________ (a) Authorized shares totaled 1,800,000,000 at March 31, 2020.","31,",,,,,,,,,,,filing,10-Q Q1 2021 — Item 1. FINANCIAL STATEMENTS — Consolidated Financial Statements,
unpaired_actual,VST,2021,,,,,,other_the_following_is_a_summary,Other The Following Is A Summary,,consolidated,,,,Q1 FY2021,"The following is a summary of the updated segments: • The Sunset segment represents plants with announced retirement plans that were previously reported in the ERCOT, PJM and MISO segments As we announced significant plant closures in the third quarter of 2020, management believes it is important to have a segment which differentiates between operating plants with defined retirement plans and operating plants without defined retirement plans.","2020,",,,,,,,,,,,filing,10-Q Q1 2021 — Item 1. FINANCIAL STATEMENTS — Consolidated Financial Statements,
unpaired_actual,VST,2021,,,,,,headcount,Headcount,,consolidated,,,,Q1 FY2021,"37 Table of Contents Allowance for Uncollectible Accounts Receivable Three Months Ended March 31, 2021 2020 Allowance for uncollectible accounts receivable at beginning of period $ 45 $ 42 Increase for bad debt expense 28 26 Decrease for account write-offs ( 30 ) ( 28 ) Allowance for uncollectible accounts receivable at end of period $ 43 $ 40 Inventories by Major Category March 31, 2021 December 31, 2020 Materials and supplies $ 261 $ 260 Fuel stock 189 236 Natural gas in storage 17 19 Total inventories $ 467 $ 515 Investments March 31, 2021 December 31, 2020 Nuclear plant decommissioning trust $ 1,718 $ 1,674 Assets related to employee benefit plans 41 41 Land 44 44 Total investments $ 1,803 $ 1,759 Investment in Unconsolidated Subsidiary Prior to March 2020, we owned a 50 % interest in NELP, a joint venture with NextEra Energy, Inc., which indirectly owned the Bellingham NEA facility and the Sayreville facility.",37,,,,,,,,,,,filing,10-Q Q1 2021 — Item 1. FINANCIAL STATEMENTS — Consolidated Financial Statements,
unpaired_actual,VST,2021,,,,,,deliveries,Deliveries,,consolidated,,,,Q1 FY2021,"Income and expense, including gains and losses associated with the trust fund assets and the decommissioning liability are offset by a corresponding change in a regulatory asset/liability (currently a regulatory liability reported in other noncurrent liabilities and deferred credits) that will ultimately be settled through changes in Oncor's delivery fees rates.",,,,,,,,,,,,filing,10-Q Q1 2021 — Item 1. FINANCIAL STATEMENTS — Consolidated Financial Statements,
unpaired_actual,VST,2021,,,,,,other_expected_plant_retirement_expenses_of,Other Expected Plant Retirement Expenses Of,,consolidated,,,,Q1 FY2021,"Expected plant retirement expenses of $ 43 million, driven by severance cost, were accrued in the three months ended September 30, 2020 in operating costs of our Sunset segment.",$ 43 million,,,,,,,,,,,filing,10-Q Q1 2021 — Item 1. FINANCIAL STATEMENTS — Consolidated Financial Statements,
unpaired_actual,VST,2021,,,,,,other_these_obligations_total_663_million,Other These Obligations Total 663 Million,,consolidated,,,,Q1 FY2021,"These obligations total $ 663 million, $ 541 million, $ 164 million, $ 141 million and $ 98 million that will be recognized, in the balance of the year ended December 31, 2021 and the years ending December 31, 2022, 2023, 2024 and 2025, respectively, and $ 484 million thereafter.",$ 663 million,,,,,,,,,,,filing,10-Q Q1 2021 — Item 1. FINANCIAL STATEMENTS — Consolidated Financial Statements,
unpaired_actual,VST,2021,,,,,,other_the_following_discussion_and_analysis,Other The Following Discussion And Analysis,,consolidated,,,,Q1 FY2021,"The following discussion and analysis of our financial condition and results of operations for the three months ended March 31, 2021 and 2020 should be read in conjunction with our condensed consolidated financial statements and the notes to those statements.","31,",,,,,,,,,,,filing,10-Q Q1 2021 — Item 2. MANAGEMENT'S DISCUSSION AND ANALYSIS OF FINANCIAL CONDITION AND RESULTS OF OPERATIONS,
unpaired_actual,VST,2021,,,,,,operating_income,Operating income,,consolidated,,,,Q1 FY2021,"Balance 2021 2022 Texas: Nuclear/Renewable/Coal Generation: $2.50/MWh increase in power price $ 7 $ 45 Nuclear/Renewable/Coal Generation: $2.50/MWh decrease in power price $ (5) $ (42) Gas Generation: $1.00/MWh increase in spark spread $ 7 $ 33 Gas Generation: $1.00/MWh decrease in spark spread $ (5) $ (30) Residual Natural Gas Position: $0.25/MMBtu increase in natural gas price $ — $ 6 Residual Natural Gas Position: $0.25/MMBtu decrease in natural gas price $ (7) $ (16) East: Gas Generation: $1.00/MWh increase in spark spread $ 4 $ 32 Gas Generation: $1.00/MWh decrease in spark spread $ (1) $ (29) Residual Natural Gas Position: $0.25/MMBtu increase in natural gas price $ (1) $ 4 Residual Natural Gas Position: $0.25/MMBtu decrease in natural gas price $ 1 $ (4) West: Gas Generation: $1.00/MWh increase in spark spread $ — $ 3 Gas Generation: $1.00/MWh decrease in spark spread $ — $ (3) Residual Natural Gas Position: $0.25/MMBtu increase in natural gas price $ — $ 1 Residual Natural Gas Position: $0.25/MMBtu decrease in natural gas price $ — $ (1) Sunset: Coal Generation: $2.50/MWh increase in power price $ 4 $ 34 Coal Generation: $2.50/MWh decrease in power price $ — $ (28) 46 Table of Contents RESULTS OF OPERATIONS Consolidated Financial Results — Three Months Ended March 31, 2021 Compared to Three Months Ended March 31, 2020 Three Months Ended March 31, Favorable (Unfavorable) $ Change 2021 2020 Operating revenues $ 3,207 $ 2,858 $ 349 Fuel, purchased power costs and delivery fees (4,745) (1,333) (3,412) Operating costs (371) (379) 8 Depreciation and amortization (423) (419) (4) Selling, general and administrative expenses (251) (252) 1 Impairment of long-lived assets — (84) 84 Operating income (loss) (2,583) 391 (2,974) Other income 55 7 48 Other deductions (5) (31) 26 Interest expense and related charges (29) (300) 271 Impacts of Tax Receivable Agreement 37 (8) 45 Equity in earnings of unconsolidated investment — 3 (3) Income (loss) before income taxes (2,525) 62 (2,587) Income tax (expense) benefit 485 (17) 502 Net income (loss) $ (2,040) $ 45 $ (2,085) Three Months Ended March 31, 2021 Retail Texas East West Sunset Asset Closure Eliminations / Corporate and Other Vistra Consolidated Operating revenues $ 1,750 $ 1,083 $ 724 $ 33 $ 279 $ — $ (662) $ 3,207 Fuel, purchased power costs and delivery fees (1,400) (3,318) (454) (48) (187) — 662 (4,745) Operating costs (31) (179) (54) (7) (93) (7) — (371) Depreciation and amortization (53) (124) (196) (5) (29) — (16) (423) Selling, general and administrative expenses (172) (18) (18) (8) (14) (9) (12) (251) Operating income (loss) 94 (2,556) 2 (35) (44) (16) (28) (2,583) Other income — 37 — — 1 16 1 55 Other deductions (4) (2) — — 1 — — (5) Interest expense and related charges (2) 3 (1) 4 (1) — (32) (29) Impacts of Tax Receivable Agreement — — — — — — 37 37 Income (loss) before income taxes 88 (2,518) 1 (31) (43) — (22) (2,525) Income tax benefit — — — — — — 485 485 Net income (loss) $ 88 $ (2,518) $ 1 $ (31) $ (43) $ — $ 463 $ (2,040) 47 Table of Contents Three Months Ended March 31, 2020 Retail Texas East West Sunset Asset Closure Eliminations / Corporate and Other Vistra Consolidated Operating revenues $ 1,908 $ 861 $ 734 $ 82 $ 346 $ — $ (1,073) $ 2,858 Fuel, purchased power costs and delivery fees (1,545) (267) (387) (65) (142) — 1,073 (1,333) Operating costs (30) (189) (54) (5) (90) (10) (1) (379) Depreciation and amortization (80) (113) (168) (5) (39) — (14) (419) Selling, general and administrative expenses (154) (20) (33) (4) (18) (7) (16) (252) Impairment of long-lived assets — — — — (84) — — (84) Operating income (loss) 99 272 92 3 (27) (17) (31) 391 Other income — 1 — — 3 — 3 7 Other deductions — (2) (28) — — (1) — (31) Interest expense and related charges (4) 2 (2) 1 (1) — (296) (300) Impacts of Tax Receivable Agreement — — — — — — (8) (8) Equity in earnings of unconsolidated investment — — 3 — — — — 3 Income (loss) before income taxes 95 273 65 4 (25) (18) (332) 62 Income tax expense — — — — — — (17) (17) Net income (loss) $ 95 $ 273 $ 65 $ 4 $ (25) $ (18) $ (349) $ 45 Consolidated results decreased $2.085 billion to a net loss of $2.040 billion in the three months ended March 31, 2021 compared to the three months ended March 31, 2020.",2021,,,,,,,,,,,filing,10-Q Q1 2021 — Item 2. MANAGEMENT'S DISCUSSION AND ANALYSIS OF FINANCIAL CONDITION AND RESULTS OF OPERATIONS,
unpaired_actual,VST,2021,,,,,,other_the_actual_timing_number_and,Other The Actual Timing Number And,,consolidated,,,,Q1 FY2021,"The actual timing, number and value of shares repurchased under the Share Repurchase Program or otherwise will be determined at our discretion and will depend on a number of factors, including our capital allocation priorities, the market price of our stock, general market and economic conditions, applicable legal requirements and compliance with the terms of our debt agreements.",,,,,,,,,,,,filing,10-Q Q1 2021 — Item 2. UNREGISTERED SALES OF EQUITY SECURITIES AND USE OF PROCEEDS,
unpaired_actual,VST,2021,,,,,,revenue,Revenue,,segment:aws,,,,Q1 FY2021,"Although we believe that in making any such forward-looking statement our expectations are based on reasonable assumptions, any such forward-looking statement involves uncertainties and risks and is qualified in its entirety by reference to the discussion under Part II, Item 1A Risk Factors and Part I, Item 2 Management's Discussion and Analysis of Financial Condition and Results of Operations in this quarterly report on Form 10-Q and the following important factors, among others, that could cause our actual results to differ materially from those projected in or implied by such forward-looking statements: • the actions and decisions of judicial and regulatory authorities; • prohibitions and other restrictions on our operations due to the terms of our agreements; • prevailing federal, state and local governmental policies and regulatory actions, including those of the legislatures and other government actions of states in which we operate, the U.S. Congress, the FERC, the NERC, the TRE, the public utility commissions of states and locales in which we operate, CAISO, ERCOT, ISO-NE, MISO, NYISO, PJM, the RCT, the NRC, the EPA, the environmental regulatory bodies of states in which we operate, the MSHA and the CFTC, with respect to, among other things: ▪ allowed prices; ▪ industry, market and rate structure; ▪ purchased power and recovery of investments; ▪ operations of nuclear generation facilities; ▪ operations of fossil-fueled generation facilities; ▪ operations of mines; ▪ acquisition and disposal of assets and facilities; ▪ development, construction and operation of facilities; ▪ decommissioning costs; ▪ present or prospective wholesale and retail competition; ▪ changes in federal, state and local tax laws, rates and policies, including additional regulation, interpretations, amendments, or technical corrections to The Tax Cuts and Jobs Act of 2017; ▪ changes in and compliance with environmental and safety laws and policies, including the Coal Combustion Residuals Rule, National Ambient Air Quality Standards, the Cross-State Air Pollution Rule, the Mercury and Air Toxics Standard, regional haze program implementation and GHG and other climate change initiatives, and ▪ clearing over-the-counter derivatives through exchanges and posting of cash collateral therewith; • expectations regarding, or impacts of, environmental matters, including costs of compliance, availability and adequacy of emission credits, and the impact of ongoing proceedings and potential regulations or changes to current regulations, including those relating to climate change, air emissions, cooling water intake structures, coal combustion byproducts, and other laws and regulations that we are, or could become, subject to, which could increase our costs, result in an impairment of our assets, cause us to limit or terminate the operation of certain of our facilities, or otherwise negatively impact our financial results or stock price; • legal and administrative proceedings and settlements; • general industry trends; • economic conditions, including the impact of any recession or economic downturn; • investor sentiment relating to climate change and utilization of fossil fuels in connection with power generation could reduce demand for, or increase potential volatility in the market price of, our common stock; • the severity, magnitude and duration of pandemics, including the COVID-19 pandemic, and the resulting effects on our results of operations, financial condition and cash flows; • the severity, magnitude and duration of extreme weather events (including Winter Storm Uri), drought and limitations on access to water, and other weather conditions and natural phenomena, contingencies and uncertainties relating thereto, most of which are difficult to predict and many of which are beyond our control, and the resulting effects on our results of operations, financial condition and cash flows; • acts of sabotage, wars or terrorist or cybersecurity threats or activities; • risk of contract performance claims by us or our counterparties, and risks of, or costs associated with, pursuing or defending such claims; 64 Table of Contents • our ability to collect trade receivables from counterparties in the amount or at the time expected, if at all; • our ability to attract, retain and profitably serve customers; • restrictions on competitive retail pricing or direct-selling businesses; • adverse publicity associated with our retail products or direct selling businesses, including our ability to address the marketplace and regulators regarding our compliance with applicable laws; • changes in wholesale electricity prices or energy commodity prices, including the price of natural gas; • changes in prices of transportation of natural gas, coal, fuel oil and other refined products; • sufficiency of, access to, and costs associated with coal, fuel oil, and natural gas inventories and transportation and storage thereof; • changes in the ability of vendors to provide or deliver commodities as needed; • beliefs and assumptions about the benefits of state- or federal-based subsidies to our market competition, and the corresponding impacts on us, including if such subsidies are disproportionately available to our competitors; • the effects of, or changes to, market design and the power and capacity procurement processes in the markets in which we operate; • changes in market heat rates in the CAISO, ERCOT, ISO-NE, MISO, NYISO and PJM electricity markets; • our ability to effectively hedge against unfavorable commodity prices, including the price of natural gas, market heat rates and interest rates; • population growth or decline, or changes in market supply or demand and demographic patterns, particularly in ERCOT, MISO and PJM; • our ability to mitigate forced outage risk, including managing risk associated with Capacity Performance in PJM and performance incentives in ISO-NE; • efforts to identify opportunities to reduce congestion and improve busbar power prices; • access to adequate transmission facilities to meet changing demands; • changes in interest rates, commodity prices, rates of inflation or foreign exchange rates; • changes in operating expenses, liquidity needs and capital expenditures; • commercial bank market and capital market conditions and the potential impact of disruptions in U.S. and international credit markets; • access to capital, the attractiveness of the cost and other terms of such capital and the success of financing and refinancing efforts, including availability of funds in capital markets; • our ability to maintain prudent financial leverage and achieve our capital allocation, performance, and cost-saving initiatives and objectives; • our ability to generate sufficient cash flow to make principal and interest payments in respect of, or refinance, our debt obligations; • our expectation that we will continue to pay a comparable cash dividend on a quarterly basis; • our ability to implement and successfully execute upon our strategic and growth initiatives, including the completion and integration of mergers, acquisitions and/or joint venture activity, the identification and completion of sales and divestitures activity, and the completion and commercialization of our other business development and construction projects; • competition for new energy development and other business opportunities; • inability of various counterparties to meet their obligations with respect to our financial instruments; • counterparties' collateral demands and other factors affecting our liquidity position and financial condition; • changes in technology (including large scale electricity storage) used by and services offered by us; • changes in electricity transmission that allow additional power generation to compete with our generation assets; • our ability to attract and retain qualified employees; • significant changes in our relationship with our employees, including the availability of qualified personnel, and the potential adverse effects if labor disputes or grievances were to occur or changes in laws or regulations relating to independent contractor status; • changes in assumptions used to estimate costs of providing employee benefits, including medical and dental benefits, pension and other postretirement employee benefits, and future funding requirements related thereto, including joint and several liability exposure under ERISA; • hazards customary to the industry and the possibility that we may not have adequate insurance to cover losses resulting from such hazards; • the impact of our obligations under the TRA; • our ability to optimize our assets through targeted investment in cost-effective technology enhancements and operations performance initiatives; • our ability to effectively and efficiently plan, prepare for and execute expected asset retirements and reclamation obligations and the impacts thereof; • our ability to successfully complete the integration of businesses acquired by Vistra and our ability to successfully capture the full amount of projected operational and financial synergies relating to such transactions, and 65 Table of Contents • actions by credit rating agencies.",1,,,,,,,,,,,filing,10-Q Q1 2021 — Item 3. QUANTITATIVE AND QUALITATIVE DISCLOSURES ABOUT MARKET RISK,
unpaired_actual,VST,2021,,,,,,other_in_the_second_quarter_of,Other In The Second Quarter Of,,consolidated,,,,Q2 FY2021,"In the second quarter of 2021, we did execute One Capital Markets transaction issuing $1.25 billion of 4.375% senior unsecured notes due May 1, 2029.","2021,",,,,,,,,,,,transcript,VST_Q2_2021,
unpaired_actual,VST,2021,,,,,,other_we_use_the_proceeds_to,Other We Use The Proceeds To,,consolidated,,,,Q2 FY2021,We use the proceeds to repay all of the outstanding principal amounts of the $1.25 billion 364 day term loan A that we issued following Uri.,$1.25 billion,,,,,,,,,,,transcript,VST_Q2_2021,
unpaired_actual,VST,2021,,,,,,other_before_we_begin_our_presentation,Other Before We Begin Our Presentation,,consolidated,,,,Q2 FY2021,"Before we begin our presentation, I encourage all listeners to review the Safe Harbor statements included on Slides 2 and 3 in the investor presentation on our website that explain the risks of forward-looking statements, the limitations of certain industry and market data included in the presentation and the use of non-GAAP financial measures.",2,,,,,,,,,,,transcript,VST_Q2_2021,
unpaired_actual,VST,2021,,,,,,other_we_were_sitting_here_at,Other We Were Sitting Here At,,consolidated,,,,Q2 FY2021,"We were sitting here at 5 or 6, maybe 7 times debt-to-EBITDA, like the IPPs of the past.",5,,,,,,,,,,,transcript,VST_Q2_2021,
unpaired_actual,VST,2021,,,,,,other_we_d_like_to_obviously,Other We D Like To Obviously,,consolidated,,,,Q2 FY2021,We'd like to obviously not do it on the Q3 call because that gets you guys all congested because you've got other things to deal with.,3,,,,,,,,,,,transcript,VST_Q2_2021,
unpaired_actual,VST,2021,,,,,,other_good_morning_everyone_and_welcome,Other Good Morning Everyone And Welcome,,consolidated,,,,Q2 FY2021,Good morning everyone and welcome to the Vistra Second Quarter 2021 Investor Conference Call.,2021,,,,,,,,,,,transcript,VST_Q2_2021,
unpaired_actual,VST,2021,,,,,,other_as_always_we_appreciate_your,Other As Always We Appreciate Your,,consolidated,,,,Q2 FY2021,"As always, we appreciate your interest in Vistra, especially on this crowded earnings reporting day.",,,,,,,,,,,,transcript,VST_Q2_2021,
unpaired_actual,VST,2021,,,,,,other_june_of_2021_was_america,Other June Of 2021 Was America,,consolidated,,,,Q2 FY2021,"June of 2021 was America's hottest June in 127 years of records, beating the prior record from June of 2016 by 0.8 degrees.",2021,,,,,,,,,,,transcript,VST_Q2_2021,
unpaired_actual,VST,2021,,,,,,other_california_is_talking_about_12,Other California Is Talking About 12,,consolidated,,,,Q2 FY2021,"California is talking about 12,000 megawatts plus of batteries that they need to put in.","about 12,000",,,,,,,,,,,transcript,VST_Q2_2021,
unpaired_actual,VST,2021,,,,,,other_north_texas_was_actually_slightly,Other North Texas Was Actually Slightly,,consolidated,,,,Q2 FY2021,North Texas was actually slightly below the 10-year average in June with April and May also being very mild.,10,,,,,,,,,,,transcript,VST_Q2_2021,
unpaired_actual,VST,2021,,,,,,other_so_as_a_nation_there,Other So As A Nation There,,consolidated,,,,Q2 FY2021,"So as a nation, there is no question the temperatures have been on the rise in 2021, as have the extremes in weather conditions.","2021,",,,,,,,,,,,transcript,VST_Q2_2021,
unpaired_actual,VST,2021,,,,,,subscribers,Subscribers / customers,,consolidated,,,,Q2 FY2021,"Given the uncertainty with COVID-19 especially, the Delta variant and the country's desire to return to normal, we have continued to prioritize the safety of our number one asset, our people, while delivering reliable and affordable power to our customers.",19,,,,,,,,,,,transcript,VST_Q2_2021,
unpaired_actual,VST,2021,,,,,,other_on_slide_6_we_show,Other On Slide 6 We Show,,consolidated,,,,Q2 FY2021,"On Slide 6, we show our strong second quarter financial results.","6,",,,,,,,,,,,transcript,VST_Q2_2021,
unpaired_actual,VST,2021,,,,,,other_so_steve_we_had_said,Other So Steve We Had Said,,consolidated,,,,Q2 FY2021,"So Steve, we had said that we would put $0.5 billion -- roughly $500 million.",$0.5 billion,,,,,,,,,,,transcript,VST_Q2_2021,
unpaired_actual,VST,2021,,,,,,other_but_0_5_billion_a,Other But 0 5 Billion A,,consolidated,,,,Q2 FY2021,"But $0.5 billion a year, we have said for 10 years.",$0.5 billion,,,,,,,,,,,transcript,VST_Q2_2021,
unpaired_actual,VST,2021,,,,,,other_and_when_we_put_out,Other And When We Put Out,,consolidated,,,,Q2 FY2021,"And when we put out that 10-year view -- and I think we're largely -- it's a little bit more and a little bit less in a couple of years, but we were going to reinvest that amount into renewables and batteries.",10,,,,,,,,,,,transcript,VST_Q2_2021,
unpaired_actual,VST,2021,,,,,,other_we_said_650_million_approximately,Other We Said 650 Million Approximately,,consolidated,,,,Q2 FY2021,We said $650 million approximately in '21 and $500 million in '22.,$650 million,,,,,,,,,,,transcript,VST_Q2_2021,
unpaired_actual,VST,2021,,,,,,other_we_scaled_the_650_million,Other We Scaled The 650 Million,,consolidated,,,,Q2 FY2021,We scaled the $650 million down to $425 million for this year.,$650 million,,,,,,,,,,,transcript,VST_Q2_2021,
unpaired_actual,VST,2021,,,,,,other_including_these_uri_impacts_vistra,Other Including These Uri Impacts Vistra,,consolidated,,,,Q2 FY2021,"Including these Uri impacts, Vistra's adjusted EBITDA from ongoing operations was $825 million.",$825 million,,,,,,,,,,,transcript,VST_Q2_2021,
unpaired_actual,VST,2021,,,,,,stores,Stores / locations,,consolidated,,,,Q2 FY2021,"As far as the sites themselves, we have both the Moss 300 and 100 which were completed and those are operating with an RA agreement from PG&E.",300,,,,,,,,,,,transcript,VST_Q2_2021,
unpaired_actual,VST,2021,,,,,,other_we_have_got_some_phase,Other We Have Got Some Phase,,consolidated,,,,Q2 FY2021,We have got some Phase 1 projects that we had announced earlier.,1,,,,,,,,,,,transcript,VST_Q2_2021,
unpaired_actual,VST,2021,,,,,,other_we_just_slowed_the_path,Other We Just Slowed The Path,,consolidated,,,,Q2 FY2021,"We just slowed the path down, and we haven't gotten going yet on Phase 2.",2.,,,,,,,,,,,transcript,VST_Q2_2021,
unpaired_actual,VST,2021,,,,,,other_and_we_have_worked_with,Other And We Have Worked With,,consolidated,,,,Q2 FY2021,"And we have worked with Encore and we now believe that side, you could go up to 200 megawatts.",up to 200,,,,,,,,,,,transcript,VST_Q2_2021,
unpaired_actual,VST,2021,,,,,,other_we_currently_have_a_line,Other We Currently Have A Line,,consolidated,,,,Q2 FY2021,We currently have a line of sight to achieving the vast majority of the $500 million of self-help initiatives we previously announced and we have achieved more than 40% through June 30.,$500 million,,,,,,,,,,,transcript,VST_Q2_2021,
unpaired_actual,VST,2021,,,,,,other_i_m_just_wondering_like,Other I M Just Wondering Like,,consolidated,,,,Q2 FY2021,"I'm just wondering like as you go into the sort of the Q3 call and as you think through this, is there a possibility to not sell the company outright, but perhaps get a like-minded partner, who sees the value in the cash flow stream, sell a portion of the assets or a portion of companies.",3,,,,,,,,,,,transcript,VST_Q2_2021,
unpaired_actual,VST,2021,,,,,,other_turning_now_to_slide_7,Other Turning Now To Slide 7,,consolidated,,,,Q2 FY2021,Turning now to Slide 7.,7.,,,,,,,,,,,transcript,VST_Q2_2021,
unpaired_actual,VST,2021,,,,,,other_thanks_again_everybody_for_joining,Other Thanks Again Everybody For Joining,,consolidated,,,,Q2 FY2021,Thanks again everybody for joining the Q2 call.,2,,,,,,,,,,,transcript,VST_Q2_2021,
unpaired_actual,VST,2021,,,,,,other_it_is_interesting_that_the,Other It Is Interesting That The,,consolidated,,,,Q2 FY2021,"It is interesting that the recent positive movement in 2022 forward curves have brought pricing in line with Vistra's point of view, especially in ERCOT.",2022,,,,,,,,,,,transcript,VST_Q2_2021,
unpaired_actual,VST,2021,,,,,,free_cash_flow,Free cash flow,,consolidated,,,,Q2 FY2021,"With the recent uplift in forward curves, especially in ERCOT, we continue to believe 2022 adjusted EBITDA from Ongoing Operations could be in the range of $3.4 billion, excluding the impact of the retail bill credits from Uri, with a 60% to 70% conversion to adjusted free cash flow before growth.",2022,,,,,,,,,,,transcript,VST_Q2_2021,
unpaired_actual,VST,2021,,,,,,other_period_over_period_our_retail,Other Period Over Period Our Retail,,consolidated,,,,Q2 FY2021,"Period-over- period our Retail segment results were $109 million higher than second quarter 2020, driven by the realization of our self-help initiatives in '21.",$109 million,,,,,,,,,,,transcript,VST_Q2_2021,
unpaired_actual,VST,2021,,,,,,other_importantly_the_long_term_earnings,Other Importantly The Long Term Earnings,,consolidated,,,,Q2 FY2021,"Importantly, the long-term earnings power of this company has not been affected by Uri, which was a highly unusual event.",,,,,,,,,,,,transcript,VST_Q2_2021,
unpaired_actual,VST,2021,,,,,,other_the_following_table_summarizes_the,Other The Following Table Summarizes The,,consolidated,,,,Q2 FY2021,"The following table summarizes the changes to the TRA obligation, reported as other current liabilities and Tax Receivable Agreement obligation in our condensed consolidated balance sheets, for the six months ended June 30, 2021 and 2020: Six Months Ended June 30, 2021 2020 TRA obligation at the beginning of the period $ 450 $ 455 Accretion expense 32 34 Changes in tax assumptions impacting timing of payments (a) ( 28 ) ( 20 ) Impacts of Tax Receivable Agreement 4 14 TRA obligation at the end of the period 454 469 Less amounts due currently ( 3 ) ( 1 ) Noncurrent TRA obligation at the end of the period $ 451 $ 468 ____________ (a) During the three months ended June 30, 2021, we recorded an increase to the carrying value of the TRA obligation totaling $ 26 million as a result of adjustments to forecasted taxable income.","30,",,,,,,,,,,,filing,10-Q Q2 2021 — Item 1. FINANCIAL STATEMENTS — Consolidated Financial Statements,
unpaired_actual,VST,2021,,,,,,other_three_months_ended_june_30,Other Three Months Ended June 30,,consolidated,,,,Q2 FY2021,"Three Months Ended June 30, Six Months Ended June 30, 2021 2020 2021 2020 Net income (loss) attributable to common stock — basic $ 36 $ 166 $ ( 2,006 ) $ 222 Weighted average shares of common stock outstanding — basic 486,022,633 488,680,442 485,364,606 488,312,503 Net income (loss) per weighted average share of common stock outstanding — basic $ 0.07 $ 0.34 $ ( 4.13 ) $ 0.45 Dilutive securities: Stock-based incentive compensation plan 1,343,593 1,788,293 — 2,397,429 Weighted average shares of common stock outstanding — diluted 487,366,226 490,468,735 485,364,606 490,709,932 Net income (loss) per weighted average share of common stock outstanding — diluted $ 0.07 $ 0.34 $ ( 4.13 ) $ 0.45 Stock-based incentive compensation plan awards excluded from the calculation of diluted earnings per share because the effect would have been antidilutive totaled 14,433,851 and 13,978,168 in the three months ended June 30, 2021 and 2020, respectively, and 15,734,553 and 12,123,691 shares for the six months ended June 30, 2021 and 2020, respectively.","30,",,,,,,,,,,,filing,10-Q Q2 2021 — Item 1. FINANCIAL STATEMENTS — Consolidated Financial Statements,
unpaired_actual,VST,2021,,,,,,other_in_july_2021_the_repurchase,Other In July 2021 The Repurchase,,consolidated,,,,Q2 FY2021,"In July 2021, the Repurchase Facility was renewed until August 2021 and increased from $ 125 million to $ 150 million.","2021,",,,,,,,,,,,filing,10-Q Q2 2021 — Item 1. FINANCIAL STATEMENTS — Consolidated Financial Statements,
unpaired_actual,VST,2021,,,,,,capacity,Capacity,,consolidated,,,,Q2 FY2021,"On the Merger Date, the Company assumed the obligation of Dynegy's agreements under which a portion of the PJM capacity that cleared for Planning Years 2018-2019, 2019-2020 and 2020-2021 was sold to a financial institution (Legacy Forward Capacity Agreements, and, together with the 2021-2022 Forward Capacity Agreement, the Forward Capacity Agreements).",2018,,,,,,,,,,,filing,10-Q Q2 2021 — Item 1. FINANCIAL STATEMENTS — Consolidated Financial Statements,
unpaired_actual,VST,2021,,,,,,capacity,Capacity,,consolidated,,,,Q2 FY2021,"In May 2021, the final capacity payment from PJM during the Planning Years 2020-2021 was paid, and the terms of the Legacy Forward Capacity were fulfilled.","2021,",,,,,,,,,,,filing,10-Q Q2 2021 — Item 1. FINANCIAL STATEMENTS — Consolidated Financial Statements,
unpaired_actual,VST,2021,,,,,,revenue,Revenue,,consolidated,,,,Q2 FY2021,"Use of Estimates Preparation of financial statements requires estimates and assumptions about future events that affect the reporting of assets and liabilities at the balance sheet dates and the reported amounts of revenue and expense, including fair value measurements, estimates of expected obligations, judgments related to the potential timing of events and other estimates.",,,,,,,,,,,,filing,10-Q Q2 2021 — Item 1. FINANCIAL STATEMENTS — Consolidated Financial Statements,
unpaired_actual,VST,2021,,,,,,other_miso_2015_2016_planning_resource,Other Miso 2015 2016 Planning Resource,,consolidated,,,,Q2 FY2021,"MISO 2015-2016 Planning Resource Auction In May 2015, three complaints were filed at FERC regarding the Zone 4 results for the 2015-2016 planning resource auction (PRA) conducted by MISO.",2015,,,,,,,,,,,filing,10-Q Q2 2021 — Item 1. FINANCIAL STATEMENTS — Consolidated Financial Statements,
unpaired_actual,VST,2021,,,,,,capacity,Capacity,,consolidated,,,,Q2 FY2021,The contract was amended to increase the capacity of the planned development to a 36.25 MW battery ESS.,36.25,,,,,,,,,,,filing,10-Q Q2 2021 — Item 1. FINANCIAL STATEMENTS — Consolidated Financial Statements,
unpaired_actual,VST,2021,,,,,,other_the_actual_timing_number_and,Other The Actual Timing Number And,,consolidated,,,,Q2 FY2021,"The actual timing, number and value of shares repurchased under the Share Repurchase Program or otherwise will be determined at our discretion and will depend on a number of factors, including our capital allocation priorities, the market price of our stock, general market and economic conditions, applicable legal requirements and compliance with the terms of our debt agreements.",,,,,,,,,,,,filing,10-Q Q2 2021 — Item 1. FINANCIAL STATEMENTS — Consolidated Financial Statements,
unpaired_actual,VST,2021,,,,,,other_equity_the_following_table_presents,Other Equity The Following Table Presents,,consolidated,,,,Q2 FY2021,"Equity The following table presents the changes to equity for the three months ended June 30, 2021: Common Stock (a) Treasury Stock Additional Paid-in Capital Retained Earnings (Deficit) Accumulated Other Comprehensive Income (Loss) Total Stockholders' Equity Noncontrolling Interest Total Equity Balance at March 31, 2021 $ 5 $ ( 1,148 ) $ 9,805 $ ( 2,516 ) $ ( 46 ) $ 6,100 $ ( 7 ) $ 6,093 Stock repurchases — — — — — — — — Dividends declared on common stock — — — ( 73 ) — ( 73 ) — ( 73 ) Effects of stock-based incentive compensation plans — — 10 — — 10 — 10 Net income (loss) — — — 36 — 36 ( 1 ) 35 Change in accumulated other comprehensive income (loss) — — — — 1 1 — 1 Other — — 1 1 — 2 — 2 Balance at June 30, 2021 $ 5 $ ( 1,148 ) $ 9,816 $ ( 2,552 ) $ ( 45 ) $ 6,076 $ ( 8 ) $ 6,068 The following table presents the changes to equity for the six months ended June 30, 2021: Common Stock (a) Treasury Stock Additional Paid-in Capital Retained Earnings (Deficit) Accumulated Other Comprehensive Income (Loss) Total Stockholders' Equity Noncontrolling Interest in Subsidiary Total Equity Balance at December 31, 2020 $ 5 $ ( 973 ) $ 9,786 $ ( 399 ) $ ( 48 ) $ 8,371 $ ( 10 ) $ 8,361 Stock repurchases — ( 175 ) — — — ( 175 ) — ( 175 ) Dividends declared on common stock — — — ( 147 ) — ( 147 ) — ( 147 ) Effects of stock-based incentive compensation plans — — 27 — — 27 — 27 Net income (loss) — — — ( 2,006 ) — ( 2,006 ) 2 ( 2,004 ) Change in accumulated other comprehensive income (loss) — — — — 3 3 — 3 Other — — 3 — — 3 — 3 Balance at June 30, 2021 $ 5 $ ( 1,148 ) $ 9,816 $ ( 2,552 ) $ ( 45 ) $ 6,076 $ ( 8 ) $ 6,068 ________________ (a) Authorized shares totaled 1,800,000,000 at June 30, 2021.","30,",,,,,,,,,,,filing,10-Q Q2 2021 — Item 1. FINANCIAL STATEMENTS — Consolidated Financial Statements,
unpaired_actual,VST,2021,,,,,,other_28_table_of_contents_the,Other 28 Table Of Contents The,,consolidated,,,,Q2 FY2021,"28 Table of Contents The following table presents the changes to equity for the three months ended June 30, 2020: Common Stock Treasury Stock Additional Paid-in Capital Retained Earnings (Deficit) Accumulated Other Comprehensive Income (Loss) Total Stockholders' Equity Noncontrolling Interest Total Equity Balance at March 31, 2020 $ 5 $ ( 973 ) $ 9,737 $ ( 780 ) $ ( 53 ) $ 7,936 $ ( 10 ) $ 7,926 Dividends declared on common stock — — — ( 66 ) — ( 66 ) — ( 66 ) Effects of stock-based incentive compensation plans — — 16 — — 16 — 16 Net income — — — 166 — 166 ( 2 ) 164 Change in accumulated other comprehensive income (loss) — — — — 1 1 — 1 Other — — 1 2 — 3 — 3 Balance at June 30, 2020 $ 5 $ ( 973 ) $ 9,754 $ ( 678 ) $ ( 52 ) $ 8,056 $ ( 12 ) $ 8,044 The following table presents the changes to equity for the six months ended June 30, 2020: Common Stock (a) Treasury Stock Additional Paid-in Capital Retained Earnings (Deficit) Accumulated Other Comprehensive Income (Loss) Total Stockholders' Equity Noncontrolling Interest in Subsidiary Total Equity Balance at December 31, 2019 $ 5 $ ( 973 ) $ 9,721 $ ( 764 ) $ ( 30 ) $ 7,959 $ 1 $ 7,960 Dividends declared on common stock — — — ( 132 ) — ( 132 ) — ( 132 ) Effects of stock-based incentive compensation plans — — 30 — — 30 — 30 Net income (loss) — — — 222 — 222 ( 13 ) 209 Adoption of accounting standard — — — ( 4 ) — ( 4 ) — ( 4 ) Change in accumulated other comprehensive income (loss) — — — — ( 22 ) ( 22 ) — ( 22 ) Other — — 3 — — 3 — 3 Balance at June 30, 2020 $ 5 $ ( 973 ) $ 9,754 $ ( 678 ) $ ( 52 ) $ 8,056 $ ( 12 ) $ 8,044 ________________ (a) Authorized shares totaled 1,800,000,000 at June 30, 2020.",28,,,,,,,,,,,filing,10-Q Q2 2021 — Item 1. FINANCIAL STATEMENTS — Consolidated Financial Statements,
unpaired_actual,VST,2021,,,,,,other_expected_plant_retirement_expenses_of,Other Expected Plant Retirement Expenses Of,,consolidated,,,,Q2 FY2021,"Expected plant retirement expenses of $ 43 million, driven by severance cost, were accrued in the three months ended September 30, 2020 in operating costs of our Sunset segment.",$ 43 million,,,,,,,,,,,filing,10-Q Q2 2021 — Item 1. FINANCIAL STATEMENTS — Consolidated Financial Statements,
unpaired_actual,VST,2021,,,,,,other_the_following_is_a_summary,Other The Following Is A Summary,,consolidated,,,,Q2 FY2021,"The following is a summary of the updated segments: • The Sunset segment represents plants with announced retirement plans that were previously reported in the ERCOT, PJM and MISO segments As we announced significant plant closures in the third quarter of 2020, management believes it is important to have a segment which differentiates between operating plants with defined retirement plans and operating plants without defined retirement plans.","2020,",,,,,,,,,,,filing,10-Q Q2 2021 — Item 1. FINANCIAL STATEMENTS — Consolidated Financial Statements,
unpaired_actual,VST,2021,,,,,,headcount,Headcount,,consolidated,,,,Q2 FY2021,"Allowance for Uncollectible Accounts Receivable Six Months Ended June 30, 2021 2020 Allowance for uncollectible accounts receivable at beginning of period $ 45 $ 42 Increase for bad debt expense 55 45 Decrease for account write-offs ( 49 ) ( 49 ) Allowance for uncollectible accounts receivable at end of period $ 51 $ 38 Inventories by Major Category June 30, 2021 December 31, 2020 Materials and supplies $ 257 $ 260 Fuel stock 202 236 Natural gas in storage 27 19 Total inventories $ 486 $ 515 Investments June 30, 2021 December 31, 2020 Nuclear plant decommissioning trust $ 1,824 $ 1,674 Assets related to employee benefit plans 42 41 Land 44 44 Miscellaneous other 2 — Total investments $ 1,912 $ 1,759 41 Table of Contents Nuclear Decommissioning Trust Investments in a trust that will be used to fund the costs to decommission the Comanche Peak nuclear generation plant are carried at fair value.","30,",,,,,,,,,,,filing,10-Q Q2 2021 — Item 1. FINANCIAL STATEMENTS — Consolidated Financial Statements,
unpaired_actual,VST,2021,,,,,,deliveries,Deliveries,,consolidated,,,,Q2 FY2021,"Income and expense, including gains and losses associated with the trust fund assets and the decommissioning liability are offset by a corresponding change in a regulatory asset/liability (currently a regulatory liability reported in other noncurrent liabilities and deferred credits) that will ultimately be settled through changes in Oncor's delivery fees rates.",,,,,,,,,,,,filing,10-Q Q2 2021 — Item 1. FINANCIAL STATEMENTS — Consolidated Financial Statements,
unpaired_actual,VST,2021,,,,,,other_as_part_of_the_settlement,Other As Part Of The Settlement,,consolidated,,,,Q2 FY2021,"As part of the settlement, which was approved by the U.S. District Court for the Central District of Illinois in November 2019, we will retire the Edwards facility by the end of 2022.","2019,",,,,,,,,,,,filing,10-Q Q2 2021 — Item 1. FINANCIAL STATEMENTS — Consolidated Financial Statements,
unpaired_actual,VST,2021,,,,,,other_these_obligations_total_464_million,Other These Obligations Total 464 Million,,consolidated,,,,Q2 FY2021,"These obligations total $ 464 million, $ 661 million, $ 245 million, $ 147 million and $ 98 million that will be recognized, in the balance of the year ended December 31, 2021 and the years ending December 31, 2022, 2023, 2024 and 2025, respectively, and $ 484 million thereafter.",$ 464 million,,,,,,,,,,,filing,10-Q Q2 2021 — Item 1. FINANCIAL STATEMENTS — Consolidated Financial Statements,
unpaired_actual,VST,2021,,,,,,other_net_income_increased_by_1,Other Net Income Increased By 1,,consolidated,,,,Q2 FY2021,"Net income increased by $1.575 billion to $1.898 billion and Adjusted EBITDA decreased by $402 million to $310 million in the six months ended June 30, 2021 compared to the six months ended June 30, 2020.",$1.575 billion,,,,,,,,,,,filing,10-Q Q2 2021 — Item 2. MANAGEMENT'S DISCUSSION AND ANALYSIS OF FINANCIAL CONDITION AND RESULTS OF OPERATIONS,
unpaired_actual,VST,2021,,,,,,capacity,Capacity,,consolidated,,,,Q2 FY2021,"The $62 million decrease in available liquidity for the six months ended June 30, 2021 was primarily driven by cash used in operations, $546 million of capital expenditures (including LTSA prepayments, nuclear fuel and development and growth expenditures), $175 million in cash paid for share repurchases, $147 million in dividends paid to stockholders and a $95 million increase in letters of credit outstanding under the Revolving Credit Facility, partially offset by cash received from the issuance of $1.250 billion principal amount of Vistra Operations senior unsecured notes in May 2021, $500 million in cash received from the sale of a portion of the PJM capacity that cleared for Planning Years 2021-2022 and $361 million in net cash borrowings under the accounts receivable financing facilities.",$62 million,,,,,,,,,,,filing,10-Q Q2 2021 — Item 2. MANAGEMENT'S DISCUSSION AND ANALYSIS OF FINANCIAL CONDITION AND RESULTS OF OPERATIONS,
unpaired_actual,VST,2021,,,,,,revenue,Revenue,,consolidated,,,,Q2 FY2021,"Balance 2021 2022 Texas: Nuclear/Renewable/Coal Generation: $2.50/MWh increase in power price $ 4 $ 30 Nuclear/Renewable/Coal Generation: $2.50/MWh decrease in power price $ (3) $ (28) Gas Generation: $1.00/MWh increase in spark spread $ 4 $ 34 Gas Generation: $1.00/MWh decrease in spark spread $ (3) $ (32) Residual Natural Gas Position: $0.25/MMBtu increase in natural gas price $ 2 $ (32) Residual Natural Gas Position: $0.25/MMBtu decrease in natural gas price $ (4) $ 25 East: Gas Generation: $1.00/MWh increase in spark spread $ 1 $ 15 Gas Generation: $1.00/MWh decrease in spark spread $ — $ (12) Residual Natural Gas Position: $0.25/MMBtu increase in natural gas price $ (3) $ (7) Residual Natural Gas Position: $0.25/MMBtu decrease in natural gas price $ 3 $ 7 West: Gas Generation: $1.00/MWh increase in spark spread $ — $ 2 Gas Generation: $1.00/MWh decrease in spark spread $ — $ (2) Sunset: Coal Generation: $2.50/MWh increase in power price $ 3 $ 17 Coal Generation: $2.50/MWh decrease in power price $ (2) $ (13) Residual Natural Gas Position: $0.25/MMBtu increase in natural gas price $ — $ (1) Residual Natural Gas Position: $0.25/MMBtu decrease in natural gas price $ — $ 1 PJM Auction Results In June 2021, Vistra reported its results from PJM's Reliability Pricing Model (RPM) auction results for planning year 2022-2023, and the table below lists clearing price per MW-day and our cleared capacity volumes by zone: Clearing Price per MW-day East Segment MW Cleared Sunset Segment MW Cleared Total MW Cleared RTO zone $ 50.00 2,967 — 2,967 ComEd zone $ 68.96 1,255 649 1,904 DEOK zone $ 71.69 99 870 969 MAAC zone $ 95.79 548 — 548 EMAAC zone $ 97.86 831 — 831 ATSI zone $ 50.00 — — — Total $ 66.90 5,700 1,519 7,219 Our capacity sales in PJM, net of purchases, for planning year 2022-2023, are as follows: East Segment Sunset Segment Total CP auction capacity sold, net (MW) 5,700 1,519 7,219 Bilateral capacity sold, net (MW) 325 — 325 Total segment capacity sold, net (MW) 6,025 1,519 7,544 Average price per MW-day $ 69.45 $ 70.52 $ 69.66 49 Table of Contents RESULTS OF OPERATIONS Consolidated Financial Results — Three and Six Months Ended June 30, 2021 Compared to Three and Six Months Ended June 30, 2020 Three Months Ended June 30, Favorable (Unfavorable) $ Change Six Months Ended June 30, Favorable (Unfavorable) $ Change 2021 2020 2021 2020 Operating revenues $ 2,565 $ 2,509 $ 56 $ 5,772 $ 5,367 $ 405 Fuel, purchased power costs and delivery fees (1,320) (1,029) (291) (6,065) (2,362) (3,703) Operating costs (429) (412) (17) (801) (792) (9) Depreciation and amortization (464) (455) (9) (887) (875) (12) Selling, general and administrative expenses (252) (236) (16) (502) (488) (14) Impairment of long-lived assets (38) — (38) (38) (84) 46 Operating income (loss) 62 377 (315) (2,521) 766 (3,287) Other income 36 5 31 92 12 80 Other deductions (2) (4) 2 (7) (35) 28 Interest expense and related charges (135) (141) 6 (164) (440) 276 Impacts of Tax Receivable Agreement (41) (6) (35) (4) (14) 10 Equity in earnings of unconsolidated investment — 1 (1) — 4 (4) Income (loss) before income taxes (80) 232 (312) (2,604) 293 (2,897) Income tax (expense) benefit 115 (68) 183 600 (84) 684 Net income (loss) $ 35 $ 164 $ (129) $ (2,004) $ 209 $ (2,213) Three Months Ended June 30, 2021 Retail Texas East West Sunset Asset Closure Eliminations / Corporate and Other Vistra Consolidated Operating revenues $ 1,919 $ (468) $ 505 $ 48 $ (48) $ — $ 609 $ 2,565 Fuel, purchased power costs and delivery fees 150 (333) (319) (38) (171) — (609) (1,320) Operating costs (29) (184) (69) (10) (126) (11) — (429) Depreciation and amortization (54) (159) (193) (10) (30) — (18) (464) Selling, general and administrative expenses (175) (23) (19) (8) (14) (5) (8) (252) Impairment of long-lived assets — — — — (38) — — (38) Operating income (loss) 1,811 (1,167) (95) (18) (427) (16) (26) 62 Other income 1 27 — — 3 2 3 36 Other deductions — (2) — — — — — (2) Interest expense and related charges (2) 4 (5) 5 — — (137) (135) Impacts of Tax Receivable Agreement — — — — — — (41) (41) Income (loss) before income taxes 1,810 (1,138) (100) (13) (424) (14) (201) (80) Income tax benefit — — — — — — 115 115 Net income (loss) $ 1,810 $ (1,138) $ (100) $ (13) $ (424) $ (14) $ (86) $ 35 50 Table of Contents Three Months Ended June 30, 2020 Retail Texas East West Sunset Asset Closure Eliminations / Corporate and Other Vistra Consolidated Operating revenues $ 1,956 $ 841 $ 465 $ 45 $ 221 $ 2 $ (1,021) $ 2,509 Fuel, purchased power costs and delivery fees (1,468) (207) (214) (13) (149) — 1,022 (1,029) Operating costs (28) (190) (85) (8) (90) (10) (1) (412) Depreciation and amortization (82) (120) (192) (5) (39) (1) (16) (455) Selling, general and administrative expenses (146) (19) (23) (5) (19) (5) (19) (236) Impairment of long-lived assets — — — — — — — — Operating income (loss) 232 305 (49) 14 (76) (14) (35) 377 Other income — 1 1 — 1 2 — 5 Other deductions — (2) (1) — — — (1) (4) Interest expense and related charges (3) 2 (1) 2 (1) — (140) (141) Impacts of Tax Receivable Agreement — — — — — — (6) (6) Equity in earnings of unconsolidated investment — — 1 — — — — 1 Income (loss) before income taxes 229 306 (49) 16 (76) (12) (182) 232 Income tax expense — — — — — — (68) (68) Net income (loss) $ 229 $ 306 $ (49) $ 16 $ (76) $ (12) $ (250) $ 164 Consolidated results decreased $315 million to operating income of $62 million in the three months ended June 30, 2021 compared to the three months ended June 30, 2020.",2021,,,,,,,,,,,filing,10-Q Q2 2021 — Item 2. MANAGEMENT'S DISCUSSION AND ANALYSIS OF FINANCIAL CONDITION AND RESULTS OF OPERATIONS,
unpaired_actual,VST,2021,,,,,,other_the_actual_timing_number_and,Other The Actual Timing Number And,,consolidated,,,,Q2 FY2021,"The actual timing, number and value of shares repurchased under the Share Repurchase Program or otherwise will be determined at our discretion and will depend on a number of factors, including our capital allocation priorities, the market price of our stock, general market and economic conditions, applicable legal requirements and compliance with the terms of our debt agreements.",,,,,,,,,,,,filing,10-Q Q2 2021 — Item 2. UNREGISTERED SALES OF EQUITY SECURITIES AND USE OF PROCEEDS,
unpaired_actual,VST,2021,,,,,,revenue,Revenue,,segment:aws,,,,Q2 FY2021,"Although we believe that in making any such forward-looking statement our expectations are based on reasonable assumptions, any such forward-looking statement involves uncertainties and risks and is qualified in its entirety by reference to the discussion under Part II, Item 1A Risk Factors and Part I, Item 2 Management's Discussion and Analysis of Financial Condition and Results of Operations in this quarterly report on Form 10-Q and the following important factors, among others, that could cause our actual results to differ materially from those projected in or implied by such forward-looking statements: • the actions and decisions of judicial and regulatory authorities; • prohibitions and other restrictions on our operations due to the terms of our agreements; • prevailing federal, state and local governmental policies and regulatory actions, including those of the legislatures and other government actions of states in which we operate, the U.S. Congress, the FERC, the NERC, the TRE, the public utility commissions of states and locales in which we operate, CAISO, ERCOT, ISO-NE, MISO, NYISO, PJM, the RCT, the NRC, the EPA, the environmental regulatory bodies of states in which we operate, the MSHA and the CFTC, with respect to, among other things: ▪ allowed prices; ▪ industry, market and rate structure; ▪ purchased power and recovery of investments; ▪ operations of nuclear generation facilities; ▪ operations of fossil-fueled generation facilities; ▪ operations of mines; ▪ acquisition and disposal of assets and facilities; ▪ development, construction and operation of facilities; ▪ decommissioning costs; ▪ present or prospective wholesale and retail competition; ▪ changes in federal, state and local tax laws, rates and policies, including additional regulation, interpretations, amendments, or technical corrections to The Tax Cuts and Jobs Act of 2017; ▪ changes in and compliance with environmental and safety laws and policies, including the Coal Combustion Residuals Rule, National Ambient Air Quality Standards, the Cross-State Air Pollution Rule, the Mercury and Air Toxics Standard, regional haze program implementation and GHG and other climate change initiatives, and ▪ clearing over-the-counter derivatives through exchanges and posting of cash collateral therewith; • expectations regarding, or impacts of, environmental matters, including costs of compliance, availability and adequacy of emission credits, and the impact of ongoing proceedings and potential regulations or changes to current regulations, including those relating to climate change, air emissions, cooling water intake structures, coal combustion byproducts, and other laws and regulations that we are, or could become, subject to, which could increase our costs, result in an impairment of our assets, cause us to limit or terminate the operation of certain of our facilities, or otherwise negatively impact our financial results or stock price; • legal and administrative proceedings and settlements; • general industry trends; • economic conditions, including the impact of any recession or economic downturn; • investor sentiment relating to climate change and utilization of fossil fuels in connection with power generation could reduce demand for, or increase potential volatility in the market price of, our common stock; • the severity, magnitude and duration of pandemics, including the COVID-19 pandemic, and the resulting effects on our results of operations, financial condition and cash flows; • the severity, magnitude and duration of extreme weather events (including Winter Storm Uri), drought and limitations on access to water, and other weather conditions and natural phenomena, contingencies and uncertainties relating thereto, most of which are difficult to predict and many of which are beyond our control, and the resulting effects on our results of operations, financial condition and cash flows; • acts of sabotage, wars or terrorist or cybersecurity threats or activities; • risk of contract performance claims by us or our counterparties, and risks of, or costs associated with, pursuing or defending such claims; 72 Table of Contents • our ability to collect trade receivables from counterparties in the amount or at the time expected, if at all; • our ability to attract, retain and profitably serve customers; • restrictions on competitive retail pricing or direct-selling businesses; • adverse publicity associated with our retail products or direct selling businesses, including our ability to address the marketplace and regulators regarding our compliance with applicable laws; • changes in wholesale electricity prices or energy commodity prices, including the price of natural gas; • changes in prices of transportation of natural gas, coal, fuel oil and other refined products; • sufficiency of, access to, and costs associated with coal, fuel oil, and natural gas inventories and transportation and storage thereof; • changes in the ability of vendors to provide or deliver commodities as needed; • beliefs and assumptions about the benefits of state- or federal-based subsidies to our market competition, and the corresponding impacts on us, including if such subsidies are disproportionately available to our competitors; • the effects of, or changes to, market design and the power and capacity procurement processes in the markets in which we operate; • changes in market heat rates in the CAISO, ERCOT, ISO-NE, MISO, NYISO and PJM electricity markets; • our ability to effectively hedge against unfavorable commodity prices, including the price of natural gas, market heat rates and interest rates; • population growth or decline, or changes in market supply or demand and demographic patterns, particularly in ERCOT, MISO and PJM; • our ability to mitigate forced outage risk, including managing risk associated with Capacity Performance in PJM and performance incentives in ISO-NE; • efforts to identify opportunities to reduce congestion and improve busbar power prices; • access to adequate transmission facilities to meet changing demands; • changes in interest rates, commodity prices, rates of inflation or foreign exchange rates; • changes in operating expenses, liquidity needs and capital expenditures; • commercial bank market and capital market conditions and the potential impact of disruptions in U.S. and international credit markets; • access to capital, the attractiveness of the cost and other terms of such capital and the success of financing and refinancing efforts, including availability of funds in capital markets; • our ability to maintain prudent financial leverage and achieve our capital allocation, performance, and cost-saving initiatives and objectives; • our ability to generate sufficient cash flow to make principal and interest payments in respect of, or refinance, our debt obligations; • our expectation that we will continue to pay a comparable cash dividend on a quarterly basis; • our ability to implement and successfully execute upon our strategic and growth initiatives, including the completion and integration of mergers, acquisitions and/or joint venture activity, the identification and completion of sales and divestitures activity, and the completion and commercialization of our other business development and construction projects; • competition for new energy development and other business opportunities; • inability of various counterparties to meet their obligations with respect to our financial instruments; • counterparties' collateral demands and other factors affecting our liquidity position and financial condition; • changes in technology (including large scale electricity storage) used by and services offered by us; • changes in electricity transmission that allow additional power generation to compete with our generation assets; • our ability to attract and retain qualified employees; • significant changes in our relationship with our employees, including the availability of qualified personnel, and the potential adverse effects if labor disputes or grievances were to occur or changes in laws or regulations relating to independent contractor status; • changes in assumptions used to estimate costs of providing employee benefits, including medical and dental benefits, pension and other postretirement employee benefits, and future funding requirements related thereto, including joint and several liability exposure under ERISA; • hazards customary to the industry and the possibility that we may not have adequate insurance to cover losses resulting from such hazards; • the impact of our obligations under the TRA; • our ability to optimize our assets through targeted investment in cost-effective technology enhancements and operations performance initiatives; • our ability to effectively and efficiently plan, prepare for and execute expected asset retirements and reclamation obligations and the impacts thereof; • our ability to successfully complete the integration of businesses acquired by Vistra and our ability to successfully capture the full amount of projected operational and financial synergies relating to such transactions, and 73 Table of Contents • actions by credit rating agencies.",1,,,,,,,,,,,filing,10-Q Q2 2021 — Item 3. QUANTITATIVE AND QUALITATIVE DISCLOSURES ABOUT MARKET RISK,
unpaired_actual,VST,2021,,,,,,other_before_we_begin_our_presentation,Other Before We Begin Our Presentation,,consolidated,,,,Q3 FY2021,"Before we begin our presentation, I encourage all listeners to review the Safe Harbor statements included on Slides 2 and 3 in the investor presentation on our website, that explain the risks of forward-looking statements.",2,,,,,,,,,,,transcript,VST_Q3_2021,
unpaired_actual,VST,2021,,,,,,other_i_guess_i_was_thinking,Other I Guess I Was Thinking,,consolidated,,,,Q3 FY2021,"I guess I was thinking, that's a fairly high level of project leverage and we can get that typically when we have contract durations of 2025 years.",2025,,,,,,,,,,,transcript,VST_Q3_2021,
unpaired_actual,VST,2021,,,,,,other_and_then_when_you_combine,Other And Then When You Combine,,consolidated,,,,Q3 FY2021,"And then when you combine that with leverage, Steven, that's more around about 60% type leverage, project leverage with the contracted cash flows.",about 60%,,,,,,,,,,,transcript,VST_Q3_2021,
unpaired_actual,VST,2021,,,,,,other_so_it_s_not_that,Other So It S Not That,,consolidated,,,,Q3 FY2021,"So it's not that we're putting 80% leverage, but I think the other thing that's missing maybe in this is that, the effort that we're pursuing to bring in another tranche of capital in here of some consequence.",80%,,,,,,,,,,,transcript,VST_Q3_2021,
unpaired_actual,VST,2021,,,,,,other_and_then_when_we_look,Other And Then When We Look,,consolidated,,,,Q3 FY2021,"And then when we look at the cash flows off of the business and the maintenance expense and things, because it's fairly low for these types of assets, we generate enough cash along with project financing, and this project capital along with our $500 million to basically self-fund the build out of the roughly five gigs through 2026.",$500 million,,,,,,,,,,,transcript,VST_Q3_2021,
unpaired_actual,VST,2021,,,,,,other_and_so_it_s_really,Other And So It S Really,,consolidated,,,,Q3 FY2021,And so it's really just a matter of taking advantage of this methodically over the next 5 years.,5,,,,,,,,,,,transcript,VST_Q3_2021,
unpaired_actual,VST,2021,,,,,,stores,Stores / locations,,consolidated,,,,Q3 FY2021,"Steven, you know we have mass landing site that can take probably up to another thousand megawatts, we have a site called Morro Bay which is can be up to 700MW.",up to 700,,,,,,,,,,,transcript,VST_Q3_2021,
unpaired_actual,VST,2021,,,,,,other_we_obviously_know_that_market,Other We Obviously Know That Market,,consolidated,,,,Q3 FY2021,"We obviously know that market quite well and we're partnering in California with the utilities there, and of course, we are in the Omnibus energy legislation in Illinois, we pursued that for 3 years out of thin air and raise this cold, solar, and battery storage legislation that then was woven into the ultimate Omnibus bill.",3,,,,,,,,,,,transcript,VST_Q3_2021,
unpaired_actual,VST,2021,,,,,,other_just_2_part_question_on,Other Just 2 Part Question On,,consolidated,,,,Q3 FY2021,Just 2-part question on 2023.,2,,,,,,,,,,,transcript,VST_Q3_2021,
unpaired_actual,VST,2021,,,,,,other_good_morning_and_welcome_to,Other Good Morning And Welcome To,,consolidated,,,,Q3 FY2021,"Good morning, and welcome to the Vistra 3rd quarter's results only one earnings conference call.",3,,,,,,,,,,,transcript,VST_Q3_2021,
unpaired_actual,VST,2021,,,,,,other_ebitda_levels_that_our_3,Other Ebitda Levels That Our 3,,consolidated,,,,Q3 FY2021,"EBITDA levels that our 3 billion plus even at the curves and prior to that, sure, we were seeing, when you market to the curve below $3 billion.",3 billion,,,,,,,,,,,transcript,VST_Q3_2021,
unpaired_actual,VST,2021,,,,,,other_yeah_we_are_we_are,Other Yeah We Are We Are,,consolidated,,,,Q3 FY2021,"Yeah, we are, we are, if you take 2021's outcome and you take the $500 million securitization, you back it off, you'll notice that we were a little bit under.",2021,,,,,,,,,,,transcript,VST_Q3_2021,
unpaired_actual,VST,2021,,,,,,other_and_then_separately_related_to,Other And Then Separately Related To,,consolidated,,,,Q3 FY2021,"And then separately related to on the 3 EBITDA, just I'll throw it out there quickly.",3,,,,,,,,,,,transcript,VST_Q3_2021,
unpaired_actual,VST,2021,,,,,,other_how_we_have_how_we,Other How We Have How We,,consolidated,,,,Q3 FY2021,"How we have, how we've effectuated the number of shares that we've purchased, but it is a meaningful percentage as you note of what's outstanding, not only for the program through 22 but through 26.",22,,,,,,,,,,,transcript,VST_Q3_2021,
unpaired_actual,VST,2021,,,,,,other_and_i_think_the_commercial,Other And I Think The Commercial,,consolidated,,,,Q3 FY2021,"And I think the commercial team has done a very nice job looking at our point of view and trying to figure out when to put the positions on to be able to manage the expectation, I think as Curt said 3 was much lower, you saw that with forward curves in the past, particularly this time last year.",3,,,,,,,,,,,transcript,VST_Q3_2021,
unpaired_actual,VST,2021,,,,,,other_in_the_past_the_curves,Other In The Past The Curves,,consolidated,,,,Q3 FY2021,"In the past, the curves and you brought this up before, in the past, the curves were well below the $3 billion mark, and now those the curves in the fundamental view our have converged but there is still some room to move.",$3 billion,,,,,,,,,,,transcript,VST_Q3_2021,
unpaired_actual,VST,2021,,,,,,other_so_i_like_to_think,Other So I Like To Think,,consolidated,,,,Q3 FY2021,"So I like to think about it, there is a distribution around 2023 but clearly, the 2022 EBITDA midpoint on a lesser basis is within that distribution.",around 2023,,,,,,,,,,,transcript,VST_Q3_2021,
unpaired_actual,VST,2021,,,,,,other_we_re_going_to_be,Other We Re Going To Be,,consolidated,,,,Q3 FY2021,"We're going to be within spitting distance of 2023 I think we have a good chance of hitting it, and we could actually even exceed it so that distribution, I think is favorable.",2023,,,,,,,,,,,transcript,VST_Q3_2021,
unpaired_actual,VST,2021,,,,,,other_now_let_me_ask_you,Other Now Let Me Ask You,,consolidated,,,,Q3 FY2021,"Now let me ask you for a more detailed question then, on this Vistra zero side of the equation, you talked about $450 million to $500 million of adjusted EBITDA.",about $450 million,,,,,,,,,,,transcript,VST_Q3_2021,
unpaired_actual,VST,2021,,,,,,other_but_so_over_half_of,Other But So Over Half Of,,consolidated,,,,Q3 FY2021,"But so, over half of -- let's just put this way, about $40 million in 2021, it was, is the effect of coal constraints.",about $40 million,,,,,,,,,,,transcript,VST_Q3_2021,
unpaired_actual,VST,2021,,,,,,other_yeah_it_could_be_both,Other Yeah It Could Be Both,,consolidated,,,,Q3 FY2021,"Yeah, it could be both Steve, but I think most of it, we're looking at right now is, can be different in the future is back with our retail and that's actually we have a, we have an entity that lives between our wholesale and retail group that manages the supply book but advantages in supply for our retail business and they, they buy and they sell to 3rd-party retailers as well as to our own retail business.",3,,,,,,,,,,,transcript,VST_Q3_2021,
unpaired_actual,VST,2021,,,,,,other_this_the_500_million_prospective,Other This The 500 Million Prospective,,consolidated,,,,Q3 FY2021,"This, the 500 million prospective EBITDA from the Vistra zero platform.",500 million,,,,,,,,,,,transcript,VST_Q3_2021,
unpaired_actual,VST,2021,,,,,,free_cash_flow,Free cash flow,,consolidated,,,,Q3 FY2021,"So that's not meant to be a free cash flow number if that's, I think was getting into the nature of your question, it is an EBITDA number.",,,,,,,,,,,,transcript,VST_Q3_2021,
unpaired_actual,VST,2021,,,,,,other_and_as_curt_mentioned_our,Other And As Curt Mentioned Our,,consolidated,,,,Q3 FY2021,"And, as Curt mentioned, our goal is to maintain a 100% equity control so that from a terminal value standpoint, we're building a business of $500 million on a 5-year basis, we can get the $500 million and have long-dated long assets very ESG friendly asset portfolio that's grown rapidly and use 3rd-party capital more cost-effective capital to do it.",100%,,,,,,,,,,,transcript,VST_Q3_2021,
unpaired_actual,VST,2021,,,,,,other_looking_beyond_2022_vistra_s,Other Looking Beyond 2022 Vistra S,,consolidated,,,,Q3 FY2021,"Looking beyond 2022, Vistra's long-term view of our earnings power remains robust.","2022,",,,,,,,,,,,transcript,VST_Q3_2021,
unpaired_actual,VST,2021,,,,,,other_so_we_re_able_to,Other So We Re Able To,,consolidated,,,,Q3 FY2021,So we're able to actually ultimately grow EBITDA over time as we invest and so we do see an increasing EBITDA profile when we project that out.,,,,,,,,,,,,transcript,VST_Q3_2021,
unpaired_actual,VST,2021,,,,,,other_in_fact_this_conversions_has,Other In Fact This Conversions Has,,consolidated,,,,Q3 FY2021,"In fact, this conversions has resulted in projected results using market curves for the next several years in line with our stated view that we can generate consistent EBITDA of $3 billion or greater.",$3 billion,,,,,,,,,,,transcript,VST_Q3_2021,
unpaired_actual,VST,2021,,,,,,other_previously_the_out_years_using,Other Previously The Out Years Using,,consolidated,,,,Q3 FY2021,"Previously, the out years using steeply backward dated market curves were below $3 billion.",below $3 billion,,,,,,,,,,,transcript,VST_Q3_2021,
unpaired_actual,VST,2021,,,,,,other_this_leaves_us_in_a,Other This Leaves Us In A,,consolidated,,,,Q3 FY2021,"This leaves us in a stronger position to optimize our EBITDA within the $3 billion or greater EBITDA range, especially as we add our growth investments.",$3 billion,,,,,,,,,,,transcript,VST_Q3_2021,
unpaired_actual,VST,2021,,,,,,other_the_share_repurchase_program_is,Other The Share Repurchase Program Is,,consolidated,,,,Q3 FY2021,The share repurchase program is partially funded by the $1 billion of 8% preferred equity we issued last month.,$1 billion,,,,,,,,,,,transcript,VST_Q3_2021,
unpaired_actual,VST,2021,,,,,,other_using_only_500_million_of,Other Using Only 500 Million Of,,consolidated,,,,Q3 FY2021,"Using only $500 million of our own capital, and that is $500 million on a cumulative basis over the 5-year period, a significantly lower estimate than our previous expectation of spending approximately $500 million per year on growth capital.",$500 million,,,,,,,,,,,transcript,VST_Q3_2021,
unpaired_actual,VST,2021,,,,,,other_using_the_midpoint_of_the,Other Using The Midpoint Of The,,consolidated,,,,Q3 FY2021,Using the midpoint of the Vistra zero EBITDA of $475 million by 2026 and a 14 times multiple would result in a total value of $6.65 billion for these projects.,$475 million,,,,,,,,,,,transcript,VST_Q3_2021,
unpaired_actual,VST,2021,,,,,,other_the_collective_generation_segments_ended,Other The Collective Generation Segments Ended,,consolidated,,,,Q3 FY2021,"The collective generation segments ended the quarter, $211 million lower than 3rd quarter 2020 driven primarily by the lower realized energy margin in Texas, East, and sunset after a very strong 2020.",$211 million,,,,,,,,,,,transcript,VST_Q3_2021,
unpaired_actual,VST,2021,,,,,,other_these_obligations_total_226_million,Other These Obligations Total 226 Million,,consolidated,,,,Q3 FY2021,"These obligations total $ 226 million, $ 649 million, $ 301 million, $ 206 million and $ 98 million that will be recognized, in the balance of the year ended December 31, 2021 and the years ending December 31, 2022, 2023, 2024 and 2025, respectively, and $ 484 million thereafter.",$ 226 million,,,,,,,,,,,filing,10-Q Q3 2021 — Item 1. FINANCIAL STATEMENTS — Consolidated Financial Statements,
unpaired_actual,VST,2021,,,,,,other_13_table_of_contents_for,Other 13 Table Of Contents For,,consolidated,,,,Q3 FY2021,"13 Table of Contents For the three months ended September 30, 2020, the effective tax rate of 31.0 % was higher that the U.S. federal statutory rate of 21 % due primarily to nondeductible impacts of the TRA and state income taxes, including the impact of an increase in the valuation allowance on a portion of state net operating losses.",13,,,,,,,,,,,filing,10-Q Q3 2021 — Item 1. FINANCIAL STATEMENTS — Consolidated Financial Statements,
unpaired_actual,VST,2021,,,,,,other_the_following_table_summarizes_the,Other The Following Table Summarizes The,,segment:aws,,,,Q3 FY2021,"The following table summarizes the changes to the TRA obligation, reported as other current liabilities and Tax Receivable Agreement obligation in our condensed consolidated balance sheets, for the nine months ended September 30, 2021 and 2020: Nine Months Ended September 30, 2021 2020 TRA obligation at the beginning of the period $ 450 $ 455 Accretion expense 48 50 Changes in tax assumptions impacting timing of payments (a) ( 79 ) ( 94 ) Impacts of Tax Receivable Agreement ( 31 ) ( 44 ) TRA obligation at the end of the period 419 411 Less amounts due currently ( 3 ) — Noncurrent TRA obligation at the end of the period $ 416 $ 411 ____________ (a) During the three months ended September 30, 2021, we recorded a decrease to the carrying value of the TRA obligation totaling $ 51 million as a result of adjustments to forecasted taxable income and anticipated tax benefits available under 14 Table of Contents current tax laws for planned additional renewable development projects, particularly in light of the recent passage of Illinois' coal-to-solar legislation.","30,",,,,,,,,,,,filing,10-Q Q3 2021 — Item 1. FINANCIAL STATEMENTS — Consolidated Financial Statements,
unpaired_actual,VST,2021,,,,,,other_during_the_nine_months_ended,Other During The Nine Months Ended,,segment:aws,,,,Q3 FY2021,"During the nine months ended September 30, 2021, we recorded a decrease to the carrying value of the TRA obligation totaling $ 79 million as a result of adjustments to forecasted taxable income, including the financial impacts of Winter Storm Uri, and anticipated tax benefits available under current tax laws for planned additional renewable development projects.","30,",,,,,,,,,,,filing,10-Q Q3 2021 — Item 1. FINANCIAL STATEMENTS — Consolidated Financial Statements,
unpaired_actual,VST,2021,,,,,,other_during_the_three_and_nine,Other During The Three And Nine,,consolidated,,,,Q3 FY2021,"During the three and nine months ended September 30, 2020, we recorded decreases of $ 74 million and $ 94 million, respectively, to the carrying value of the TRA obligation as a result of adjustments to forecasted taxable income, including the impacts of the CARES Act, and changes to Section 163(j) percentage limitation amount, the impacts from the issuance of final Section 163(j) regulations and the anticipated tax benefits from renewable development projects.","30,",,,,,,,,,,,filing,10-Q Q3 2021 — Item 1. FINANCIAL STATEMENTS — Consolidated Financial Statements,
unpaired_actual,VST,2021,,,,,,other_three_months_ended_september_30,Other Three Months Ended September 30,,consolidated,,,,Q3 FY2021,"Three Months Ended September 30, Nine Months Ended September 30, 2021 2020 2021 2020 Net income (loss) attributable to common stock — basic $ 7 $ 443 $ ( 2,000 ) $ 665 Weighted average shares of common stock outstanding — basic 482,516,965 488,824,580 483,150,213 488,484,441 Net income (loss) per weighted average share of common stock outstanding — basic $ 0.01 $ 0.91 $ ( 4.14 ) $ 1.36 Dilutive securities: Stock-based incentive compensation plan 1,977,581 2,201,360 — 2,430,037 Weighted average shares of common stock outstanding — diluted 484,494,546 491,025,940 483,150,213 490,914,478 Net income (loss) per weighted average share of common stock outstanding — diluted $ 0.01 $ 0.90 $ ( 4.14 ) $ 1.35 Stock-based incentive compensation plan awards excluded from the calculation of diluted earnings per share because the effect would have been antidilutive totaled 12,851,055 and 13,778,275 in the three months ended September 30, 2021 and 2020, respectively, and 15,223,763 and 12,471,806 shares for the nine months ended September 30, 2021 and 2020, respectively.","30,",,,,,,,,,,,filing,10-Q Q3 2021 — Item 1. FINANCIAL STATEMENTS — Consolidated Financial Statements,
unpaired_actual,VST,2021,,,,,,other_in_july_2021_the_repurchase,Other In July 2021 The Repurchase,,consolidated,,,,Q3 FY2021,"In July 2021, the Repurchase Facility was renewed until August 2021 and increased from $ 125 million to $ 150 million.","2021,",,,,,,,,,,,filing,10-Q Q3 2021 — Item 1. FINANCIAL STATEMENTS — Consolidated Financial Statements,
unpaired_actual,VST,2021,,,,,,capacity,Capacity,,consolidated,,,,Q3 FY2021,"On the Merger Date, the Company assumed the obligation of Dynegy's agreements under which a portion of the PJM capacity that cleared for Planning Years 2018-2019, 2019-2020 and 2020-2021 was sold to a financial institution (Legacy Forward Capacity Agreements, and, together with the 2021-2022 Forward Capacity Agreement, the Forward Capacity Agreements).",2018,,,,,,,,,,,filing,10-Q Q3 2021 — Item 1. FINANCIAL STATEMENTS — Consolidated Financial Statements,
unpaired_actual,VST,2021,,,,,,capacity,Capacity,,consolidated,,,,Q3 FY2021,"In May 2021, the final capacity payment from PJM during the Planning Years 2020-2021 was paid, and the terms of the Legacy Forward Capacity were fulfilled.","2021,",,,,,,,,,,,filing,10-Q Q3 2021 — Item 1. FINANCIAL STATEMENTS — Consolidated Financial Statements,
unpaired_actual,VST,2021,,,,,,other_in_the_2021_memorandum_the,Other In The 2021 Memorandum The,,consolidated,,,,Q3 FY2021,"In the 2021 memorandum, the EPA indicated it will revisit the SIP Call withdrawal for Texas that was finalized in 2020.",2021,,,,,,,,,,,filing,10-Q Q3 2021 — Item 1. FINANCIAL STATEMENTS — Consolidated Financial Statements,
unpaired_actual,VST,2021,,,,,,revenue,Revenue,,consolidated,,,,Q3 FY2021,"Use of Estimates Preparation of financial statements requires estimates and assumptions about future events that affect the reporting of assets and liabilities at the balance sheet dates and the reported amounts of revenue and expense, including fair value measurements, estimates of expected obligations, judgments related to the potential timing of events and other estimates.",,,,,,,,,,,,filing,10-Q Q3 2021 — Item 1. FINANCIAL STATEMENTS — Consolidated Financial Statements,
unpaired_actual,VST,2021,,,,,,other_miso_2015_2016_planning_resource,Other Miso 2015 2016 Planning Resource,,consolidated,,,,Q3 FY2021,"MISO 2015-2016 Planning Resource Auction In May 2015, three complaints were filed at FERC regarding the Zone 4 results for the 2015-2016 planning resource auction (PRA) conducted by MISO.",2015,,,,,,,,,,,filing,10-Q Q3 2021 — Item 1. FINANCIAL STATEMENTS — Consolidated Financial Statements,
unpaired_actual,VST,2021,,,,,,other_the_actual_timing_number_and,Other The Actual Timing Number And,,consolidated,,,,Q3 FY2021,"The actual timing, number and value of shares repurchased under the Share Repurchase Program or otherwise will be determined at our discretion and will depend on a number of factors, including our capital allocation priorities, the market price of our stock, general market and economic conditions, applicable legal requirements and compliance with the terms of our debt agreements.",,,,,,,,,,,,filing,10-Q Q3 2021 — Item 1. FINANCIAL STATEMENTS — Consolidated Financial Statements,
unpaired_actual,VST,2021,,,,,,other_equity_the_following_table_presents,Other Equity The Following Table Presents,,consolidated,,,,Q3 FY2021,"Equity The following table presents the changes to equity for the three months ended September 30, 2021: Common Stock (a) Treasury Stock Additional Paid-in Capital Retained Earnings (Deficit) Accumulated Other Comprehensive Income (Loss) Total Stockholders' Equity Noncontrolling Interest Total Equity Balance at June 30, 2021 $ 5 $ ( 1,148 ) $ 9,816 $ ( 2,552 ) $ ( 45 ) $ 6,076 $ ( 8 ) $ 6,068 Stock repurchases — — — — — — — — Dividends declared on common stock — — — ( 72 ) — ( 72 ) — ( 72 ) Effects of stock-based incentive compensation plans — — 12 — — 12 — 12 Net income (loss) — — — 7 — 7 3 10 Change in accumulated other comprehensive income (loss) — — — — 14 14 — 14 Other — — 1 ( 2 ) — ( 1 ) — ( 1 ) Balance at September 30, 2021 $ 5 $ ( 1,148 ) $ 9,829 $ ( 2,619 ) $ ( 31 ) $ 6,036 $ ( 5 ) $ 6,031 The following table presents the changes to equity for the nine months ended September 30, 2021: Common Stock (a) Treasury Stock Additional Paid-in Capital Retained Earnings (Deficit) Accumulated Other Comprehensive Income (Loss) Total Stockholders' Equity Noncontrolling Interest in Subsidiary Total Equity Balance at December 31, 2020 $ 5 $ ( 973 ) $ 9,786 $ ( 399 ) $ ( 48 ) $ 8,371 $ ( 10 ) $ 8,361 Stock repurchases — ( 175 ) — — — ( 175 ) — ( 175 ) Dividends declared on common stock — — — ( 219 ) — ( 219 ) — ( 219 ) Effects of stock-based incentive compensation plans — — 39 — — 39 — 39 Net income (loss) — — — ( 2,000 ) — ( 2,000 ) 6 ( 1,994 ) Change in accumulated other comprehensive income (loss) — — — — 17 17 — 17 Other — — 4 ( 1 ) — 3 ( 1 ) 2 Balance at September 30, 2021 $ 5 $ ( 1,148 ) $ 9,829 $ ( 2,619 ) $ ( 31 ) $ 6,036 $ ( 5 ) $ 6,031 ________________ (a) Authorized shares totaled 1,800,000,000 at September 30, 2021.","30,",,,,,,,,,,,filing,10-Q Q3 2021 — Item 1. FINANCIAL STATEMENTS — Consolidated Financial Statements,
unpaired_actual,VST,2021,,,,,,other_30_table_of_contents_the,Other 30 Table Of Contents The,,consolidated,,,,Q3 FY2021,"30 Table of Contents The following table presents the changes to equity for the three months ended September 30, 2020: Common Stock Treasury Stock Additional Paid-in Capital Retained Earnings (Deficit) Accumulated Other Comprehensive Income (Loss) Total Stockholders' Equity Noncontrolling Interest Total Equity Balance at June 30, 2020 $ 5 $ ( 973 ) $ 9,754 $ ( 678 ) $ ( 52 ) $ 8,056 $ ( 12 ) $ 8,044 Dividends declared on common stock — — — ( 66 ) — ( 66 ) — ( 66 ) Effects of stock-based incentive compensation plans — — 18 — — 18 — 18 Net income — — — 443 — 443 ( 1 ) 442 Change in accumulated other comprehensive income (loss) — — — — ( 4 ) ( 4 ) — ( 4 ) Other — — ( 1 ) ( 2 ) — ( 3 ) — ( 3 ) Balance at September 30, 2020 $ 5 $ ( 973 ) $ 9,771 $ ( 303 ) $ ( 56 ) $ 8,444 $ ( 13 ) $ 8,431 The following table presents the changes to equity for the nine months ended September 30, 2020: Common Stock (a) Treasury Stock Additional Paid-in Capital Retained Earnings (Deficit) Accumulated Other Comprehensive Income (Loss) Total Stockholders' Equity Noncontrolling Interest in Subsidiary Total Equity Balance at December 31, 2019 $ 5 $ ( 973 ) $ 9,721 $ ( 764 ) $ ( 30 ) $ 7,959 $ 1 $ 7,960 Dividends declared on common stock — — — ( 198 ) — ( 198 ) — ( 198 ) Effects of stock-based incentive compensation plans — — 48 — — 48 — 48 Net income (loss) — — — 665 — 665 ( 14 ) 651 Adoption of accounting standard — — — ( 4 ) — ( 4 ) — ( 4 ) Change in accumulated other comprehensive income (loss) — — — — ( 26 ) ( 26 ) — ( 26 ) Other — — 2 ( 2 ) — — — — Balance at September 30, 2020 $ 5 $ ( 973 ) $ 9,771 $ ( 303 ) $ ( 56 ) $ 8,444 $ ( 13 ) $ 8,431 ________________ (a) Authorized shares totaled 1,800,000,000 at September 30, 2020.",30,,,,,,,,,,,filing,10-Q Q3 2021 — Item 1. FINANCIAL STATEMENTS — Consolidated Financial Statements,
unpaired_actual,VST,2021,,,,,,capacity,Capacity,,consolidated,,,,Q3 FY2021,The contract was amended to increase the capacity of the planned development to a 36.25 MW battery ESS.,36.25,,,,,,,,,,,filing,10-Q Q3 2021 — Item 1. FINANCIAL STATEMENTS — Consolidated Financial Statements,
unpaired_actual,VST,2021,,,,,,deliveries,Deliveries,,consolidated,,,,Q3 FY2021,"Income and expense, including gains and losses associated with the trust fund assets and the decommissioning liability are offset by a corresponding change in a regulatory asset/liability (currently a regulatory liability reported in other noncurrent liabilities and deferred credits) that will ultimately be settled through changes in Oncor's delivery fees rates.",,,,,,,,,,,,filing,10-Q Q3 2021 — Item 1. FINANCIAL STATEMENTS — Consolidated Financial Statements,
unpaired_actual,VST,2021,,,,,,revenue,Revenue,,consolidated,,,,Q3 FY2021,"Balance 2021 2022 Texas: Nuclear/Renewable/Coal Generation: $2.50/MWh increase in power price $ 1 $ 18 Nuclear/Renewable/Coal Generation: $2.50/MWh decrease in power price $ (1) $ (18) Gas Generation: $1.00/MWh increase in spark spread $ 1 $ 20 Gas Generation: $1.00/MWh decrease in spark spread $ (1) $ (18) Residual Natural Gas Position: $0.25/MMBtu increase in natural gas price $ 1 $ (22) Residual Natural Gas Position: $0.25/MMBtu decrease in natural gas price $ (1) $ 15 East: Gas Generation: $1.00/MWh increase in spark spread $ — $ 6 Gas Generation: $1.00/MWh decrease in spark spread $ — $ (4) Residual Natural Gas Position: $0.25/MMBtu increase in natural gas price $ — $ (3) Residual Natural Gas Position: $0.25/MMBtu decrease in natural gas price $ — $ 3 West: Gas Generation: $1.00/MWh increase in spark spread $ — $ 1 Gas Generation: $1.00/MWh decrease in spark spread $ — $ — Sunset: Coal Generation: $2.50/MWh increase in power price $ — $ 7 Coal Generation: $2.50/MWh decrease in power price $ — $ (5) PJM Auction Results In June 2021, Vistra reported its results from PJM's Reliability Pricing Model (RPM) auction results for planning year 2022-2023, and the table below lists clearing price per MW-day and our cleared capacity volumes by zone: Clearing Price per MW-day East Segment MW Cleared Sunset Segment MW Cleared Total MW Cleared RTO zone $ 50.00 2,967 — 2,967 ComEd zone $ 68.96 1,255 649 1,904 DEOK zone $ 71.69 99 870 969 MAAC zone $ 95.79 548 — 548 EMAAC zone $ 97.86 831 — 831 ATSI zone $ 50.00 — — — Total $ 66.90 5,700 1,519 7,219 Our capacity sales in PJM, net of purchases, for planning year 2022-2023, are as follows: East Segment Sunset Segment Total Total capacity sold, net (MW) 5,700 1,519 7,219 Average price per MW-day $ 68.54 $ 70.52 $ 68.95 53 Table of Contents RESULTS OF OPERATIONS Consolidated Financial Results — Three and Nine Months Ended September 30, 2021 Compared to Three and Nine Months Ended September 30, 2020 Three Months Ended September 30, Favorable (Unfavorable) $ Change Nine Months Ended September 30, Favorable (Unfavorable) $ Change 2021 2020 2021 2020 Operating revenues $ 2,991 $ 3,552 $ (561) $ 8,763 $ 8,919 $ (156) Fuel, purchased power costs and delivery fees (1,763) (1,469) (294) (7,827) (3,832) (3,995) Operating costs (372) (457) 85 (1,173) (1,249) 76 Depreciation and amortization (468) (410) (58) (1,355) (1,284) (71) Selling, general and administrative expenses (269) (268) (1) (771) (755) (16) Impairment of long-lived assets — (272) 272 (38) (356) 318 Operating income (loss) 119 676 (557) (2,401) 1,443 (3,844) Other income 16 8 8 108 19 89 Other deductions (5) — (5) (13) (35) 22 Interest expense and related charges (124) (101) (23) (288) (541) 253 Impacts of Tax Receivable Agreement 35 58 (23) 31 44 (13) Equity in earnings of unconsolidated investment — — — — 4 (4) Income (loss) before income taxes 41 641 (600) (2,563) 934 (3,497) Income tax (expense) benefit (31) (199) 168 569 (283) 852 Net income (loss) $ 10 $ 442 $ (432) $ (1,994) $ 651 $ (2,645) Three Months Ended September 30, 2021 Retail Texas East West Sunset Asset Closure Eliminations / Corporate and Other Vistra Consolidated Operating revenues $ 2,160 $ 843 $ 508 $ 90 $ (122) $ — $ (488) $ 2,991 Fuel, purchased power costs and delivery fees (1,095) (482) (496) (78) (100) — 488 (1,763) Operating costs (38) (163) (57) (9) (104) (1) — (372) Depreciation and amortization (53) (179) (164) (15) (40) — (17) (468) Selling, general and administrative expenses (192) (23) (19) (7) (14) (5) (9) (269) Operating income (loss) 782 (4) (228) (19) (380) (6) (26) 119 Other income 1 7 — — 7 1 — 16 Other deductions — (2) — — (1) — (2) (5) Interest expense and related charges (2) 3 (5) 1 (1) (1) (119) (124) Impacts of Tax Receivable Agreement — — — — — — 35 35 Income (loss) before income taxes 781 4 (233) (18) (375) (6) (112) 41 Income tax expense (2) — — — — — (29) (31) Net income (loss) $ 779 $ 4 $ (233) $ (18) $ (375) $ (6) $ (141) $ 10 54 Table of Contents Three Months Ended September 30, 2020 Retail Texas East West Sunset Asset Closure Eliminations / Corporate and Other Vistra Consolidated Operating revenues $ 2,521 $ 1,541 $ 644 $ 84 $ 299 $ 1 $ (1,538) $ 3,552 Fuel, purchased power costs and delivery fees (2,119) (328) (295) (38) (227) — 1,538 (1,469) Operating costs (35) (180) (54) (8) (133) (47) — (457) Depreciation and amortization (67) (107) (181) (5) (22) (11) (17) (410) Selling, general and administrative expenses (190) (18) (12) (8) (15) (8) (17) (268) Impairment of long-lived assets — — — — (272) — — (272) Operating income (loss) 110 908 102 25 (370) (65) (34) 676 Other income 1 1 — 1 — 5 — 8 Other deductions — (3) — — 3 — — — Interest expense and related charges (2) 2 (2) 3 (1) — (101) (101) Impacts of Tax Receivable Agreement — — — — — — 58 58 Income (loss) before income taxes 109 908 100 29 (368) (60) (77) 641 Income tax expense — — — — — — (199) (199) Net income (loss) $ 109 $ 908 $ 100 $ 29 $ (368) $ (60) $ (276) $ 442 In the three months ended September 30, 2021, our operating segments delivered strong operating performance with a disciplined focus on cost management while generating and selling essential electricity in a safe and reliable manner during a period of mild weather.",2021,,,,,,,,,,,filing,10-Q Q3 2021 — Item 2. MANAGEMENT'S DISCUSSION AND ANALYSIS OF FINANCIAL CONDITION AND RESULTS OF OPERATIONS,
unpaired_actual,VST,2021,,,,,,other_net_income_increased_by_2,Other Net Income Increased By 2,,consolidated,,,,Q3 FY2021,"Net income increased by $2.244 billion to $2.677 billion and Adjusted EBITDA decreased by $196 million to $376 million in the nine months ended September 30, 2021 compared to the nine months ended September 30, 2020.",$2.244 billion,,,,,,,,,,,filing,10-Q Q3 2021 — Item 2. MANAGEMENT'S DISCUSSION AND ANALYSIS OF FINANCIAL CONDITION AND RESULTS OF OPERATIONS,
unpaired_actual,VST,2021,,,,,,capacity,Capacity,,consolidated,,,,Q3 FY2021,The change was primarily driven by: • the issuance of $1.250 billion principal amount of Vistra Operations senior unsecured notes in May 2021; • redemption of $747 million principal amount of outstanding of Vistra unsecured senior notes in 2020; • $500 million in cash received from the sale of a portion of the PJM capacity that cleared for Planning Years 2021-2022 in March 2021; • net borrowings of $175 million under the accounts receivable financing facilities in 2021; • net repayment of $350 million in short-term borrowings under the Revolving Credit Facility in 2020; • repayment of $100 million of term loans under the Vistra Operations Credit Facility in March 2020; partially offset by $175 million in cash paid for share repurchases in 2021.,$1.250 billion,,,,,,,,,,,filing,10-Q Q3 2021 — Item 2. MANAGEMENT'S DISCUSSION AND ANALYSIS OF FINANCIAL CONDITION AND RESULTS OF OPERATIONS,
unpaired_actual,VST,2021,,,,,,capacity,Capacity,,consolidated,,,,Q3 FY2021,"The $328 million decrease in available liquidity for the nine months ended September 30, 2021 was primarily driven by cash used in operations, including higher cash margin deposits posted with third parties, $790 million of capital expenditures (including LTSA prepayments, nuclear fuel and development and growth expenditures), $175 million in cash paid for share repurchases, $219 million in dividends paid to stockholders and a $268 million increase in letters of credit outstanding under the Revolving Credit Facility, partially offset by cash received from the issuance of $1.250 billion principal amount of Vistra Operations senior unsecured notes in May 2021, $500 million in cash received from the sale of a portion of the PJM capacity that cleared for Planning Years 2021-2022 and $175 million in net cash borrowings under the accounts receivable financing facilities.",$328 million,,,,,,,,,,,filing,10-Q Q3 2021 — Item 2. MANAGEMENT'S DISCUSSION AND ANALYSIS OF FINANCIAL CONDITION AND RESULTS OF OPERATIONS,
unpaired_actual,VST,2021,,,,,,other_the_actual_timing_number_and,Other The Actual Timing Number And,,consolidated,,,,Q3 FY2021,"The actual timing, number and value of shares repurchased under the Share Repurchase Program or otherwise will be determined at our discretion and will depend on a number of factors, including our capital allocation priorities, the market price of our stock, general market and economic conditions, applicable legal requirements and compliance with the terms of our debt agreements.",,,,,,,,,,,,filing,10-Q Q3 2021 — Item 2. UNREGISTERED SALES OF EQUITY SECURITIES AND USE OF PROCEEDS,
unpaired_actual,VST,2021,,,,,,revenue,Revenue,,segment:aws,,,,Q3 FY2021,"Although we believe that in making any such forward-looking statement our expectations are based on reasonable assumptions, any such forward-looking statement involves uncertainties and risks and is qualified in its entirety by reference to the discussion under Part II, Item 1A Risk Factors and Part I, Item 2 Management's Discussion and Analysis of Financial Condition and Results of Operations in this quarterly report on Form 10-Q and the following important factors, among others, that could cause our actual results to differ materially from those projected in or implied by such forward-looking statements: • the actions and decisions of judicial and regulatory authorities; • prohibitions and other restrictions on our operations due to the terms of our agreements; • prevailing federal, state and local governmental policies and regulatory actions, including those of the legislatures and other government actions of states in which we operate, the U.S. Congress, the FERC, the NERC, the TRE, the public utility commissions of states and locales in which we operate, CAISO, ERCOT, ISO-NE, MISO, NYISO, PJM, the RCT, the NRC, the EPA, the environmental regulatory bodies of states in which we operate, the MSHA and the CFTC, with respect to, among other things: ▪ allowed prices; ▪ industry, market and rate structure; ▪ purchased power and recovery of investments; ▪ operations of nuclear generation facilities; ▪ operations of fossil-fueled generation facilities; ▪ operations of mines; ▪ acquisition and disposal of assets and facilities; ▪ development, construction and operation of facilities; ▪ decommissioning costs; ▪ present or prospective wholesale and retail competition; ▪ changes in federal, state and local tax laws, rates and policies, including additional regulation, interpretations, amendments, or technical corrections to The Tax Cuts and Jobs Act of 2017; ▪ changes in and compliance with environmental and safety laws and policies, including the Coal Combustion Residuals Rule, National Ambient Air Quality Standards, the Cross-State Air Pollution Rule, the Mercury and Air Toxics Standard, regional haze program implementation and GHG and other climate change initiatives, and ▪ clearing over-the-counter derivatives through exchanges and posting of cash collateral therewith; • expectations regarding, or impacts of, environmental matters, including costs of compliance, availability and adequacy of emission credits, and the impact of ongoing proceedings and potential regulations or changes to current regulations, including those relating to climate change, air emissions, cooling water intake structures, coal combustion byproducts, and other laws and regulations that we are, or could become, subject to, which could increase our costs, result in an impairment of our assets, cause us to limit or terminate the operation of certain of our facilities, or otherwise negatively impact our financial results or stock price; • legal and administrative proceedings and settlements; • general industry trends; • economic conditions, including the impact of any recession or economic downturn; • investor sentiment relating to climate change and utilization of fossil fuels in connection with power generation could reduce demand for, or increase potential volatility in the market price of, our common stock; • the severity, magnitude and duration of pandemics, including the COVID-19 pandemic, and the resulting effects on our results of operations, financial condition and cash flows; • the severity, magnitude and duration of extreme weather events (including Winter Storm Uri), drought and limitations on access to water, and other weather conditions and natural phenomena, contingencies and uncertainties relating thereto, most of which are difficult to predict and many of which are beyond our control, and the resulting effects on our results of operations, financial condition and cash flows; • acts of sabotage, wars or terrorist or cybersecurity threats or activities; • risk of contract performance claims by us or our counterparties, and risks of, or costs associated with, pursuing or defending such claims; 77 Table of Contents • our ability to collect trade receivables from counterparties in the amount or at the time expected, if at all; • our ability to attract, retain and profitably serve customers; • restrictions on competitive retail pricing or direct-selling businesses; • adverse publicity associated with our retail products or direct selling businesses, including our ability to address the marketplace and regulators regarding our compliance with applicable laws; • changes in wholesale electricity prices or energy commodity prices, including the price of natural gas; • changes in prices of transportation of natural gas, coal, fuel oil and other refined products; • sufficiency of, access to, and costs associated with coal, fuel oil, and natural gas inventories and transportation and storage thereof; • changes in the ability of vendors to provide or deliver commodities as needed; • beliefs and assumptions about the benefits of state- or federal-based subsidies to our market competition, and the corresponding impacts on us, including if such subsidies are disproportionately available to our competitors; • the effects of, or changes to, market design and the power and capacity procurement processes in the markets in which we operate; • changes in market heat rates in the CAISO, ERCOT, ISO-NE, MISO, NYISO and PJM electricity markets; • our ability to effectively hedge against unfavorable commodity prices, including the price of natural gas, market heat rates and interest rates; • population growth or decline, or changes in market supply or demand and demographic patterns, particularly in ERCOT, MISO and PJM; • our ability to mitigate forced outage risk, including managing risk associated with Capacity Performance in PJM and performance incentives in ISO-NE; • efforts to identify opportunities to reduce congestion and improve busbar power prices; • access to adequate transmission facilities to meet changing demands; • changes in interest rates, commodity prices, rates of inflation or foreign exchange rates; • changes in operating expenses, liquidity needs and capital expenditures; • commercial bank market and capital market conditions and the potential impact of disruptions in U.S. and international credit markets; • access to capital, the attractiveness of the cost and other terms of such capital and the success of financing and refinancing efforts, including availability of funds in capital markets; • our ability to maintain prudent financial leverage and achieve our capital allocation, performance, and cost-saving initiatives and objectives; • our ability to generate sufficient cash flow to make principal and interest payments in respect of, or refinance, our debt obligations; • our expectation that we will continue to pay a comparable cash dividend on a quarterly basis; • our ability to implement and successfully execute upon our strategic and growth initiatives, including the completion and integration of mergers, acquisitions and/or joint venture activity, the identification and completion of sales and divestitures activity, and the completion and commercialization of our other business development and construction projects; • competition for new energy development and other business opportunities; • inability of various counterparties to meet their obligations with respect to our financial instruments; • counterparties' collateral demands and other factors affecting our liquidity position and financial condition; • changes in technology (including large scale electricity storage) used by and services offered by us; • changes in electricity transmission that allow additional power generation to compete with our generation assets; • our ability to attract and retain qualified employees; • significant changes in our relationship with our employees, including the availability of qualified personnel, and the potential adverse effects if labor disputes or grievances were to occur or changes in laws or regulations relating to independent contractor status; • changes in assumptions used to estimate costs of providing employee benefits, including medical and dental benefits, pension and other postretirement employee benefits, and future funding requirements related thereto, including joint and several liability exposure under ERISA; • hazards customary to the industry and the possibility that we may not have adequate insurance to cover losses resulting from such hazards; • the impact of our obligations under the TRA; • our ability to optimize our assets through targeted investment in cost-effective technology enhancements and operations performance initiatives; • our ability to effectively and efficiently plan, prepare for and execute expected asset retirements and reclamation obligations and the impacts thereof; • our ability to successfully complete the integration of businesses acquired by Vistra and our ability to successfully capture the full amount of projected operational and financial synergies relating to such transactions, and 78 Table of Contents • actions by credit rating agencies.",1,,,,,,,,,,,filing,10-Q Q3 2021 — Item 3. QUANTITATIVE AND QUALITATIVE DISCLOSURES ABOUT MARKET RISK,
unpaired_actual,VST,2021,,,,,,capacity,Capacity,,consolidated,,,,FY2021,PJM's Capacity Performance (CP) rules were designed to improve system reliability and include penalties for under-performing units and reward for over-performing units during shortage events.,,,,,,,,,,,,filing,10-K FY2021 — Item 1. BUSINESS,
unpaired_actual,VST,2021,,,,,,headcount,Headcount,,consolidated,,,,FY2021,"Further initiatives were launched to support the education, recruitment and retention of current and future employees, with particular emphasis being placed on driving equal access to opportunities throughout the organization.",,,,,,,,,,,,filing,10-K FY2021 — Item 1. BUSINESS,
unpaired_actual,VST,2021,,,,,,headcount,Headcount,,consolidated,,,,FY2021,"We have launched key programs to develop leaders at all levels of the organization, including monthly leader meetings for director-level employees focusing on gaining a deeper understanding of Vistra's strategy, developing cross-functional relationships and interacting with senior leadership of the company.",,,,,,,,,,,,filing,10-K FY2021 — Item 1. BUSINESS,
unpaired_actual,VST,2021,,,,,,headcount,Headcount,,consolidated,,,,FY2021,"In 2021, Vistra launched a formal mentoring program available to all employees to focus on topics like organizational knowledge, career development, individual development, collaboration and leadership.","2021,",,,,,,,,,,,filing,10-K FY2021 — Item 1. BUSINESS,
unpaired_actual,VST,2021,,,,,,revenue,Revenue,,consolidated,,,,FY2021,"While the cost of allowances required to operate our RGGI-affected facilities is expected to increase in future years, we expect that the cost of compliance would be reflected in the power market, and the actual impact to gross margin would be largely offset by an increase in revenue.",,,,,,,,,,,,filing,10-K FY2021 — Item 1. BUSINESS,
unpaired_actual,VST,2021,,,,,,other_a_our_financial_statements_and,Other A Our Financial Statements And,,consolidated,,,,FY2021,"(a) Our financial statements and financial statement schedules are incorporated under Part II, Item 8 of this annual report on Form 10-K. (b) SCHEDULE I - CONDENSED FINANCIAL INFORMATION OF REGISTRANT VISTRA CORP. (PARENT) SCHEDULE I - CONDENSED FINANCIAL INFORMATION OF REGISTRANT CONDENSED STATEMENTS OF OPERATIONS (Millions of Dollars) Year Ended December 31, 2021 2020 2019 Depreciation and amortization $ ( 17 ) $ ( 15 ) $ ( 7 ) Selling, general and administrative expenses ( 53 ) ( 72 ) ( 62 ) Operating loss ( 70 ) ( 87 ) ( 69 ) Other income 3 5 12 Interest expense and related charges — ( 7 ) ( 88 ) Impacts of Tax Receivable Agreement 53 5 ( 37 ) Loss before income tax benefit ( 14 ) ( 84 ) ( 182 ) Income tax benefit 4 25 42 Equity in earnings of subsidiaries, net of tax ( 1,264 ) 695 1,068 Net income (loss) $ ( 1,274 ) $ 636 $ 928 See Notes to the Condensed Financial Statements.",8,,,,,,,,,,,filing,10-K FY2021 — Item 15. EXHIBITS AND FINANCIAL STATEMENT SCHEDULES,
unpaired_actual,VST,2021,,,,,,revenue,Revenue,,consolidated,,,,FY2021,"Increased unemployment of residential customers and decreased demand for products and services by commercial and industrial customers resulting from an economic downturn could lead to declines in the demand for energy and an increase in the number of uncollectible customer balances, which would negatively impact our overall sales and cash flows.",,,,,,,,,,,,filing,10-K FY2021 — Item 1A. RISK FACTORS,
unpaired_actual,VST,2021,,,,,,revenue,Revenue,,consolidated,,,,FY2021,"Our debt could have negative consequences for our financial condition including: • increasing our vulnerability to general economic and industry conditions; • requiring a significant portion of our cash flows from operations to be dedicated to the payment of principal and interest on our indebtedness, therefore reducing our ability to pay dividends to holders of our common stock or to fund our operations, capital expenditures and future business opportunities; • limiting our ability to enter into long-term power sales or fuel purchases which require credit support; • limiting our ability to fund operations or future acquisitions; • restricting our ability to make distributions or pay dividends with respect to our capital stock and the ability of our subsidiaries to make distributions to us, in light of restricted payment and other financial covenants in our credit facilities and other financing agreements; • inhibiting the growth of our stock price; • exposing us to the risk of increased interest rates because certain of our borrowings, including borrowings under the Vistra Operations Credit Facilities, are at variable rates of interest; • limiting our ability to obtain additional financing for working capital including collateral postings, capital expenditures, debt service requirements, acquisitions and general corporate or other purposes; and • limiting our ability to adjust to changing market conditions and placing us at a competitive disadvantage compared to our competitors who may have less debt.",,,,,,,,,,,,filing,10-K FY2021 — Item 1A. RISK FACTORS,
unpaired_actual,VST,2021,,,,,,revenue,Revenue,,segment:aws,,,,FY2021,"Various factors could result in increased costs or result in delays or cancellation of our current or future renewable projects, or the loss of, or declines in the value of, our investments in projects including, but not limited to, risks relating to siting, financing, engineering and construction, permitting, interconnection requests, federal and state regulatory approvals, new legislation or regulatory changes impacting the industry, commissioning delays, import tariffs, changes to federal income tax laws, economic events or factors, environmental and community concerns, availability of or requirements for additional funding, enhanced competition, or the potential for termination of the power sales contract as a result of a failure to meet certain milestones.",,,,,,,,,,,,filing,10-K FY2021 — Item 1A. RISK FACTORS,
unpaired_actual,VST,2021,,,,,,other_should_any_of_these_factors,Other Should Any Of These Factors,,consolidated,,,,FY2021,"Should any of these factors occur, our financial position, results of operations, and cash flows could be adversely affected, or our future growth opportunities may not be realized as anticipated.",,,,,,,,,,,,filing,10-K FY2021 — Item 1A. RISK FACTORS,
unpaired_actual,VST,2021,,,,,,revenue,Revenue,,consolidated,,,,FY2021,"If such degradations were to occur at the Comanche Peak Facility, the process of identifying and correcting the causes of the operational downgrade to return the facility to operation could require significant time and expense, resulting in both lost revenue and increased fuel and purchased power expense to meet supply commitments.",,,,,,,,,,,,filing,10-K FY2021 — Item 1A. RISK FACTORS,
unpaired_actual,VST,2021,,,,,,capacity,Capacity,,consolidated,,,,FY2021,"The operation and maintenance of power generation facilities and related mining operations involve many risks, including, as applicable, start-up risks, breakdown or failure of facilities, equipment or processes, operator error, lack of sufficient capital to maintain the facilities, the dependence on a specific fuel source, the inability to transport our product to our customers in an efficient manner due to the lack of transmission capacity or the impact of unusual or adverse weather conditions or other natural events, or terrorist attacks, as well as the risk of performance below expected levels of output, efficiency or reliability, the occurrence of any of which could result in substantial lost revenues and/or increased expenses.",,,,,,,,,,,,filing,10-K FY2021 — Item 1A. RISK FACTORS,
unpaired_actual,VST,2021,,,,,,other_if_we_do_not_have,Other If We Do Not Have,,consolidated,,,,FY2021,"If we do not have adequate liquidity to meet margin and collateral requirements, we may be exposed to significant losses, may miss significant opportunities and may have increased exposure to the volatility of spot markets, which could have a material adverse effect on us.",,,,,,,,,,,,filing,10-K FY2021 — Item 1A. RISK FACTORS,
unpaired_actual,VST,2021,,,,,,stores,Stores / locations,,consolidated,,,,FY2021,"As the closure and CCR management work progresses and final closure plans and corrective action measures are developed and approved at each site, the scope and complexity of work and the amount of CCR material could be greater than current estimates and could, therefore, materially impact earnings through increased compliance expenditures.",,,,,,,,,,,,filing,10-K FY2021 — Item 1A. RISK FACTORS,
unpaired_actual,VST,2021,,,,,,subscribers,Subscribers / customers,,consolidated,,,,FY2021,"However, COVID-19 or another pandemic could have material and adverse effects on our results of operations, financial condition and cash flows due to, among other factors, a protracted slowdown of broad sectors of the economy, changes in demand or supply for commodities, significant changes in legislation or regulatory policy to address the pandemic (including prohibitions on certain marketing channels, moratoriums or conditions on disconnections or limits or restrictions on late fees), reduced demand for electricity (particularly from commercial and industrial customers), increased late or uncollectible customer payments, negative impacts on the health of our workforce, a deterioration of our ability to ensure business continuity (including increased vulnerability to cyber and other information technology risks as a result of a significant portion of our workforce continuing to work from home), and the inability of the Company's contractors, suppliers, and other business partners to fulfill their contractual obligations.",19,,,,,,,,,,,filing,10-K FY2021 — Item 1A. RISK FACTORS,
unpaired_actual,VST,2021,,,,,,headcount,Headcount,,consolidated,,,,FY2021,"Further, we are facing an increasingly competitive market for hiring and retaining skilled employees in certain skill areas, which is exacerbated by the effects of the COVID-19 pandemic and increased acceptance of hiring remote working employees by our competitors and other companies.",19,,,,,,,,,,,filing,10-K FY2021 — Item 1A. RISK FACTORS,
unpaired_actual,VST,2021,,,,,,headcount,Headcount,,consolidated,,,,FY2021,Difficulties in attracting and retaining highly qualified skilled employees may restrict our ability to adequately support our business needs and/or result in increased personnel costs.,,,,,,,,,,,,filing,10-K FY2021 — Item 1A. RISK FACTORS,
unpaired_actual,VST,2021,,,,,,other_any_such_erosion_of_stakeholder,Other Any Such Erosion Of Stakeholder,,consolidated,,,,FY2021,"Any such erosion of stakeholder trust and confidence, evolving expectations from stakeholders on such ESG issues, and such parties' resulting actions or decisions about our company and our industry could have negative impacts on our business, operations, financial results, and stock price, including: • negative stakeholder sentiment toward us and our industry, including concerns over environmental or sustainability matters and potential changes in federal and state regulatory actions related thereto; • loss of business or loss of market share, including to competitors who do not have any, or comparable amounts, of operations involving fossil fuels; • loss of ability to secure growth opportunities; • the inability to, or increased difficulties and costs of, obtaining services, materials, or insurance from third parties; • reductions in our credit ratings or increased costs of, or limited access to, capital; • delays in project execution; • legal action; • inability or limitations on ability to receive applicable government subsidies, or competitors with smaller or no fossil operations receiving subsidies for which we are not eligible, or in larger amounts; 44 Table of Contents • increased regulatory oversight; • loss of ability to obtain and maintain necessary approvals and permits from governments and regulatory agencies on a timely basis and on acceptable terms; • impediments on our ability to acquire or renew rights-of-way or land rights on a timely basis and on acceptable terms; • changing investor sentiment regarding investment in the power and utilities industry or our company; • restricted access to and cost of capital; and • loss of ability to hire and retain top talent.",44,,,,,,,,,,,filing,10-K FY2021 — Item 1A. RISK FACTORS,
unpaired_actual,VST,2021,,,,,,subscribers,Subscribers / customers,,consolidated,,,,FY2021,"Based on numbers of meters, our total retail customer counts increased approximately 3%, 1% and 2% in 2021, 2020 and 2019, respectively.",approximately 3%,,,,,,,,,,,filing,10-K FY2021 — Item 7. MANAGEMENT'S DISCUSSION AND ANALYSIS OF FINANCIAL CONDITION AND RESULTS OF OPERATIONS,
unpaired_actual,VST,2021,,,,,,other_on_the_most_recent_goodwill,Other On The Most Recent Goodwill,,consolidated,,,,FY2021,"On the most recent goodwill testing date, we applied qualitative factors and determined that it was more likely than not that the fair value of our Retail and Texas Generation reporting units exceeded their carrying value at October 1, 2021.","1,",,,,,,,,,,,filing,10-K FY2021 — Item 7. MANAGEMENT'S DISCUSSION AND ANALYSIS OF FINANCIAL CONDITION AND RESULTS OF OPERATIONS,
unpaired_actual,VST,2021,,,,,,other_63_table_of_contents_accounting,Other 63 Table Of Contents Accounting,,consolidated,,,,FY2021,"63 Table of Contents Accounting guidance requires goodwill to be allocated to our reporting units, and at December 31, 2021, $2.461 billion of our goodwill was allocated to our Retail reporting unit and $122 million was allocated to our Texas Generation reporting unit.",63,,,,,,,,,,,filing,10-K FY2021 — Item 7. MANAGEMENT'S DISCUSSION AND ANALYSIS OF FINANCIAL CONDITION AND RESULTS OF OPERATIONS,
unpaired_actual,VST,2021,,,,,,capacity,Capacity,,consolidated,,,,FY2021,The change was primarily driven by: • proceeds of $1.975 billion from the issuance of preferred stock in 2021; • the issuance of $1.250 billion principal amount of Vistra Operations senior unsecured notes in 2021; • $500 million in cash received from the sale of a portion of the PJM capacity that cleared for Planning Years 2021-2022 in 2021; • redemption of $747 million principal amount of outstanding of Vistra unsecured senior notes in 2020; • net repayment of $350 million in short-term borrowings under the Revolving Credit Facility in 2020; and • repayment of $100 million of term loans under the Vistra Operations Credit Facilities in 2020; partially offset by: • $471 million in cash paid for share repurchases in 2021; and • net repayments of $300 million under the Receivables Facility in 2021 compared to net repayments of $150 million in 2020.,$1.975 billion,,,,,,,,,,,filing,10-K FY2021 — Item 7. MANAGEMENT'S DISCUSSION AND ANALYSIS OF FINANCIAL CONDITION AND RESULTS OF OPERATIONS,
unpaired_actual,VST,2021,,,,,,capacity,Capacity,,consolidated,,,,FY2021,"The $180 million increase in available liquidity for the year ended December 31, 2021 was primarily driven by proceeds of $1.975 billion from the issuance of preferred stock in 2021, cash received from the issuance of $1.250 billion principal amount of Vistra Operations senior unsecured notes in May 2021 and $500 million in cash received from the sale of a portion of the PJM capacity that cleared for Planning Years 2021-2022, partially offset by cash used in operations, including higher cash margin deposits posted with third parties, $1.033 billion of capital expenditures (including LTSA prepayments, nuclear fuel and development and growth expenditures), a $734 increase in letters of credit outstanding under the Revolving Credit Facility, $290 million in dividends paid to stockholders, $471 million in cash paid for share repurchases, $300 million in net cash repayments under the accounts receivable financing facilities and the maturity of a $250 million Alternate LOC Facility.",$180 million,,,,,,,,,,,filing,10-K FY2021 — Item 7. MANAGEMENT'S DISCUSSION AND ANALYSIS OF FINANCIAL CONDITION AND RESULTS OF OPERATIONS,
unpaired_actual,VST,2021,,,,,,revenue,Revenue,,segment:aws,,,,FY2021,"Management's Discussion and Analysis of Financial Condition and Results of Operations in this annual report on Form 10-K and the following important factors, among others, that could cause our actual results to differ materially from those projected in or implied by such forward-looking statements: • the actions and decisions of judicial and regulatory authorities; • prohibitions and other restrictions on our operations due to the terms of our agreements; • prevailing federal, state and local governmental policies and regulatory actions, including those of the legislatures and other government actions of states in which we operate, the U.S. Congress, the FERC, the NERC, the TRE, the public utility commissions of states and locales in which we operate, CAISO, ERCOT, ISO-NE, MISO, NYISO, PJM, the RCT, the NRC, the EPA, the environmental regulatory bodies of states in which we operate, the MSHA and the CFTC, with respect to, among other things: ▪ allowed prices; ▪ industry, market and rate structure; ▪ purchased power and recovery of investments; ▪ operations of nuclear generation facilities; ▪ operations of fossil-fueled generation facilities; ▪ operations of mines; ▪ acquisition and disposal of assets and facilities; ▪ development, construction and operation of facilities; ▪ decommissioning costs; ▪ present or prospective wholesale and retail competition; ▪ changes in federal, state and local tax laws, rates and policies, including additional regulation, interpretations, amendments, or technical corrections to the TCJA; ▪ changes in and compliance with environmental and safety laws and policies, including the Coal Combustion Residuals Rule, National Ambient Air Quality Standards, the Cross-State Air Pollution Rule, the Mercury and Air Toxics Standard, regional haze program implementation and GHG and other climate change initiatives; and ▪ clearing over-the-counter derivatives through exchanges and posting of cash collateral therewith; • expectations regarding, or impacts of, environmental matters, including costs of compliance, availability and adequacy of emission credits, and the impact of ongoing proceedings and potential regulations or changes to current regulations, including those relating to climate change, air emissions, cooling water intake structures, coal combustion byproducts, and other laws and regulations that we are, or could become, subject to, which could increase our costs, result in an impairment of our assets, cause us to limit or terminate the operation of certain of our facilities, or otherwise negatively impact our financial results or stock price; • legal and administrative proceedings and settlements; • general industry trends; • economic conditions, including the impact of any recession or economic downturn; • investor sentiment relating to climate change and utilization of fossil fuels in connection with power generation could reduce demand for, or increase potential volatility in the market price of, our common stock; • the severity, magnitude and duration of pandemics, including the COVID-19 pandemic, and the resulting effects on our results of operations, financial condition and cash flows; • the severity, magnitude and duration of extreme weather events (including Winter Storm Uri), drought and limitations on access to water, and other weather conditions and natural phenomena, contingencies and uncertainties relating thereto, most of which are difficult to predict and many of which are beyond our control, and the resulting effects on our results of operations, financial condition and cash flows; • acts of sabotage, wars or terrorist or cybersecurity threats or activities; • risk of contract performance claims by us or our counterparties, and risks of, or costs associated with, pursuing or defending such claims; 83 Table of Contents • our ability to collect trade receivables from counterparties in the amount or at the time expected, if at all; • our ability to attract, retain and profitably serve customers; • restrictions on competitive retail pricing or direct-selling businesses; • adverse publicity associated with our retail products or direct selling businesses, including our ability to address the marketplace and regulators regarding our compliance with applicable laws; • changes in wholesale electricity prices or energy commodity prices, including the price of natural gas; • changes in prices of transportation of natural gas, coal, fuel oil and other refined products; • sufficiency of, access to, and costs associated with coal, fuel oil, and natural gas inventories and transportation and storage thereof; • changes in the ability of counterparties and suppliers to provide or deliver commodities, materials, or services as needed; • beliefs and assumptions about the benefits of state- or federal-based subsidies to our market competition, and the corresponding impacts on us, including if such subsidies are disproportionately available to our competitors; • the effects of, or changes to, market design and the power, ancillary services, and capacity procurement processes in the markets in which we operate; • changes in market heat rates in the CAISO, ERCOT, ISO-NE, MISO, NYISO and PJM electricity markets; • our ability to effectively hedge against unfavorable commodity prices, including the price of natural gas, market heat rates and interest rates; • population growth or decline, or changes in market supply or demand and demographic patterns; • our ability to mitigate forced outage risk, including managing risk associated with Capacity Performance in PJM and performance incentives in ISO-NE; • efforts to identify opportunities to reduce congestion and improve busbar power prices; • access to adequate transmission facilities to meet changing demands; • changes in interest rates, commodity prices, rates of inflation or foreign exchange rates; • changes in operating expenses, liquidity needs and capital expenditures; • commercial bank market and capital market conditions and the potential impact of disruptions in U.S. and international credit markets; • access to capital, the attractiveness of the cost and other terms of such capital and the success of financing and refinancing efforts, including availability of funds in capital markets; • our ability to maintain prudent financial leverage and achieve our capital allocation, performance, and cost-saving initiatives and objectives; • our ability to generate sufficient cash flow to make principal and interest payments in respect of, or refinance, our debt obligations; • our expectation that we will continue to pay a comparable cash dividend on a quarterly basis; • our ability to implement and successfully execute upon our strategic and growth initiatives, including the completion and integration of mergers, acquisitions and/or joint venture activity, the identification and completion of sales and divestitures activity, and the completion and commercialization of our other business development and construction projects; • competition for new energy development and other business opportunities; • inability of various counterparties to meet their obligations with respect to our financial instruments; • counterparties' collateral demands and other factors affecting our liquidity position and financial condition; • changes in technology (including large-scale electricity storage) used by and services offered by us; • changes in electricity transmission that allow additional power generation to compete with our generation assets; • our ability to attract and retain qualified employees; • significant changes in our relationship with our employees, including the availability of qualified personnel, and the potential adverse effects if labor disputes or grievances were to occur or changes in laws or regulations relating to independent contractor status; • changes in assumptions used to estimate costs of providing employee benefits, including medical and dental benefits, pension and OPEB, and future funding requirements related thereto, including joint and several liability exposure under ERISA; • hazards customary to the industry and the possibility that we may not have adequate insurance to cover losses resulting from such hazards; • the impact of our obligations under the TRA; • our ability to optimize our assets through targeted investment in cost-effective technology enhancements and operations performance initiatives; • our ability to effectively and efficiently plan, prepare for and execute expected asset retirements and reclamation obligations and the impacts thereof; • our ability to successfully complete the integration of businesses acquired by Vistra and our ability to successfully capture the full amount of projected operational and financial synergies relating to such transactions; and 84 Table of Contents • actions by credit rating agencies.",10,,,,,,,,,,,filing,10-K FY2021 — Item 7A. QUANTITATIVE AND QUALITATIVE DISCLOSURES ABOUT MARKET RISK,
unpaired_actual,VST,2021,,,,,,headcount,Headcount,,consolidated,,,,FY2021,"STOCK-BASED COMPENSATION Vistra 2016 Omnibus Incentive Plan On the Effective Date, the Vistra board of directors (Board) adopted the 2016 Omnibus Incentive Plan (2016 Incentive Plan), under which an aggregate of 22,500,000 shares of our common stock were reserved for issuance as equity-based awards to our non-employee directors, employees, and certain other persons.",2016,,,,,,,,,,,filing,10-K FY2021 — Item 8. FINANCIAL STATEMENTS AND SUPPLEMENTARY DATA — Consolidated Financial Statements,
unpaired_actual,VST,2021,,,,,,other_restricted_stock_units_the_following,Other Restricted Stock Units The Following,,consolidated,,,,FY2021,"Restricted Stock Units The following table summarizes our restricted stock unit activity: Year Ended December 31, 2021 Restricted Stock Units (in thousands) Weighted Average Grant Date Fair Value Total nonvested at beginning of period 2,252 $ 22.35 Granted 1,858 $ 22.61 Vested ( 1,082 ) $ 22.02 Forfeited ( 217 ) $ 23.20 Total nonvested at end of period 2,811 $ 22.57 As of December 31, 2021, $ 38 million of unrecognized compensation cost related to unvested restricted stock units granted under the 2016 Incentive Plan are expected to be recognized over a weighted average period of approximately 2 years.","31,",,,,,,,,,,,filing,10-K FY2021 — Item 8. FINANCIAL STATEMENTS AND SUPPLEMENTARY DATA — Consolidated Financial Statements,
unpaired_actual,VST,2021,,,,,,capacity,Capacity,,consolidated,,,,FY2021,The contract was amended to increase the capacity of the planned development to a 36.25 MW battery ESS.,36.25,,,,,,,,,,,filing,10-K FY2021 — Item 8. FINANCIAL STATEMENTS AND SUPPLEMENTARY DATA — Consolidated Financial Statements,
unpaired_actual,VST,2021,,,,,,other_on_the_most_recent_goodwill,Other On The Most Recent Goodwill,,consolidated,,,,FY2021,"On the most recent goodwill testing date, we applied qualitative factors and determined that it was more likely than not that the fair value of our Retail and Texas Generation reporting units exceeded their carrying value at October 1, 2021.","1,",,,,,,,,,,,filing,10-K FY2021 — Item 8. FINANCIAL STATEMENTS AND SUPPLEMENTARY DATA — Consolidated Financial Statements,
unpaired_actual,VST,2021,,,,,,other_year_ended_december_31_2021,Other Year Ended December 31 2021,,consolidated,,,,FY2021,"Year Ended December 31, 2021 2020 2019 Net income (loss) attributable to Vistra $ ( 1,274 ) $ 636 $ 928 Less cumulative dividends attributable to Series A Preferred Stock ( 17 ) — — Less cumulative dividends attributable to Series B Preferred Stock ( 4 ) — — Net income (loss) attributable to common stock — basic ( 1,295 ) 636 928 Weighted average shares of common stock outstanding — basic 482,214,544 488,668,263 494,146,268 Net income (loss) per weighted average share of common stock outstanding — basic $ ( 2.69 ) $ 1.30 $ 1.88 Dilutive securities: Stock-based incentive compensation plan — 2,422,205 5,789,223 Weighted average shares of common stock outstanding — diluted 482,214,544 491,090,468 499,935,490 Net income (loss) per weighted average share of common stock outstanding — diluted $ ( 2.69 ) $ 1.30 $ 1.86 Stock-based incentive compensation plan awards excluded from the calculation of diluted earnings per share because the effect would have been antidilutive totaled 14,412,299 , 12,553,414 and 2,447,850 shares for the years ended December 31, 2021, 2020 and 2019, respectively.","31,",,,,,,,,,,,filing,10-K FY2021 — Item 8. FINANCIAL STATEMENTS AND SUPPLEMENTARY DATA — Consolidated Financial Statements,
unpaired_actual,VST,2021,,,,,,capacity,Capacity,,consolidated,,,,FY2021,"On the Merger Date, the Company assumed the obligation of Dynegy's agreements under which a portion of the PJM capacity that cleared for Planning Years 2018-2019, 2019-2020 and 2020-2021 was sold to a financial institution (Legacy Forward Capacity Agreements, and, together with the 2021-2022 Forward Capacity Agreement, the Forward Capacity Agreements).",2018,,,,,,,,,,,filing,10-K FY2021 — Item 8. FINANCIAL STATEMENTS AND SUPPLEMENTARY DATA — Consolidated Financial Statements,
unpaired_actual,VST,2021,,,,,,capacity,Capacity,,consolidated,,,,FY2021,"In May 2021, the final capacity payment from PJM during the Planning Years 2020-2021 was paid, and the terms of the Legacy Forward Capacity were fulfilled.","2021,",,,,,,,,,,,filing,10-K FY2021 — Item 8. FINANCIAL STATEMENTS AND SUPPLEMENTARY DATA — Consolidated Financial Statements,
unpaired_actual,VST,2021,,,,,,other_the_2020_share_repurchase_program,Other The 2020 Share Repurchase Program,,consolidated,,,,FY2021,"The 2020 Share Repurchase Program was effective January 1, 2021, at which time the 2018 Share Repurchase Plan (described below) and all authorized amounts remaining thereunder terminated as of such date.",2020,,,,,,,,,,,filing,10-K FY2021 — Item 8. FINANCIAL STATEMENTS AND SUPPLEMENTARY DATA — Consolidated Financial Statements,
unpaired_actual,VST,2021,,,,,,headcount,Headcount,,consolidated,,,,FY2021,"After amendments in 2012, employees in the Retirement Plan now consist entirely of participants who were active and retired collective bargaining unit employees.","2012,",,,,,,,,,,,filing,10-K FY2021 — Item 8. FINANCIAL STATEMENTS AND SUPPLEMENTARY DATA — Consolidated Financial Statements,
unpaired_actual,VST,2021,,,,,,other_the_following_table_summarizes_the,Other The Following Table Summarizes The,,consolidated,,,,Q1 FY2022,"The following table summarizes the changes to the TRA obligation, reported as other current liabilities and Tax Receivable Agreement obligation in our condensed consolidated balance sheets, for the three months ended March 31, 2022 and 2021: Three Months Ended March 31, 2022 2021 TRA obligation at the beginning of the period $ 395 $ 450 Accretion expense 15 17 Changes in tax assumptions impacting timing of payments (a) 66 ( 54 ) Impacts of Tax Receivable Agreement 81 ( 37 ) TRA obligation at the end of the period 476 413 Less amounts due currently ( 1 ) ( 3 ) Noncurrent TRA obligation at the end of the period $ 475 $ 410 ____________ (a) During the three months ended March 31, 2022, we recorded an increase to the carrying value of the TRA obligation totaling $ 66 million as a result of adjustments to forecasted taxable income due to increases in commodity price forecasts.","31,",,,,,,,,,,,filing,10-Q Q1 2022 — Item 1. FINANCIAL STATEMENTS — Consolidated Financial Statements,
unpaired_actual,VST,2021,,,,,,other_three_months_ended_march_31,Other Three Months Ended March 31,,consolidated,,,,Q1 FY2022,"Three Months Ended March 31, 2022 2021 Net loss attributable to Vistra $ ( 285 ) $ ( 2,043 ) Less cumulative dividends attributable to Series A Preferred Stock ( 20 ) — Less cumulative dividends attributable to Series B Preferred Stock ( 18 ) — Net loss attributable to common stock — basic ( 323 ) ( 2,043 ) Weighted average shares of common stock outstanding — basic 451,603,354 484,699,267 Net loss per weighted average share of common stock outstanding — basic $ ( 0.72 ) $ ( 4.21 ) Dilutive securities: Stock-based incentive compensation plan — — Weighted average shares of common stock outstanding — diluted 451,603,354 484,699,267 Net loss per weighted average share of common stock outstanding — diluted $ ( 0.72 ) $ ( 4.21 ) Stock-based incentive compensation plan awards excluded from the calculation of diluted earnings per share because the effect would have been antidilutive totaled 9,776,484 and 15,254,972 shares for the three months ended March 31, 2022 and 2021, respectively.","31,",,,,,,,,,,,filing,10-Q Q1 2022 — Item 1. FINANCIAL STATEMENTS — Consolidated Financial Statements,
unpaired_actual,VST,2021,,,,,,other_in_july_2021_the_repurchase,Other In July 2021 The Repurchase,,consolidated,,,,Q1 FY2022,"In July 2021, the Repurchase Facility was renewed until August 2021 and the facility size was increased from $ 125 million to $ 150 million.","2021,",,,,,,,,,,,filing,10-Q Q1 2022 — Item 1. FINANCIAL STATEMENTS — Consolidated Financial Statements,
unpaired_actual,VST,2021,,,,,,other_further_effective_as_of_the,Other Further Effective As Of The,,consolidated,,,,Q1 FY2022,"Further, effective as of the Amendment Effective Date, the 2022 Extended Revolving Credit Commitment (as defined in the Vistra Operations Credit Agreement) was established at $ 2.8 billion (with ability to increase up to $ 3.0 billion pursuant to an incremental amendment), the 2022 Non-Extended Revolving Credit Commitment (as defined in the Vistra Operations Credit Agreement) was maintained at $ 200 million.",2022,,,,,,,,,,,filing,10-Q Q1 2022 — Item 1. FINANCIAL STATEMENTS — Consolidated Financial Statements,
unpaired_actual,VST,2021,,,,,,other_the_proceeds_are_expected_to,Other The Proceeds Are Expected To,,consolidated,,,,Q1 FY2022,"The proceeds are expected to be received from ERCOT in the second quarter of 2022, and we concluded that the threshold for recognizing a receivable was met in December 2021 as the amounts to be received were determinable and ERCOT was directed by its governing body, the PUCT, to take all actions required to effectuate the $ 2.1 billion funding approved in the Debt Obligation Order.","2022,",,,,,,,,,,,filing,10-Q Q1 2022 — Item 1. FINANCIAL STATEMENTS — Consolidated Financial Statements,
unpaired_actual,VST,2021,,,,,,other_additionally_new_revolving_letter_of,Other Additionally New Revolving Letter Of,,consolidated,,,,Q1 FY2022,"Additionally, new revolving letter of credit issuers were appointed and the aggregate Revolving Letter of Credit Commitment (as defined in the Vistra Operations Credit Agreement) was increased to allow for the full amount of all revolving credit commitments to be utilized to issue letters of credit (and as of the Amendment Effective Date, the aggregate amount of revolving letter of credit commitments was $ 2.595 billion).",$ 2.595 billion,,,,,,,,,,,filing,10-Q Q1 2022 — Item 1. FINANCIAL STATEMENTS — Consolidated Financial Statements,
unpaired_actual,VST,2021,,,,,,other_vistra_operations_credit_agreement_amendment,Other Vistra Operations Credit Agreement Amendment,,consolidated,,,,Q1 FY2022,"Vistra Operations Credit Agreement Amendment — In April 2022, the Vistra Operations Credit Agreement was amended to, among other things, (i) establish extended revolving credit commitments of $ 2.8 billion (with ability to increase up to $ 3.0 billion pursuant to an incremental amendment), (ii) maintain non-extended revolving credit commitments of $ 200 million, (iii) increase revolving letter of credit commitments to allow for the full amount of all revolving credit commitments to be utilized to issue letters of credit (and as of the closing of the amendment, the aggregate amount of revolving letter of credit commitments was $ 2.595 billion) and (iv) extend the maturity date for the extended revolving credit commitments from June 14, 2023 to April 29, 2027 (see Note 10).","2022,",,,,,,,,,,,filing,10-Q Q1 2022 — Item 1. FINANCIAL STATEMENTS — Consolidated Financial Statements,
unpaired_actual,VST,2021,,,,,,capacity,Capacity,,consolidated,,,,Q1 FY2022,"On the Merger Date, the Company assumed the obligation of Dynegy's agreements under which a portion of the PJM capacity that cleared for Planning Years 2018-2019, 2019-2020 and 2020-2021 was sold to a financial institution (Legacy Forward Capacity Agreements, and, together with the 2021-2022 Forward Capacity Agreement, the Forward Capacity Agreements).",2018,,,,,,,,,,,filing,10-Q Q1 2022 — Item 1. FINANCIAL STATEMENTS — Consolidated Financial Statements,
unpaired_actual,VST,2021,,,,,,capacity,Capacity,,consolidated,,,,Q1 FY2022,"In May 2021, the final capacity payment from PJM during the Planning Years 2020-2021 was paid, and the terms of the Legacy Forward Capacity were fulfilled.","2021,",,,,,,,,,,,filing,10-Q Q1 2022 — Item 1. FINANCIAL STATEMENTS — Consolidated Financial Statements,
unpaired_actual,VST,2021,,,,,,other_the_matter_was_resolved_within,Other The Matter Was Resolved Within,,consolidated,,,,Q1 FY2022,The matter was resolved within the amount that was reserved and will be paid in the second quarter of 2022.,2022.,,,,,,,,,,,filing,10-Q Q1 2022 — Item 1. FINANCIAL STATEMENTS — Consolidated Financial Statements,
unpaired_actual,VST,2021,,,,,,revenue,Revenue,,consolidated,,,,Q1 FY2022,"Use of Estimates Preparation of financial statements requires estimates and assumptions about future events that affect the reporting of assets and liabilities at the balance sheet dates and the reported amounts of revenue and expense, including fair value measurements, estimates of expected obligations, judgments related to the potential timing of events and other estimates.",,,,,,,,,,,,filing,10-Q Q1 2022 — Item 1. FINANCIAL STATEMENTS — Consolidated Financial Statements,
unpaired_actual,VST,2021,,,,,,other_24_table_of_contents_miso,Other 24 Table Of Contents Miso,,consolidated,,,,Q1 FY2022,"24 Table of Contents MISO 2015-2016 Planning Resource Auction In May 2015, three complaints were filed at FERC regarding the Zone 4 results for the 2015-2016 planning resource auction (PRA) conducted by MISO.",24,,,,,,,,,,,filing,10-Q Q1 2022 — Item 1. FINANCIAL STATEMENTS — Consolidated Financial Statements,
unpaired_actual,VST,2021,,,,,,capacity,Capacity,,consolidated,,,,Q1 FY2022,The contract was amended to increase the capacity of the planned development to a 36.25 MW battery ESS.,36.25,,,,,,,,,,,filing,10-Q Q1 2022 — Item 1. FINANCIAL STATEMENTS — Consolidated Financial Statements,
unpaired_actual,VST,2021,,,,,,other_the_actual_timing_number_and,Other The Actual Timing Number And,,consolidated,,,,Q1 FY2022,"The actual timing, number and value of shares repurchased under the Share Repurchase Program or otherwise will be determined at our discretion and will depend on a number of factors, including our capital allocation priorities, the market price of our stock, general market and economic conditions, applicable legal requirements and compliance with the terms of our debt agreements and the certificate of designation of the Series A Preferred Stock and the Series B Preferred Stock, respectively.",,,,,,,,,,,,filing,10-Q Q1 2022 — Item 1. FINANCIAL STATEMENTS — Consolidated Financial Statements,
unpaired_actual,VST,2021,,,,,,other_in_february_2022_the_board,Other In February 2022 The Board,,consolidated,,,,Q1 FY2022,"In February 2022, the Board declared a semi-annual dividend of $ 40.00 per share of Series A Preferred Stock that was paid in April 2022.","2022,",,,,,,,,,,,filing,10-Q Q1 2022 — Item 1. FINANCIAL STATEMENTS — Consolidated Financial Statements,
unpaired_actual,VST,2021,,,,,,other_equity_the_following_table_presents,Other Equity The Following Table Presents,,consolidated,,,,Q1 FY2022,"Equity The following table presents the changes to equity for the three months ended March 31, 2022: Preferred Stock Common Stock (a) Treasury Stock Additional Paid-in Capital Retained Earnings (Deficit) Accumulated Other Comprehensive Income (Loss) Total Stockholders' Equity Noncontrolling Interest in Subsidiary Total Equity Balance at December 31, 2021 $ 2,000 $ 5 $ ( 1,558 ) $ 9,824 $ ( 1,964 ) $ ( 16 ) $ 8,291 $ 1 $ 8,292 Stock repurchases — — ( 612 ) — — — ( 612 ) — ( 612 ) Dividends declared on common stock — — — — ( 77 ) — ( 77 ) — ( 77 ) Dividends declared on preferred stock — — — — ( 37 ) — ( 37 ) — ( 37 ) Effects of stock-based incentive compensation plans — — — 18 — — 18 — 18 Net income (loss) — — — — ( 285 ) — ( 285 ) 1 ( 284 ) Other — — — 2 — — 2 — 2 Balance at March 31, 2022 $ 2,000 $ 5 $ ( 2,170 ) $ 9,844 $ ( 2,363 ) $ ( 16 ) $ 7,300 $ 2 $ 7,302 ________________ (a) Authorized shares totaled 1,800,000,000 at March 31, 2022.","31,",,,,,,,,,,,filing,10-Q Q1 2022 — Item 1. FINANCIAL STATEMENTS — Consolidated Financial Statements,
unpaired_actual,VST,2021,,,,,,other_28_table_of_contents_the,Other 28 Table Of Contents The,,consolidated,,,,Q1 FY2022,"28 Table of Contents The following table presents the changes to equity for the three months ended March 31, 2021: Common Stock (a) Treasury Stock Additional Paid-in Capital Retained Earnings (Deficit) Accumulated Other Comprehensive Income (Loss) Total Stockholders' Equity Noncontrolling Interest in Subsidiary Total Equity Balance at December 31, 2020 $ 5 $ ( 973 ) $ 9,786 $ ( 399 ) $ ( 48 ) $ 8,371 $ ( 10 ) $ 8,361 Stock repurchases — ( 175 ) — — — ( 175 ) — ( 175 ) Dividends declared on common stock — — — ( 74 ) — ( 74 ) — ( 74 ) Effects of stock-based incentive compensation plans — — 17 — — 17 — 17 Net income (loss) — — — ( 2,043 ) — ( 2,043 ) 3 ( 2,040 ) Change in accumulated other comprehensive income (loss) — — — — 2 2 — 2 Other — — 2 — — 2 — 2 Balance at March 31, 2021 $ 5 $ ( 1,148 ) $ 9,805 $ ( 2,516 ) $ ( 46 ) $ 6,100 $ ( 7 ) $ 6,093 ________________ (a) Authorized shares totaled 1,800,000,000 at March 31, 2021.",28,,,,,,,,,,,filing,10-Q Q1 2022 — Item 1. FINANCIAL STATEMENTS — Consolidated Financial Statements,
unpaired_actual,VST,2021,,,,,,other_the_asset_closure_segment_also,Other The Asset Closure Segment Also,,consolidated,,,,Q1 FY2022,"The Asset Closure segment also includes results from generation plants we plan to retire in the year ended December 31, 2022.","31,",,,,,,,,,,,filing,10-Q Q1 2022 — Item 1. FINANCIAL STATEMENTS — Consolidated Financial Statements,
unpaired_actual,VST,2021,,,,,,headcount,Headcount,,consolidated,,,,Q1 FY2022,"39 Table of Contents Allowance for Uncollectible Accounts Receivable Three Months Ended March 31, 2022 2021 Allowance for uncollectible accounts receivable at beginning of period $ 45 $ 45 Increase for bad debt expense 29 28 Decrease for account write-offs ( 25 ) ( 30 ) Allowance for uncollectible accounts receivable at end of period $ 49 $ 43 Inventories by Major Category March 31, 2022 December 31, 2021 Materials and supplies $ 263 $ 260 Fuel stock 266 314 Natural gas in storage 17 36 Total inventories $ 546 $ 610 Investments March 31, 2022 December 31, 2021 Nuclear plant decommissioning trust $ 1,862 $ 1,960 Assets related to employee benefit plans 41 42 Land 44 44 Miscellaneous other 5 3 Total investments $ 1,952 $ 2,049 Nuclear Decommissioning Trust Investments in a trust that will be used to fund the costs to decommission the Comanche Peak nuclear generation plant are carried at fair value.",39,,,,,,,,,,,filing,10-Q Q1 2022 — Item 1. FINANCIAL STATEMENTS — Consolidated Financial Statements,
unpaired_actual,VST,2021,,,,,,deliveries,Deliveries,,consolidated,,,,Q1 FY2022,"Income and expense, including gains and losses associated with the trust fund assets and the decommissioning liability are offset by a corresponding change in a regulatory asset/liability (currently a regulatory liability reported in other noncurrent liabilities and deferred credits) that will ultimately be settled through changes in Oncor's delivery fees rates.",,,,,,,,,,,,filing,10-Q Q1 2022 — Item 1. FINANCIAL STATEMENTS — Consolidated Financial Statements,
unpaired_actual,VST,2021,,,,,,production_volume,Production volume,,consolidated,,,,Q1 FY2022,"57 Table of Contents Asset Closure Segment — Three Months Ended March 31, 2022 Compared to Three Months Ended March 31, 2021 Three Months Ended March 31, Favorable (Unfavorable) Change 2022 2021 Operating revenues $ 107 $ 22 $ 85 Fuel, purchased power costs and delivery fees (102) (27) (75) Operating costs $ (44) $ (40) $ (4) Depreciation and amortization (14) (4) (10) Selling, general and administrative expenses (10) (15) 5 Operating loss (63) (64) 1 Other income 2 16 (14) Loss before income taxes (62) (48) (14) Net loss $ (62) $ (48) $ (14) Adjusted EBITDA $ (6) $ (33) $ 27 Production volumes (GWh) 3,199 1,497 1,702 Results and volumes for the Asset Closure segment include results from the Zimmer and Joppa generation plants that we plan to retire in May 2022 and September 2022, respectively.",57,,,,,,,,,,,filing,10-Q Q1 2022 — Item 2. MANAGEMENT'S DISCUSSION AND ANALYSIS OF FINANCIAL CONDITION AND RESULTS OF OPERATIONS,
unpaired_actual,VST,2021,,,,,,capacity,Capacity,,consolidated,,,,Q1 FY2022,"The change was primarily driven by: • $710 million in cash paid for share repurchases in 2022, including $114 million of settled share repurchases accrued as of December 31, 2021 and $16 million of share repurchases accrued as of March 31, 2022, compared to $175 million in cash paid in 2021; • $1.0 billion in cash received from the issuance of term loans under the Term Loan A Facility in 2021; • $500 million in cash received from the sale of a portion of the PJM capacity that cleared for Planning Years 2021-2022 in 2021; • Net borrowings of $300 million under the Revolving Credit Facility in 2021; These increases in cash used in financing activities are partially offset by net borrowings of $500 million under the accounts receivable financing facilities in 2022 compared to net borrowings of $425 million in 2021.",$710 million,,,,,,,,,,,filing,10-Q Q1 2022 — Item 2. MANAGEMENT'S DISCUSSION AND ANALYSIS OF FINANCIAL CONDITION AND RESULTS OF OPERATIONS,
unpaired_actual,VST,2021,,,,,,product_milestone,Product / strategic milestone,,consolidated,,,,Q1 FY2022,"The $556 million increase in available liquidity for the three months ended March 31, 2022 was primarily driven by cash provided by operations, including the change in margin deposits related to commodity contracts, $1.0 billion in availability under the new Commodity-Linked Facility and $500 million in net cash borrowings under the accounts receivable financing facilities, partially offset by $710 million in cash paid for share repurchases, $373 million of capital expenditures (including LTSA prepayments, nuclear fuel and development and growth expenditures), a $141 million increase in letters of credit outstanding under the Revolving Credit Facility and $77 million in dividends paid to common stockholders.",$556 million,,,,,,,,,,,filing,10-Q Q1 2022 — Item 2. MANAGEMENT'S DISCUSSION AND ANALYSIS OF FINANCIAL CONDITION AND RESULTS OF OPERATIONS,
unpaired_actual,VST,2021,,,,,,other_the_weather_event_resulted_in,Other The Weather Event Resulted In,,consolidated,,,,Q1 FY2022,"The weather event resulted in a $2.2 billion negative impact on the Company's pre-tax earnings in the year ended December 31, 2021, after taking into account approximately $544 million in securitization proceeds Vistra expects to receive from ERCOT as further described below.",$2.2 billion,,,,,,,,,,,filing,10-Q Q1 2022 — Item 2. MANAGEMENT'S DISCUSSION AND ANALYSIS OF FINANCIAL CONDITION AND RESULTS OF OPERATIONS,
unpaired_actual,VST,2021,,,,,,operating_income,Operating income,,consolidated,,,,Q1 FY2022,"Balance 2022 2023 Texas: Nuclear/Renewable/Coal Generation: $2.50/MWh increase in power price $ 6 $ 32 Nuclear/Renewable/Coal Generation: $2.50/MWh decrease in power price $ (5) $ (31) Gas Generation: $1.00/MWh increase in spark spread $ 6 $ 36 Gas Generation: $1.00/MWh decrease in spark spread $ (5) $ (35) Residual Natural Gas Position: $0.25/MMBtu increase in natural gas price $ (5) $ (28) Residual Natural Gas Position: $0.25/MMBtu decrease in natural gas price $ 5 $ 22 East: Gas Generation: $1.00/MWh increase in spark spread $ 2 $ 16 Gas Generation: $1.00/MWh decrease in spark spread $ (1) $ (15) Residual Natural Gas Position: $0.25/MMBtu increase in natural gas price $ — $ — Residual Natural Gas Position: $0.25/MMBtu decrease in natural gas price $ — $ — West: Gas Generation: $1.00/MWh increase in spark spread $ — $ 2 Gas Generation: $1.00/MWh decrease in spark spread $ — $ (2) Residual Natural Gas Position: $0.25/MMBtu increase in natural gas price $ — $ 1 Residual Natural Gas Position: $0.25/MMBtu decrease in natural gas price $ — $ (1) Sunset: Coal Generation: $2.50/MWh increase in power price $ 3 $ 25 Coal Generation: $2.50/MWh decrease in power price $ (3) $ (24) Residual Natural Gas Position: $0.25/MMBtu increase in natural gas price $ — $ (11) Residual Natural Gas Position: $0.25/MMBtu increase in natural gas price $ — $ 11 48 Table of Contents RESULTS OF OPERATIONS Consolidated Financial Results — Three Months Ended March 31, 2022 Compared to Three Months Ended March 31, 2021 Three Months Ended March 31, Favorable (Unfavorable) $ Change 2022 2021 Operating revenues $ 3,125 $ 3,207 $ (82) Fuel, purchased power costs and delivery fees (2,279) (4,745) 2,466 Operating costs (416) (371) (45) Depreciation and amortization (430) (423) (7) Selling, general and administrative expenses (288) (251) (37) Operating loss (288) (2,583) 2,295 Other income 5 55 (50) Other deductions (4) (5) 1 Interest expense and related charges (7) (29) 22 Impacts of Tax Receivable Agreement (81) 37 (118) Loss before income taxes (375) (2,525) 2,150 Income tax benefit 91 485 (394) Net loss $ (284) $ (2,040) $ 1,756 Three Months Ended March 31, 2022 Retail Texas East West Sunset Asset Closure Eliminations / Corporate and Other Vistra Consolidated Operating revenues $ 1,825 $ (1,095) $ 955 $ 72 $ (140) $ 107 $ 1,401 $ 3,125 Fuel, purchased power costs and delivery fees 864 (526) (828) (73) (213) (102) (1,401) (2,279) Operating costs (33) (201) (57) (12) (68) (44) (1) (416) Depreciation and amortization (36) (123) (179) (42) (19) (14) (17) (430) Selling, general and administrative expenses (188) (32) (17) (6) (10) (10) (25) (288) Impairment of long-lived assets — — — — — — — — Operating income (loss) 2,432 (1,977) (126) (61) (450) (63) (43) (288) Other income — 1 — — — 2 2 5 Other deductions (3) (1) — — — — — (4) Interest expense and related charges (1) 5 (2) — — (1) (8) (7) Impacts of Tax Receivable Agreement — — — — — — (81) (81) Income (loss) before income taxes 2,428 (1,972) (128) (61) (450) (62) (130) (375) Income tax benefit — — — — — — 91 91 Net income (loss) $ 2,428 $ (1,972) $ (128) $ (61) $ (450) $ (62) $ (39) $ (284) 49 Table of Contents Three Months Ended March 31, 2021 Retail Texas East West Sunset Asset Closure Eliminations / Corporate and Other Vistra Consolidated Operating revenues $ 1,750 $ 1,083 $ 724 $ 33 $ 257 $ 22 $ (662) $ 3,207 Fuel, purchased power costs and delivery fees (1,400) (3,318) (454) (48) (160) (27) 662 (4,745) Operating costs (31) (179) (54) (7) (60) (40) — (371) Depreciation and amortization (53) (124) (196) (5) (25) (4) (16) (423) Selling, general and administrative expenses (172) (18) (18) (8) (8) (15) (12) (251) Operating income (loss) 94 (2,556) 2 (35) 4 (64) (28) (2,583) Other income — 37 — — 1 16 1 55 Other deductions (4) (2) — — 1 — — (5) Interest expense and related charges (2) 3 (1) 4 (1) — (32) (29) Impacts of Tax Receivable Agreement — — — — — — 37 37 Income (loss) before income taxes 88 (2,518) 1 (31) 5 (48) (22) (2,525) Income tax benefit — — — — — — 485 485 Net income (loss) $ 88 $ (2,518) $ 1 $ (31) $ 5 $ (48) $ 463 $ (2,040) In the first quarter 2022, our operating segments delivered strong operating performance with a disciplined focus on cost management, while generating and selling essential electricity in a safe and reliable manner.",2022,,,,,,,,,,,filing,10-Q Q1 2022 — Item 2. MANAGEMENT'S DISCUSSION AND ANALYSIS OF FINANCIAL CONDITION AND RESULTS OF OPERATIONS,
unpaired_actual,VST,2021,,,,,,other_the_actual_timing_number_and,Other The Actual Timing Number And,,consolidated,,,,Q1 FY2022,"The actual timing, number and value of shares repurchased under the Share Repurchase Program or otherwise will be determined at our discretion and will depend on a number of factors, including our capital allocation priorities, the market price of our stock, general market and economic conditions, applicable legal requirements and compliance with the terms of our debt agreements and the certificate of designation of the Series A Preferred Stock and the Series B Preferred Stock, respectively.",,,,,,,,,,,,filing,10-Q Q1 2022 — Item 2. UNREGISTERED SALES OF EQUITY SECURITIES AND USE OF PROCEEDS,
unpaired_actual,VST,2021,,,,,,revenue,Revenue,,segment:aws,,,,Q1 FY2022,"Although we believe that in making any such forward-looking statement our expectations are based on reasonable assumptions, any such forward-looking statement involves uncertainties and risks and is qualified in its entirety by reference to the discussion under Part II, Item 1A Risk Factors and Part I, Item 2 Management's Discussion and Analysis of Financial Condition and Results of Operations in this quarterly report on Form 10-Q and the following important factors, among others, that could cause our actual results to differ materially from those projected in or implied by such forward-looking statements: • the actions and decisions of judicial and regulatory authorities; • prohibitions and other restrictions on our operations due to the terms of our agreements; • prevailing federal, state and local governmental policies and regulatory actions, including those of the legislatures and other government actions of states in which we operate, the U.S. Congress, the FERC, the NERC, the TRE, the public utility commissions of states and locales in which we operate, CAISO, ERCOT, ISO-NE, MISO, NYISO, PJM, the RCT, the NRC, the EPA, the environmental regulatory bodies of states in which we operate, the MSHA and the CFTC, with respect to, among other things: ▪ allowed prices; ▪ industry, market and rate structure; ▪ purchased power and recovery of investments; ▪ operations of nuclear generation facilities; ▪ operations of fossil-fueled generation facilities; ▪ operations of mines; ▪ acquisition and disposal of assets and facilities; ▪ development, construction and operation of facilities; ▪ decommissioning costs; ▪ present or prospective wholesale and retail competition; ▪ changes in federal, state and local tax laws, rates and policies, including additional regulation, interpretations, amendments, or technical corrections to The Tax Cuts and Jobs Act of 2017; ▪ changes in and compliance with environmental and safety laws and policies, including the Coal Combustion Residuals Rule, National Ambient Air Quality Standards, the Cross-State Air Pollution Rule, the Mercury and Air Toxics Standard, regional haze program implementation and GHG and other climate change initiatives, and ▪ clearing over-the-counter derivatives through exchanges and posting of cash collateral therewith; • expectations regarding, or impacts of, environmental matters, including costs of compliance, availability and adequacy of emission credits, and the impact of ongoing proceedings and potential regulations or changes to current regulations, including those relating to climate change, air emissions, cooling water intake structures, coal combustion byproducts, and other laws and regulations that we are, or could become, subject to, which could increase our costs, result in an impairment of our assets, cause us to limit or terminate the operation of certain of our facilities, or otherwise negatively impact our financial results or stock price; • legal and administrative proceedings and settlements; • general industry trends; • economic conditions, including the impact of any inflationary period, recession or economic downturn; • investor sentiment relating to climate change and utilization of fossil fuels in connection with power generation could reduce demand for, or increase potential volatility in the market price of, our common stock; • the severity, magnitude and duration of pandemics, including the COVID-19 pandemic, and the resulting effects on our results of operations, financial condition and cash flows; • the severity, magnitude and duration of extreme weather events, drought and limitations on access to water, and other weather conditions and natural phenomena, contingencies and uncertainties relating thereto, most of which are difficult to predict and many of which are beyond our control, and the resulting effects on our results of operations, financial condition and cash flows; • acts of sabotage, geopolitical conflicts, wars, or terrorist, cybersecurity, cybercriminal, or cyber-espionage threats or activities; 67 Table of Contents • risk of contract performance claims by us or our counterparties, and risks of, or costs associated with, pursuing or defending such claims; • our ability to collect trade receivables from counterparties in the amount or at the time expected, if at all; • our ability to attract, retain and profitably serve customers; • restrictions on or prohibitions of competitive retail pricing or direct-selling businesses; • adverse publicity associated with our retail products or direct selling businesses, including our ability to address the marketplace and regulators regarding our compliance with applicable laws; • changes in wholesale electricity prices or energy commodity prices, including the price of natural gas; • changes in prices of transportation of natural gas, coal, fuel oil and other refined products; • sufficiency of, access to, and costs associated with coal, fuel oil, natural gas, and uranium inventories and transportation and storage thereof; • changes in the ability of counterparties and suppliers to provide or deliver commodities, materials, or services as needed; • beliefs and assumptions about the benefits of state- or federal-based subsidies to our market competition, and the corresponding impacts on us, including if such subsidies are disproportionately available to our competitors; • the effects of, or changes to, market design and the power, ancillary services and capacity procurement processes in the markets in which we operate; • changes in market heat rates in the CAISO, ERCOT, ISO-NE, MISO, NYISO and PJM electricity markets; • our ability to effectively hedge against unfavorable commodity prices, including the price of natural gas, market heat rates and interest rates; • population growth or decline, or changes in market supply or demand and demographic patterns; • our ability to mitigate forced outage risk, including managing risk associated with Capacity Performance in PJM and performance incentives in ISO-NE; • efforts to identify opportunities to reduce congestion and improve busbar power prices; • access to adequate transmission facilities to meet changing demands; • changes in interest rates, commodity prices, rates of inflation or foreign exchange rates; • changes in operating expenses, liquidity needs and capital expenditures; • commercial bank market and capital market conditions and the potential impact of disruptions in U.S. and international credit markets; • access to capital, the attractiveness of the cost and other terms of such capital and the success of financing and refinancing efforts, including availability of funds in capital markets; • our ability to maintain prudent financial leverage and achieve our capital allocation, performance, and cost-saving initiatives and objectives; • our ability to generate sufficient cash flow to make principal and interest payments in respect of, or refinance, our debt obligations; • our expectation that we will continue to pay (i) a consistent aggregate cash dividend amount to common stockholders on a quarterly basis and (ii) the applicable semiannual cash dividend to the Series A Preferred Stock and Series B Preferred Stock stockholders, respectively; • our ability to implement and successfully execute upon our strategic and growth initiatives, including the completion and integration of mergers, acquisitions and/or joint venture activity, the identification and completion of sales and divestitures activity, and the completion and commercialization of our other business development and construction projects; • competition for new energy development and other business opportunities; • inability of various counterparties to meet their obligations with respect to our financial instruments; • counterparties' collateral demands and other factors affecting our liquidity position and financial condition; • changes in technology (including large-scale electricity storage) used by and services offered by us; • changes in electricity transmission that allow additional power generation to compete with our generation assets; • our ability to attract and retain qualified employees; • significant changes in our relationship with our employees, including the availability of qualified personnel, and the potential adverse effects if labor disputes or grievances were to occur or changes in laws or regulations relating to independent contractor status; • changes in assumptions used to estimate costs of providing employee benefits, including medical and dental benefits, pension and other postretirement employee benefits, and future funding requirements related thereto, including joint and several liability exposure under ERISA; • hazards customary to the industry and the possibility that we may not have adequate insurance to cover losses resulting from such hazards; • the impact of our obligations under the TRA; • our ability to optimize our assets through targeted investment in cost-effective technology enhancements and operations performance initiatives; 68 Table of Contents • our ability to effectively and efficiently plan, prepare for and execute expected asset retirements and reclamation obligations and the impacts thereof; • our ability to successfully complete the integration of businesses acquired by Vistra and our ability to successfully capture the full amount of projected operational and financial synergies relating to such transactions, and • actions by credit rating agencies.",1,,,,,,,,,,,filing,10-Q Q1 2022 — Item 3. QUANTITATIVE AND QUALITATIVE DISCLOSURES ABOUT MARKET RISK,
unpaired_actual,VST,2021,,,,,,other_15_table_of_contents_the,Other 15 Table Of Contents The,,segment:aws,,,,Q2 FY2022,"15 Table of Contents The following table summarizes the changes to the TRA obligation, reported as other current liabilities and Tax Receivable Agreement obligation in our condensed consolidated balance sheets, for the six months ended June 30, 2022 and 2021: Six Months Ended June 30, 2022 2021 TRA obligation at the beginning of the period $ 395 $ 450 Accretion expense 32 32 Changes in tax assumptions impacting timing of payments (a) 83 ( 28 ) Impacts of Tax Receivable Agreement 115 4 TRA obligation at the end of the period 510 454 Less amounts due currently ( 1 ) ( 3 ) Noncurrent TRA obligation at the end of the period $ 509 $ 451 ____________ (a) During the three and six months ended June 30, 2022, we recorded increases to the carrying value of the TRA obligation totaling $ 17 million and $ 83 million, respectively, as a result of adjustments to forecasted taxable income due to increases in commodity price forecasts, partially offset by anticipated tax benefits under current laws for planned additional renewable development projects.",15,,,,,,,,,,,filing,10-Q Q2 2022 — Item 1. FINANCIAL STATEMENTS — Consolidated Financial Statements,
unpaired_actual,VST,2021,,,,,,other_during_the_three_months_ended,Other During The Three Months Ended,,consolidated,,,,Q2 FY2022,"During the three months ended June 30, 2021, we recorded an increase to the carrying value of the TRA obligation totaling $ 26 million as a result of adjustments to forecasted taxable income.","30,",,,,,,,,,,,filing,10-Q Q2 2022 — Item 1. FINANCIAL STATEMENTS — Consolidated Financial Statements,
unpaired_actual,VST,2021,,,,,,other_three_months_ended_june_30,Other Three Months Ended June 30,,consolidated,,,,Q2 FY2022,"Three Months Ended June 30, Six Months Ended June 30, 2022 2021 2022 2021 Net income (loss) attributable to Vistra $ ( 1,365 ) $ 36 $ ( 1,650 ) $ ( 2,006 ) Less cumulative dividends attributable to Series A Preferred Stock ( 20 ) — ( 40 ) — Less cumulative dividends attributable to Series B Preferred Stock ( 17 ) — ( 35 ) — Net income (loss) attributable to common stock — basic ( 1,402 ) 36 ( 1,725 ) ( 2,006 ) Weighted average shares of common stock outstanding — basic 429,193,031 486,022,633 440,336,286 485,364,606 Net income (loss) per weighted average share of common stock outstanding — basic $ ( 3.27 ) $ 0.07 $ ( 3.92 ) $ ( 4.13 ) Dilutive securities: Stock-based incentive compensation plan — 1,343,593 — — Weighted average shares of common stock outstanding — diluted 429,193,031 487,366,226 440,336,286 485,364,606 Net income (loss) per weighted average share of common stock outstanding — diluted $ ( 3.27 ) $ 0.07 $ ( 3.92 ) $ ( 4.13 ) Stock-based incentive compensation plan awards excluded from the calculation of diluted earnings per share because the effect would have been antidilutive totaled 5,567,585 and 14,433,851 shares for the three months ended June 30, 2022 and 2021, respectively, and 8,052,517 and 15,734,553 shares for the six months ended June 30, 2022 and 2021, respectively.","30,",,,,,,,,,,,filing,10-Q Q2 2022 — Item 1. FINANCIAL STATEMENTS — Consolidated Financial Statements,
unpaired_actual,VST,2021,,,,,,other_subsequent_amendments_in_may_2022,Other Subsequent Amendments In May 2022,,consolidated,,,,Q2 FY2022,Subsequent amendments in May 2022 and June 2022 increased the aggregate available commitments from $ 2.0 billion to $ 2.25 billion.,2022,,,,,,,,,,,filing,10-Q Q2 2022 — Item 1. FINANCIAL STATEMENTS — Consolidated Financial Statements,
unpaired_actual,VST,2021,,,,,,capacity,Capacity,,consolidated,,,,Q2 FY2022,"In May 2022, the final capacity payment from PJM during the Planning Years 2021-2022 was paid, and the terms of the 2021-2022 Forward Capacity were fulfilled.","2022,",,,,,,,,,,,filing,10-Q Q2 2022 — Item 1. FINANCIAL STATEMENTS — Consolidated Financial Statements,
unpaired_actual,VST,2021,,,,,,capacity,Capacity,,consolidated,,,,Q2 FY2022,"On the Merger Date, the Company assumed the obligation of Dynegy's agreements under which a portion of the PJM capacity that cleared for Planning Years 2018-2019, 2019-2020 and 2020-2021 was sold to a financial institution (Legacy Forward Capacity Agreements, and, together with the 2021-2022 Forward Capacity Agreement, the Forward Capacity Agreements).",2018,,,,,,,,,,,filing,10-Q Q2 2022 — Item 1. FINANCIAL STATEMENTS — Consolidated Financial Statements,
unpaired_actual,VST,2021,,,,,,capacity,Capacity,,consolidated,,,,Q2 FY2022,"In May 2021, the final capacity payment from PJM during the Planning Years 2020-2021 was paid, and the terms of the Legacy Forward Capacity were fulfilled.","2021,",,,,,,,,,,,filing,10-Q Q2 2022 — Item 1. FINANCIAL STATEMENTS — Consolidated Financial Statements,
unpaired_actual,VST,2021,,,,,,revenue,Revenue,,consolidated,,,,Q2 FY2022,"Use of Estimates Preparation of financial statements requires estimates and assumptions about future events that affect the reporting of assets and liabilities at the balance sheet dates and the reported amounts of revenue and expense, including fair value measurements, estimates of expected obligations, judgments related to the potential timing of events and other estimates.",,,,,,,,,,,,filing,10-Q Q2 2022 — Item 1. FINANCIAL STATEMENTS — Consolidated Financial Statements,
unpaired_actual,VST,2021,,,,,,other_miso_2015_2016_planning_resource,Other Miso 2015 2016 Planning Resource,,consolidated,,,,Q2 FY2022,"MISO 2015-2016 Planning Resource Auction In May 2015, three complaints were filed at FERC regarding the Zone 4 results for the 2015-2016 planning resource auction (PRA) conducted by MISO.",2015,,,,,,,,,,,filing,10-Q Q2 2022 — Item 1. FINANCIAL STATEMENTS — Consolidated Financial Statements,
unpaired_actual,VST,2021,,,,,,capacity,Capacity,,consolidated,,,,Q2 FY2022,The contract was amended to increase the capacity of the planned development to a 36.25 MW battery ESS.,36.25,,,,,,,,,,,filing,10-Q Q2 2022 — Item 1. FINANCIAL STATEMENTS — Consolidated Financial Statements,
unpaired_actual,VST,2021,,,,,,other_the_actual_timing_number_and,Other The Actual Timing Number And,,consolidated,,,,Q2 FY2022,"The actual timing, number and value of shares repurchased under the Share Repurchase Program or otherwise will be determined at our discretion and will depend on a number of factors, including our capital allocation priorities, the market price of our stock, general market and economic conditions, applicable legal requirements and compliance with the terms of our debt agreements and the certificate of designation of the Series A Preferred Stock and the Series B Preferred Stock, respectively.",,,,,,,,,,,,filing,10-Q Q2 2022 — Item 1. FINANCIAL STATEMENTS — Consolidated Financial Statements,
unpaired_actual,VST,2021,,,,,,other_in_february_2022_the_board,Other In February 2022 The Board,,consolidated,,,,Q2 FY2022,"In February 2022, the Board declared a semi-annual dividend of $ 40.00 per share of Series A Preferred Stock that was paid in April 2022.","2022,",,,,,,,,,,,filing,10-Q Q2 2022 — Item 1. FINANCIAL STATEMENTS — Consolidated Financial Statements,
unpaired_actual,VST,2021,,,,,,other_32_table_of_contents_equity,Other 32 Table Of Contents Equity,,consolidated,,,,Q2 FY2022,"32 Table of Contents Equity The following table presents the changes to equity for the three months ended June 30, 2022: Preferred Stock Common Stock (a) Treasury Stock Additional Paid-in Capital Retained Earnings (Deficit) Accumulated Other Comprehensive Income (Loss) Total Stockholders' Equity Noncontrolling Interest in Subsidiary Total Equity Balance at March 31, 2022 $ 2,000 $ 5 $ ( 2,170 ) $ 9,844 $ ( 2,363 ) $ ( 16 ) $ 7,300 $ 2 $ 7,302 Stock repurchases — — ( 474 ) — — — ( 474 ) — ( 474 ) Dividends declared on common stock — — — — ( 75 ) — ( 75 ) — ( 75 ) Dividends declared on preferred stock — — — — ( 38 ) — ( 38 ) — ( 38 ) Effects of stock-based incentive compensation plans — — — 40 — — 40 — 40 Net income (loss) — — — — ( 1,365 ) — ( 1,365 ) 8 ( 1,357 ) Other — — ( 1 ) 6 ( 1 ) 4 1 5 Balance at June 30, 2022 $ 2,000 $ 5 $ ( 2,645 ) $ 9,890 $ ( 3,842 ) $ ( 16 ) $ 5,392 $ 11 $ 5,403 The following table presents the changes to equity for the six months ended June 30, 2022: Preferred Stock (a) Common Stock (b) Treasury Stock Additional Paid-in Capital Retained Earnings (Deficit) Accumulated Other Comprehensive Income (Loss) Total Stockholders' Equity Noncontrolling Interest in Subsidiary Total Equity Balance at December 31, 2021 $ 2,000 $ 5 $ ( 1,558 ) $ 9,824 $ ( 1,964 ) $ ( 16 ) $ 8,291 $ 1 $ 8,292 Stock repurchases — — ( 1,086 ) — — — ( 1,086 ) — ( 1,086 ) Dividends declared on common stock — — — — ( 152 ) — ( 152 ) — ( 152 ) Dividends declared on preferred stock — — — — ( 76 ) — ( 76 ) — ( 76 ) Effects of stock-based incentive compensation plans — — — 58 — — 58 — 58 Net income (loss) — — — — ( 1,650 ) — ( 1,650 ) 9 ( 1,641 ) Other — — ( 1 ) 8 — — 7 1 8 Balance at June 30, 2022 $ 2,000 $ 5 $ ( 2,645 ) $ 9,890 $ ( 3,842 ) $ ( 16 ) $ 5,392 $ 11 $ 5,403 ________________ (a) Authorized shares totaled 100,000,000 at June 30, 2022.",32,,,,,,,,,,,filing,10-Q Q2 2022 — Item 1. FINANCIAL STATEMENTS — Consolidated Financial Statements,
unpaired_actual,VST,2021,,,,,,other_33_table_of_contents_the,Other 33 Table Of Contents The,,consolidated,,,,Q2 FY2022,"33 Table of Contents The following table presents the changes to equity for the three months ended June 30, 2021: Common Stock (a) Treasury Stock Additional Paid-in Capital Retained Earnings (Deficit) Accumulated Other Comprehensive Income (Loss) Total Stockholders' Equity Noncontrolling Interest Total Equity Balance at March 31, 2021 $ 5 $ ( 1,148 ) $ 9,805 $ ( 2,516 ) $ ( 46 ) $ 6,100 $ ( 7 ) $ 6,093 Dividends declared on common stock — — — ( 73 ) — ( 73 ) — ( 73 ) Effects of stock-based incentive compensation plans — — 10 — — 10 — 10 Net income (loss) — — — 36 — 36 ( 1 ) 35 Change in accumulated other comprehensive income (loss) — — — — 1 1 — 1 Other — — 1 1 — 2 — 2 Balance at June 30, 2021 $ 5 $ ( 1,148 ) $ 9,816 $ ( 2,552 ) $ ( 45 ) $ 6,076 $ ( 8 ) $ 6,068 The following table presents the changes to equity for the six months ended June 30, 2021: Common Stock (a) Treasury Stock Additional Paid-in Capital Retained Earnings (Deficit) Accumulated Other Comprehensive Income (Loss) Total Stockholders' Equity Noncontrolling Interest in Subsidiary Total Equity Balance at December 31, 2020 $ 5 $ ( 973 ) $ 9,786 $ ( 399 ) $ ( 48 ) $ 8,371 $ ( 10 ) $ 8,361 Stock repurchases — ( 175 ) — — — ( 175 ) — ( 175 ) Dividends declared on common stock — — — ( 147 ) — ( 147 ) — ( 147 ) Effects of stock-based incentive compensation plans — — 27 — 27 — 27 Net income (loss) — — — ( 2,006 ) — ( 2,006 ) 2 ( 2,004 ) Change in accumulated other comprehensive income (loss) — — — — 3 3 — 3 Other — — 3 — — 3 — 3 Balance at June 30, 2021 $ 5 $ ( 1,148 ) $ 9,816 $ ( 2,552 ) $ ( 45 ) $ 6,076 $ ( 8 ) $ 6,068 ________________ (a) Authorized shares totaled 1,800,000,000 at June 30, 2021.",33,,,,,,,,,,,filing,10-Q Q2 2022 — Item 1. FINANCIAL STATEMENTS — Consolidated Financial Statements,
unpaired_actual,VST,2021,,,,,,deliveries,Deliveries,,consolidated,,,,Q2 FY2022,"Income and expense, including gains and losses associated with the trust fund assets and the decommissioning liability are offset by a corresponding change in a regulatory asset/liability (currently a regulatory asset reported in other noncurrent assets) that will ultimately be settled through changes in Oncor's delivery fees rates.",,,,,,,,,,,,filing,10-Q Q2 2022 — Item 1. FINANCIAL STATEMENTS — Consolidated Financial Statements,
unpaired_actual,VST,2021,,,,,,capacity,Capacity,,consolidated,,,,Q2 FY2022,"Balance 2022 2023 Texas: Nuclear/Renewable/Coal Generation: $2.50/MWh increase in power price $ 3 $ 18 Nuclear/Renewable/Coal Generation: $2.50/MWh decrease in power price $ (3) $ (17) Gas Generation: $1.00/MWh increase in spark spread $ 4 $ 20 Gas Generation: $1.00/MWh decrease in spark spread $ (3) $ (19) Residual Natural Gas Position: $0.25/MMBtu increase in natural gas price $ 1 $ (19) Residual Natural Gas Position: $0.25/MMBtu decrease in natural gas price $ (1) $ 13 East: Gas Generation: $1.00/MWh increase in spark spread $ 2 $ 6 Gas Generation: $1.00/MWh decrease in spark spread $ (1) $ (4) Residual Natural Gas Position: $0.25/MMBtu increase in natural gas price $ (1) $ 6 Residual Natural Gas Position: $0.25/MMBtu decrease in natural gas price $ 1 $ (6) West: Gas Generation: $1.00/MWh increase in spark spread $ — $ — Gas Generation: $1.00/MWh decrease in spark spread $ — $ — Residual Natural Gas Position: $0.25/MMBtu increase in natural gas price $ — $ 1 Residual Natural Gas Position: $0.25/MMBtu decrease in natural gas price $ — $ (1) Sunset: Coal Generation: $2.50/MWh increase in power price $ 1 $ 13 Coal Generation: $2.50/MWh decrease in power price $ (1) $ (12) Residual Natural Gas Position: $0.25/MMBtu increase in natural gas price $ 1 $ (10) Residual Natural Gas Position: $0.25/MMBtu increase in natural gas price $ (1) $ 10 PJM Auction Results In June 2022, Vistra reported its results from PJM's Reliability Pricing Model (RPM) auction results for planning year 2023-2024, and the table below lists clearing price per MW-day and our cleared capacity volumes by zone: Clearing Price per MW-day East Segment MW Cleared Sunset Segment MW Cleared Total MW Cleared RTO zone $ 34.13 2,890 — 2,890 ComEd zone $ 34.13 1,151 408 1,559 DEOK zone $ 34.13 11 924 935 EMAAC zone $ 49.49 828 — 828 MAAC zone $ 49.49 545 — 545 ATSI zone $ 34.13 112 — 112 Total $ 37.20 5,537 1,332 6,869 55 Table of Contents RESULTS OF OPERATIONS In the three and six months ended June 30, 2022, our operating segments delivered strong operating performance with a disciplined focus on cost management, while generating and selling essential electricity in a safe and reliable manner.",2022,,,,,,,,,,,filing,10-Q Q2 2022 — Item 2. MANAGEMENT'S DISCUSSION AND ANALYSIS OF FINANCIAL CONDITION AND RESULTS OF OPERATIONS,
unpaired_actual,VST,2021,,,,,,revenue,Revenue,,consolidated,,,,Q2 FY2022,"Three Months Ended June 30, 2022 Compared to 2021 Texas East West Sunset Favorable/(unfavorable) change in revenue net of fuel $ (13) $ 4 $ 19 $ (30) Winter Storm Uri impact 47 — — — Unfavorable change in other operating costs (25) (4) (1) (18) Favorable/(unfavorable) change in selling, general and administrative expenses (4) 4 1 — Other 32 — — 7 Change in Adjusted EBITDA $ 37 $ 4 $ 19 $ (41) Favorable change in depreciation and amortization 15 14 21 8 Change in unrealized net losses on hedging activities (572) (512) (1) 108 Generation plant retirement, transition and merger expenses — — — (2) Fresh start/purchase accounting impacts (1) (73) — (4) Winter Storm Uri impact (ERCOT default uplift and Koch earn-out) 22 — — — Other (including interest and COVID-19 related expenses) (1) 5 (1) 9 Change in Net income (loss) $ (500) $ (562) $ 38 $ 78 The change in Texas and East segment results was primarily driven by higher unrealized hedging losses in the three months ended June 30, 2022 versus the three ended June 30, 2021 due to material increases in forward power prices in 2022.","30,",,,,,,,,,,,filing,10-Q Q2 2022 — Item 2. MANAGEMENT'S DISCUSSION AND ANALYSIS OF FINANCIAL CONDITION AND RESULTS OF OPERATIONS,
unpaired_actual,VST,2021,,,,,,revenue,Revenue,,consolidated,,,,Q2 FY2022,"The change in Sunset segment results was driven by lower unrealized hedging losses in the three months ended June 30, 2022 versus the three months ended June 30, 2021 due to unrealized gains on forward lignite and coal purchases as forward prices increased in the three months ended June 30, 2022, partially offset by a favorable change in revenue net of fuel.","30,",,,,,,,,,,,filing,10-Q Q2 2022 — Item 2. MANAGEMENT'S DISCUSSION AND ANALYSIS OF FINANCIAL CONDITION AND RESULTS OF OPERATIONS,
unpaired_actual,VST,2021,,,,,,revenue,Revenue,,consolidated,,,,Q2 FY2022,"Six Months Ended June 30, 2022 Compared to 2021 Texas East West Sunset Favorable/(unfavorable) change in revenue net of fuel $ 79 $ (17) $ 24 $ (57) Winter Storm Uri impact 1,548 (50) — (17) Unfavorable change in other operating costs (52) (8) (6) (25) Favorable/(unfavorable) change in selling, general and administrative expenses (14) 5 3 (4) Other (2) 2 — 9 Change in Adjusted EBITDA $ 1,559 $ (68) $ 21 $ (94) Favorable/(unfavorable) change in depreciation and amortization 14 31 (16) 14 Change in unrealized net losses on hedging activities (2,081) (585) 9 (290) Generation plant retirement expenses — — — (5) Fresh start/purchase accounting impacts (2) (74) — (3) Winter Storm Uri impact (ERCOT default uplift and Koch earn-out) 566 — — 1 Other (including interest and COVID-19 related expenses) (10) 4 (6) (1) Change in Net income (loss) $ 46 $ (692) $ 8 $ (378) The change in Texas segment results was primarily driven by the Winter Storm Uri impacts in 2021, partially offset by higher unrealized hedging losses in the six months ended June 30, 2022 versus the six months ended June 30, 2021 due to increases in forward power prices.","30,",,,,,,,,,,,filing,10-Q Q2 2022 — Item 2. MANAGEMENT'S DISCUSSION AND ANALYSIS OF FINANCIAL CONDITION AND RESULTS OF OPERATIONS,
unpaired_actual,VST,2021,,,,,,revenue,Revenue,,consolidated,,,,Q2 FY2022,"69 Table of Contents The change in Sunset segment results was driven by higher unrealized hedging losses in the six months ended June 30, 2022 versus the six months ended June 30, 2021 due to increases in forward power prices and an unfavorable change in revenue net of fuel.",69,,,,,,,,,,,filing,10-Q Q2 2022 — Item 2. MANAGEMENT'S DISCUSSION AND ANALYSIS OF FINANCIAL CONDITION AND RESULTS OF OPERATIONS,
unpaired_actual,VST,2021,,,,,,production_volume,Production volume,,consolidated,,,,Q2 FY2022,"Asset Closure Segment — Three and Six Months Ended June 30, 2022 Compared to Three and Six Months Ended June 30, 2021 Three Months Ended June 30, Favorable (Unfavorable) Change Six Months Ended June 30, Favorable (Unfavorable) Change 2022 2021 2022 2021 Operating revenues $ 121 $ (41) $ 162 $ 228 $ (19) $ 247 Fuel, purchased power costs and delivery fees (119) (32) (87) (221) (59) (162) Operating costs $ (34) $ (68) $ 34 $ (78) $ (108) $ 30 Depreciation and amortization (9) (4) (5) (23) (8) (15) Selling, general and administrative expenses (9) (11) 2 (19) (26) 7 Impairment of long-lived assets — (38) 38 — (38) 38 Operating loss (50) (194) 144 (113) (258) 145 Other income 6 2 4 8 19 (11) Other deductions — — — (1) — (1) Interest expense and related charges (1) — (1) (1) — (1) Loss before income taxes (45) (192) 147 (107) (239) 132 Net loss $ (45) $ (192) $ 147 $ (107) $ (239) $ 132 Adjusted EBITDA $ (24) $ (43) $ 19 $ (30) $ (76) $ 46 Production volumes (GWh) 2,660 2,055 605 5,859 3,552 2,307 Results and volumes for the Asset Closure segment include those from the Zimmer and Joppa generation plants that we retired in May 2022 and plan to retire in September 2022, respectively.","30,",,,,,,,,,,,filing,10-Q Q2 2022 — Item 2. MANAGEMENT'S DISCUSSION AND ANALYSIS OF FINANCIAL CONDITION AND RESULTS OF OPERATIONS,
unpaired_actual,VST,2021,,,,,,other_the_860_million_increase_in,Other The 860 Million Increase In,,consolidated,,,,Q2 FY2022,"The $860 million increase in available liquidity for the six months ended June 30, 2022 was primarily driven by $1.498 billion principal amount of Vistra Operations senior secured notes issued, $1.05 billion in net borrowings under the new Commodity-Linked Facility and $725 million in net cash borrowings under the accounts receivable financing facilities, partially offset by cash used in operations, including the change in margin deposits related to commodity contracts, $1.194 billion in cash paid for share repurchases, $613 million of capital expenditures (including LTSA prepayments, nuclear fuel and development and growth expenditures), a $911 million increase in letters of credit outstanding under the Revolving Credit Facility, $152 million in dividends paid to common stockholders and $76 million in dividends paid to preferred stockholders.",$860 million,,,,,,,,,,,filing,10-Q Q2 2022 — Item 2. MANAGEMENT'S DISCUSSION AND ANALYSIS OF FINANCIAL CONDITION AND RESULTS OF OPERATIONS,
unpaired_actual,VST,2021,,,,,,other_the_transition_from_mr_morgan,Other The Transition From Mr Morgan,,consolidated,,,,Q2 FY2022,The transition from Mr. Morgan to Mr. Burke was a product of the Company's formal succession planning process.,,,,,,,,,,,,filing,10-Q Q2 2022 — Item 2. MANAGEMENT'S DISCUSSION AND ANALYSIS OF FINANCIAL CONDITION AND RESULTS OF OPERATIONS,
unpaired_actual,VST,2021,,,,,,other_the_actual_timing_number_and,Other The Actual Timing Number And,,consolidated,,,,Q2 FY2022,"The actual timing, number and value of shares repurchased under the Share Repurchase Program or otherwise will be determined at our discretion and will depend on a number of factors, including our capital allocation priorities, the market price of our stock, general market and economic conditions, applicable legal requirements and compliance with the terms of our debt agreements and the certificate of designation of the Series A Preferred Stock and the Series B Preferred Stock, respectively.",,,,,,,,,,,,filing,10-Q Q2 2022 — Item 2. UNREGISTERED SALES OF EQUITY SECURITIES AND USE OF PROCEEDS,
unpaired_actual,VST,2021,,,,,,revenue,Revenue,,segment:aws,,,,Q2 FY2022,"Although we believe that in making any such forward-looking statement our expectations are based on reasonable assumptions, any such forward-looking statement involves uncertainties and risks and is qualified in its entirety by reference to the discussion under Part II, Item 1A Risk Factors and Part I, Item 2 Management's Discussion and Analysis of Financial Condition and Results of Operations in this quarterly report on Form 10-Q and the following important factors, among others, that could cause our actual results to differ materially from those projected in or implied by such forward-looking statements: • the actions and decisions of judicial and regulatory authorities; • prohibitions and other restrictions on our operations due to the terms of our agreements; • prevailing federal, state and local governmental policies and regulatory actions, including those of the legislatures and other government actions of states in which we operate, the U.S. Congress, the FERC, the NERC, the TRE, the public utility commissions of states and locales in which we operate, CAISO, ERCOT, ISO-NE, MISO, NYISO, PJM, the RCT, the NRC, the EPA, the environmental regulatory bodies of states in which we operate, the MSHA and the CFTC, with respect to, among other things: ▪ allowed prices; ▪ industry, market and rate structure; ▪ purchased power and recovery of investments; ▪ operations of nuclear generation facilities; ▪ operations of fossil-fueled generation facilities; ▪ operations of mines; ▪ acquisition and disposal of assets and facilities; ▪ development, construction and operation of facilities; ▪ decommissioning costs; ▪ present or prospective wholesale and retail competition; ▪ changes in federal, state and local tax laws, rates and policies, including additional regulation, interpretations, amendments, or technical corrections to The Tax Cuts and Jobs Act of 2017; ▪ changes in and compliance with environmental and safety laws and policies, including the Coal Combustion Residuals Rule, National Ambient Air Quality Standards, the Cross-State Air Pollution Rule, the Mercury and Air Toxics Standard, regional haze program implementation and GHG and other climate change initiatives, and ▪ clearing over-the-counter derivatives through exchanges and posting of cash collateral therewith; • expectations regarding, or impacts of, environmental matters, including costs of compliance, availability and adequacy of emission credits, and the impact of ongoing proceedings and potential regulations or changes to current regulations, including those relating to climate change, air emissions, cooling water intake structures, coal combustion byproducts, and other laws and regulations that we are, or could become, subject to, which could increase our costs, result in an impairment of our assets, cause us to limit or terminate the operation of certain of our facilities, or otherwise negatively impact our financial results or stock price; • legal and administrative proceedings and settlements; • general industry trends; • economic conditions, including the impact of any inflationary period, recession or economic downturn; • investor sentiment relating to climate change and utilization of fossil fuels in connection with power generation could reduce demand for, or increase potential volatility in the market price of, our common stock; • the severity, magnitude and duration of pandemics, including the COVID-19 pandemic, and the resulting effects on our results of operations, financial condition and cash flows; • the severity, magnitude and duration of extreme weather events, drought and limitations on access to water, and other weather conditions and natural phenomena, contingencies and uncertainties relating thereto, most of which are difficult to predict and many of which are beyond our control, and the resulting effects on our results of operations, financial condition and cash flows; • acts of sabotage, geopolitical conflicts, wars, or terrorist, cybersecurity, cybercriminal, or cyber-espionage threats or activities; 79 Table of Contents • risk of contract performance claims by us or our counterparties, and risks of, or costs associated with, pursuing or defending such claims; • our ability to collect trade receivables from counterparties in the amount or at the time expected, if at all; • our ability to attract, retain and profitably serve customers; • restrictions on or prohibitions of competitive retail pricing or direct-selling businesses; • adverse publicity associated with our retail products or direct selling businesses, including our ability to address the marketplace and regulators regarding our compliance with applicable laws; • changes in wholesale electricity prices or energy commodity prices, including the price of natural gas; • changes in prices of transportation of natural gas, coal, fuel oil and other refined products; • sufficiency of, access to, and costs associated with coal, fuel oil, natural gas, and uranium inventories and transportation and storage thereof; • changes in the ability of counterparties and suppliers to provide or deliver commodities, materials, or services as needed; • beliefs and assumptions about the benefits of state- or federal-based subsidies to our market competition, and the corresponding impacts on us, including if such subsidies are disproportionately available to our competitors; • the effects of, or changes to, market design and the power, ancillary services and capacity procurement processes in the markets in which we operate; • changes in market heat rates in the CAISO, ERCOT, ISO-NE, MISO, NYISO and PJM electricity markets; • our ability to effectively hedge against unfavorable commodity prices, including the price of natural gas, market heat rates and interest rates; • population growth or decline, or changes in market supply or demand and demographic patterns; • our ability to mitigate forced outage risk, including managing risk associated with Capacity Performance in PJM and performance incentives in ISO-NE; • efforts to identify opportunities to reduce congestion and improve busbar power prices; • access to adequate transmission facilities to meet changing demands; • changes in interest rates, commodity prices, rates of inflation or foreign exchange rates; • changes in operating expenses, liquidity needs and capital expenditures; • commercial bank market and capital market conditions and the potential impact of disruptions in U.S. and international credit markets; • access to capital, the attractiveness of the cost and other terms of such capital and the success of financing and refinancing efforts, including availability of funds in capital markets; • our ability to maintain prudent financial leverage and achieve our capital allocation, performance, and cost-saving initiatives and objectives; • our ability to generate sufficient cash flow to make principal and interest payments in respect of, or refinance, our debt obligations; • our expectation that we will continue to pay (i) a consistent aggregate cash dividend amount to common stockholders on a quarterly basis and (ii) the applicable semiannual cash dividend to the Series A Preferred Stock and Series B Preferred Stock stockholders, respectively; • our ability to implement and successfully execute upon our strategic and growth initiatives, including the completion and integration of mergers, acquisitions and/or joint venture activity, the identification and completion of sales and divestitures activity, and the completion and commercialization of our other business development and construction projects; • competition for new energy development and other business opportunities; • inability of various counterparties to meet their obligations with respect to our financial instruments; • counterparties' collateral demands and other factors affecting our liquidity position and financial condition; • changes in technology (including large-scale electricity storage) used by and services offered by us; • changes in electricity transmission that allow additional power generation to compete with our generation assets; • our ability to attract and retain qualified employees; • significant changes in our relationship with our employees, including the availability of qualified personnel, and the potential adverse effects if labor disputes or grievances were to occur or changes in laws or regulations relating to independent contractor status; • changes in assumptions used to estimate costs of providing employee benefits, including medical and dental benefits, pension and other postretirement employee benefits, and future funding requirements related thereto, including joint and several liability exposure under ERISA; • hazards customary to the industry and the possibility that we may not have adequate insurance to cover losses resulting from such hazards; • the impact of our obligations under the TRA; • our ability to optimize our assets through targeted investment in cost-effective technology enhancements and operations performance initiatives; 80 Table of Contents • our ability to effectively and efficiently plan, prepare for and execute expected asset retirements and reclamation obligations and the impacts thereof; • our ability to successfully complete the integration of businesses acquired by Vistra and our ability to successfully capture the full amount of projected operational and financial synergies relating to such transactions, and • actions by credit rating agencies.",1,,,,,,,,,,,filing,10-Q Q2 2022 — Item 3. QUANTITATIVE AND QUALITATIVE DISCLOSURES ABOUT MARKET RISK,
unpaired_actual,VST,2021,,,,,,other_these_obligations_total_90_million,Other These Obligations Total 90 Million,,consolidated,,,,Q3 FY2022,"These obligations total $ 90 million, $ 483 million, $ 311 million, $ 222 million and $ 111 million that will be recognized, in the balance of the year ended December 31, 2022 and the years ending December 31, 2023, 2024, 2025 and 2026, respectively, and $ 735 million thereafter.",$ 90 million,,,,,,,,,,,filing,10-Q Q3 2022 — Item 1. FINANCIAL STATEMENTS — Consolidated Financial Statements,
unpaired_actual,VST,2021,,,,,,other_during_the_nine_months_ended,Other During The Nine Months Ended,,consolidated,,,,Q3 FY2022,"During the nine months ended September 30, 2022, we recorded a decrease to the carrying value of the TRA obligation totaling $ 21 million as a result of adjustments to forecasted taxable income due to impacts of the IRA, partially offset by increases in commodity price forecasts.","30,",,,,,,,,,,,filing,10-Q Q3 2022 — Item 1. FINANCIAL STATEMENTS — Consolidated Financial Statements,
unpaired_actual,VST,2021,,,,,,other_during_the_three_months_ended,Other During The Three Months Ended,,segment:aws,,,,Q3 FY2022,"During the three months ended September 30, 2021, we recorded a decrease to the carrying value of the TRA obligation totaling $ 51 million as a result of adjustments to forecasted taxable income and anticipated tax benefits available under current tax laws for planned additional renewable development projects, particularly in light of the passage of Illinois’ coal-to-solar legislation.","30,",,,,,,,,,,,filing,10-Q Q3 2022 — Item 1. FINANCIAL STATEMENTS — Consolidated Financial Statements,
unpaired_actual,VST,2021,,,,,,other_during_the_nine_months_ended,Other During The Nine Months Ended,,segment:aws,,,,Q3 FY2022,"During the nine months ended September 30, 2021, we recorded a decrease to the carrying value of the TRA obligation totaling $ 79 million as a result of adjustments to forecasted taxable income including the financial impacts of Winter Storm Uri, and anticipated tax benefits available under current tax laws for planned additional renewable development projects.","30,",,,,,,,,,,,filing,10-Q Q3 2022 — Item 1. FINANCIAL STATEMENTS — Consolidated Financial Statements,
unpaired_actual,VST,2021,,,,,,other_three_months_ended_september_30,Other Three Months Ended September 30,,consolidated,,,,Q3 FY2022,"Three Months Ended September 30, Nine Months Ended September 30, 2022 2021 2022 2021 Net income (loss) attributable to Vistra $ 668 $ 7 $ ( 981 ) $ ( 2,000 ) Less cumulative dividends attributable to Series A Preferred Stock ( 20 ) — ( 60 ) — Less cumulative dividends attributable to Series B Preferred Stock ( 17 ) — ( 52 ) — Net income (loss) attributable to common stock — basic 631 7 ( 1,093 ) ( 2,000 ) Weighted average shares of common stock outstanding — basic 413,762,896 482,516,965 431,381,151 483,150,213 Net income (loss) per weighted average share of common stock outstanding — basic $ 1.53 $ 0.01 $ ( 2.53 ) $ ( 4.14 ) Dilutive securities: Stock-based incentive compensation plan 3,719,615 1,977,581 — — Weighted average shares of common stock outstanding — diluted 417,482,511 484,494,546 431,381,151 483,150,213 Net income (loss) per weighted average share of common stock outstanding — diluted $ 1.51 $ 0.01 $ ( 2.53 ) $ ( 4.14 ) Stock-based incentive compensation plan awards excluded from the calculation of diluted earnings per share because the effect would have been antidilutive totaled 1,757,365 and 12,851,055 shares for the three months ended September 30, 2022 and 2021, respectively, and 8,076,314 and 15,223,763 shares for the nine months ended September 30, 2022 and 2021, respectively.","30,",,,,,,,,,,,filing,10-Q Q3 2022 — Item 1. FINANCIAL STATEMENTS — Consolidated Financial Statements,
unpaired_actual,VST,2021,,,,,,other_on_october_21_2022_the,Other On October 21 2022 The,,consolidated,,,,Q3 FY2022,"On October 21, 2022, the Commodity-Linked Facility was further amended to increase the aggregate available commitments to $ 1.35 billion.","21,",,,,,,,,,,,filing,10-Q Q3 2022 — Item 1. FINANCIAL STATEMENTS — Consolidated Financial Statements,
unpaired_actual,VST,2021,,,,,,other_subsequent_amendments_in_may_2022,Other Subsequent Amendments In May 2022,,consolidated,,,,Q3 FY2022,Subsequent amendments in May 2022 and June 2022 increased the aggregate available commitments from $ 2.0 billion to $ 2.25 billion.,2022,,,,,,,,,,,filing,10-Q Q3 2022 — Item 1. FINANCIAL STATEMENTS — Consolidated Financial Statements,
unpaired_actual,VST,2021,,,,,,capacity,Capacity,,consolidated,,,,Q3 FY2022,"In May 2022, the final capacity payment from PJM during the Planning Years 2021-2022 was paid, and the terms of the 2021-2022 Forward Capacity were fulfilled.","2022,",,,,,,,,,,,filing,10-Q Q3 2022 — Item 1. FINANCIAL STATEMENTS — Consolidated Financial Statements,
unpaired_actual,VST,2021,,,,,,capacity,Capacity,,consolidated,,,,Q3 FY2022,"On the Merger Date, the Company assumed the obligation of Dynegy's agreements under which a portion of the PJM capacity that cleared for Planning Years 2018-2019, 2019-2020 and 2020-2021 was sold to a financial institution (Legacy Forward Capacity Agreements, and, together with the 2021-2022 Forward Capacity Agreement, the Forward Capacity Agreements).",2018,,,,,,,,,,,filing,10-Q Q3 2022 — Item 1. FINANCIAL STATEMENTS — Consolidated Financial Statements,
unpaired_actual,VST,2021,,,,,,capacity,Capacity,,consolidated,,,,Q3 FY2022,"In May 2021, the final capacity payment from PJM during the Planning Years 2020-2021 was paid, and the terms of the Legacy Forward Capacity were fulfilled.","2021,",,,,,,,,,,,filing,10-Q Q3 2022 — Item 1. FINANCIAL STATEMENTS — Consolidated Financial Statements,
unpaired_actual,VST,2021,,,,,,revenue,Revenue,,consolidated,,,,Q3 FY2022,"Use of Estimates Preparation of financial statements requires estimates and assumptions about future events that affect the reporting of assets and liabilities at the balance sheet dates and the reported amounts of revenue and expense, including fair value measurements, estimates of expected obligations, judgments related to the potential timing of events and other estimates.",,,,,,,,,,,,filing,10-Q Q3 2022 — Item 1. FINANCIAL STATEMENTS — Consolidated Financial Statements,
unpaired_actual,VST,2021,,,,,,capacity,Capacity,,consolidated,,,,Q3 FY2022,The contract was amended to increase the capacity of the planned development to a 36.25 MW battery ESS.,36.25,,,,,,,,,,,filing,10-Q Q3 2022 — Item 1. FINANCIAL STATEMENTS — Consolidated Financial Statements,
unpaired_actual,VST,2021,,,,,,other_the_actual_timing_number_and,Other The Actual Timing Number And,,consolidated,,,,Q3 FY2022,"The actual timing, number and value of shares repurchased under the Share Repurchase Program or otherwise will be determined at our discretion and will depend on a number of factors, including our capital allocation priorities, the market price of our stock, general market and economic conditions, applicable legal requirements and compliance with the terms of our debt agreements and the certificate of designation of the Series A Preferred Stock and the Series B Preferred Stock, respectively.",,,,,,,,,,,,filing,10-Q Q3 2022 — Item 1. FINANCIAL STATEMENTS — Consolidated Financial Statements,
unpaired_actual,VST,2021,,,,,,other_33_table_of_contents_equity,Other 33 Table Of Contents Equity,,consolidated,,,,Q3 FY2022,"33 Table of Contents Equity The following table presents the changes to equity for the three months ended September 30, 2022: Preferred Stock Common Stock (a) Treasury Stock Additional Paid-in Capital Retained Earnings (Deficit) Accumulated Other Comprehensive Income (Loss) Total Stockholders' Equity Noncontrolling Interest in Subsidiary Total Equity Balance at June 30, 2022 $ 2,000 $ 5 $ ( 2,645 ) $ 9,890 $ ( 3,842 ) $ ( 16 ) $ 5,392 $ 11 $ 5,403 Stock repurchases — — ( 407 ) — — — ( 407 ) — ( 407 ) Dividends declared on common stock — — — — ( 75 ) — ( 75 ) — ( 75 ) Dividends declared on preferred stock — — — — ( 37 ) — ( 37 ) — ( 37 ) Effects of stock-based incentive compensation plans — — — 29 — — 29 — 29 Net income (loss) — — — — 668 — 668 10 678 Change in accumulated other comprehensive income (loss) 6 6 — 6 Other — — — 4 2 6 ( 2 ) 4 Balance at September 30, 2022 $ 2,000 $ 5 $ ( 3,052 ) $ 9,923 $ ( 3,284 ) $ ( 10 ) $ 5,582 $ 19 $ 5,601 34 Table of Contents The following table presents the changes to equity for the nine months ended September 30, 2022: Preferred Stock (a) Common Stock (b) Treasury Stock Additional Paid-in Capital Retained Earnings (Deficit) Accumulated Other Comprehensive Income (Loss) Total Stockholders' Equity Noncontrolling Interest in Subsidiary Total Equity Balance at December 31, 2021 $ 2,000 $ 5 $ ( 1,558 ) $ 9,824 $ ( 1,964 ) $ ( 16 ) $ 8,291 $ 1 $ 8,292 Stock repurchases — — ( 1,493 ) — — — ( 1,493 ) — ( 1,493 ) Dividends declared on common stock — — — — ( 227 ) — ( 227 ) — ( 227 ) Dividends declared on preferred stock — — — — ( 113 ) — ( 113 ) — ( 113 ) Effects of stock-based incentive compensation plans — — — 87 — — 87 — 87 Net income (loss) — — — ( 981 ) — ( 981 ) 19 ( 962 ) Adoption of accounting standard — — — — — — — — Change in accumulated other comprehensive income (loss) — — — — — 6 6 — 6 Other — — ( 1 ) 12 1 — 12 ( 1 ) 11 Balance at September 30, 2022 $ 2,000 $ 5 $ ( 3,052 ) $ 9,923 $ ( 3,284 ) $ ( 10 ) $ 5,582 $ 19 $ 5,601 (a) Authorized shares totaled 100,000,000 at September 30, 2022.",33,,,,,,,,,,,filing,10-Q Q3 2022 — Item 1. FINANCIAL STATEMENTS — Consolidated Financial Statements,
unpaired_actual,VST,2021,,,,,,other_35_table_of_contents_the,Other 35 Table Of Contents The,,consolidated,,,,Q3 FY2022,"35 Table of Contents The following table presents the changes to equity for the three months ended September 30, 2021: Common Stock (a) Treasury Stock Additional Paid-in Capital Retained Earnings (Deficit) Accumulated Other Comprehensive Income (Loss) Total Stockholders' Equity Noncontrolling Interest Total Equity Balance at June 30, 2021 $ 5 $ ( 1,148 ) $ 9,816 $ ( 2,552 ) $ ( 45 ) $ 6,076 $ ( 8 ) $ 6,068 Dividends declared on common stock — — — ( 72 ) — ( 72 ) — ( 72 ) Effects of stock-based incentive compensation plans — — 12 — — 12 — 12 Net income (loss) — — — 7 — 7 3 10 Change in accumulated other comprehensive income (loss) — — — — 14 14 — 14 Other — — 1 ( 2 ) — ( 1 ) — ( 1 ) Balance at September 30, 2021 $ 5 $ ( 1,148 ) $ 9,829 $ ( 2,619 ) $ ( 31 ) $ 6,036 $ ( 5 ) $ 6,031 The following table presents the changes to equity for the nine months ended September 30, 2021: Common Stock (a) Treasury Stock Additional Paid-in Capital Retained Earnings (Deficit) Accumulated Other Comprehensive Income (Loss) Total Stockholders' Equity Noncontrolling Interest in Subsidiary Total Equity Balance at December 31, 2020 $ 5 $ ( 973 ) $ 9,786 $ ( 399 ) $ ( 48 ) $ 8,371 $ ( 10 ) $ 8,361 Stock repurchases — ( 175 ) — — — ( 175 ) — ( 175 ) Dividends declared on common stock — — — ( 219 ) — ( 219 ) — ( 219 ) Effects of stock-based incentive compensation plans — — 39 — 39 — 39 Net income (loss) — — — ( 2,000 ) — ( 2,000 ) 6 ( 1,994 ) Change in accumulated other comprehensive income (loss) — — — — 17 17 — 17 Other — — 4 ( 1 ) — 3 ( 1 ) 2 Balance at September 30, 2021 $ 5 $ ( 1,148 ) $ 9,829 $ ( 2,619 ) $ ( 31 ) $ 6,036 $ ( 5 ) $ 6,031 (a) Authorized shares totaled 1,800,000,000 at September 30, 2021.",35,,,,,,,,,,,filing,10-Q Q3 2022 — Item 1. FINANCIAL STATEMENTS — Consolidated Financial Statements,
unpaired_actual,VST,2021,,,,,,deliveries,Deliveries,,consolidated,,,,Q3 FY2022,"Income and expense, including gains and losses associated with the trust fund assets and the decommissioning liability are offset by a corresponding change in a regulatory asset/liability (currently a regulatory asset reported in other noncurrent assets) that will ultimately be settled through changes in Oncor's delivery fees rates.",,,,,,,,,,,,filing,10-Q Q3 2022 — Item 1. FINANCIAL STATEMENTS — Consolidated Financial Statements,
unpaired_actual,VST,2021,,,,,,capacity,Capacity,,consolidated,,,,Q3 FY2022,"Facility Location ISO/RTO Fuel Type Net Generation Capacity (MW) Actual or Expected Retirement Date (a) Segment Baldwin Baldwin, IL MISO Coal 1,185 By the end of 2025 Sunset Coleto Creek Goliad, TX ERCOT Coal 650 By the end of 2027 Sunset Edwards Bartonville, IL MISO Coal 585 January 1, 2023 Sunset Joppa Joppa, IL MISO Coal 802 Retired September 1, 2022 Asset Closure Joppa Joppa, IL MISO Natural Gas 221 Retired September 1, 2022 Asset Closure Kincaid Kincaid, IL PJM Coal 1,108 By the end of 2027 Sunset Miami Fort North Bend, OH PJM Coal 1,020 By the end of 2027 Sunset Newton Newton, IL MISO/PJM Coal 615 By the end of 2027 Sunset Zimmer Moscow, OH PJM Coal 1,300 Retired June 1, 2022 Asset Closure Total 7,486 ____________ (a) Generation facilities may retire earlier than the end of 2027 if economic or other conditions dictate.","1,185",,,,,,,,,,,filing,10-Q Q3 2022 — Item 1. FINANCIAL STATEMENTS — Consolidated Financial Statements,
unpaired_actual,VST,2021,,,,,,product_milestone,Product / strategic milestone,,consolidated,,,,Q3 FY2022,"Changes to the geopolitical situation and the inflationary environment, among other factors, have also created supply chain constraints that have reduced the availability and increased the costs of certain fuels, such as coal, as well as reduced the availability of certain equipment and supply relevant to construction of renewables projects.",,,,,,,,,,,,filing,10-Q Q3 2022 — Item 2. MANAGEMENT'S DISCUSSION AND ANALYSIS OF FINANCIAL CONDITION AND RESULTS OF OPERATIONS,
unpaired_actual,VST,2021,,,,,,capacity,Capacity,,consolidated,,,,Q3 FY2022,"Balance 2022 2023 Texas: Nuclear/Renewable/Coal Generation: $2.50/MWh increase in power price $ 2 $ 10 Nuclear/Renewable/Coal Generation: $2.50/MWh decrease in power price $ (2) $ (9) Gas Generation: $1.00/MWh increase in spark spread $ 1 $ 12 Gas Generation: $1.00/MWh decrease in spark spread $ (1) $ (11) Residual Natural Gas Position: $0.25/MMBtu increase in natural gas price $ 1 $ (20) Residual Natural Gas Position: $0.25/MMBtu decrease in natural gas price $ (1) $ 14 East: Gas Generation: $1.00/MWh increase in spark spread $ — $ 7 Gas Generation: $1.00/MWh decrease in spark spread $ — $ (6) Residual Natural Gas Position: $0.25/MMBtu increase in natural gas price $ 1 $ (6) Residual Natural Gas Position: $0.25/MMBtu decrease in natural gas price $ (1) $ 6 West: Gas Generation: $1.00/MWh increase in spark spread $ — $ — Gas Generation: $1.00/MWh decrease in spark spread $ — $ — Residual Natural Gas Position: $0.25/MMBtu increase in natural gas price $ — $ 1 Residual Natural Gas Position: $0.25/MMBtu decrease in natural gas price $ — $ (1) Sunset: Coal Generation: $2.50/MWh increase in power price $ 1 $ 15 Coal Generation: $2.50/MWh decrease in power price $ (1) $ (14) Residual Natural Gas Position: $0.25/MMBtu increase in natural gas price $ — $ (8) Residual Natural Gas Position: $0.25/MMBtu decrease in natural gas price $ — $ 8 PJM Auction Results In June 2022, Vistra reported its results from PJM's Reliability Pricing Model (RPM) auction results for planning year 2023-2024, and the table below lists clearing price per MW-day and our cleared capacity volumes by zone: Clearing Price per MW-day East Segment MW Cleared Sunset Segment MW Cleared Total MW Cleared RTO zone $ 34.13 2,890 — 2,890 ComEd zone $ 34.13 1,151 408 1,559 DEOK zone $ 34.13 11 924 935 EMAAC zone $ 49.49 828 — 828 MAAC zone $ 49.49 545 — 545 ATSI zone $ 34.13 112 — 112 Total $ 37.20 5,537 1,332 6,869 58 Table of Contents RESULTS OF OPERATIONS In the three and nine months ended September 30, 2022, our operating segments delivered strong operating performance with a disciplined focus on cost management, while generating and selling essential electricity in a safe and reliable manner.",2022,,,,,,,,,,,filing,10-Q Q3 2022 — Item 2. MANAGEMENT'S DISCUSSION AND ANALYSIS OF FINANCIAL CONDITION AND RESULTS OF OPERATIONS,
unpaired_actual,VST,2021,,,,,,operating_income,Operating income,,consolidated,,,,Q3 FY2022,"Consolidated Financial Results — Three and Nine Months Ended September 30, 2022 Compared to Three and Nine Months Ended September 30, 2021 Three Months Ended September 30, Favorable (Unfavorable) $ Change Nine Months Ended September 30, Favorable (Unfavorable) $ Change 2022 2021 2022 2021 Operating revenues $ 5,146 $ 2,991 $ 2,155 $ 9,859 $ 8,763 $ 1,096 Fuel, purchased power costs and delivery fees (3,139) (1,763) (1,376) (7,580) (7,827) 247 Operating costs (400) (372) (28) (1,250) (1,173) (77) Depreciation and amortization (390) (468) 78 (1,214) (1,355) 141 Selling, general and administrative expenses (323) (269) (54) (894) (771) (123) Impairment of long-lived assets — — — — (38) 38 Operating income (loss) 894 119 775 (1,079) (2,401) 1,322 Other income 10 16 (6) 88 108 (20) Other deductions (5) (5) — (18) (13) (5) Interest expense and related charges (71) (124) 53 (186) (288) 102 Impacts of Tax Receivable Agreement 86 35 51 (29) 31 (60) Income (loss) before income taxes 914 41 873 (1,224) (2,563) 1,339 Income tax (expense) benefit (236) (31) (205) 262 569 (307) Net income (loss) $ 678 $ 10 $ 668 $ (962) $ (1,994) $ 1,032 Three Months Ended September 30, 2022 Retail Texas East West Sunset Asset Closure Eliminations / Corporate and Other Vistra Consolidated Operating revenues $ 3,258 $ 3,627 $ 1,126 $ 236 $ 280 $ 68 $ (3,449) $ 5,146 Fuel, purchased power costs and delivery fees (4,161) (1,119) (983) (155) (144) (27) 3,450 (3,139) Operating costs (43) (193) (58) (10) (71) (25) — (400) Depreciation and amortization (36) (135) (187) 4 (19) 1 (18) (390) Selling, general and administrative expenses (238) (33) (18) (5) (10) (11) (8) (323) Operating income (loss) (1,220) 2,147 (120) 70 36 6 (25) 894 Other income 2 1 1 — — 6 — 10 Other deductions (5) (1) — — 1 — — (5) Interest expense and related charges (4) 9 — 2 (1) (1) (76) (71) Impacts of Tax Receivable Agreement — — — — — — 86 86 Income (loss) before income taxes (1,227) 2,156 (119) 72 36 11 (15) 914 Income tax expense — — — — — — (236) (236) Net income (loss) $ (1,227) $ 2,156 $ (119) $ 72 $ 36 $ 11 $ (251) $ 678 59 Table of Contents Three Months Ended September 30, 2021 Retail Texas East West Sunset Asset Closure Eliminations / Corporate and Other Vistra Consolidated Operating revenues $ 2,160 $ 843 $ 508 $ 90 $ (62) $ (60) $ (488) $ 2,991 Fuel, purchased power costs and delivery fees (1,095) (482) (496) (78) (86) (14) 488 (1,763) Operating costs (38) (163) (57) (9) (65) (40) — (372) Depreciation and amortization (53) (179) (164) (15) (27) (13) (17) (468) Selling, general and administrative expenses (192) (23) (19) (7) (8) (11) (9) (269) Operating income (loss) 782 (4) (228) (19) (248) (138) (26) 119 Other income 1 7 — — 2 6 — 16 Other deductions — (2) — — (1) — (2) (5) Interest expense and related charges (2) 3 (5) 1 (1) (1) (119) (124) Impacts of Tax Receivable Agreement — — — — — — 35 35 Income (loss) before income taxes 781 4 (233) (18) (248) (133) (112) 41 Income tax expense (2) — — — — — (29) (31) Net income (loss) $ 779 $ 4 $ (233) $ (18) $ (248) $ (133) $ (141) $ 10 Consolidated operating income increased $775 million to $894 million in the three months ended September 30, 2022 compared to the three months ended September 30, 2021.","30,",,,,,,,,,,,filing,10-Q Q3 2022 — Item 2. MANAGEMENT'S DISCUSSION AND ANALYSIS OF FINANCIAL CONDITION AND RESULTS OF OPERATIONS,
unpaired_actual,VST,2021,,,,,,revenue,Revenue,,consolidated,,,,Q3 FY2022,"Three Months Ended September 30, 2022 Compared to 2021 Texas East West Sunset Favorable/(unfavorable) change in revenue net of fuel $ 61 $ (56) $ 8 $ (48) Winter Storm Uri impact 3 — (1) — Favorable/(unfavorable) change in other operating costs (32) (1) 2 (8) Favorable/(unfavorable) change in selling, general and administrative expenses (18) 2 — (5) Other 1 — — 1 Change in Adjusted EBITDA $ 15 $ (55) $ 9 $ (60) Favorable/(unfavorable) change in depreciation and amortization 42 (23) 19 8 Change in unrealized net gains/(losses) on hedging activities 2,090 186 61 353 Impairment of long-lived assets 2 — — — Generation plant retirement, transition and merger expenses — — — (1) Fresh start/purchase accounting impacts (2) — — (5) Winter Storm Uri impact (ERCOT default uplift and Koch earn-out) (3) — — — Other (including interest and COVID-19 related expenses) 8 6 1 (11) Change in Net income (loss) $ 2,152 $ 114 $ 90 $ 284 The change in Texas segment results was primarily driven by unrealized hedging gains in the three months ended September 30, 2022 compared to unrealized hedging losses in the three months ended September 30, 2021 due to decreases in forward power prices in the three months ended September 30, 2022 compared to increases in forward power prices in the three months ended September 30, 2021.","30,",,,,,,,,,,,filing,10-Q Q3 2022 — Item 2. MANAGEMENT'S DISCUSSION AND ANALYSIS OF FINANCIAL CONDITION AND RESULTS OF OPERATIONS,
unpaired_actual,VST,2021,,,,,,revenue,Revenue,,consolidated,,,,Q3 FY2022,"Additionally, revenue net of fuel is lower in the three months ended September 30, 2022 compared to the three months ended September 30, 2021 due primarily to higher-than-expected migration of customers to default service providers at rates below prevailing wholesale market prices and lower capacity revenue.","30,",,,,,,,,,,,filing,10-Q Q3 2022 — Item 2. MANAGEMENT'S DISCUSSION AND ANALYSIS OF FINANCIAL CONDITION AND RESULTS OF OPERATIONS,
unpaired_actual,VST,2021,,,,,,revenue,Revenue,,consolidated,,,,Q3 FY2022,"The increases in revenue net of fuel and operating costs are due to strong generation fleet performance during periods of higher pricing and inflationary pressures, respectively, in the nine months ended September 30, 2022.","30,",,,,,,,,,,,filing,10-Q Q3 2022 — Item 2. MANAGEMENT'S DISCUSSION AND ANALYSIS OF FINANCIAL CONDITION AND RESULTS OF OPERATIONS,
unpaired_actual,VST,2021,,,,,,revenue,Revenue,,consolidated,,,,Q3 FY2022,"Additionally, revenue net of fuel is lower in the nine months ended September 30, 2022 compared to the nine months ended September 30, 2021 due primarily to higher-than-expected migration of customers to default service providers at rates below prevailing wholesale market prices and lower capacity revenue.","30,",,,,,,,,,,,filing,10-Q Q3 2022 — Item 2. MANAGEMENT'S DISCUSSION AND ANALYSIS OF FINANCIAL CONDITION AND RESULTS OF OPERATIONS,
unpaired_actual,VST,2021,,,,,,other_the_transition_from_mr_morgan,Other The Transition From Mr Morgan,,consolidated,,,,Q3 FY2022,The transition from Mr. Morgan to Mr. Burke was a product of the Company's formal succession planning process.,,,,,,,,,,,,filing,10-Q Q3 2022 — Item 2. MANAGEMENT'S DISCUSSION AND ANALYSIS OF FINANCIAL CONDITION AND RESULTS OF OPERATIONS,
unpaired_actual,VST,2021,,,,,,capacity,Capacity,,consolidated,,,,Q3 FY2022,"The change was primarily driven by: • the issuance of $1.250 billion principal amount of Vistra Operations senior unsecured notes in May 2021; • $1.590 billion in cash paid for share repurchases in 2022, including $114 million of unsettled share repurchases accrued as of December 31, 2021 and excluding $18 million of unsettled share repurchases accrued as of September 30, 2022, compared to $175 million in cash paid in 2021; • $500 million in cash received from the sale of a portion of the PJM capacity that cleared for Planning Years 2021-2022 in 2021; and • dividends of $76 million paid to preferred stockholders in 2022.",$1.250 billion,,,,,,,,,,,filing,10-Q Q3 2022 — Item 2. MANAGEMENT'S DISCUSSION AND ANALYSIS OF FINANCIAL CONDITION AND RESULTS OF OPERATIONS,
unpaired_actual,VST,2021,,,,,,capacity,Capacity,,consolidated,,,,Q3 FY2022,"The $859 million increase in available liquidity for the nine months ended September 30, 2022 was primarily driven by $1.5 billion principal amount of Vistra Operations senior secured notes issued, $1.701 billion in available capacity under the Commodity-Linked Facility under the aggregate commitments in effect as of September 30, 2022, $1.0 billion in additional aggregate commitments under the Revolving Credit Facility resulting from the Credit Agreement Amendments and $625 million in net cash borrowings under the accounts receivable financing facilities, partially offset by $1.590 billion in cash paid for share repurchases, $909 million of capital expenditures (including LTSA prepayments, nuclear fuel and development and growth expenditures), a $1.052 billion increase in letters of credit outstanding under the Revolving Credit Facility, $227 million in dividends paid to common stockholders and $76 million in dividends paid to preferred stockholders.",$859 million,,,,,,,,,,,filing,10-Q Q3 2022 — Item 2. MANAGEMENT'S DISCUSSION AND ANALYSIS OF FINANCIAL CONDITION AND RESULTS OF OPERATIONS,
unpaired_actual,VST,2021,,,,,,subscribers,Subscribers / customers,,consolidated,,,,Q3 FY2022,"As electricity pricing has trended higher, we have observed increased customer migration to the default service provider in territories outside of Texas, where default service rates do not yet fully reflect the higher commodity pricing environment.",,,,,,,,,,,,filing,10-Q Q3 2022 — Item 2. MANAGEMENT'S DISCUSSION AND ANALYSIS OF FINANCIAL CONDITION AND RESULTS OF OPERATIONS,
unpaired_actual,VST,2021,,,,,,other_the_actual_timing_number_and,Other The Actual Timing Number And,,consolidated,,,,Q3 FY2022,"The actual timing, number and value of shares repurchased under the Share Repurchase Program or otherwise will be determined at our discretion and will depend on a number of factors, including our capital allocation priorities, the market price of our stock, general market and economic conditions, applicable legal requirements and compliance with the terms of our debt agreements and the certificate of designation of the Series A Preferred Stock and the Series B Preferred Stock, respectively.",,,,,,,,,,,,filing,10-Q Q3 2022 — Item 2. UNREGISTERED SALES OF EQUITY SECURITIES AND USE OF PROCEEDS,
unpaired_actual,VST,2021,,,,,,revenue,Revenue,,segment:aws,,,,Q3 FY2022,"Although we believe that in making any such forward-looking statement our expectations are based on reasonable assumptions, any such forward-looking statement involves uncertainties and risks and is qualified in its entirety by reference to the discussion under Part II, Item 1A Risk Factors and Part I, Item 2 Management's Discussion and Analysis of Financial Condition and Results of Operations in this quarterly report on Form 10-Q and the following important factors, among others, that could cause our actual results to differ materially from those projected in or implied by such forward-looking statements: • the actions and decisions of judicial and regulatory authorities; • prohibitions and other restrictions on our operations due to the terms of our agreements; • prevailing federal, state and local governmental policies and regulatory actions, including those of the legislatures and other government actions of states in which we operate, the U.S. Congress, the FERC, the NERC, the TRE, the public utility commissions of states and locales in which we operate, CAISO, ERCOT, ISO-NE, MISO, NYISO, PJM, the RCT, the NRC, the EPA, the environmental regulatory bodies of states in which we operate, the MSHA and the CFTC, with respect to, among other things: ▪ allowed prices; ▪ industry, market and rate structure; ▪ purchased power and recovery of investments; ▪ operations of nuclear generation facilities; ▪ operations of fossil-fueled generation facilities; ▪ operations of mines; ▪ acquisition and disposal of assets and facilities; ▪ development, construction and operation of facilities; ▪ decommissioning costs; ▪ present or prospective wholesale and retail competition; ▪ changes in federal, state and local tax laws, rates and policies, including additional regulation, interpretations, amendments, or technical corrections to The Tax Cuts and Jobs Act of 2017; ▪ changes in and compliance with environmental and safety laws and policies, including the Coal Combustion Residuals Rule, National Ambient Air Quality Standards, the Cross-State Air Pollution Rule, the Mercury and Air Toxics Standard, regional haze program implementation and GHG and other climate change initiatives, and ▪ clearing over-the-counter derivatives through exchanges and posting of cash collateral therewith; • expectations regarding, or impacts of, environmental matters, including costs of compliance, availability and adequacy of emission credits, and the impact of ongoing proceedings and potential regulations or changes to current regulations, including those relating to climate change, air emissions, cooling water intake structures, coal combustion byproducts, and other laws and regulations that we are, or could become, subject to, which could increase our costs, result in an impairment of our assets, cause us to limit or terminate the operation of certain of our facilities, or otherwise negatively impact our financial results or stock price; • legal and administrative proceedings and settlements; • general industry trends; • economic conditions, including the impact of any inflationary period, recession or economic downturn; • investor sentiment relating to climate change and utilization of fossil fuels in connection with power generation could reduce demand for, or increase potential volatility in the market price of, our common stock; • the severity, magnitude and duration of pandemics, including the COVID-19 pandemic, and the resulting effects on our results of operations, financial condition and cash flows; • the severity, magnitude and duration of extreme weather events, drought and limitations on access to water, and other weather conditions and natural phenomena, contingencies and uncertainties relating thereto, most of which are difficult to predict and many of which are beyond our control, and the resulting effects on our results of operations, financial condition and cash flows; • acts of sabotage, geopolitical conflicts, wars, or terrorist, cybersecurity, cybercriminal, or cyber-espionage threats or activities; 83 Table of Contents • risk of contract performance claims by us or our counterparties, and risks of, or costs associated with, pursuing or defending such claims; • our ability to collect trade receivables from counterparties in the amount or at the time expected, if at all; • our ability to attract, retain and profitably serve customers; • restrictions on or prohibitions of competitive retail pricing or direct-selling businesses; • adverse publicity associated with our retail products or direct selling businesses, including our ability to address the marketplace and regulators regarding our compliance with applicable laws; • changes in wholesale electricity prices or energy commodity prices, including the price of natural gas; • changes in prices of transportation of natural gas, coal, fuel oil and other refined products; • sufficiency of, access to, and costs associated with coal, fuel oil, natural gas, and uranium inventories and transportation and storage thereof; • changes in the ability of counterparties and suppliers to provide or deliver commodities, materials, or services as needed; • beliefs and assumptions about the benefits of state- or federal-based subsidies to our market competition, and the corresponding impacts on us, including if such subsidies are disproportionately available to our competitors; • the effects of, or changes to, market design and the power, ancillary services and capacity procurement processes in the markets in which we operate; • changes in market heat rates in the CAISO, ERCOT, ISO-NE, MISO, NYISO and PJM electricity markets; • our ability to effectively hedge against unfavorable commodity prices, including the price of natural gas, market heat rates and interest rates; • population growth or decline, or changes in market supply or demand and demographic patterns; • our ability to mitigate forced outage risk, including managing risk associated with Capacity Performance in PJM and performance incentives in ISO-NE; • efforts to identify opportunities to reduce congestion and improve busbar power prices; • access to adequate transmission facilities to meet changing demands; • changes in interest rates, commodity prices, rates of inflation or foreign exchange rates; • changes in operating expenses, liquidity needs and capital expenditures; • commercial bank market and capital market conditions and the potential impact of disruptions in U.S. and international credit markets; • access to capital, the attractiveness of the cost and other terms of such capital and the success of financing and refinancing efforts, including availability of funds in capital markets; • our ability to maintain prudent financial leverage and achieve our capital allocation, performance, and cost-saving initiatives and objectives; • our ability to generate sufficient cash flow to make principal and interest payments in respect of, or refinance, our debt obligations; • our expectation that we will continue to pay (i) a consistent aggregate cash dividend amount to common stockholders on a quarterly basis and (ii) the applicable semiannual cash dividend to the Series A Preferred Stock and Series B Preferred Stock stockholders, respectively; • our ability to implement and successfully execute upon our strategic and growth initiatives, including the completion and integration of mergers, acquisitions and/or joint venture activity, the identification and completion of sales and divestitures activity, and the completion and commercialization of our other business development and construction projects; • competition for new energy development and other business opportunities; • inability of various counterparties to meet their obligations with respect to our financial instruments; • counterparties' collateral demands and other factors affecting our liquidity position and financial condition; • changes in technology (including large-scale electricity storage) used by and services offered by us; • changes in electricity transmission that allow additional power generation to compete with our generation assets; • our ability to attract and retain qualified employees; • significant changes in our relationship with our employees, including the availability of qualified personnel, and the potential adverse effects if labor disputes or grievances were to occur or changes in laws or regulations relating to independent contractor status; • changes in assumptions used to estimate costs of providing employee benefits, including medical and dental benefits, pension and other postretirement employee benefits, and future funding requirements related thereto, including joint and several liability exposure under ERISA; • hazards customary to the industry and the possibility that we may not have adequate insurance to cover losses resulting from such hazards; • the impact of our obligations under the TRA; • our ability to optimize our assets through targeted investment in cost-effective technology enhancements and operations performance initiatives; 84 Table of Contents • our ability to effectively and efficiently plan, prepare for and execute expected asset retirements and reclamation obligations and the impacts thereof; • our ability to successfully complete the integration of businesses acquired by Vistra and our ability to successfully capture the full amount of projected operational and financial synergies relating to such transactions, and • actions by credit rating agencies.",1,,,,,,,,,,,filing,10-Q Q3 2022 — Item 3. QUANTITATIVE AND QUALITATIVE DISCLOSURES ABOUT MARKET RISK,
unpaired_actual,VST,2021,,,,,,capacity,Capacity,,consolidated,,,,FY2022,PJM's Capacity Performance (CP) rules were designed to improve system reliability and include penalties for under-performing units and reward for over-performing units during shortage events.,,,,,,,,,,,,filing,10-K FY2022 — Item 1. BUSINESS,
unpaired_actual,VST,2021,,,,,,headcount,Headcount,,consolidated,,,,FY2022,"Further initiatives were launched to support the education, recruitment and retention of current and future employees, with particular emphasis being placed on driving equal access to opportunities throughout the organization.",,,,,,,,,,,,filing,10-K FY2022 — Item 1. BUSINESS,
unpaired_actual,VST,2021,,,,,,revenue,Revenue,,consolidated,,,,FY2022,"While the cost of allowances required to operate our RGGI-affected facilities is expected to increase in future years, we expect that the cost of compliance would be reflected in the power market, and the actual impact to gross margin would be largely offset by an increase in revenue.",,,,,,,,,,,,filing,10-K FY2022 — Item 1. BUSINESS,
unpaired_actual,VST,2021,,,,,,other_a_our_financial_statements_and,Other A Our Financial Statements And,,consolidated,,,,FY2022,"(a) Our financial statements and financial statement schedules are incorporated under Part II, Item 8 of this annual report on Form 10-K. (b) SCHEDULE I - CONDENSED FINANCIAL INFORMATION OF REGISTRANT VISTRA CORP. (PARENT) SCHEDULE I - CONDENSED FINANCIAL INFORMATION OF REGISTRANT CONDENSED STATEMENTS OF OPERATIONS (Millions of Dollars) Year Ended December 31, 2022 2021 2020 Depreciation and amortization $ ( 16 ) $ ( 17 ) $ ( 15 ) Selling, general and administrative expenses ( 69 ) ( 53 ) ( 72 ) Operating loss ( 85 ) ( 70 ) ( 87 ) Other income 6 3 5 Interest expense and related charges — — ( 7 ) Impacts of Tax Receivable Agreement ( 128 ) 53 5 Loss before income tax benefit ( 207 ) ( 14 ) ( 84 ) Income tax benefit 47 4 25 Equity in earnings (losses) of subsidiaries, net of tax ( 1,067 ) ( 1,264 ) 695 Net income (loss) $ ( 1,227 ) $ ( 1,274 ) $ 636 See Notes to the Condensed Financial Statements.",8,,,,,,,,,,,filing,10-K FY2022 — Item 15. EXHIBITS AND FINANCIAL STATEMENT SCHEDULES,
unpaired_actual,VST,2021,,,,,,revenue,Revenue,,consolidated,,,,FY2022,"Increased unemployment of residential customers and decreased demand for products and services by commercial and industrial customers resulting from an economic downturn could lead to declines in the demand for energy and an increase in the number of uncollectible customer balances, which would negatively impact our overall sales and cash flows.",,,,,,,,,,,,filing,10-K FY2022 — Item 1A. RISK FACTORS,
unpaired_actual,VST,2021,,,,,,revenue,Revenue,,consolidated,,,,FY2022,"Our debt could have negative consequences for our financial condition including: • increasing our vulnerability to general economic and industry conditions; • requiring a significant portion of our cash flows from operations to be dedicated to the payment of principal and interest on our indebtedness, therefore reducing our ability to pay dividends to holders of our common stock or to fund our operations, capital expenditures and future business opportunities; • limiting our ability to enter into long-term power sales or fuel purchases which require credit support; • limiting our ability to fund operations or future acquisitions; • limiting our ability to repurchase shares under the share repurchase program; • restricting our ability to make distributions or pay dividends with respect to our capital stock and the ability of our subsidiaries to make distributions to us, in light of restricted payment and other financial covenants in our credit facilities and other financing agreements; • inhibiting the growth of our stock price; • exposing us to the risk of increased interest rates because certain of our borrowings, including borrowings under the Vistra Operations Credit Facilities, are at variable rates of interest, only a portion of which are hedged; • limiting our ability to obtain additional financing for working capital including collateral postings, capital expenditures, debt service requirements, acquisitions and general corporate or other purposes; and • limiting our ability to adjust to changing market conditions and placing us at a competitive disadvantage compared to our competitors who may have less debt.",,,,,,,,,,,,filing,10-K FY2022 — Item 1A. RISK FACTORS,
unpaired_actual,VST,2021,,,,,,revenue,Revenue,,segment:aws,,,,FY2022,"Various factors could result in increased costs or result in delays or cancellation of our current or future renewable projects, or the loss of, or declines in the value of, our investments in projects including, but not limited to, risks relating to siting, financing, engineering and construction, permitting, interconnection requests, federal and state regulatory approvals, new legislation or regulatory changes impacting the industry, commissioning delays, import tariffs, changes to federal income tax laws, economic events or factors, environmental and community concerns, availability of or requirements for additional funding, enhanced competition, or the potential for termination of the power sales contract as a result of a failure to meet certain milestones.",,,,,,,,,,,,filing,10-K FY2022 — Item 1A. RISK FACTORS,
unpaired_actual,VST,2021,,,,,,product_milestone,Product / strategic milestone,,consolidated,,,,FY2022,"Additionally, the increased demand for construction of renewables projects, such as ESSs and solar projects, and other labor market and supply chain constraints have resulted, and may continue to result, in limited availability of qualified specialists, contractors, and necessary services or materials, leading to delays in and higher costs for the development and construction of our current and future planned projects.",,,,,,,,,,,,filing,10-K FY2022 — Item 1A. RISK FACTORS,
unpaired_actual,VST,2021,,,,,,other_should_any_of_these_factors,Other Should Any Of These Factors,,consolidated,,,,FY2022,"Should any of these factors occur, our financial position, results of operations, and cash flows could be adversely affected, or our future growth opportunities may not be realized as anticipated.",,,,,,,,,,,,filing,10-K FY2022 — Item 1A. RISK FACTORS,
unpaired_actual,VST,2021,,,,,,revenue,Revenue,,consolidated,,,,FY2022,"If such degradations were to occur at the Comanche Peak Facility, the process of identifying and correcting the causes of the operational downgrade to return the facility to operation could require significant time and expense, resulting in both lost revenue and increased fuel and purchased power expense to meet supply commitments.",,,,,,,,,,,,filing,10-K FY2022 — Item 1A. RISK FACTORS,
unpaired_actual,VST,2021,,,,,,capacity,Capacity,,consolidated,,,,FY2022,"The operation and maintenance of power generation facilities and related mining operations involve many risks, including, as applicable, start-up risks, breakdown or failure of facilities, equipment or processes, operator error, lack of sufficient capital to maintain the facilities, the dependence on a specific fuel source, the ability to timely obtain parts for equipment repairs, the inability to transport our product to our customers in an efficient manner due to the lack of transmission capacity or the impact of unusual or adverse weather conditions or other natural events, or terrorist attacks, as well as the risk of performance below expected levels of output, efficiency or reliability, the occurrence of any of which could result in substantial lost revenues and/or increased expenses.",,,,,,,,,,,,filing,10-K FY2022 — Item 1A. RISK FACTORS,
unpaired_actual,VST,2021,,,,,,other_if_we_do_not_have,Other If We Do Not Have,,consolidated,,,,FY2022,"If we do not have adequate liquidity to meet margin and collateral requirements, we may be exposed to significant losses, may miss significant opportunities and may have increased exposure to the volatility of spot markets, which could have a material adverse effect on us.",,,,,,,,,,,,filing,10-K FY2022 — Item 1A. RISK FACTORS,
unpaired_actual,VST,2021,,,,,,stores,Stores / locations,,consolidated,,,,FY2022,"As the closure and CCR management work progresses and final closure plans and corrective action measures are developed and approved at each site, the scope and complexity of work and the amount of CCR material could be greater than current estimates and could, therefore, materially impact earnings through increased compliance expenditures.",,,,,,,,,,,,filing,10-K FY2022 — Item 1A. RISK FACTORS,
unpaired_actual,VST,2021,,,,,,subscribers,Subscribers / customers,,consolidated,,,,FY2022,"The global or national outbreak of an illness or other communicable disease, or any other public health crisis, such as COVID-19, may cause disruptions to our business and operational plans, as a result of a number of factors, including (a) a protracted slowdown of broad sectors of the economy, (b) changes in demand or supply for commodities, (c) significant changes in legislation or regulatory policy to address the pandemic (including prohibitions on certain marketing channels, moratoriums or conditions on disconnections or limits or restrictions on late fees), (d) reduced demand for electricity (particularly from commercial and industrial customers), (e) increased late or uncollectible customer payments, (f) negative impacts on the health of our workforce, (g) a deterioration of our ability to ensure business continuity (including increased vulnerability to cyber and other information technology risks as a result of a significant portion of our workforce continuing to work from home), and (h) the inability of the Company's contractors, suppliers, and other business partners to fulfill their contractual obligations.","19,",,,,,,,,,,,filing,10-K FY2022 — Item 1A. RISK FACTORS,
unpaired_actual,VST,2021,,,,,,headcount,Headcount,,consolidated,,,,FY2022,"Further, we are facing an increasingly competitive market for hiring and retaining skilled employees in certain skill areas, which is exacerbated by the effects of the COVID-19 pandemic and increased acceptance of hiring remote working employees by our competitors and other companies.",19,,,,,,,,,,,filing,10-K FY2022 — Item 1A. RISK FACTORS,
unpaired_actual,VST,2021,,,,,,headcount,Headcount,,consolidated,,,,FY2022,Difficulties in attracting and retaining highly qualified skilled employees may restrict our ability to adequately support our business needs and/or result in increased personnel costs.,,,,,,,,,,,,filing,10-K FY2022 — Item 1A. RISK FACTORS,
unpaired_actual,VST,2021,,,,,,subscribers,Subscribers / customers,,consolidated,,,,FY2022,"Based on numbers of meters, our total retail customer counts increased approximately 3%, 3% and 1% in 2022, 2021 and 2020, respectively.",approximately 3%,,,,,,,,,,,filing,10-K FY2022 — Item 1A. Risk Factors – Regulatory and Legislative Risks,
unpaired_actual,VST,2021,,,,,,other_on_the_most_recent_goodwill,Other On The Most Recent Goodwill,,consolidated,,,,FY2022,"On the most recent goodwill testing date, we performed a qualitative assessment and determined that it was more likely than not that the fair value of our Retail and Texas Generation reporting units exceeded their carrying value at October 1, 2022.","1,",,,,,,,,,,,filing,10-K FY2022 — Item 1A. Risk Factors – Regulatory and Legislative Risks,
unpaired_actual,VST,2021,,,,,,revenue,Revenue,,consolidated,,,,FY2022,"The increases in revenue net of fuel and operating costs are due to strong generation fleet performance during periods of higher pricing and inflationary pressures, respectively, in the year ended December 31, 2022.","31,",,,,,,,,,,,filing,10-K FY2022 — Item 1A. Risk Factors – Regulatory and Legislative Risks,
unpaired_actual,VST,2021,,,,,,subscribers,Subscribers / customers,,consolidated,,,,FY2022,"As electricity pricing trended higher in 2022, we experienced increased customer migration to the default service provider in territories outside of Texas, where default service rates do not yet fully reflect the higher commodity pricing environment.","2022,",,,,,,,,,,,filing,10-K FY2022 — Item 1A. Risk Factors – Regulatory and Legislative Risks,
unpaired_actual,VST,2021,,,,,,revenue,Revenue,,consolidated,,,,FY2022,"The change in East segment results was primarily driven by (i) higher unrealized hedging losses in the year ended December 31, 2022 compared to the year ended December 31, 2021 due to increases in forward power prices in the year ended December 31, 2022 (ii) lower revenue net of fuel in the year ended December 31, 2022 compared to the year ended December 31, 2021 due primarily to higher-than-expected migration of customers to default service providers at rates below prevailing wholesale market prices and lower capacity revenue and (iii) termination of an unfavorable acquired contract in 2021 which resulted in derecognition of an intangible liability.","31,",,,,,,,,,,,filing,10-K FY2022 — Item 1A. Risk Factors – Regulatory and Legislative Risks,
unpaired_actual,VST,2021,,,,,,revenue_growth,Revenue growth,,consolidated,,,,FY2022,"Year Ended December 31, Increase (Decrease) 2022 2021 Capital expenditures, including LTSA prepayments $ (628) $ (549) (79) Nuclear fuel purchases (198) (44) (154) Growth and development expenditures (475) (440) (35) Total capital expenditures (1,301) (1,033) (268) Net sales (purchases) of environmental allowances (28) (213) 185 Net sales of (investments in) nuclear decommissioning trust fund securities (23) (22) (1) Insurance proceeds related to capital activity 39 89 (50) Proceeds from sale of nuclear fuel 57 — 57 Other investing activity 17 26 (9) Cash used in investing activities $ (1,239) $ (1,153) $ (86) Financing Cash Flows Year Ended December 31, 2022 Compared to Year Ended December 31, 2021 — Cash used in financing activities totaled $80 million in the year ended December 31, 2022 compared to cash provided by financing activities of $2.274 billion in the year ended December 31, 2021.","31,",,,,,,,,,,,filing,10-K FY2022 — Item 1A. Risk Factors – Regulatory and Legislative Risks,
unpaired_actual,VST,2021,,,,,,capacity,Capacity,,consolidated,,,,FY2022,"Year Ended December 31, Increase (Decrease) 2022 2021 Issuances of preferred stock in 2021 $ — $ 2,000 $ (2,000) Share repurchases (1,949) (471) (1,478) Other net borrowings (repayments), including the forward capacity agreements (251) 119 (370) Dividends paid to common stockholders (302) (290) (12) Dividends paid to preferred stockholders (151) — (151) Issuance of senior secured (2022) and senior unsecured (2021) notes 1,498 1,250 248 Net borrowings (repayments) under the accounts receivable financing facilities 425 (300) 725 Net short-term borrowings (repayments) 650 — 650 Other financing activity — (34) 34 Cash provided by (used in) financing activities $ (80) $ 2,274 $ (2,354) Debt Activity See Note 9 to the Financial Statements for details of the Receivables Facility and Repurchase Facility and Note 10 to the Financial Statements for details of the Vistra Operations Credit Facilities, the Commodity-Linked Facility and other long-term debt.","31,",,,,,,,,,,,filing,10-K FY2022 — Item 1A. Risk Factors – Regulatory and Legislative Risks,
unpaired_actual,VST,2021,,,,,,capacity,Capacity,,consolidated,,,,FY2022,"The $80 million decrease in available liquidity for the year ended December 31, 2022 was primarily driven by $1.949 billion in cash paid for share repurchases, $1.301 billion of capital expenditures (including LTSA prepayments, nuclear fuel and development and growth expenditures), a $418 million increase in letters of credit outstanding under the Revolving Credit Facility, $302 million in dividends paid to common stockholders and $151 million in dividends paid to preferred stockholders, partially offset by cash provided by operations, cash received from the issuance of $1.5 billion principal amount of Vistra Operations senior secured notes issued, $808 million in available capacity under the Commodity-Linked Facility under the aggregate commitments in effect as of December 31, 2022, $650 million in additional aggregate commitments under the Revolving Credit Facility resulting from the Credit Agreement Amendments and $425 million in net cash borrowings under the accounts receivable financing facilities.",$80 million,,,,,,,,,,,filing,10-K FY2022 — Item 1A. Risk Factors – Regulatory and Legislative Risks,
unpaired_actual,VST,2021,,,,,,revenue,Revenue,,segment:aws,,,,FY2022,"Management's Discussion and Analysis of Financial Condition and Results of Operations in this annual report on Form 10-K and the following important factors, among others, that could cause our actual results to differ materially from those projected in or implied by such forward-looking statements: • the actions and decisions of judicial and regulatory authorities; • prohibitions and other restrictions on our operations due to the terms of our agreements; • prevailing federal, state and local governmental policies and regulatory actions, including those of the legislatures and other government actions of states in which we operate, the U.S. Congress, the FERC, the NERC, the TRE, the public utility commissions of states and locales in which we operate, CAISO, ERCOT, ISO-NE, MISO, NYISO, PJM, the RCT, the NRC, the EPA, the environmental regulatory bodies of states in which we operate, the MSHA and the CFTC, with respect to, among other things: ▪ allowed prices; ▪ industry, market and rate structure; ▪ purchased power and recovery of investments; ▪ operations of nuclear generation facilities; ▪ operations of fossil-fueled generation facilities; ▪ operations of mines; ▪ acquisition and disposal of assets and facilities; ▪ development, construction and operation of facilities; ▪ decommissioning costs; ▪ present or prospective wholesale and retail competition; ▪ changes in federal, state and local tax laws, rates and policies, including additional regulation, interpretations, amendments, or technical corrections to the TCJA and/or the IRA; ▪ changes in and compliance with environmental and safety laws and policies, including the CCR Rule, National Ambient Air Quality Standards, the Cross-State Air Pollution Rule, the Mercury and Air Toxics Standard, regional haze program implementation and GHG and other climate change initiatives; and ▪ clearing over-the-counter derivatives through exchanges and posting of cash collateral therewith; • expectations regarding, or impacts of, environmental matters, including costs of compliance, availability and adequacy of emission credits, and the impact of ongoing proceedings and potential regulations or changes to current regulations, including those relating to climate change, air emissions, cooling water intake structures, coal combustion byproducts, and other laws and regulations that we are, or could become, subject to, which could increase our costs, result in an impairment of our assets, cause us to limit or terminate the operation of certain of our facilities, or otherwise negatively impact our financial results or stock price; • legal and administrative proceedings and settlements; • general industry trends; • economic conditions, including the impact of any inflationary period, recession or economic downturn; • investor sentiment relating to climate change and utilization of fossil fuels in connection with power generation could reduce demand for, or increase potential volatility in the market price of, our common stock; • the severity, magnitude and duration of pandemics, including the COVID-19 pandemic, and the resulting effects on our results of operations, financial condition and cash flows; • the severity, magnitude and duration of extreme weather events, drought and limitations on access to water, and other weather conditions and natural phenomena, contingencies and uncertainties relating thereto, most of which are difficult to predict and many of which are beyond our control, and the resulting effects on our results of operations, financial condition and cash flows; • acts of sabotage, geopolitical conflicts, wars, or terrorist, cybersecurity, cybercriminal, or cyber-espionage threats or activities; 86 Table of Contents • risk of contract performance claims by us or our counterparties, and risks of, or costs associated with, pursuing or defending such claims; • our ability to collect trade receivables from counterparties in the amount or at the time expected, if at all; • our ability to attract, retain and profitably serve customers; • restrictions on or prohibitions of competitive retail pricing or direct-selling businesses; • adverse publicity associated with our retail products or direct selling businesses, including our ability to address the marketplace and regulators regarding our compliance with applicable laws; • changes in wholesale electricity prices or energy commodity prices, including the price of natural gas; • changes in prices of transportation of natural gas, coal, fuel oil and other refined products; • sufficiency of, access to, and costs associated with coal, fuel oil, natural gas, and uranium inventories and transportation and storage thereof; • changes in the ability of counterparties and suppliers to provide or deliver commodities, materials, or services as needed; • beliefs and assumptions about the benefits of state- or federal-based subsidies to our market competition, and the corresponding impacts on us, including if such subsidies are disproportionately available to our competitors; • the effects of, or changes to, market design and the power, ancillary services and capacity procurement processes in the markets in which we operate; • changes in market heat rates in the CAISO, ERCOT, ISO-NE, MISO, NYISO and PJM electricity markets; • our ability to effectively hedge against unfavorable commodity prices, including the price of natural gas, market heat rates and interest rates; • population growth or decline, or changes in market supply or demand and demographic patterns; • our ability to mitigate forced outage risk, including managing risk associated with Capacity Performance in PJM and performance incentives in ISO-NE; • efforts to identify opportunities to reduce congestion and improve busbar power prices; • access to adequate transmission facilities to meet changing demands; • changes in interest rates, commodity prices, rates of inflation or foreign exchange rates; • changes in operating expenses, liquidity needs and capital expenditures; • commercial bank market and capital market conditions and the potential impact of disruptions in U.S. and international credit markets; • access to capital, the attractiveness of the cost and other terms of such capital and the success of financing and refinancing efforts, including availability of funds in capital markets; • our ability to maintain prudent financial leverage and achieve our capital allocation, performance, and cost-saving initiatives and objectives; • our ability to generate sufficient cash flow to make principal and interest payments in respect of, or refinance, our debt obligations; • our expectation that we will continue to pay (i) a consistent aggregate cash dividend amount to common stockholders on a quarterly basis and (ii) the applicable semiannual cash dividend to the Series A Preferred Stock and Series B Preferred Stock stockholders, respectively; • our expectation that we will continue to make repurchases under, and the possibility that we may fail to realize the anticipated benefits of, our share repurchase program, and the possibility that the program may be suspended, discontinued or not completed prior to its termination; • our ability to implement and successfully execute upon our strategic and growth initiatives, including the completion and integration of mergers, acquisitions and/or joint venture activity, the identification and completion of sales and divestitures activity, and the completion and commercialization of our other business development and construction projects; • competition for new energy development and other business opportunities; • inability of various counterparties to meet their obligations with respect to our financial instruments; • counterparties' collateral demands and other factors affecting our liquidity position and financial condition; • changes in technology (including large-scale electricity storage) used by and services offered by us; • changes in electricity transmission that allow additional power generation to compete with our generation assets; • our ability to attract and retain qualified employees; • significant changes in our relationship with our employees, including the availability of qualified personnel, and the potential adverse effects if labor disputes or grievances were to occur or changes in laws or regulations relating to independent contractor status; • changes in assumptions used to estimate costs of providing employee benefits, including medical and dental benefits, pension and OPEB, and future funding requirements related thereto, including joint and several liability exposure under ERISA; • hazards customary to the industry and the possibility that we may not have adequate insurance to cover losses resulting from such hazards; 87 Table of Contents • the impact of our obligations under the TRA; • our ability to optimize our assets through targeted investment in cost-effective technology enhancements and operations performance initiatives; • our ability to effectively and efficiently plan, prepare for and execute expected asset retirements and reclamation obligations and the impacts thereof; • our ability to successfully complete the integration of businesses acquired by Vistra and our ability to successfully capture the full amount of projected operational and financial synergies relating to such transactions; and • actions by credit rating agencies.",10,,,,,,,,,,,filing,10-K FY2022 — Item 7A. QUANTITATIVE AND QUALITATIVE DISCLOSURES ABOUT MARKET RISK,
unpaired_actual,VST,2021,,,,,,headcount,Headcount,,consolidated,,,,FY2022,"STOCK-BASED COMPENSATION Vistra 2016 Omnibus Incentive Plan On the Effective Date, the Vistra board of directors (Board) adopted the 2016 Omnibus Incentive Plan (2016 Incentive Plan), under which an aggregate of 22,500,000 shares of our common stock were reserved for issuance as equity-based awards to our non-employee directors, employees, and certain other persons.",2016,,,,,,,,,,,filing,10-K FY2022 — Item 8. FINANCIAL STATEMENTS AND SUPPLEMENTARY DATA — Consolidated Financial Statements,
unpaired_actual,VST,2021,,,,,,other_restricted_stock_units_the_following,Other Restricted Stock Units The Following,,consolidated,,,,FY2022,"Restricted Stock Units The following table summarizes our restricted stock unit activity: Year Ended December 31, 2022 Restricted Stock Units (in thousands) Weighted Average Grant Date Fair Value Total nonvested at beginning of period 2,811 $ 22.57 Granted 2,197 $ 21.16 Vested ( 1,192 ) $ 23.38 Forfeited ( 201 ) $ 21.72 Total nonvested at end of period 3,615 $ 21.49 As of December 31, 2022, $ 46 million of unrecognized compensation cost related to unvested restricted stock units granted under the 2016 Incentive Plan are expected to be recognized over a weighted average period of approximately 2 years.","31,",,,,,,,,,,,filing,10-K FY2022 — Item 8. FINANCIAL STATEMENTS AND SUPPLEMENTARY DATA — Consolidated Financial Statements,
unpaired_actual,VST,2021,,,,,,capacity,Capacity,,consolidated,,,,FY2022,The contract was amended to increase the capacity of the planned development to a 36.25 MW battery ESS.,36.25,,,,,,,,,,,filing,10-K FY2022 — Item 8. FINANCIAL STATEMENTS AND SUPPLEMENTARY DATA — Consolidated Financial Statements,
unpaired_actual,VST,2021,,,,,,capacity,Capacity,,consolidated,,,,FY2022,"Name Location ISO/RTO Fuel Type Net Generation Capacity (MW) Actual or Expected Retirement Date (a) Segment Baldwin Baldwin, IL MISO Coal 1,185 By the end of 2025 Sunset Coleto Creek Goliad, TX ERCOT Coal 650 By the end of 2027 Sunset Edwards Bartonville, IL MISO Coal 585 Retired January 1, 2023 Sunset Joppa Joppa, IL MISO Coal 802 Retired September 1, 2022 Asset Closure Joppa Joppa, IL MISO Natural Gas 221 Retired September 1, 2022 Asset Closure Kincaid Kincaid, IL PJM Coal 1,108 By the end of 2027 Sunset Miami Fort North Bend, OH PJM Coal 1,020 By the end of 2027 Sunset Newton Newton, IL MISO/PJM Coal 615 By the end of 2027 Sunset Zimmer Moscow, OH PJM Coal 1,300 Retired June 1, 2022 Asset Closure Total 7,486 ____________ (a) Generation facilities may retire earlier than the end of 2027 if economic or other conditions dictate.","1,185",,,,,,,,,,,filing,10-K FY2022 — Item 8. FINANCIAL STATEMENTS AND SUPPLEMENTARY DATA — Consolidated Financial Statements,
unpaired_actual,VST,2021,,,,,,other_on_the_most_recent_goodwill,Other On The Most Recent Goodwill,,consolidated,,,,FY2022,"On the most recent goodwill testing date, we applied qualitative factors and determined that it was more likely than not that the fair value of our Retail and Texas Generation reporting units exceeded their carrying value at October 1, 2022.","1,",,,,,,,,,,,filing,10-K FY2022 — Item 8. FINANCIAL STATEMENTS AND SUPPLEMENTARY DATA — Consolidated Financial Statements,
unpaired_actual,VST,2021,,,,,,other_year_ended_december_31_2022,Other Year Ended December 31 2022,,consolidated,,,,FY2022,"Year Ended December 31, 2022 2021 2020 Net income (loss) attributable to Vistra $ ( 1,227 ) $ ( 1,274 ) $ 636 Less cumulative dividends attributable to Series A Preferred Stock ( 80 ) ( 17 ) — Less cumulative dividends attributable to Series B Preferred Stock ( 70 ) ( 4 ) — Net income (loss) attributable to common stock — basic ( 1,377 ) ( 1,295 ) 636 Weighted average shares of common stock outstanding — basic 422,447,074 482,214,544 488,668,263 Net income (loss) per weighted average share of common stock outstanding — basic $ ( 3.26 ) $ ( 2.69 ) $ 1.30 Dilutive securities: Stock-based incentive compensation plan — — 2,422,205 Weighted average shares of common stock outstanding — diluted 422,447,074 482,214,544 491,090,468 Net income (loss) per weighted average share of common stock outstanding — diluted $ ( 3.26 ) $ ( 2.69 ) $ 1.30 Stock-based incentive compensation plan awards excluded from the calculation of diluted earnings per share because the effect would have been antidilutive totaled 8,292,647 , 14,412,299 and 12,553,414 shares for the years ended December 31, 2022, 2021 and 2020, respectively.","31,",,,,,,,,,,,filing,10-K FY2022 — Item 8. FINANCIAL STATEMENTS AND SUPPLEMENTARY DATA — Consolidated Financial Statements,
unpaired_actual,VST,2021,,,,,,capacity,Capacity,,consolidated,,,,FY2022,"In May 2022, the final capacity payment from PJM during the Planning Years 2021-2022 was paid, and the terms of the 2021-2022 Forward Capacity were fulfilled.","2022,",,,,,,,,,,,filing,10-K FY2022 — Item 8. FINANCIAL STATEMENTS AND SUPPLEMENTARY DATA — Consolidated Financial Statements,
unpaired_actual,VST,2021,,,,,,capacity,Capacity,,consolidated,,,,FY2022,"On the Merger Date, the Company assumed the obligation of Dynegy's agreements under which a portion of the PJM capacity that cleared for Planning Years 2018-2019, 2019-2020 and 2020-2021 was sold to a financial institution (Legacy Forward Capacity Agreements, and, together with the 2021-2022 Forward Capacity Agreement, the Forward Capacity Agreements).",2018,,,,,,,,,,,filing,10-K FY2022 — Item 8. FINANCIAL STATEMENTS AND SUPPLEMENTARY DATA — Consolidated Financial Statements,
unpaired_actual,VST,2021,,,,,,capacity,Capacity,,consolidated,,,,FY2022,"In May 2021, the final capacity payment from PJM during the Planning Years 2020-2021 was paid, and the terms of the Legacy Forward Capacity were fulfilled.","2021,",,,,,,,,,,,filing,10-K FY2022 — Item 8. FINANCIAL STATEMENTS AND SUPPLEMENTARY DATA — Consolidated Financial Statements,
unpaired_actual,VST,2021,,,,,,revenue,Revenue,,consolidated,,,,FY2022,"99 Table of Contents Use of Estimates Preparation of financial statements requires estimates and assumptions about future events that affect the reporting of assets and liabilities at the balance sheet dates and the reported amounts of revenue and expense, including fair value measurements, estimates of expected obligations, judgments related to the potential timing of events and other estimates.",99,,,,,,,,,,,filing,10-K FY2022 — Item 8. FINANCIAL STATEMENTS AND SUPPLEMENTARY DATA — Consolidated Financial Statements,
unpaired_actual,VST,2021,,,,,,headcount,Headcount,,consolidated,,,,FY2022,"After amendments in 2012, employees in the Retirement Plan now consist entirely of participants who were active and retired collective bargaining unit employees.","2012,",,,,,,,,,,,filing,10-K FY2022 — Item 8. FINANCIAL STATEMENTS AND SUPPLEMENTARY DATA — Consolidated Financial Statements,
unpaired_actual,VST,2021,,,,,,revenue,Revenue,,consolidated,,,,Q1 FY2020,SEC XBRL Revenue for Q1 FY2020: 2858000000 USD,$2858000000,,,,,,,,,,,xbrl,XBRL Revenue Q1 FY2020,
unpaired_actual,VST,2021,,,,,,operating_income,Operating Income,,consolidated,,,,Q1 FY2020,SEC XBRL Operating Income for Q1 FY2020: 391000000 USD,$391000000,,,,,,,,,,,xbrl,XBRL Operating Income Q1 FY2020,
unpaired_actual,VST,2021,,,,,,net_income,Net Income,,consolidated,,,,Q1 FY2020,SEC XBRL Net Income for Q1 FY2020: 56000000 USD,$56000000,,,,,,,,,,,xbrl,XBRL Net Income Q1 FY2020,
unpaired_actual,VST,2021,,,,,,eps,Diluted EPS,,consolidated,,,,Q1 FY2020,SEC XBRL Diluted EPS for Q1 FY2020: 0.11 USD/share,$0.11,,,,,,,,,,,xbrl,XBRL Diluted EPS Q1 FY2020,
unpaired_actual,VST,2021,,,,,,operating_cash_flow,Operating Cash Flow,,consolidated,,,,Q1 FY2020,SEC XBRL Operating Cash Flow for Q1 FY2020: 552000000 USD,$552000000,,,,,,,,,,,xbrl,XBRL Operating Cash Flow Q1 FY2020,
unpaired_actual,VST,2021,,,,,,capital_expenditure,Capital Expenditures,,consolidated,,,,Q1 FY2020,SEC XBRL Capital Expenditures for Q1 FY2020: 261000000 USD,$261000000,,,,,,,,,,,xbrl,XBRL Capital Expenditures Q1 FY2020,
unpaired_actual,VST,2021,,,,,,operating_margin,Operating margin,,consolidated,,,,Q1 FY2020,SEC XBRL derived Operating margin for Q1 FY2020: 13.6809% (391000000 / 2858000000),13.6809%,,,,,,,,,,,xbrl,XBRL Operating margin Q1 FY2020,
unpaired_actual,VST,2021,,,,,,revenue,Revenue,,consolidated,,,,Q2 FY2020,SEC XBRL Revenue for Q2 FY2020: 2509000000 USD,$2509000000,,,,,,,,,,,xbrl,XBRL Revenue Q2 FY2020,
unpaired_actual,VST,2021,,,,,,operating_income,Operating Income,,consolidated,,,,Q2 FY2020,SEC XBRL Operating Income for Q2 FY2020: 377000000 USD,$377000000,,,,,,,,,,,xbrl,XBRL Operating Income Q2 FY2020,
unpaired_actual,VST,2021,,,,,,net_income,Net Income,,consolidated,,,,Q2 FY2020,SEC XBRL Net Income for Q2 FY2020: 166000000 USD,$166000000,,,,,,,,,,,xbrl,XBRL Net Income Q2 FY2020,
unpaired_actual,VST,2021,,,,,,eps,Diluted EPS,,consolidated,,,,Q2 FY2020,SEC XBRL Diluted EPS for Q2 FY2020: 0.34 USD/share,$0.34,,,,,,,,,,,xbrl,XBRL Diluted EPS Q2 FY2020,
unpaired_actual,VST,2021,,,,,,operating_cash_flow,Operating Cash Flow,,consolidated,,,,Q2 FY2020,SEC XBRL Operating Cash Flow for Q2 FY2020: 757000000 USD,$757000000,,,,,,,,,,,xbrl,XBRL Operating Cash Flow Q2 FY2020,
unpaired_actual,VST,2021,,,,,,capital_expenditure,Capital Expenditures,,consolidated,,,,Q2 FY2020,SEC XBRL Capital Expenditures for Q2 FY2020: 327000000 USD,$327000000,,,,,,,,,,,xbrl,XBRL Capital Expenditures Q2 FY2020,
unpaired_actual,VST,2021,,,,,,operating_margin,Operating margin,,consolidated,,,,Q2 FY2020,SEC XBRL derived Operating margin for Q2 FY2020: 15.0259% (377000000 / 2509000000),15.0259%,,,,,,,,,,,xbrl,XBRL Operating margin Q2 FY2020,
unpaired_actual,VST,2021,,,,,,revenue,Revenue,,consolidated,,,,Q3 FY2020,SEC XBRL Revenue for Q3 FY2020: 3552000000 USD,$3552000000,,,,,,,,,,,xbrl,XBRL Revenue Q3 FY2020,
unpaired_actual,VST,2021,,,,,,operating_income,Operating Income,,consolidated,,,,Q3 FY2020,SEC XBRL Operating Income for Q3 FY2020: 676000000 USD,$676000000,,,,,,,,,,,xbrl,XBRL Operating Income Q3 FY2020,
unpaired_actual,VST,2021,,,,,,net_income,Net Income,,consolidated,,,,Q3 FY2020,SEC XBRL Net Income for Q3 FY2020: 443000000 USD,$443000000,,,,,,,,,,,xbrl,XBRL Net Income Q3 FY2020,
unpaired_actual,VST,2021,,,,,,eps,Diluted EPS,,consolidated,,,,Q3 FY2020,SEC XBRL Diluted EPS for Q3 FY2020: 0.9 USD/share,$0.9,,,,,,,,,,,xbrl,XBRL Diluted EPS Q3 FY2020,
unpaired_actual,VST,2021,,,,,,operating_cash_flow,Operating Cash Flow,,consolidated,,,,Q3 FY2020,SEC XBRL Operating Cash Flow for Q3 FY2020: 1041000000 USD,$1041000000,,,,,,,,,,,xbrl,XBRL Operating Cash Flow Q3 FY2020,
unpaired_actual,VST,2021,,,,,,capital_expenditure,Capital Expenditures,,consolidated,,,,Q3 FY2020,SEC XBRL Capital Expenditures for Q3 FY2020: 250000000 USD,$250000000,,,,,,,,,,,xbrl,XBRL Capital Expenditures Q3 FY2020,
unpaired_actual,VST,2021,,,,,,operating_margin,Operating margin,,consolidated,,,,Q3 FY2020,SEC XBRL derived Operating margin for Q3 FY2020: 19.0315% (676000000 / 3552000000),19.0315%,,,,,,,,,,,xbrl,XBRL Operating margin Q3 FY2020,
unpaired_actual,VST,2021,,,,,,revenue,Revenue,,consolidated,,,,Q4 FY2020,SEC XBRL Revenue for FY2020: 11443000000 USD,$11443000000,,,,,,,,,,,xbrl,XBRL Revenue FY2020,
unpaired_actual,VST,2021,,,,,,operating_income,Operating Income,,consolidated,,,,Q4 FY2020,SEC XBRL Operating Income for FY2020: 1519000000 USD,$1519000000,,,,,,,,,,,xbrl,XBRL Operating Income FY2020,
unpaired_actual,VST,2021,,,,,,net_income,Net Income,,consolidated,,,,Q4 FY2020,SEC XBRL Net Income for FY2020: 636000000 USD,$636000000,,,,,,,,,,,xbrl,XBRL Net Income FY2020,
unpaired_actual,VST,2021,,,,,,eps,Diluted EPS,,consolidated,,,,Q4 FY2020,SEC XBRL Diluted EPS for FY2020: 1.3 USD/share,$1.3,,,,,,,,,,,xbrl,XBRL Diluted EPS FY2020,
unpaired_actual,VST,2021,,,,,,operating_cash_flow,Operating Cash Flow,,consolidated,,,,Q4 FY2020,SEC XBRL Operating Cash Flow for FY2020: 3337000000 USD,$3337000000,,,,,,,,,,,xbrl,XBRL Operating Cash Flow FY2020,
unpaired_actual,VST,2021,,,,,,capital_expenditure,Capital Expenditures,,consolidated,,,,Q4 FY2020,SEC XBRL Capital Expenditures for FY2020: 1259000000 USD,$1259000000,,,,,,,,,,,xbrl,XBRL Capital Expenditures FY2020,
unpaired_actual,VST,2021,,,,,,operating_margin,Operating margin,,consolidated,,,,Q4 FY2020,SEC XBRL derived Operating margin for FY2020: 13.2745% (1519000000 / 11443000000),13.2745%,,,,,,,,,,,xbrl,XBRL Operating margin FY2020,
unpaired_actual,VST,2021,,,,,,revenue,Revenue,,consolidated,,,,Q1 FY2021,SEC XBRL Revenue for Q1 FY2021: 3207000000 USD,$3207000000,,,,,,,,,,,xbrl,XBRL Revenue Q1 FY2021,
unpaired_actual,VST,2021,,,,,,operating_income,Operating Income,,consolidated,,,,Q1 FY2021,SEC XBRL Operating Income for Q1 FY2021: -2583000000 USD,$-2583000000,,,,,,,,,,,xbrl,XBRL Operating Income Q1 FY2021,
unpaired_actual,VST,2021,,,,,,net_income,Net Income,,consolidated,,,,Q1 FY2021,SEC XBRL Net Income for Q1 FY2021: -2043000000 USD,$-2043000000,,,,,,,,,,,xbrl,XBRL Net Income Q1 FY2021,
unpaired_actual,VST,2021,,,,,,eps,Diluted EPS,,consolidated,,,,Q1 FY2021,SEC XBRL Diluted EPS for Q1 FY2021: -4.21 USD/share,$-4.21,,,,,,,,,,,xbrl,XBRL Diluted EPS Q1 FY2021,
unpaired_actual,VST,2021,,,,,,operating_cash_flow,Operating Cash Flow,,consolidated,,,,Q1 FY2021,SEC XBRL Operating Cash Flow for Q1 FY2021: -1653000000 USD,$-1653000000,,,,,,,,,,,xbrl,XBRL Operating Cash Flow Q1 FY2021,
unpaired_actual,VST,2021,,,,,,capital_expenditure,Capital Expenditures,,consolidated,,,,Q1 FY2021,SEC XBRL Capital Expenditures for Q1 FY2021: 192000000 USD,$192000000,,,,,,,,,,,xbrl,XBRL Capital Expenditures Q1 FY2021,
unpaired_actual,VST,2021,,,,,,operating_margin,Operating margin,,consolidated,,,,Q1 FY2021,SEC XBRL derived Operating margin for Q1 FY2021: -80.5426% (-2583000000 / 3207000000),-80.5426%,,,,,,,,,,,xbrl,XBRL Operating margin Q1 FY2021,
unpaired_actual,VST,2021,,,,,,revenue,Revenue,,consolidated,,,,Q2 FY2021,SEC XBRL Revenue for Q2 FY2021: 2565000000 USD,$2565000000,,,,,,,,,,,xbrl,XBRL Revenue Q2 FY2021,
unpaired_actual,VST,2021,,,,,,operating_income,Operating Income,,consolidated,,,,Q2 FY2021,SEC XBRL Operating Income for Q2 FY2021: 62000000 USD,$62000000,,,,,,,,,,,xbrl,XBRL Operating Income Q2 FY2021,
unpaired_actual,VST,2021,,,,,,net_income,Net Income,,consolidated,,,,Q2 FY2021,SEC XBRL Net Income for Q2 FY2021: 36000000 USD,$36000000,,,,,,,,,,,xbrl,XBRL Net Income Q2 FY2021,
unpaired_actual,VST,2021,,,,,,eps,Diluted EPS,,consolidated,,,,Q2 FY2021,SEC XBRL Diluted EPS for Q2 FY2021: 0.07 USD/share,$0.07,,,,,,,,,,,xbrl,XBRL Diluted EPS Q2 FY2021,
unpaired_actual,VST,2021,,,,,,operating_cash_flow,Operating Cash Flow,,consolidated,,,,Q2 FY2021,SEC XBRL Operating Cash Flow for Q2 FY2021: 596000000 USD,$596000000,,,,,,,,,,,xbrl,XBRL Operating Cash Flow Q2 FY2021,
unpaired_actual,VST,2021,,,,,,capital_expenditure,Capital Expenditures,,consolidated,,,,Q2 FY2021,SEC XBRL Capital Expenditures for Q2 FY2021: 354000000 USD,$354000000,,,,,,,,,,,xbrl,XBRL Capital Expenditures Q2 FY2021,
unpaired_actual,VST,2021,,,,,,operating_margin,Operating margin,,consolidated,,,,Q2 FY2021,SEC XBRL derived Operating margin for Q2 FY2021: 2.4172% (62000000 / 2565000000),2.4172%,,,,,,,,,,,xbrl,XBRL Operating margin Q2 FY2021,
unpaired_actual,VST,2021,,,,,,revenue,Revenue,,consolidated,,,,Q3 FY2021,SEC XBRL Revenue for Q3 FY2021: 2991000000 USD,$2991000000,,,,,,,,,,,xbrl,XBRL Revenue Q3 FY2021,
unpaired_actual,VST,2021,,,,,,operating_income,Operating Income,,consolidated,,,,Q3 FY2021,SEC XBRL Operating Income for Q3 FY2021: 119000000 USD,$119000000,,,,,,,,,,,xbrl,XBRL Operating Income Q3 FY2021,
unpaired_actual,VST,2021,,,,,,net_income,Net Income,,consolidated,,,,Q3 FY2021,SEC XBRL Net Income for Q3 FY2021: 7000000 USD,$7000000,,,,,,,,,,,xbrl,XBRL Net Income Q3 FY2021,
unpaired_actual,VST,2021,,,,,,eps,Diluted EPS,,consolidated,,,,Q3 FY2021,SEC XBRL Diluted EPS for Q3 FY2021: 0.01 USD/share,$0.01,,,,,,,,,,,xbrl,XBRL Diluted EPS Q3 FY2021,
unpaired_actual,VST,2021,,,,,,operating_cash_flow,Operating Cash Flow,,consolidated,,,,Q3 FY2021,SEC XBRL Operating Cash Flow for Q3 FY2021: 564000000 USD,$564000000,,,,,,,,,,,xbrl,XBRL Operating Cash Flow Q3 FY2021,
unpaired_actual,VST,2021,,,,,,capital_expenditure,Capital Expenditures,,consolidated,,,,Q3 FY2021,SEC XBRL Capital Expenditures for Q3 FY2021: 244000000 USD,$244000000,,,,,,,,,,,xbrl,XBRL Capital Expenditures Q3 FY2021,
unpaired_actual,VST,2021,,,,,,operating_margin,Operating margin,,consolidated,,,,Q3 FY2021,SEC XBRL derived Operating margin for Q3 FY2021: 3.9786% (119000000 / 2991000000),3.9786%,,,,,,,,,,,xbrl,XBRL Operating margin Q3 FY2021,
unpaired_actual,VST,2021,,,,,,revenue,Revenue,,consolidated,,,,Q4 FY2021,SEC XBRL Revenue for FY2021: 12077000000 USD,$12077000000,,,,,,,,,,,xbrl,XBRL Revenue FY2021,
unpaired_actual,VST,2021,,,,,,operating_income,Operating Income,,consolidated,,,,Q4 FY2021,SEC XBRL Operating Income for FY2021: -1515000000 USD,$-1515000000,,,,,,,,,,,xbrl,XBRL Operating Income FY2021,
unpaired_actual,VST,2021,,,,,,net_income,Net Income,,consolidated,,,,Q4 FY2021,SEC XBRL Net Income for FY2021: -1274000000 USD,$-1274000000,,,,,,,,,,,xbrl,XBRL Net Income FY2021,
unpaired_actual,VST,2021,,,,,,eps,Diluted EPS,,consolidated,,,,Q4 FY2021,SEC XBRL Diluted EPS for FY2021: -2.69 USD/share,$-2.69,,,,,,,,,,,xbrl,XBRL Diluted EPS FY2021,
unpaired_actual,VST,2021,,,,,,operating_cash_flow,Operating Cash Flow,,consolidated,,,,Q4 FY2021,SEC XBRL Operating Cash Flow for FY2021: -206000000 USD,$-206000000,,,,,,,,,,,xbrl,XBRL Operating Cash Flow FY2021,
unpaired_actual,VST,2021,,,,,,capital_expenditure,Capital Expenditures,,consolidated,,,,Q4 FY2021,SEC XBRL Capital Expenditures for FY2021: 1033000000 USD,$1033000000,,,,,,,,,,,xbrl,XBRL Capital Expenditures FY2021,
unpaired_actual,VST,2021,,,,,,operating_margin,Operating margin,,consolidated,,,,Q4 FY2021,SEC XBRL derived Operating margin for FY2021: -12.5445% (-1515000000 / 12077000000),-12.5445%,,,,,,,,,,,xbrl,XBRL Operating margin FY2021,
unpaired_actual,VST,2021,,,,,,revenue,Revenue,,consolidated,,,,Q1 FY2022,SEC XBRL Revenue for Q1 FY2022: 3125000000 USD,$3125000000,,,,,,,,,,,xbrl,XBRL Revenue Q1 FY2022,
unpaired_actual,VST,2021,,,,,,operating_income,Operating Income,,consolidated,,,,Q1 FY2022,SEC XBRL Operating Income for Q1 FY2022: -288000000 USD,$-288000000,,,,,,,,,,,xbrl,XBRL Operating Income Q1 FY2022,
unpaired_actual,VST,2021,,,,,,net_income,Net Income,,consolidated,,,,Q1 FY2022,SEC XBRL Net Income for Q1 FY2022: -285000000 USD,$-285000000,,,,,,,,,,,xbrl,XBRL Net Income Q1 FY2022,
unpaired_actual,VST,2021,,,,,,eps,Diluted EPS,,consolidated,,,,Q1 FY2022,SEC XBRL Diluted EPS for Q1 FY2022: -0.72 USD/share,$-0.72,,,,,,,,,,,xbrl,XBRL Diluted EPS Q1 FY2022,
unpaired_actual,VST,2021,,,,,,operating_cash_flow,Operating Cash Flow,,consolidated,,,,Q1 FY2022,SEC XBRL Operating Cash Flow for Q1 FY2022: 591000000 USD,$591000000,,,,,,,,,,,xbrl,XBRL Operating Cash Flow Q1 FY2022,
unpaired_actual,VST,2021,,,,,,capital_expenditure,Capital Expenditures,,consolidated,,,,Q1 FY2022,SEC XBRL Capital Expenditures for Q1 FY2022: 373000000 USD,$373000000,,,,,,,,,,,xbrl,XBRL Capital Expenditures Q1 FY2022,
unpaired_actual,VST,2021,,,,,,operating_margin,Operating margin,,consolidated,,,,Q1 FY2022,SEC XBRL derived Operating margin for Q1 FY2022: -9.2160% (-288000000 / 3125000000),-9.2160%,,,,,,,,,,,xbrl,XBRL Operating margin Q1 FY2022,
unpaired_actual,VST,2021,,,,,,revenue,Revenue,,consolidated,,,,Q2 FY2022,SEC XBRL Revenue for Q2 FY2022: 1588000000 USD,$1588000000,,,,,,,,,,,xbrl,XBRL Revenue Q2 FY2022,
unpaired_actual,VST,2021,,,,,,operating_income,Operating Income,,consolidated,,,,Q2 FY2022,SEC XBRL Operating Income for Q2 FY2022: -1683000000 USD,$-1683000000,,,,,,,,,,,xbrl,XBRL Operating Income Q2 FY2022,
unpaired_actual,VST,2021,,,,,,net_income,Net Income,,consolidated,,,,Q2 FY2022,SEC XBRL Net Income for Q2 FY2022: -1365000000 USD,$-1365000000,,,,,,,,,,,xbrl,XBRL Net Income Q2 FY2022,
unpaired_actual,VST,2021,,,,,,eps,Diluted EPS,,consolidated,,,,Q2 FY2022,SEC XBRL Diluted EPS for Q2 FY2022: -3.27 USD/share,$-3.27,,,,,,,,,,,xbrl,XBRL Diluted EPS Q2 FY2022,
unpaired_actual,VST,2021,,,,,,operating_cash_flow,Operating Cash Flow,,consolidated,,,,Q2 FY2022,SEC XBRL Operating Cash Flow for Q2 FY2022: -1314000000 USD,$-1314000000,,,,,,,,,,,xbrl,XBRL Operating Cash Flow Q2 FY2022,
unpaired_actual,VST,2021,,,,,,capital_expenditure,Capital Expenditures,,consolidated,,,,Q2 FY2022,SEC XBRL Capital Expenditures for Q2 FY2022: 240000000 USD,$240000000,,,,,,,,,,,xbrl,XBRL Capital Expenditures Q2 FY2022,
unpaired_actual,VST,2021,,,,,,operating_margin,Operating margin,,consolidated,,,,Q2 FY2022,SEC XBRL derived Operating margin for Q2 FY2022: -105.9824% (-1683000000 / 1588000000),-105.9824%,,,,,,,,,,,xbrl,XBRL Operating margin Q2 FY2022,
unpaired_actual,VST,2021,,,,,,revenue,Revenue,,consolidated,,,,Q3 FY2022,SEC XBRL Revenue for Q3 FY2022: 5146000000 USD,$5146000000,,,,,,,,,,,xbrl,XBRL Revenue Q3 FY2022,
unpaired_actual,VST,2021,,,,,,operating_income,Operating Income,,consolidated,,,,Q3 FY2022,SEC XBRL Operating Income for Q3 FY2022: 894000000 USD,$894000000,,,,,,,,,,,xbrl,XBRL Operating Income Q3 FY2022,
unpaired_actual,VST,2021,,,,,,net_income,Net Income,,consolidated,,,,Q3 FY2022,SEC XBRL Net Income for Q3 FY2022: 668000000 USD,$668000000,,,,,,,,,,,xbrl,XBRL Net Income Q3 FY2022,
unpaired_actual,VST,2021,,,,,,eps,Diluted EPS,,consolidated,,,,Q3 FY2022,SEC XBRL Diluted EPS for Q3 FY2022: 1.51 USD/share,$1.51,,,,,,,,,,,xbrl,XBRL Diluted EPS Q3 FY2022,
unpaired_actual,VST,2021,,,,,,operating_cash_flow,Operating Cash Flow,,consolidated,,,,Q3 FY2022,SEC XBRL Operating Cash Flow for Q3 FY2022: 815000000 USD,$815000000,,,,,,,,,,,xbrl,XBRL Operating Cash Flow Q3 FY2022,
unpaired_actual,VST,2021,,,,,,capital_expenditure,Capital Expenditures,,consolidated,,,,Q3 FY2022,SEC XBRL Capital Expenditures for Q3 FY2022: 296000000 USD,$296000000,,,,,,,,,,,xbrl,XBRL Capital Expenditures Q3 FY2022,
unpaired_actual,VST,2021,,,,,,operating_margin,Operating margin,,consolidated,,,,Q3 FY2022,SEC XBRL derived Operating margin for Q3 FY2022: 17.3727% (894000000 / 5146000000),17.3727%,,,,,,,,,,,xbrl,XBRL Operating margin Q3 FY2022,
unpaired_actual,VST,2021,,,,,,revenue,Revenue,,consolidated,,,,Q4 FY2022,SEC XBRL Revenue for FY2022: 13728000000 USD,$13728000000,,,,,,,,,,,xbrl,XBRL Revenue FY2022,
unpaired_actual,VST,2021,,,,,,operating_income,Operating Income,,consolidated,,,,Q4 FY2022,SEC XBRL Operating Income for FY2022: -1177000000 USD,$-1177000000,,,,,,,,,,,xbrl,XBRL Operating Income FY2022,
unpaired_actual,VST,2021,,,,,,net_income,Net Income,,consolidated,,,,Q4 FY2022,SEC XBRL Net Income for FY2022: -1227000000 USD,$-1227000000,,,,,,,,,,,xbrl,XBRL Net Income FY2022,
unpaired_actual,VST,2021,,,,,,eps,Diluted EPS,,consolidated,,,,Q4 FY2022,SEC XBRL Diluted EPS for FY2022: -3.26 USD/share,$-3.26,,,,,,,,,,,xbrl,XBRL Diluted EPS FY2022,
unpaired_actual,VST,2021,,,,,,operating_cash_flow,Operating Cash Flow,,consolidated,,,,Q4 FY2022,SEC XBRL Operating Cash Flow for FY2022: 485000000 USD,$485000000,,,,,,,,,,,xbrl,XBRL Operating Cash Flow FY2022,
unpaired_actual,VST,2021,,,,,,capital_expenditure,Capital Expenditures,,consolidated,,,,Q4 FY2022,SEC XBRL Capital Expenditures for FY2022: 1301000000 USD,$1301000000,,,,,,,,,,,xbrl,XBRL Capital Expenditures FY2022,
unpaired_actual,VST,2021,,,,,,operating_margin,Operating margin,,consolidated,,,,Q4 FY2022,SEC XBRL derived Operating margin for FY2022: -8.5737% (-1177000000 / 13728000000),-8.5737%,,,,,,,,,,,xbrl,XBRL Operating margin FY2022,
