record_type,ticker,anchor_year,cohort,guidance_issued_period,guidance_issued_year,target_period,target_coverage_complete,target_coverage_missing_sources,guidance_category,metric_key,metric_label,metric_label_original,business_scope,guidance_text,guidance_value_raw,guidance_value_normalized,actual_period,actual_text,actual_value_raw,actual_value_normalized,verdict,explanation,confidence,comparison_scope,is_out_of_cohort,revision_group,is_primary_guidance,unresolved_reason,guidance_source_type,guidance_source_label,guidance_source_url,actual_source_type,actual_source_label,actual_source_url
comparison,NVDA,2023,outside anchor-year cohorts,NVDA_Q1_2022,2022,Q2 FY2022,True,[],financial,operating_expenses,Operating expenses,GAAP Gross Margin,consolidated,"GAAP and non-GAAP operating expenses are expected to be approximately $17.6 billion and $1.26 billion,",approximately $17.6 billion,"{""low"": 17600000000.0, ""high"": 17600000000.0, ""value"": 17600000000.0, ""unit"": ""currency"", ""direction"": ""approximately"", ""raw"": ""approximately $17.6 billion""}",,,,,Superseded,"A later valid guidance statement for the same metric, scope, and target period superseded this statement before the outcome.",low,explicit_target_appendix,True,operating_expenses_consolidated_q2_fy2022,False,,transcript,NVDA_Q1_2022,,,,
comparison,NVDA,2023,outside anchor-year cohorts,NVDA_Q1_2022,2022,Q2 FY2022,True,[],financial,revenue,Revenue,Revenue,consolidated,"Now to look at our outlook for Q2, revenue is expected to be $6.3 billion, plus or minus 2%.","$6.3 billion, plus or minus 2%","{""low"": 6174000000.0, ""high"": 6426000000.0, ""value"": 6300000000.0, ""unit"": ""currency"", ""direction"": ""range"", ""raw"": ""$6.3 billion, plus or minus 2%""}",,,,,Superseded,"A later valid guidance statement for the same metric, scope, and target period superseded this statement before the outcome.",low,explicit_target_appendix,True,revenue_consolidated_q2_fy2022,False,,transcript,NVDA_Q1_2022,,,,
comparison,NVDA,2023,outside anchor-year cohorts,NVDA_Q2_2022,2022,Q2 FY2022,True,[],financial,operating_expenses,Operating expenses,GAAP Operating Expenses,consolidated,GAAP and non-GAAP operating expenses are expected to be approximately $1.96 billion and $1.37,approximately $1.96 billion,"{""low"": 1960000000.0, ""high"": 1960000000.0, ""value"": 1960000000.0, ""unit"": ""currency"", ""direction"": ""approximately"", ""raw"": ""approximately $1.96 billion""}",,,,,Not Verifiable After Exhaustive Search,"The loaded transcript, filing-section, filing-table, and XBRL search matrix did not contain a defensible actual for the same metric, scope, unit, and target period. Missing evidence is not treated as a miss.",low,explicit_target_appendix,True,operating_expenses_consolidated_q2_fy2022,True,"The loaded transcript, filing-section, filing-table, and XBRL search matrix did not contain a defensible actual for the same metric, scope, unit, and target period. Missing evidence is not treated as a miss.",transcript,NVDA_Q2_2022,,,,
comparison,NVDA,2023,outside anchor-year cohorts,NVDA_Q2_2022,2022,Q2 FY2022,True,[],financial,revenue,Revenue,Revenue,consolidated,"Revenue is expected to be $6.8 billion, plus or minus 2%.","$6.8 billion, plus or minus 2%","{""low"": 6664000000.0, ""high"": 6936000000.0, ""value"": 6800000000.0, ""unit"": ""currency"", ""direction"": ""range"", ""raw"": ""$6.8 billion, plus or minus 2%""}",,,,,Not Verifiable After Exhaustive Search,"The loaded transcript, filing-section, filing-table, and XBRL search matrix did not contain a defensible actual for the same metric, scope, unit, and target period. Missing evidence is not treated as a miss.",low,explicit_target_appendix,True,revenue_consolidated_q2_fy2022,True,"The loaded transcript, filing-section, filing-table, and XBRL search matrix did not contain a defensible actual for the same metric, scope, unit, and target period. Missing evidence is not treated as a miss.",transcript,NVDA_Q2_2022,,,,
comparison,NVDA,2023,outside anchor-year cohorts,NVDA_Q4_2022,2022,Q4 FY2022,True,[],financial,operating_expenses,Operating expenses,GAAP Gross Margin,consolidated,"GAAP operating expenses are expected to be $3.55 billion, including the Arm write-off of $1.36 billion.",$3.55 billion,"{""low"": 3550000000.0, ""high"": 3550000000.0, ""value"": 3550000000.0, ""unit"": ""currency"", ""direction"": ""exact"", ""raw"": ""$3.55 billion""}",,,,,Not Verifiable After Exhaustive Search,"The loaded transcript, filing-section, filing-table, and XBRL search matrix did not contain a defensible actual for the same metric, scope, unit, and target period. Missing evidence is not treated as a miss.",low,explicit_target_appendix,True,operating_expenses_consolidated_q4_fy2022,True,"The loaded transcript, filing-section, filing-table, and XBRL search matrix did not contain a defensible actual for the same metric, scope, unit, and target period. Missing evidence is not treated as a miss.",transcript,NVDA_Q4_2022,,,,
comparison,NVDA,2023,outside anchor-year cohorts,NVDA_Q4_2022,2022,FY2022,True,[],financial,operating_expenses,Operating expenses,Non-GAAP Revenue Growth,consolidated,Non-GAAP operating expenses are expected to be $1.6 billion.,$1.6 billion,"{""low"": 1600000000.0, ""high"": 1600000000.0, ""value"": 1600000000.0, ""unit"": ""currency"", ""direction"": ""exact"", ""raw"": ""$1.6 billion""}",FY2022,"36 Table of Contents Operating Expenses Year Ended January 30, 2022 January 31, 2021 $ Change % Change ($ in millions) Research and development expenses $ 5,268 $ 3,924 $ 1,344 34 % % of net revenue 19.6 % 23.5 % Sales, general and administrative expenses 2,166 1,940 226 12 % % of net revenue 8.0 % 11.6 % Total operating expenses $ 7,434 $ 5,864 $ 1,570 27 % Research and Development Research and development expenses increased by 34% in fiscal year 2022 compared to fiscal year 2021, primarily driven by stock-based compensation, compensation-related costs associated with employee growth and higher infrastructure costs.","$ 7,434","{""low"": 7434.0, ""high"": 7434.0, ""value"": 7434.0, ""unit"": ""currency"", ""direction"": ""exact"", ""raw"": ""$ 7,434""}",Missed,The actual is below the stated point target.,medium,explicit_target_appendix,True,operating_expenses_consolidated_fy2022,True,,transcript,NVDA_Q4_2022,,filing,10-K FY2022 — ITEM 7. MANAGEMENT’S DISCUSSION AND ANALYSIS OF FINANCIAL CONDITION AND RESULTS OF OPERATIONS,
comparison,NVDA,2023,outside anchor-year cohorts,NVDA_Q4_2022,2022,Q4 FY2022,True,[],financial,revenue,Revenue,Revenue,consolidated,"Revenue is expected to be $8.1 billion, plus or minus 2%.","$8.1 billion, plus or minus 2%","{""low"": 7938000000.0, ""high"": 8262000000.0, ""value"": 8100000000.0, ""unit"": ""currency"", ""direction"": ""range"", ""raw"": ""$8.1 billion, plus or minus 2%""}",,,,,Not Verifiable After Exhaustive Search,"The loaded transcript, filing-section, filing-table, and XBRL search matrix did not contain a defensible actual for the same metric, scope, unit, and target period. Missing evidence is not treated as a miss.",low,explicit_target_appendix,True,revenue_consolidated_q4_fy2022,True,"The loaded transcript, filing-section, filing-table, and XBRL search matrix did not contain a defensible actual for the same metric, scope, unit, and target period. Missing evidence is not treated as a miss.",transcript,NVDA_Q4_2022,,,,
comparison,NVDA,2023,outside anchor-year cohorts,NVDA_Q2_2023,2023,Q2 FY2023,True,[],financial,operating_expenses,Operating expenses,GAAP Operating Expenses,consolidated,Non-GAAP operating expenses are expected to be approximately $1.82 billion.,approximately $1.82 billion,"{""low"": 1820000000.0, ""high"": 1820000000.0, ""value"": 1820000000.0, ""unit"": ""currency"", ""direction"": ""approximately"", ""raw"": ""approximately $1.82 billion""}",,,,,Not Verifiable After Exhaustive Search,"The loaded transcript, filing-section, filing-table, and XBRL search matrix did not contain a defensible actual for the same metric, scope, unit, and target period. Missing evidence is not treated as a miss.",low,explicit_target_appendix,True,operating_expenses_consolidated_q2_fy2023,True,"The loaded transcript, filing-section, filing-table, and XBRL search matrix did not contain a defensible actual for the same metric, scope, unit, and target period. Missing evidence is not treated as a miss.",transcript,NVDA_Q2_2023,,,,
comparison,NVDA,2023,outside anchor-year cohorts,NVDA_Q2_2023,2023,FY2023,True,[],financial,operating_expenses,Operating expenses,Non-GAAP Operating Expenses Growth,consolidated,Our full year non-GAAP opex is expected to grow over 30%.,expected to grow over 30% full year,"{""low"": 30.0, ""high"": null, ""value"": 30.0, ""unit"": ""percent"", ""direction"": ""above"", ""raw"": ""expected to grow over 30% full year""}",Q4 FY2023,"Operating Expenses Three Months Ended Nine Months Ended October 29, 2023 October 30, 2022 $ Change % Change October 29, 2023 October 30, 2022 $ Change % Change ($ in millions) Research and development expenses $ 2,294 $ 1,945 $ 349 18 % $ 6,210 $ 5,387 $ 823 15 % % of net revenue 12.7 % 32.8 % 16.0 % 25.7 % Sales, general and administrative expenses 689 631 58 9 % 1,942 1,815 127 7 % % of net revenue 3.8 % 10.6 % 5.0 % 8.7 % Acquisition termination cost — — — — % — 1,353 (1,353) (100) % % of net revenue — % — % — % 6.5 % Total operating expenses $ 2,983 $ 2,576 $ 407 16 % $ 8,152 $ 8,555 $ (403) (5) % % of net revenue 16.5 % 43.4 % 21.0 % 40.9 % The increases in research and development expenses and sales, general and administrative expenses for the third quarter and first nine months of fiscal year 2024 were primarily driven by compensation and benefits, including stock-based compensation, reflecting employee growth and compensation increases.",16 %,"{""low"": 16.0, ""high"": 16.0, ""value"": 16.0, ""unit"": ""percent"", ""direction"": ""exact"", ""raw"": ""16 %""}",Missed,The actual is below the stated lower threshold.,medium,explicit_target_appendix,True,operating_expenses_consolidated_fy2023,True,,transcript,NVDA_Q2_2023,,filing,10-Q Q4 2023 — ITEM 2. MANAGEMENT’S DISCUSSION AND ANALYSIS OF FINANCIAL CONDITION AND RESULTS OF OPERATIONS,
comparison,NVDA,2023,outside anchor-year cohorts,NVDA_Q2_2023,2023,Q2 FY2023,True,[],financial,revenue,Revenue,Revenue,consolidated,"Revenue is expected to be $5.9 billion, plus or minus 2%.","$5.9 billion, plus or minus 2%","{""low"": 5782000000.0, ""high"": 6018000000.0, ""value"": 5900000000.0, ""unit"": ""currency"", ""direction"": ""range"", ""raw"": ""$5.9 billion, plus or minus 2%""}",,,,,Not Verifiable After Exhaustive Search,"The loaded transcript, filing-section, filing-table, and XBRL search matrix did not contain a defensible actual for the same metric, scope, unit, and target period. Missing evidence is not treated as a miss.",low,explicit_target_appendix,True,revenue_consolidated_q2_fy2023,True,"The loaded transcript, filing-section, filing-table, and XBRL search matrix did not contain a defensible actual for the same metric, scope, unit, and target period. Missing evidence is not treated as a miss.",transcript,NVDA_Q2_2023,,,,
comparison,NVDA,2023,outside anchor-year cohorts,NVDA_Q3_2023,2023,Q4 FY2023,True,[],financial,operating_expenses,Operating expenses,GAAP Operating Expenses,consolidated,GAAP operating expenses are expected to be approximately $2.56 billion.,approximately $2.56 billion,"{""low"": 2560000000.0, ""high"": 2560000000.0, ""value"": 2560000000.0, ""unit"": ""currency"", ""direction"": ""approximately"", ""raw"": ""approximately $2.56 billion""}",,,,,Superseded,"A later valid guidance statement for the same metric, scope, and target period superseded this statement before the outcome.",low,explicit_target_appendix,True,operating_expenses_consolidated_q4_fy2023,False,,transcript,NVDA_Q3_2023,,,,
comparison,NVDA,2023,outside anchor-year cohorts,NVDA_Q3_2023,2023,Q4 FY2023,True,[],financial,revenue,Revenue,Revenue,consolidated,"Revenue is expected to be $6 billion, plus or minus 2%.","$6 billion, plus or minus 2%","{""low"": 5880000000.0, ""high"": 6120000000.0, ""value"": 6000000000.0, ""unit"": ""currency"", ""direction"": ""range"", ""raw"": ""$6 billion, plus or minus 2%""}",,,,,Superseded,"A later valid guidance statement for the same metric, scope, and target period superseded this statement before the outcome.",low,explicit_target_appendix,True,revenue_consolidated_q4_fy2023,False,,transcript,NVDA_Q3_2023,,,,
comparison,NVDA,2023,outside anchor-year cohorts,NVDA_Q3_2023,2023,Q4 FY2023,True,[],financial,revenue,Revenue,Data Center Revenue,segment:data_center,We expect our data center revenue,,"{""low"": null, ""high"": null, ""value"": null, ""unit"": null, ""direction"": ""exact"", ""raw"": null}",Q4 FY2023,"total data center sequential revenue decline was driven by lower sales in China, which was largely in line with our",,"{""low"": null, ""high"": null, ""value"": null, ""unit"": null, ""direction"": ""exact"", ""raw"": null}",Not Verifiable After Exhaustive Search,"A candidate actual was found, but deterministic comparability checks rejected it: The evidence is qualitative but does not establish a comparable outcome.",medium,explicit_target_appendix,True,revenue_segment_data_center_q4_fy2023,True,"A candidate actual was found, but deterministic comparability checks rejected it: The evidence is qualitative but does not establish a comparable outcome.",transcript,NVDA_Q3_2023,,transcript,NVDA_Q4_2023,
comparison,NVDA,2023,outside anchor-year cohorts,NVDA_Q4_2023,2023,Q4 FY2023,True,[],financial,operating_expenses,Operating expenses,GAAP Operating Expenses,consolidated,Non-GAAP operating expenses are expected to be approximately $1.78 billion.,approximately $1.78 billion,"{""low"": 1780000000.0, ""high"": 1780000000.0, ""value"": 1780000000.0, ""unit"": ""currency"", ""direction"": ""approximately"", ""raw"": ""approximately $1.78 billion""}",,,,,Not Verifiable After Exhaustive Search,"The loaded transcript, filing-section, filing-table, and XBRL search matrix did not contain a defensible actual for the same metric, scope, unit, and target period. Missing evidence is not treated as a miss.",low,explicit_target_appendix,True,operating_expenses_consolidated_q4_fy2023,True,"The loaded transcript, filing-section, filing-table, and XBRL search matrix did not contain a defensible actual for the same metric, scope, unit, and target period. Missing evidence is not treated as a miss.",transcript,NVDA_Q4_2023,,,,
comparison,NVDA,2023,outside anchor-year cohorts,NVDA_Q4_2023,2023,Q4 FY2023,True,[],financial,revenue,Revenue,Revenue,consolidated,"Revenue is expected to be $6.5 billion, plus or minus 2%.","$6.5 billion, plus or minus 2%","{""low"": 6370000000.0, ""high"": 6630000000.0, ""value"": 6500000000.0, ""unit"": ""currency"", ""direction"": ""range"", ""raw"": ""$6.5 billion, plus or minus 2%""}",,,,,Not Verifiable After Exhaustive Search,"The loaded transcript, filing-section, filing-table, and XBRL search matrix did not contain a defensible actual for the same metric, scope, unit, and target period. Missing evidence is not treated as a miss.",low,explicit_target_appendix,True,revenue_consolidated_q4_fy2023,True,"The loaded transcript, filing-section, filing-table, and XBRL search matrix did not contain a defensible actual for the same metric, scope, unit, and target period. Missing evidence is not treated as a miss.",transcript,NVDA_Q4_2023,,,,
unpaired_actual,NVDA,2023,,,,,,,,revenue,Revenue,,segment:oem,,,,Q1 FY2022,"revenue was $155 million in Q1, reported as part of the OEM and other category.",$155 million,,,,,,,,,,,,,transcript,NVDA_Q1_2022,
unpaired_actual,NVDA,2023,,,,,,,,revenue_growth,Revenue growth,,consolidated,,,,Q2 FY2022,"Q2 revenue was a record $519 million, up 40% sequentially and up 156%",$519 million,,,,,,,,,,,,,transcript,NVDA_Q2_2022,
unpaired_actual,NVDA,2023,,,,,,,,revenue_growth,Revenue growth,,segment:automotive,,,,Q2 FY2022,"Our Q2 revenue was $152 million, down 1% sequentially and up 3% year-on-year.",$152 million,,,,,,,,,,,,,transcript,NVDA_Q2_2022,
unpaired_actual,NVDA,2023,,,,,,,,revenue,Revenue,,segment:data_center,,,,Q2 FY2022,"Revenue of $2.4 billion, grew 16% sequentially and 35% from the year ago quarter -- the",$2.4 billion,,,,,,,,,,,,,transcript,NVDA_Q2_2022,
unpaired_actual,NVDA,2023,,,,,,,,revenue_growth,Revenue growth,,consolidated,,,,Q2 FY2022,Q2 was another strong quarter with revenue of $6.5 billion and year-on-year growth of 68%.,$6.5 billion,,,,,,,,,,,,,transcript,NVDA_Q2_2022,
unpaired_actual,NVDA,2023,,,,,,,,revenue_growth,Revenue growth,,segment:data_center,,,,Q2 FY2022,"Starting with Gaming, revenue was $3.1 billion, was up 11% sequentially and up 85% from a year earlier.",$3.1 billion,,,,,,,,,,,,,transcript,NVDA_Q2_2022,
unpaired_actual,NVDA,2023,,,,,,,,revenue_growth,Revenue growth,,consolidated,,,,Q4 FY2022,Q4 revenue was $643 million was up 11%,$643 million,,,,,,,,,,,,,transcript,NVDA_Q4_2022,
unpaired_actual,NVDA,2023,,,,,,,,revenue_growth,Revenue growth,,consolidated,,,,FY2022,sequentially and up 109% from a year ago.,109%,,,,,,,,,,,,,transcript,NVDA_Q4_2022,
unpaired_actual,NVDA,2023,,,,,,,,revenue,Revenue,,consolidated,,,,Q4 FY2022,"Q4 revenue was $125 million, declined 7% sequentially and 14% from the year-ago quarter.",$125 million,,,,,,,,,,,,,transcript,NVDA_Q4_2022,
unpaired_actual,NVDA,2023,,,,,,,,revenue_growth,Revenue growth,,consolidated,,,,FY2022,of $566 million was up 6%.,$566 million,,,,,,,,,,,,,transcript,NVDA_Q4_2022,
unpaired_actual,NVDA,2023,,,,,,,,revenue,Revenue,,segment:data_center,,,,Q4 FY2022,Record revenue of $3.3 billion grew 11% sequentially and 71% from a,$3.3 billion,,,,,,,,,,,,,transcript,NVDA_Q4_2022,
unpaired_actual,NVDA,2023,,,,,,,,revenue_growth,Revenue growth,,segment:data center,,,,FY2022,Fiscal year revenue of $10.6 billion was up 58%.,$10.6 billion,,,,,,,,,,,,,transcript,NVDA_Q4_2022,
unpaired_actual,NVDA,2023,,,,,,,,revenue_growth,Revenue growth,,consolidated,,,,Q3 FY2023,We had an excellent quarter with revenue up 53% year on year to $7.6 billion.,$7.6 billion,,,,,,,,,,,,,transcript,NVDA_Q4_2022,
unpaired_actual,NVDA,2023,,,,,,,,revenue_growth,Revenue growth,,segment:gaming,,,,Q4 FY2022,"record $26.9 billion, up 61%, compounding the prior year's growth of 53%.",$26.9 billion,,,,,,,,,,,,,transcript,NVDA_Q4_2022,
unpaired_actual,NVDA,2023,,,,,,,,gross_margin,Gross margin,,consolidated,,,,Q3 FY2023,"26 Third Quarter of Fiscal Year 2023 Summary Three Months Ended October 30, 2022 July 31, 2022 October 31, 2021 Quarter-over-Quarter Change Year-over-Year Change ($ in millions, except per share data) Revenue $ 5,931 $ 6,704 $ 7,103 (12) % (17) % Gross margin 53.6 % 43.5 % 65.2 % 10.1 pts (11.6) pts Operating expenses $ 2,576 $ 2,416 $ 1,960 7 % 31 % Income from operations $ 601 $ 499 $ 2,671 20 % (77) % Net income $ 680 $ 656 $ 2,464 4 % (72) % Net income per diluted share $ 0.27 $ 0.26 $ 0.97 4 % (72) % We specialize in markets where our computing platforms can provide tremendous acceleration for applications.",26,,,,,,,,,,,,,filing,10-Q Q4 2022 — ITEM 2. MANAGEMENT’S DISCUSSION AND ANALYSIS OF FINANCIAL CONDITION AND RESULTS OF OPERATIONS,
unpaired_actual,NVDA,2023,,,,,,,,revenue,Revenue,,segment:data center,,,,Q3 FY2023,"Revenue for the third quarter of fiscal year 2023 was $5.93 billion, down 17% from a year ago and down 12% sequentially.",$5.93 billion,,,,,,,,,,,,,filing,10-Q Q4 2022 — ITEM 2. MANAGEMENT’S DISCUSSION AND ANALYSIS OF FINANCIAL CONDITION AND RESULTS OF OPERATIONS,
unpaired_actual,NVDA,2023,,,,,,,,revenue,Revenue,,segment:gaming,,,,Q3 FY2023,The year-on-year decrease was driven by lower GPU sales for both desktops and laptops; the sequential decline was primarily driven by lower GPU sales for laptops.,,,,,,,,,,,,,,filing,10-Q Q4 2022 — ITEM 2. MANAGEMENT’S DISCUSSION AND ANALYSIS OF FINANCIAL CONDITION AND RESULTS OF OPERATIONS,
unpaired_actual,NVDA,2023,,,,,,,,revenue,Revenue,,segment:professional visualization,,,,Q3 FY2023,"This may have contributed to increased aftermarket sales of our GPUs in certain markets, potentially impacting demand for some of our products, particularly in the low-end.",,,,,,,,,,,,,,filing,10-Q Q4 2022 — ITEM 2. MANAGEMENT’S DISCUSSION AND ANALYSIS OF FINANCIAL CONDITION AND RESULTS OF OPERATIONS,
unpaired_actual,NVDA,2023,,,,,,,,revenue,Revenue,,segment:oem and other,,,,Q3 FY2023,The sequential decline was driven by lower Jetson and notebook OEM sales.,,,,,,,,,,,,,,filing,10-Q Q4 2022 — ITEM 2. MANAGEMENT’S DISCUSSION AND ANALYSIS OF FINANCIAL CONDITION AND RESULTS OF OPERATIONS,
unpaired_actual,NVDA,2023,,,,,,,,revenue_growth,Revenue growth,,consolidated,,,,FY2022,"Fiscal Year 2022 Summary Year Ended January 30, 2022 January 31, 2021 Change ($ in millions, except per share data) Revenue $ 26,914 $ 16,675 Up 61% Gross margin 64.9 % 62.3 % Up 260 bps Operating expenses $ 7,434 $ 5,864 Up 27% Income from operations $ 10,041 $ 4,532 Up 122% Net income $ 9,752 $ 4,332 Up 125% Net income per diluted share $ 3.85 $ 1.73 Up 123% We specialize in markets where our computing platforms can provide tremendous acceleration for applications.","$ 26,914",,,,,,,,,,,,,filing,10-K FY2022 — ITEM 7. MANAGEMENT’S DISCUSSION AND ANALYSIS OF FINANCIAL CONDITION AND RESULTS OF OPERATIONS,
unpaired_actual,NVDA,2023,,,,,,,,revenue_growth,Revenue growth,,segment:gaming,,,,FY2022,"Revenue for fiscal year 2022 was $26.91 billion, up 61% from a year ago.",$26.91 billion,,,,,,,,,,,,,filing,10-K FY2022 — ITEM 7. MANAGEMENT’S DISCUSSION AND ANALYSIS OF FINANCIAL CONDITION AND RESULTS OF OPERATIONS,
unpaired_actual,NVDA,2023,,,,,,,,revenue_growth,Revenue growth,,segment:data center,,,,FY2022,"Professional Visualization revenue was up 100% from a year ago driven by the ramp of NVIDIA Ampere architecture products and strong demand for workstations as enterprises support hybrid work environments, as well as growth in workloads such as 3D design, AI and rendering.",100%,,,,,,,,,,,,,filing,10-K FY2022 — ITEM 7. MANAGEMENT’S DISCUSSION AND ANALYSIS OF FINANCIAL CONDITION AND RESULTS OF OPERATIONS,
unpaired_actual,NVDA,2023,,,,,,,,gross_margin,Gross margin,,consolidated,,,,Q1 FY2024,"24 First Quarter of Fiscal Year 2024 Summary Three Months Ended April 30, 2023 January 29, 2023 May 1, 2022 Quarter-over-Quarter Change Year-over-Year Change ($ in millions, except per share data) Revenue $ 7,192 $ 6,051 $ 8,288 19 % (13) % Gross margin 64.6 % 63.3 % 65.5 % 1.3 pts (0.9) pts Operating expenses $ 2,508 $ 2,576 $ 3,563 (3) % (30) % Income from operations $ 2,140 $ 1,257 $ 1,868 70 % 15 % Net income $ 2,043 $ 1,414 $ 1,618 44 % 26 % Net income per diluted share $ 0.82 $ 0.57 $ 0.64 44 % 28 % We specialize in markets where our computing platforms can provide tremendous acceleration for applications.",24,,,,,,,,,,,,,filing,10-Q Q2 2023 — ITEM 2. MANAGEMENT’S DISCUSSION AND ANALYSIS OF FINANCIAL CONDITION AND RESULTS OF OPERATIONS,
unpaired_actual,NVDA,2023,,,,,,,,revenue,Revenue,,segment:data center,,,,Q1 FY2024,"Revenue for the first quarter of fiscal year 2024 was $7.19 billion, down 13% from a year ago and up 19% sequentially.",$7.19 billion,,,,,,,,,,,,,filing,10-Q Q2 2023 — ITEM 2. MANAGEMENT’S DISCUSSION AND ANALYSIS OF FINANCIAL CONDITION AND RESULTS OF OPERATIONS,
unpaired_actual,NVDA,2023,,,,,,,,revenue,Revenue,,segment:gaming,,,,Q1 FY2024,"Gaming revenue for the first quarter of fiscal year 2024 was $2.24 billion, down 38% from a year ago.",$2.24 billion,,,,,,,,,,,,,filing,10-Q Q2 2023 — ITEM 2. MANAGEMENT’S DISCUSSION AND ANALYSIS OF FINANCIAL CONDITION AND RESULTS OF OPERATIONS,
unpaired_actual,NVDA,2023,,,,,,,,revenue,Revenue,,segment:professional visualization,,,,Q1 FY2024,"Professional Visualization revenue for the first quarter of fiscal year 2024 was $295 million, down 53% from a year ago, on lower sell-in to partners to help reduce channel inventory levels.",$295 million,,,,,,,,,,,,,filing,10-Q Q2 2023 — ITEM 2. MANAGEMENT’S DISCUSSION AND ANALYSIS OF FINANCIAL CONDITION AND RESULTS OF OPERATIONS,
unpaired_actual,NVDA,2023,,,,,,,,revenue_growth,Revenue growth,,segment:automotive,,,,Q1 FY2024,"Automotive revenue for the first quarter of fiscal year 2024 was $296 million, up 114% from a year ago on growth in sales of self-driving platforms and AI cockpit solutions.",$296 million,,,,,,,,,,,,,filing,10-Q Q2 2023 — ITEM 2. MANAGEMENT’S DISCUSSION AND ANALYSIS OF FINANCIAL CONDITION AND RESULTS OF OPERATIONS,
unpaired_actual,NVDA,2023,,,,,,,,revenue_growth,Revenue growth,,consolidated,,,,Q4 FY2023,Gaming revenue of $1.83 billion was up 16% sequentially and down 46% from a year ago.,$1.83 billion,,,,,,,,,,,,,transcript,NVDA_Q4_2023,
unpaired_actual,NVDA,2023,,,,,,,,revenue_growth,Revenue growth,,consolidated,,,,Q4 FY2023,Revenue of $226 million was up 13% sequentially and down 65% from a year ago.,$226 million,,,,,,,,,,,,,transcript,NVDA_Q4_2023,
unpaired_actual,NVDA,2023,,,,,,,,revenue,Revenue,,segment:automotive,,,,Q4 FY2023,Revenue was a record $294,$294,,,,,,,,,,,,,transcript,NVDA_Q4_2023,
unpaired_actual,NVDA,2023,,,,,,,,subscribers,Subscribers / customers,,consolidated,,,,Q1 FY2024,"This quarter, we started shipping DGX H100, our Hopper generation AI",,,,,,,,,,,,,,transcript,NVDA_Q1_2024,
unpaired_actual,NVDA,2023,,,,,,,,production,Production,,consolidated,,,,Q1 FY2024,BlueField-3 DPUs and Spectrum-4 ethernet switching offers the highest available ethernet network performance.,,,,,,,,,,,,,,transcript,NVDA_Q1_2024,
unpaired_actual,NVDA,2023,,,,,,,,production,Production,,segment:data_center,,,,Q1 FY2024,"BlueField-3 is in production and has been adopted by multiple hyperscale and CSP customers, including",,,,,,,,,,,,,,transcript,NVDA_Q1_2024,
unpaired_actual,NVDA,2023,,,,,,,,revenue_growth,Revenue growth,,consolidated,,,,Q1 FY2024,Gaming revenue of 2.24 billion was up 22% sequentially and down 38% year on year.,"Gaming revenue of $2.24 billion, up 22% sequentially, down 38% year on year",,,,,,,,,,,,,transcript,NVDA_Q1_2024,
unpaired_actual,NVDA,2023,,,,,,,,revenue_growth,Revenue growth,,consolidated,,,,Q1 FY2024,Revenue of 295 million was up 31% sequentially and down 53% year on,"Revenue of $295 million, up 31% sequentially, down 53% year on year",,,,,,,,,,,,,transcript,NVDA_Q1_2024,
unpaired_actual,NVDA,2023,,,,,,,,revenue_growth,Revenue growth,,segment:automotive,,,,Q1 FY2024,"Revenue was 296 million, up 1% sequentially and up 114% from a year ago.","Revenue was $296 million, up 1% sequentially and up 114% year on year",,,,,,,,,,,,,transcript,NVDA_Q1_2024,
unpaired_actual,NVDA,2023,,,,,,,,revenue_growth,Revenue growth,,consolidated,,,,Q1 FY2024,"Q1 revenue was 7.19 billion, up 19% sequentially and down 13% year on year.",7.19 billion,,,,,,,,,,,,,transcript,NVDA_Q1_2024,
unpaired_actual,NVDA,2023,,,,,,,,revenue_growth,Revenue growth,,segment:data_center,,,,Q1 FY2024,Record revenue of 4.28 billion was up 18% sequentially and up 14% year on year on strong growth of our,4.28 billion,,,,,,,,,,,,,transcript,NVDA_Q1_2024,
unpaired_actual,NVDA,2023,,,,,,,,revenue_growth,Revenue growth,,consolidated,,,,Q2 FY2024,Gaming revenue of 2.49 billion was up 11% sequentially,2.49 billion,,,,,,,,,,,,,transcript,NVDA_Q2_2024,
unpaired_actual,NVDA,2023,,,,,,,,revenue_growth,Revenue growth,,consolidated,,,,Q2 FY2024,Revenue of 375 million was up 28% sequentially and down 24% year on,375 million,,,,,,,,,,,,,transcript,NVDA_Q2_2024,
unpaired_actual,NVDA,2023,,,,,,,,revenue_growth,Revenue growth,,segment:automotive,,,,Q2 FY2024,"Revenue was 253 million, down 15% sequentially and up 15% year on year.",253 million,,,,,,,,,,,,,transcript,NVDA_Q2_2024,
unpaired_actual,NVDA,2023,,,,,,,,gross_margin,Gross margin,,segment:data_center,,,,Q2 FY2024,GAAP gross margins expanded to 70.1% and non-GAAP gross margin to 71.2% driven by higher data center,70.1%,,,,,,,,,,,,,transcript,NVDA_Q2_2024,
unpaired_actual,NVDA,2023,,,,,,,,operating_expenses,Operating expenses,,consolidated,,,,Q2 FY2024,"Sequential GAAP operating expenses were up 6%, and non-GAAP operating expenses were up",up 6% sequentially,,,,,,,,,,,,,transcript,NVDA_Q2_2024,
unpaired_actual,NVDA,2023,,,,,,,,revenue_growth,Revenue growth,,consolidated,,,,Q2 FY2024,Record Q2 revenue of 13.51 billion was up 88% sequentially,13.51 billion,,,,,,,,,,,,,transcript,NVDA_Q2_2024,
unpaired_actual,NVDA,2023,,,,,,,,revenue_growth,Revenue growth,,segment:data_center,,,,Q2 FY2024,Record revenue of 10.32 billion was up 141% sequentially and up 171% year on year.,10.32 billion,,,,,,,,,,,,,transcript,NVDA_Q2_2024,
unpaired_actual,NVDA,2023,,,,,,,,revenue,Revenue,,segment:data_center,,,,FY2024,"within the historical range of 20% to 25% of our data center revenue, including compute and networking",20% to 25%,,,,,,,,,,,,,transcript,NVDA_Q2_2024,
unpaired_actual,NVDA,2023,,,,,,,,revenue,Revenue,,consolidated,,,,Q1 FY2025,"Professional Visualization revenue for the first quarter of fiscal year 2025 was $427 million, up 45% from a year ago and down 8% from the previous quarter.",$427 million,,,,,,,,,,,,,filing,10-Q Q2 2024 — Item 2. Management's Discussion and Analysis of Financial Condition and Results of Operations,
unpaired_actual,NVDA,2023,,,,,,,,revenue,Revenue,,segment:automotive,,,,Q1 FY2025,"Automotive revenue for the first quarter of fiscal year 2025 was $329 million, up 11% from a year ago and up 17% from the previous quarter.",$329 million,,,,,,,,,,,,,filing,10-Q Q2 2024 — Item 2. Management's Discussion and Analysis of Financial Condition and Results of Operations,
unpaired_actual,NVDA,2023,,,,,,,,headcount,Headcount,,consolidated,,,,Q1 FY2025,"The increases were primarily driven by compensation and benefits, reflecting growth in employees and compensation.",,,,,,,,,,,,,,filing,10-Q Q2 2024 — Item 2. Management's Discussion and Analysis of Financial Condition and Results of Operations,
unpaired_actual,NVDA,2023,,,,,,,,revenue,Revenue,,consolidated,,,,Q1 FY2025,"25 Gaming revenue for the first quarter of fiscal year 2025 was $2.6 billion, up 18% from a year ago and down 8% from the previous quarter.",$2.6 billion,,,,,,,,,,,,,filing,10-Q Q2 2024 — Item 2. Management's Discussion and Analysis of Financial Condition and Results of Operations,
unpaired_actual,NVDA,2023,,,,,,,,revenue_growth,Revenue growth,,consolidated,,,,Q3 FY2024,Revenue of $18.1 million was up 34% sequentially and up more,$18.1 million,,,,,,,,,,,,,transcript,NVDA_Q3_2024,
unpaired_actual,NVDA,2023,,,,,,,,revenue,Revenue,,segment:data_center,,,,Q2 FY2025,"Market Platform Highlights Data Center revenue for the second quarter of fiscal year 2025 was $26.3 billion, up 16% from the previous quarter and up 154% from a year ago.",$26.3 billion,,,,,,,,,,,,,filing,10-Q Q3 2024 — Item 2. Management's Discussion and Analysis of Financial Condition and Results of Operations,
unpaired_actual,NVDA,2023,,,,,,,,revenue,Revenue,,consolidated,,,,Q2 FY2025,"Gaming revenue for the second quarter of fiscal year 2025 was $2.9 billion, up 9% from the previous quarter and up 16% from a year ago.",$2.9 billion,,,,,,,,,,,,,filing,10-Q Q3 2024 — Item 2. Management's Discussion and Analysis of Financial Condition and Results of Operations,
unpaired_actual,NVDA,2023,,,,,,,,revenue,Revenue,,consolidated,,,,Q2 FY2025,"Professional Visualization revenue for the second quarter of fiscal year 2025 was $454 million, up 6% from the previous quarter and up 20% from a year ago.",$454 million,,,,,,,,,,,,,filing,10-Q Q3 2024 — Item 2. Management's Discussion and Analysis of Financial Condition and Results of Operations,
unpaired_actual,NVDA,2023,,,,,,,,revenue,Revenue,,segment:automotive,,,,Q2 FY2025,"Automotive revenue for the second quarter of fiscal year 2025 was $346 million, up 5% from the previous quarter and up 37% from a year ago.",$346 million,,,,,,,,,,,,,filing,10-Q Q3 2024 — Item 2. Management's Discussion and Analysis of Financial Condition and Results of Operations,
unpaired_actual,NVDA,2023,,,,,,,,revenue,Revenue,,consolidated,,,,Q3 FY2024,Networking now exceeds a $10 billion annualized revenue run rate.,$10 billion,,,,,,,,,,,,,transcript,NVDA_Q3_2024,
unpaired_actual,NVDA,2023,,,,,,,,revenue,Revenue,,consolidated,,,,Q1 FY2022,CMP sales of $400 million.,$400 million,,,,,,,,,,,,,transcript,NVDA_Q1_2022,
unpaired_actual,NVDA,2023,,,,,,,,revenue_growth,Revenue growth,,consolidated,,,,Q1 FY2022,"Q1 revenue was $372 million, up 21% both sequentially and year-on-year.",$372 million,,,,,,,,,,,,,transcript,NVDA_Q1_2022,
unpaired_actual,NVDA,2023,,,,,,,,revenue_growth,Revenue growth,,segment:automotive,,,,Q1 FY2022,"Moving to automotive, Q1 revenue was $154 million, up 6% sequentially and down 1% year-on-year.",$154 million,,,,,,,,,,,,,transcript,NVDA_Q1_2022,
unpaired_actual,NVDA,2023,,,,,,,,revenue,Revenue,,segment:data_center,,,,Q1 FY2022,"Revenue topped $2 billion for the first time, growing 8% sequentially and up 79% from",$2 billion,,,,,,,,,,,,,transcript,NVDA_Q1_2022,
unpaired_actual,NVDA,2023,,,,,,,,subscribers,Subscribers / customers,,consolidated,,,,Q1 FY2022,"In March, Google Cloud platform announced general availability of the A100 with early customers including",,,,,,,,,,,,,,transcript,NVDA_Q1_2022,
unpaired_actual,NVDA,2023,,,,,,,,gross_margin,Gross margin,,consolidated,,,,Q1 FY2022,"Moving to the rest of the P&L, GAAP gross margin for the first quarter was down 100 basis points from a year",100 basis points,,,,,,,,,,,,,transcript,NVDA_Q1_2022,
unpaired_actual,NVDA,2023,,,,,,,,gross_margin,Gross margin,,consolidated,,,,Q1 FY2022,Non-GAAP gross margin was up 40 basis points from a year earlier,40 basis points,,,,,,,,,,,,,transcript,NVDA_Q1_2022,
unpaired_actual,NVDA,2023,,,,,,,,product_milestone,Product / strategic milestone,,consolidated,,,,Q1 FY2022,"earnings release, our most recent forms 10-K and 10-Q, and the reports that we may file on Form 8-K with the",10,,,,,,,,,,,,,transcript,NVDA_Q1_2022,
unpaired_actual,NVDA,2023,,,,,,,,revenue_growth,Revenue growth,,consolidated,,,,Q1 FY2022,Q1 was exceptionally strong with revenue of $5.66 billion and year-on-year growth accelerating to 84%.,$5.66 billion,,,,,,,,,,,,,transcript,NVDA_Q1_2022,
unpaired_actual,NVDA,2023,,,,,,,,revenue_growth,Revenue growth,,consolidated,,,,Q1 FY2022,"Starting with Gaming, revenue of $2.8 billion was up 11% sequentially and up 106% from a year earlier.",$2.8 billion,,,,,,,,,,,,,transcript,NVDA_Q1_2022,
unpaired_actual,NVDA,2023,,,,,,,,product_milestone,Product / strategic milestone,,consolidated,,,,Q2 FY2022,"reached a new milestone this quarter surpassing 1,000 PC games, more than any other cloud gaming service.","1,000",,,,,,,,,,,,,transcript,NVDA_Q2_2022,
unpaired_actual,NVDA,2023,,,,,,,,revenue_growth,Revenue growth,,consolidated,,,,Q2 FY2022,"Strong sequential revenue growth was led by desktop workstations, driven by demand to outfit",,,,,,,,,,,,,,transcript,NVDA_Q2_2022,
unpaired_actual,NVDA,2023,,,,,,,,revenue,Revenue,,consolidated,,,,Q2 FY2022,Sequential revenue declines in infotainment were largely offset by growth in self-driving.,,,,,,,,,,,,,,transcript,NVDA_Q2_2022,
unpaired_actual,NVDA,2023,,,,,,,,revenue,Revenue,,consolidated,,,,Q2 FY2022,"Revenue from inference focused processors includes the new A30 GPU, which provides 4 times",4,,,,,,,,,,,,,transcript,NVDA_Q2_2022,
unpaired_actual,NVDA,2023,,,,,,,,subscribers,Subscribers / customers,,consolidated,,,,Q2 FY2022,leadership with upgrades to high speed products such as ConnectX-6 as well as new customer wins across,,,,,,,,,,,,,,transcript,NVDA_Q2_2022,
unpaired_actual,NVDA,2023,,,,,,,,subscribers,Subscribers / customers,,consolidated,,,,Q2 FY2022,"surpassed 8,500 members.","8,500",,,,,,,,,,,,,transcript,NVDA_Q2_2022,
unpaired_actual,NVDA,2023,,,,,,,,gross_margin,Gross margin,,consolidated,,,,Q2 FY2022,GAAP gross margin of 64.8% for the second quarter was up 600 basis points from,64.8%,,,,,,,,,,,,,transcript,NVDA_Q2_2022,
unpaired_actual,NVDA,2023,,,,,,,,product_milestone,Product / strategic milestone,,consolidated,,,,Q2 FY2022,"earnings release, our most recent forms 10-K and 10-Q and the reports that we may file on Form 8-K with the",10,,,,,,,,,,,,,transcript,NVDA_Q2_2022,
unpaired_actual,NVDA,2023,,,,,,,,revenue,Revenue,,consolidated,,,,Q2 FY2022,of $6.8 billion in revenue.,$6.8 billion,,,,,,,,,,,,,transcript,NVDA_Q2_2022,
unpaired_actual,NVDA,2023,,,,,,,,deliveries,Deliveries,,consolidated,,,,Q2 FY2022,Over 80% of our Ampere architecture-based GeForce shipments in the,80%,,,,,,,,,,,,,transcript,NVDA_Q2_2022,
unpaired_actual,NVDA,2023,,,,,,,,revenue,Revenue,,consolidated,,,,Q2 FY2022,"CMP revenue, which is recognized in OEM, was $266 million, lower than our original $400 million estimate on",$266 million,,,,,,,,,,,,,transcript,NVDA_Q2_2022,
unpaired_actual,NVDA,2023,,,,,,,,revenue,Revenue,,segment:data_center,,,,Q2 FY2022,"34 Recent restrictions imposed by the Chinese government on the duration of gaming activities and access to games may adversely affect our Gaming revenue, and increased oversight of digital platform companies may adversely affect our Data Center revenue.",34,,,,,,,,,,,,,filing,10-Q Q2 2022 — ITEM 1A. RISK FACTORS,
unpaired_actual,NVDA,2023,,,,,,,,deliveries,Deliveries,,segment:aws,,,,Q2 FY2022,"Additionally, revisions to laws or regulations or their interpretation and enforcement could result in increased taxation, trade sanctions, the imposition of import duties or tariffs, restrictions and controls on imports or exports, or other retaliatory actions, which could have an adverse effect on our business plans or impact the timing of our shipments.",,,,,,,,,,,,,,filing,10-Q Q2 2022 — ITEM 1A. RISK FACTORS,
unpaired_actual,NVDA,2023,,,,,,,,subscribers,Subscribers / customers,,consolidated,,,,Q2 FY2022,"Situations that may result in excess inventory, cancellation penalties or related impairments include: • changes in business and economic conditions resulting in decreased consumer confidence, including downturns in our target markets and/or overall economy, rising inflation, and changes in the credit market; • sudden or sustained government lockdowns or actions to control COVID-19 case spread; • higher incidence of inventory obsolescence because of rapidly changing technology or customer requirements; • new product introductions resulting in less demand for existing products or inconsistent spikes in demand due to unexpected end use cases; • increase in demand for competitive products, including competitive actions; • fluctuations in demand for our products related to cryptocurrency mining; or • decrease in future demand, decrease in the cost of supply chain materials, or changes in the design of future products where we have entered into long-term supply commitments, including prepayments, particularly to the extent we are placing orders well in advance of our historical lead times and/or before the design of those products is final.",,,,,,,,,,,,,,filing,10-Q Q2 2022 — ITEM 1A. RISK FACTORS,
unpaired_actual,NVDA,2023,,,,,,,,revenue,Revenue,,consolidated,,,,Q2 FY2022,"Our semiconductor wafers are manufactured, assembled, tested and packaged by third parties located outside of the United States and we generated 77% of our revenue for the first quarter of fiscal year 2023 from sales outside of the United States.",77%,,,,,,,,,,,,,filing,10-Q Q2 2022 — ITEM 1A. RISK FACTORS,
unpaired_actual,NVDA,2023,,,,,,,,gross_margin,Gross margin,,consolidated,,,,Q2 FY2022,"Increased costs for wafers, components, logistics, and other supply chain expenses, driven in part by inflation, have negatively impacted our gross margin and may continue to impact our gross margin.",,,,,,,,,,,,,,filing,10-Q Q2 2022 — ITEM 1A. RISK FACTORS,
unpaired_actual,NVDA,2023,,,,,,,,subscribers,Subscribers / customers,,consolidated,,,,Q2 FY2022,"Economic and industry uncertainty or changes could have adverse, wide-ranging effects on our business and financial results, including: • decrease in demand for our products, services and technologies and those of our customers or licensees; • the inability of our suppliers to deliver on their supply commitments to us; • our customers’ or our licensees’ inability to supply products to customers and/or end users; • the insolvency of key suppliers, distributors, customers or licensees; • limits on our ability to forecast operating results and make business decisions; • difficulties in obtaining capital; • reduced profitability may also cause some customers to scale back operations, exit businesses, merge with other manufacturers, or file for bankruptcy protection and potentially cease operations; • lead to consolidation or strategic alliances among other equipment manufacturers, which could adversely affect our ability to compete effectively; and • increased credit and collectability risks, higher borrowing costs or reduced availability of capital markets, reduced liquidity, adverse impacts on our suppliers, failures of counterparties including financial institutions and insurers, asset impairments, and declines in the value of our financial instruments.",,,,,,,,,,,,,,filing,10-Q Q2 2022 — ITEM 1A. RISK FACTORS,
unpaired_actual,NVDA,2023,,,,,,,,product_milestone,Product / strategic milestone,,consolidated,,,,Q2 FY2022,"As the pandemic continues to evolve, the increased duration and impact of economic and demand uncertainty, and the limited availability of our supply chain, logistical services and component supply, may have a material net negative impact on our business and financial results.",,,,,,,,,,,,,,filing,10-Q Q2 2022 — ITEM 1A. RISK FACTORS,
unpaired_actual,NVDA,2023,,,,,,,,gross_profit,Gross profit,,consolidated,,,,Q2 FY2022,"Three Months Ended May 1, 2022 May 2, 2021 Revenue 100.0 % 100.0 % Cost of revenue 34.5 35.9 Gross profit 65.5 64.1 Operating expenses Research and development 19.5 20.4 Sales, general and administrative 7.1 9.2 Acquisition termination cost 16.3 — Total operating expenses 42.9 29.6 Income from operations 22.6 34.5 Interest income 0.2 0.1 Interest expense (0.8) (0.9) Other, net (0.2) 2.4 Other income (expense), net (0.8) 1.6 Income before income tax 21.8 36.1 Income tax expense 2.3 2.3 Net income 19.5 % 33.8 % Revenue Revenue by Reportable Segments Three Months Ended May 1, 2022 May 2, 2021 $ Change % Change ($ in millions) Graphics $ 4,616 $ 3,451 $ 1,165 34 % Compute & Networking 3,672 2,210 1,462 66 % Total $ 8,288 $ 5,661 $ 2,627 46 % Graphics - Graphics segment revenue increased by 34% in the first quarter of fiscal year 2023 compared to the first quarter of fiscal year 2022.",100.0 %,,,,,,,,,,,,,filing,10-Q Q2 2022 — ITEM 2. MANAGEMENT’S DISCUSSION AND ANALYSIS OF FINANCIAL CONDITION AND RESULTS OF OPERATIONS,
unpaired_actual,NVDA,2023,,,,,,,,revenue,Revenue,,consolidated,,,,Q2 FY2022,We continue to benefit from increased sales of our NVIDIA Ampere architecture products.,,,,,,,,,,,,,,filing,10-Q Q2 2022 — ITEM 2. MANAGEMENT’S DISCUSSION AND ANALYSIS OF FINANCIAL CONDITION AND RESULTS OF OPERATIONS,
unpaired_actual,NVDA,2023,,,,,,,,revenue,Revenue,,segment:data_center,,,,Q2 FY2022,"Compute & Networking - Compute & Networking segment revenue increased by 66% for the first quarter of fiscal year 2023 compared to the first quarter of fiscal year 2022, driven primarily by sales of NVIDIA Ampere architecture products to hyperscale customers for cloud computing and workloads such as natural language processing and deep recommender models, as well as to vertical industries.",66%,,,,,,,,,,,,,filing,10-Q Q2 2022 — ITEM 2. MANAGEMENT’S DISCUSSION AND ANALYSIS OF FINANCIAL CONDITION AND RESULTS OF OPERATIONS,
unpaired_actual,NVDA,2023,,,,,,,,gross_margin,Gross margin,,consolidated,,,,Q2 FY2022,"Gross Margin Our overall gross margin increased to 65.5% for the first quarter of fiscal year 2023 from 64.1% for the first quarter of fiscal year 2022, reflecting a higher-end mix of GeForce GPUs within our Graphics segment and a reduced impact to gross margin for acquisition-related costs.",65.5%,,,,,,,,,,,,,filing,10-Q Q2 2022 — ITEM 2. MANAGEMENT’S DISCUSSION AND ANALYSIS OF FINANCIAL CONDITION AND RESULTS OF OPERATIONS,
unpaired_actual,NVDA,2023,,,,,,,,gross_margin,Gross margin,,consolidated,,,,Q2 FY2022,"Graphics - The gross margin of our Graphics segment increased during the first quarter of fiscal year 2023 compared to the first quarter of fiscal year 2022, primarily due to a higher-end mix within GeForce GPUs.",,,,,,,,,,,,,,filing,10-Q Q2 2022 — ITEM 2. MANAGEMENT’S DISCUSSION AND ANALYSIS OF FINANCIAL CONDITION AND RESULTS OF OPERATIONS,
unpaired_actual,NVDA,2023,,,,,,,,gross_margin,Gross margin,,consolidated,,,,Q2 FY2022,"Compute & Networking - The gross margin of our Compute & Networking segment decreased during the first quarter of fiscal year 2023 compared to the first quarter of fiscal year 2022, primarily due to lower contribution of prior architecture boards compared to NVIDIA Ampere architecture systems.",,,,,,,,,,,,,,filing,10-Q Q2 2022 — ITEM 2. MANAGEMENT’S DISCUSSION AND ANALYSIS OF FINANCIAL CONDITION AND RESULTS OF OPERATIONS,
unpaired_actual,NVDA,2023,,,,,,,,operating_expenses,Operating expenses,,consolidated,,,,Q2 FY2022,"Operating Expenses Three Months Ended May 1, 2022 May 2, 2021 $ Change % Change ($ in millions) Research and development expenses $ 1,618 $ 1,153 $ 465 40 % % of net revenue 20 % 20 % Sales, general and administrative expenses 592 520 72 14 % % of net revenue 7 % 9 % Acquisition termination cost 1,353 — 1,353 100 % % of net revenue 16 % — % Total operating expenses $ 3,563 $ 1,673 $ 1,890 113 % Research and Development Research and development expenses increased by 40% during the first quarter of fiscal year 2023 compared to the first quarter of fiscal year 2022, primarily driven by compensation-related costs, including for employee growth and stock-based compensation, and engineering development costs.","$ 1,618",,,,,,,,,,,,,filing,10-Q Q2 2022 — ITEM 2. MANAGEMENT’S DISCUSSION AND ANALYSIS OF FINANCIAL CONDITION AND RESULTS OF OPERATIONS,
unpaired_actual,NVDA,2023,,,,,,,,headcount,Headcount,,consolidated,,,,Q2 FY2022,"Sales, General and Administrative Sales, general and administrative expenses increased by 14% during the first quarter of fiscal year 2023 compared to the first quarter of fiscal year 2022, primarily driven by compensation-related costs, associated with employee growth and stock-based compensation, partially offset by lower legal fees.",14%,,,,,,,,,,,,,filing,10-Q Q2 2022 — ITEM 2. MANAGEMENT’S DISCUSSION AND ANALYSIS OF FINANCIAL CONDITION AND RESULTS OF OPERATIONS,
unpaired_actual,NVDA,2023,,,,,,,,revenue,Revenue,,consolidated,,,,Q2 FY2022,"Cash provided by investing activities increased in the first quarter of fiscal year 2023 compared to cash used in the first quarter of fiscal year 2022, primarily driven by higher marketable securities sales and maturities and lower purchases of marketable securities.",,,,,,,,,,,,,,filing,10-Q Q2 2022 — ITEM 2. MANAGEMENT’S DISCUSSION AND ANALYSIS OF FINANCIAL CONDITION AND RESULTS OF OPERATIONS,
unpaired_actual,NVDA,2023,,,,,,,,share_repurchases,Share repurchases,,consolidated,,,,Q2 FY2022,"On May 23, 2022, our Board of Directors increased and extended our share repurchase program to repurchase additional common stock up to a total of $15 billion through December 2023.",$15 billion,,,,,,,,,,,,,filing,10-Q Q2 2022 — ITEM 2. MANAGEMENT’S DISCUSSION AND ANALYSIS OF FINANCIAL CONDITION AND RESULTS OF OPERATIONS,
unpaired_actual,NVDA,2023,,,,,,,,deliveries,Deliveries,,consolidated,,,,Q2 FY2022,"Beginning in the second quarter of fiscal year 2022, most desktop NVIDIA Ampere architecture GeForce GPU shipments were LHR in our effort to direct GeForce to gamers.",,,,,,,,,,,,,,filing,10-Q Q2 2022 — ITEM 2. MANAGEMENT’S DISCUSSION AND ANALYSIS OF FINANCIAL CONDITION AND RESULTS OF OPERATIONS,
unpaired_actual,NVDA,2023,,,,,,,,revenue,Revenue,,consolidated,,,,Q2 FY2022,Direct sales to Russia in fiscal year 2022 were immaterial.,,,,,,,,,,,,,,filing,10-Q Q2 2022 — ITEM 2. MANAGEMENT’S DISCUSSION AND ANALYSIS OF FINANCIAL CONDITION AND RESULTS OF OPERATIONS,
unpaired_actual,NVDA,2023,,,,,,,,gross_margin,Gross margin,,consolidated,,,,Q2 FY2022,"Increased costs for wafers, components, logistics, and other supply chain expenses, driven in part by inflation, have negatively impacted and may continue to impact our gross margin.",,,,,,,,,,,,,,filing,10-Q Q2 2022 — ITEM 2. MANAGEMENT’S DISCUSSION AND ANALYSIS OF FINANCIAL CONDITION AND RESULTS OF OPERATIONS,
unpaired_actual,NVDA,2023,,,,,,,,gross_margin,Gross margin,,consolidated,,,,Q2 FY2022,"First Quarter of Fiscal Year 2023 Summary Three Months Ended May 1, 2022 January 30, 2022 May 2, 2021 Quarter-over-Quarter Change Year-over-Year Change ($ in millions, except per share data) Revenue $ 8,288 $ 7,643 $ 5,661 8 % 46 % Gross margin 65.5 % 65.4 % 64.1 % 10 bps 140 bps Operating expenses $ 3,563 $ 2,029 $ 1,673 76 % 113 % Income from operations $ 1,868 $ 2,970 $ 1,956 (37) % (4) % Net income $ 1,618 $ 3,003 $ 1,912 (46) % (15) % Net income per diluted share $ 0.64 $ 1.18 $ 0.76 (46) % (16) % We specialize in markets where our computing platforms can provide tremendous acceleration for applications.","$ 8,288",,,,,,,,,,,,,filing,10-Q Q2 2022 — ITEM 2. MANAGEMENT’S DISCUSSION AND ANALYSIS OF FINANCIAL CONDITION AND RESULTS OF OPERATIONS,
unpaired_actual,NVDA,2023,,,,,,,,revenue,Revenue,,consolidated,,,,Q2 FY2022,"Revenue for the first quarter of fiscal year 2023 was $8.29 billion, up 46% from a year ago and up 8% sequentially.",$8.29 billion,,,,,,,,,,,,,filing,10-Q Q2 2022 — ITEM 2. MANAGEMENT’S DISCUSSION AND ANALYSIS OF FINANCIAL CONDITION AND RESULTS OF OPERATIONS,
unpaired_actual,NVDA,2023,,,,,,,,revenue,Revenue,,consolidated,,,,Q2 FY2022,The sequential increase was driven by higher sales of GeForce GPUs for laptops and SOCs for game consoles.,,,,,,,,,,,,,,filing,10-Q Q2 2022 — ITEM 2. MANAGEMENT’S DISCUSSION AND ANALYSIS OF FINANCIAL CONDITION AND RESULTS OF OPERATIONS,
unpaired_actual,NVDA,2023,,,,,,,,revenue,Revenue,,consolidated,,,,Q2 FY2022,These increases were primarily driven by sales of NVIDIA Ampere architecture GPUs and DGX systems used across both training and inference.,,,,,,,,,,,,,,filing,10-Q Q2 2022 — ITEM 2. MANAGEMENT’S DISCUSSION AND ANALYSIS OF FINANCIAL CONDITION AND RESULTS OF OPERATIONS,
unpaired_actual,NVDA,2023,,,,,,,,revenue,Revenue,,consolidated,,,,Q2 FY2022,"The year-on-year decrease was due to a decline in CMP revenue, which was nominal in the quarter compared with $155 million from a year ago.",$155 million,,,,,,,,,,,,,filing,10-Q Q2 2022 — ITEM 2. MANAGEMENT’S DISCUSSION AND ANALYSIS OF FINANCIAL CONDITION AND RESULTS OF OPERATIONS,
unpaired_actual,NVDA,2023,,,,,,,,gross_margin,Gross margin,,segment:data_center,,,,Q2 FY2022,"Sequentially, GAAP gross margin was up 10 basis points due to increased contribution of, and favorable product mix changes within, Data Center, partially offset by higher sales of SOCs for game consoles.",10 basis points,,,,,,,,,,,,,filing,10-Q Q2 2022 — ITEM 2. MANAGEMENT’S DISCUSSION AND ANALYSIS OF FINANCIAL CONDITION AND RESULTS OF OPERATIONS,
unpaired_actual,NVDA,2023,,,,,,,,share_repurchases,Share repurchases,,consolidated,,,,Q2 FY2022,"On May 23, 2022, our Board of Directors increased and extended our share repurchase program to repurchase additional common stock up to a total of $15 billion through December 2023.",$15 billion,,,,,,,,,,,,,filing,10-Q Q2 2022 — ITEM 2. UNREGISTERED SALES OF EQUITY SECURITIES AND USE OF PROCEEDS,
unpaired_actual,NVDA,2023,,,,,,,,share_repurchases,Share repurchases,,consolidated,,,,Q2 FY2022,"On May 23, 2022, our Board of Directors increased and extended our share repurchase program to repurchase additional common stock up to a total of $ 15 billion through December 2023.",$ 15 billion,,,,,,,,,,,,,filing,10-Q Q2 2022 — ITEM 1. FINANCIAL STATEMENTS (UNAUDITED) — Note 14 - Shareholders’ Equity,
unpaired_actual,NVDA,2023,,,,,,,,subscribers,Subscribers / customers,,consolidated,,,,Q3 FY2022,"Economic and industry uncertainty or changes could have adverse, wide-ranging effects on our business and financial results, including: • decrease in demand for our products, services and technologies and those of our customers or licensees; • the inability of our suppliers to deliver on their supply commitments to us; • our customers’ or our licensees’ inability to supply products to customers and/or end users; • the insolvency of key suppliers, distributors, customers or licensees; • limits on our ability to forecast operating results and make business decisions; • difficulties in obtaining capital; • reduced profitability may also cause some customers to scale back operations, exit businesses, merge with other manufacturers, or file for bankruptcy protection and potentially cease operations; • lead to consolidation or strategic alliances among other equipment manufacturers, which could adversely affect our ability to compete effectively; and • increased credit and collectability risks, higher borrowing costs or reduced availability of capital markets, reduced liquidity, adverse impacts on our suppliers, failures of counterparties including financial institutions and insurers, asset impairments, and declines in the value of our financial instruments.",,,,,,,,,,,,,,filing,10-Q Q3 2022 — ITEM 1A. RISK FACTORS,
unpaired_actual,NVDA,2023,,,,,,,,subscribers,Subscribers / customers,,consolidated,,,,Q3 FY2022,"Additional risks related to acquisitions or strategic investments include, but are not limited to: • difficulty in integrating the technology, products, policies, processes, or operations and integrating and retaining the employees of the acquired business; • diversion of capital and other resources, including management’s attention; • assumption of liabilities and incurring amortization expenses, impairment charges to goodwill or write-downs of acquired assets; • integrating accounting, forecasting and controls, procedures and reporting cycles; • coordinating and integrating operations, particularly in countries in which we do not currently operate; • difficulty in realizing a satisfactory return and uncertainties to realize the benefits of an acquisition or strategic investment, if at all; • difficulty or inability in obtaining governmental, regulatory approval or restrictions or other consents and approvals or financing; • stock price impact, fines, fees or reputation harm if we are unable to obtain regulatory approval for an acquisition or are otherwise unable to close an acquisition; • legal proceedings initiated as a result of an acquisition or investment; • potential issuances of debt to finance our acquisitions, resulting in increased debt, increased interest expense, and compliance with debt covenants or other restrictions; • the potential for our acquisitions to result in dilutive issuances of our equity securities; • the potential variability of the amount and form of any performance-based consideration; • negative changes in general economic conditions in the regions or the industries in which we or our target operate; • potential failure of our due diligence processes to identify significant issues with the assets or company in which we are investing or are acquiring; and • impairment of relationships with, or loss of our or our target’s employees, vendors and customers, as a result of our acquisition or investment.",,,,,,,,,,,,,,filing,10-Q Q3 2022 — ITEM 1A. RISK FACTORS,
unpaired_actual,NVDA,2023,,,,,,,,capacity,Capacity,,consolidated,,,,Q3 FY2022,"As a result, we have paid premiums and provided deposits to secure future supply and capacity, which have increased our product costs, and may need to continue to do so in the future.",,,,,,,,,,,,,,filing,10-Q Q3 2022 — ITEM 1A. RISK FACTORS,
unpaired_actual,NVDA,2023,,,,,,,,revenue,Revenue,,segment:data_center,,,,Q3 FY2022,"Recent restrictions imposed by the Chinese government on the duration of gaming activities and access to games may adversely affect our Gaming revenue, and increased oversight of digital platform companies may adversely affect our Data Center revenue.",,,,,,,,,,,,,,filing,10-Q Q3 2022 — ITEM 1A. RISK FACTORS,
unpaired_actual,NVDA,2023,,,,,,,,deliveries,Deliveries,,segment:aws,,,,Q3 FY2022,"Additionally, revisions to laws or regulations or their interpretation and enforcement could result in increased taxation, trade sanctions, the imposition of import duties or tariffs, restrictions and controls on imports or exports, or other retaliatory actions, which could have an adverse effect on our business plans or impact the timing of our shipments.",,,,,,,,,,,,,,filing,10-Q Q3 2022 — ITEM 1A. RISK FACTORS,
unpaired_actual,NVDA,2023,,,,,,,,revenue,Revenue,,consolidated,,,,Q3 FY2022,"The risk of these impacts has increased recently, as our purchase obligations and prepaids have grown and become a greater portion of our total supply while our revenue has sequentially declined.",,,,,,,,,,,,,,filing,10-Q Q3 2022 — ITEM 1A. RISK FACTORS,
unpaired_actual,NVDA,2023,,,,,,,,subscribers,Subscribers / customers,,consolidated,,,,Q3 FY2022,"Those factors include such things as: • changes in business and economic conditions resulting in decreased consumer confidence, including downturns in our target markets and/or overall economy, rising inflation, and changes in the credit market; • sudden or sustained government lockdowns or actions to control COVID-19 case spread; • rapidly changing technology or customer requirements; • new product introductions resulting in less demand for existing products; • new or unexpected end use cases; • increase in demand for competitive products, including competitive actions; • fluctuations in demand for our products related to cryptocurrency mining; or • changes in governmental policies, such as increased restrictions on gaming usage or cloud service providers.",,,,,,,,,,,,,,filing,10-Q Q3 2022 — ITEM 1A. RISK FACTORS,
unpaired_actual,NVDA,2023,,,,,,,,deliveries,Deliveries,,consolidated,,,,Q3 FY2022,"Beginning in the second quarter of fiscal year 2022, most desktop NVIDIA Ampere architecture GeForce GPU shipments were LHR to help direct GeForce GPUs to gamers.",,,,,,,,,,,,,,filing,10-Q Q3 2022 — ITEM 1A. RISK FACTORS,
unpaired_actual,NVDA,2023,,,,,,,,revenue,Revenue,,consolidated,,,,Q3 FY2022,"Our semiconductor wafers are manufactured, assembled, tested and packaged by third parties located outside of the United States and we generated 70% and 74% of our revenue for the second quarter and first half of fiscal year 2023, respectively, from sales outside of the United States.",70%,,,,,,,,,,,,,filing,10-Q Q3 2022 — ITEM 1A. RISK FACTORS,
unpaired_actual,NVDA,2023,,,,,,,,gross_margin,Gross margin,,consolidated,,,,Q3 FY2022,"Increased costs for wafers, components, logistics, and other supply chain expenses, driven in part by inflation, have negatively impacted our gross margin and may continue to impact our gross margin.",,,,,,,,,,,,,,filing,10-Q Q3 2022 — ITEM 1A. RISK FACTORS,
unpaired_actual,NVDA,2023,,,,,,,,revenue,Revenue,,segment:data_center,,,,Q3 FY2022,"The year-on-year increase was primarily driven by hyperscale customer revenue, which nearly doubled.",,,,,,,,,,,,,,filing,10-Q Q3 2022 — ITEM 2. MANAGEMENT’S DISCUSSION AND ANALYSIS OF FINANCIAL CONDITION AND RESULTS OF OPERATIONS,
unpaired_actual,NVDA,2023,,,,,,,,revenue,Revenue,,segment:north_america,,,,Q3 FY2022,"Sequentially, sales to North America hyperscale and cloud computing customers increased, but were more than offset by lower sales to China hyperscale customers affected by economic conditions in China.",,,,,,,,,,,,,,filing,10-Q Q3 2022 — ITEM 2. MANAGEMENT’S DISCUSSION AND ANALYSIS OF FINANCIAL CONDITION AND RESULTS OF OPERATIONS,
unpaired_actual,NVDA,2023,,,,,,,,revenue,Revenue,,consolidated,,,,Q3 FY2022,"The sequential increase in mobile revenue was more than offset by lower desktop revenue, particularly at the high end.",,,,,,,,,,,,,,filing,10-Q Q3 2022 — ITEM 2. MANAGEMENT’S DISCUSSION AND ANALYSIS OF FINANCIAL CONDITION AND RESULTS OF OPERATIONS,
unpaired_actual,NVDA,2023,,,,,,,,revenue,Revenue,,consolidated,,,,Q3 FY2022,"These increases were driven by revenue from self-driving and AI cockpit solutions, partially offset by a decline of legacy cockpit revenue.",,,,,,,,,,,,,,filing,10-Q Q3 2022 — ITEM 2. MANAGEMENT’S DISCUSSION AND ANALYSIS OF FINANCIAL CONDITION AND RESULTS OF OPERATIONS,
unpaired_actual,NVDA,2023,,,,,,,,revenue,Revenue,,consolidated,,,,Q3 FY2022,"The sequential decline was driven by lower notebook OEM sales, partially offset by higher Jetson sales.",,,,,,,,,,,,,,filing,10-Q Q3 2022 — ITEM 2. MANAGEMENT’S DISCUSSION AND ANALYSIS OF FINANCIAL CONDITION AND RESULTS OF OPERATIONS,
unpaired_actual,NVDA,2023,,,,,,,,operating_expenses,Operating expenses,,consolidated,,,,Q3 FY2022,"Operating expenses were influenced primarily by employee growth costs, as well as increases in salaries to support our employees during this high inflationary environment, and engineering development of new products coming to market.",,,,,,,,,,,,,,filing,10-Q Q3 2022 — ITEM 2. MANAGEMENT’S DISCUSSION AND ANALYSIS OF FINANCIAL CONDITION AND RESULTS OF OPERATIONS,
unpaired_actual,NVDA,2023,,,,,,,,gross_profit,Gross profit,,consolidated,,,,Q3 FY2022,"Three Months Ended Six Months Ended July 31, 2022 August 1, 2021 July 31, 2022 August 1, 2021 Revenue 100.0 % 100.0 % 100.0 % 100.0 % Cost of revenue 56.5 35.2 44.3 35.5 Gross profit 43.5 64.8 55.7 64.5 Operating expenses Research and development 27.2 19.1 23.0 19.7 Sales, general and administrative 8.8 8.1 7.9 8.6 Acquisition termination cost — — 9.0 — Total operating expenses 36.0 27.2 39.9 28.3 Income from operations 7.5 37.6 15.8 36.2 Interest income 0.7 0.1 0.4 0.1 Interest expense (1.0) (0.9) (0.9) (0.9) Other, net (0.1) 0.1 (0.1) 1.1 Other income (expense), net (0.4) (0.7) (0.6) 0.3 Income before income tax 7.1 36.9 15.2 36.5 Income tax expense (benefit) (2.7) 0.3 — 1.3 Net income 9.8 % 36.6 % 15.2 % 35.2 % Revenue Revenue by Reportable Segments Three Months Ended Six Months Ended July 31, 2022 August 1, 2021 $ Change % Change July 31, 2022 August 1, 2021 $ Change % Change ($ in millions) Graphics $ 2,797 $ 3,907 $ (1,110) (28) % $ 7,413 $ 7,358 $ 55 1 % Compute & Networking 3,907 2,600 1,307 50 % 7,579 4,810 2,769 58 % Total $ 6,704 $ 6,507 $ 197 3 % $ 14,992 $ 12,168 $ 2,824 23 % Graphics - The year over year decrease was primarily attributable to lower sell-in of desktop Gaming and Professional Visualization products in the second quarter of fiscal year 2023 reflecting reduced channel partner sales due to macroeconomic headwinds.",100.0 %,,,,,,,,,,,,,filing,10-Q Q3 2022 — ITEM 2. MANAGEMENT’S DISCUSSION AND ANALYSIS OF FINANCIAL CONDITION AND RESULTS OF OPERATIONS,
unpaired_actual,NVDA,2023,,,,,,,,revenue,Revenue,,consolidated,,,,Q3 FY2022,Revenue on a year-to-date basis was essentially flat as the declines in sales of GeForce GPUs for desktops and SOCs for game consoles were offset by increases in sales of GeForce GPUs for laptops and Professional Visualization products.,,,,,,,,,,,,,,filing,10-Q Q3 2022 — ITEM 2. MANAGEMENT’S DISCUSSION AND ANALYSIS OF FINANCIAL CONDITION AND RESULTS OF OPERATIONS,
unpaired_actual,NVDA,2023,,,,,,,,revenue,Revenue,,segment:data_center,,,,Q3 FY2022,"Data Center revenue included $287 million for orders originally scheduled for delivery primarily in the third quarter that were converted to second-quarter delivery with extended payment terms, while a number of second-quarter orders will be fulfilled in the third quarter given supply chain disruptions.",$287 million,,,,,,,,,,,,,filing,10-Q Q3 2022 — ITEM 2. MANAGEMENT’S DISCUSSION AND ANALYSIS OF FINANCIAL CONDITION AND RESULTS OF OPERATIONS,
unpaired_actual,NVDA,2023,,,,,,,,revenue,Revenue,,consolidated,,,,Q3 FY2022,These second quarter of fiscal year 2023 revenue transactions were recognized under our pre-established revenue recognition policy that includes extended payment terms conditions.,,,,,,,,,,,,,,filing,10-Q Q3 2022 — ITEM 2. MANAGEMENT’S DISCUSSION AND ANALYSIS OF FINANCIAL CONDITION AND RESULTS OF OPERATIONS,
unpaired_actual,NVDA,2023,,,,,,,,gross_margin,Gross margin,,consolidated,,,,Q3 FY2022,"Gross Margin Our overall gross margin decreased to 43.5% and 55.7% for the second quarter and first half of fiscal year 2023, respectively, from 64.8% and 64.5% for the second quarter and first half of fiscal year 2022, respectively.",43.5%,,,,,,,,,,,,,filing,10-Q Q3 2022 — ITEM 2. MANAGEMENT’S DISCUSSION AND ANALYSIS OF FINANCIAL CONDITION AND RESULTS OF OPERATIONS,
unpaired_actual,NVDA,2023,,,,,,,,gross_margin,Gross margin,,consolidated,,,,Q3 FY2022,"Graphics - The gross margin of our Graphics segment decreased during the second quarter and first half of fiscal year 2023 compared to the second quarter and first half of fiscal year 2022, primarily due to inventory and related reserves.",,,,,,,,,,,,,,filing,10-Q Q3 2022 — ITEM 2. MANAGEMENT’S DISCUSSION AND ANALYSIS OF FINANCIAL CONDITION AND RESULTS OF OPERATIONS,
unpaired_actual,NVDA,2023,,,,,,,,gross_margin,Gross margin,,consolidated,,,,Q3 FY2022,"Compute & Networking - The gross margin of our Compute & Networking segment decreased during the second quarter and first half of fiscal year 2023 compared to the second quarter and first half of fiscal year 2022, primarily due to inventory related and warranty reserves.",,,,,,,,,,,,,,filing,10-Q Q3 2022 — ITEM 2. MANAGEMENT’S DISCUSSION AND ANALYSIS OF FINANCIAL CONDITION AND RESULTS OF OPERATIONS,
unpaired_actual,NVDA,2023,,,,,,,,operating_expenses,Operating expenses,,consolidated,,,,Q3 FY2022,"29 Operating Expenses Three Months Ended Six Months Ended July 31, 2022 August 1, 2021 $ Change % Change July 31, 2022 August 1, 2021 $ Change % Change ($ in millions) Research and development expenses $ 1,824 $ 1,245 $ 579 47 % $ 3,443 $ 2,398 $ 1,045 44 % % of net revenue 27 % 19 % 23 % 20 % Sales, general and administrative expenses 592 526 66 13 % 1,183 1,046 137 13 % % of net revenue 9 % 8 % 8 % 9 % Acquisition termination cost — — — — % 1,353 — 1,353 (100) % % of net revenue — % — % 9 % — % Total operating expenses $ 2,416 $ 1,771 $ 645 36 % $ 5,979 $ 3,444 $ 2,535 74 % Research and development expenses increases were primarily driven by compensation-related costs, including for employee growth as well as increases in salaries to support our employees during this high inflationary environment and stock-based compensation, and engineering development costs of new products coming to market.",29,,,,,,,,,,,,,filing,10-Q Q3 2022 — ITEM 2. MANAGEMENT’S DISCUSSION AND ANALYSIS OF FINANCIAL CONDITION AND RESULTS OF OPERATIONS,
unpaired_actual,NVDA,2023,,,,,,,,profitability_timing,Profitability timing,,consolidated,,,,Q3 FY2022,"The decrease in our effective tax rate for the second quarter and first half of fiscal year 2023 as compared to the same periods of fiscal year 2022 was primarily due to the increased tax benefit of stock-based compensation, the foreign-derived intangible income deduction, and the U.S. federal research tax credit, relative to a reduction in expected profitability.",,,,,,,,,,,,,,filing,10-Q Q3 2022 — ITEM 2. MANAGEMENT’S DISCUSSION AND ANALYSIS OF FINANCIAL CONDITION AND RESULTS OF OPERATIONS,
unpaired_actual,NVDA,2023,,,,,,,,revenue,Revenue,,consolidated,,,,Q3 FY2022,"Cash provided by investing activities increased in the first half of fiscal year 2023 compared to cash used in the first half of fiscal year 2022, primarily driven by higher marketable securities sales and maturities and lower purchases of marketable securities.",,,,,,,,,,,,,,filing,10-Q Q3 2022 — ITEM 2. MANAGEMENT’S DISCUSSION AND ANALYSIS OF FINANCIAL CONDITION AND RESULTS OF OPERATIONS,
unpaired_actual,NVDA,2023,,,,,,,,deliveries,Deliveries,,consolidated,,,,Q3 FY2022,"Beginning in the second quarter of fiscal year 2022, most desktop NVIDIA Ampere architecture GeForce GPU shipments were LHR to help direct GeForce GPUs to gamers.",,,,,,,,,,,,,,filing,10-Q Q3 2022 — ITEM 2. MANAGEMENT’S DISCUSSION AND ANALYSIS OF FINANCIAL CONDITION AND RESULTS OF OPERATIONS,
unpaired_actual,NVDA,2023,,,,,,,,revenue,Revenue,,consolidated,,,,Q3 FY2022,Direct sales to Russia in fiscal year 2022 were immaterial.,,,,,,,,,,,,,,filing,10-Q Q3 2022 — ITEM 2. MANAGEMENT’S DISCUSSION AND ANALYSIS OF FINANCIAL CONDITION AND RESULTS OF OPERATIONS,
unpaired_actual,NVDA,2023,,,,,,,,gross_margin,Gross margin,,consolidated,,,,Q3 FY2022,"Second Quarter of Fiscal Year 2023 Summary Three Months Ended July 31, 2022 May 1, 2022 August 1, 2021 Quarter-over-Quarter Change Year-over-Year Change ($ in millions, except per share data) Revenue $ 6,704 $ 8,288 $ 6,507 (19) % 3 % Gross margin 43.5 % 65.5 % 64.8 % (22.0) pts (21.3) pts Operating expenses $ 2,416 $ 3,563 $ 1,771 (32) % 36 % Income from operations $ 499 $ 1,868 $ 2,444 (73) % (80) % Net income $ 656 $ 1,618 $ 2,374 (59) % (72) % Net income per diluted share $ 0.26 $ 0.64 $ 0.94 (59) % (72) % We specialize in markets where our computing platforms can provide tremendous acceleration for applications.","$ 6,704",,,,,,,,,,,,,filing,10-Q Q3 2022 — ITEM 2. MANAGEMENT’S DISCUSSION AND ANALYSIS OF FINANCIAL CONDITION AND RESULTS OF OPERATIONS,
unpaired_actual,NVDA,2023,,,,,,,,revenue,Revenue,,consolidated,,,,Q3 FY2022,"Revenue for the second quarter of fiscal year 2023 was $6.70 billion, up 3% from a year ago and down 19% sequentially.",$6.70 billion,,,,,,,,,,,,,filing,10-Q Q3 2022 — ITEM 2. MANAGEMENT’S DISCUSSION AND ANALYSIS OF FINANCIAL CONDITION AND RESULTS OF OPERATIONS,
unpaired_actual,NVDA,2023,,,,,,,,share_repurchases,Share repurchases,,consolidated,,,,Q3 FY2022,"Issuer Purchases of Equity Securities 43 On May 23, 2022, our Board of Directors increased and extended our share repurchase program to repurchase additional common stock up to a total of $15 billion through December 2023.",43,,,,,,,,,,,,,filing,10-Q Q3 2022 — ITEM 2. UNREGISTERED SALES OF EQUITY SECURITIES AND USE OF PROCEEDS,
unpaired_actual,NVDA,2023,,,,,,,,revenue_growth,Revenue growth,,consolidated,,,,Q4 FY2022,Fiscal year revenue of $2.1 billion was up 100%.,$2.1 billion,,,,,,,,,,,,,transcript,NVDA_Q4_2022,
unpaired_actual,NVDA,2023,,,,,,,,revenue,Revenue,,segment:data_center,,,,Q4 FY2022,"Hyperscale and cloud demand was outstanding, with revenue more than doubling year on year.",,,,,,,,,,,,,,transcript,NVDA_Q4_2022,
unpaired_actual,NVDA,2023,,,,,,,,revenue,Revenue,,consolidated,,,,Q4 FY2022,"While revenue was gated by supply,",,,,,,,,,,,,,,transcript,NVDA_Q4_2022,
unpaired_actual,NVDA,2023,,,,,,,,operating_expenses,Operating expenses,,consolidated,,,,Q4 FY2022,operating expenses at a similar percent as in fiscal 2022.,,,,,,,,,,,,,,transcript,NVDA_Q4_2022,
unpaired_actual,NVDA,2023,,,,,,,,product_milestone,Product / strategic milestone,,consolidated,,,,Q4 FY2022,"disclosure in today's earnings release, our most recent Forms 10-K and 10-Q, and the reports that we may file on",10,,,,,,,,,,,,,transcript,NVDA_Q4_2022,
unpaired_actual,NVDA,2023,,,,,,,,product_milestone,Product / strategic milestone,,consolidated,,,,Q4 FY2022,significantly this year to prepare us for both increased supply base and supply availability in each one of the,,,,,,,,,,,,,,transcript,NVDA_Q4_2022,
unpaired_actual,NVDA,2023,,,,,,,,revenue,Revenue,,consolidated,,,,Q4 FY2022,"Starting with Gaming, revenue of $3.4 billion rose 6% sequentially and was up 37% from a year earlier.",$3.4 billion,,,,,,,,,,,,,transcript,NVDA_Q4_2022,
unpaired_actual,NVDA,2023,,,,,,,,subscribers,Subscribers / customers,,consolidated,,,,Q4 FY2022,enabled by natural language understanding in customer service in just the last couple of years has grown,,,,,,,,,,,,,,transcript,NVDA_Q4_2022,
unpaired_actual,NVDA,2023,,,,,,,,revenue_growth,Revenue growth,,consolidated,,,,Q4 FY2022,year revenue of $12.5 billion was up 61%.,$12.5 billion,,,,,,,,,,,,,transcript,NVDA_Q4_2022,
unpaired_actual,NVDA,2023,,,,,,,,revenue_growth,Revenue growth,,consolidated,,,,Q4 FY2022,Record desktop revenue in the quarter was led by our growth in our GeForce RTX 30 Series products with,30,,,,,,,,,,,,,transcript,NVDA_Q4_2022,
unpaired_actual,NVDA,2023,,,,,,,,revenue,Revenue,,segment:oem,,,,Q4 FY2022,"Cryptomining processor revenue was $24 million, which is included in OEM and other.",$24 million,,,,,,,,,,,,,transcript,NVDA_Q4_2022,
unpaired_actual,NVDA,2023,,,,,,,,revenue,Revenue,,consolidated,,,,Q4 FY2022,"The estimated product returns and estimated product warranty activity consisted of the following: Three Months Ended Nine Months Ended October 30, October 31, October 30, October 31, 2022 2021 2022 2021 (In millions) Balance at beginning of period $ 168 $ 31 $ 46 $ 22 Additions 3 5 141 20 Utilization ( 67 ) ( 4 ) ( 83 ) ( 10 ) Balance at end of period $ 104 $ 32 $ 104 $ 32 In the third quarter of fiscal year 2023, we recognized a warranty-related benefit of approximately $ 70 million in cost of revenue due to favorable product recovery.","30,",,,,,,,,,,,,,filing,10-Q Q4 2022 — ITEM 1. FINANCIAL STATEMENTS (UNAUDITED) — Note 13 - Commitments and Contingencies,
unpaired_actual,NVDA,2023,,,,,,,,revenue,Revenue,,segment:automotive,,,,Q4 FY2022,"The following table summarizes information pertaining to our revenue from customers based on the invoicing address by geographic regions: Three Months Ended Nine Months Ended October 30, October 31, October 30, October 31, 2022 2021 2022 2021 (In millions) Revenue: United States $ 2,148 $ 1,126 $ 6,069 $ 2,890 Taiwan 1,153 2,187 5,134 5,932 China (including Hong Kong) 1,148 2,017 4,831 5,128 Other countries 1,482 1,773 4,889 5,321 Total revenue $ 5,931 $ 7,103 $ 20,923 $ 19,271 The following table summarizes information pertaining to our revenue by each of the specialized markets we serve: Three Months Ended Nine Months Ended October 30, October 31, October 30, October 31, 2022 2021 2022 2021 (In millions) Revenue: Data Center $ 3,833 $ 2,936 $ 11,389 $ 7,350 Gaming 1,574 3,221 7,236 9,042 Professional Visualization 200 577 1,318 1,468 Automotive 251 135 609 441 OEM and Other 73 234 371 970 Total revenue $ 5,931 $ 7,103 $ 20,923 $ 19,271 One customer represented 10 % of our total revenue for the third quarter of fiscal year 2023 and was attributable primarily to the Compute & Networking segment.","30,",,,,,,,,,,,,,filing,10-Q Q4 2022 — ITEM 1. FINANCIAL STATEMENTS (UNAUDITED) — Note 15 - Segment Information,
unpaired_actual,NVDA,2023,,,,,,,,product_milestone,Product / strategic milestone,,consolidated,,,,Q4 FY2022,"As the pandemic continues to evolve, the increased duration and impact of economic and demand uncertainty, and the limited availability of our supply chain, logistical services and component supply, may have a material net negative impact on our business and financial results.",,,,,,,,,,,,,,filing,10-Q Q4 2022 — ITEM 1A. RISK FACTORS,
unpaired_actual,NVDA,2023,,,,,,,,capacity,Capacity,,consolidated,,,,Q4 FY2022,"As a result, we have paid premiums and provided deposits to secure future supply and capacity, which have increased our product costs, and may need to continue to do so in the future.",,,,,,,,,,,,,,filing,10-Q Q4 2022 — ITEM 1A. RISK FACTORS,
unpaired_actual,NVDA,2023,,,,,,,,revenue,Revenue,,segment:data_center,,,,Q4 FY2022,"Restrictions imposed by the Chinese government on the duration of gaming activities and access to games may adversely affect our Gaming revenue, and increased oversight of digital platform companies may adversely affect our Data Center revenue.",,,,,,,,,,,,,,filing,10-Q Q4 2022 — ITEM 1A. RISK FACTORS,
unpaired_actual,NVDA,2023,,,,,,,,deliveries,Deliveries,,segment:aws,,,,Q4 FY2022,"Additionally, revisions to laws or regulations or their interpretation and enforcement could result in increased taxation, trade sanctions, the imposition of or increase to import duties or tariffs, restrictions and controls on imports or exports, or other retaliatory actions, which could have an adverse effect on our business plans or impact the timing of our shipments.",,,,,,,,,,,,,,filing,10-Q Q4 2022 — ITEM 1A. RISK FACTORS,
unpaired_actual,NVDA,2023,,,,,,,,revenue,Revenue,,consolidated,,,,Q4 FY2022,"The risk of these impacts has increased recently, as our purchase obligations and prepaids have grown and become a greater portion of our total supply while our revenue has sequentially declined.",,,,,,,,,,,,,,filing,10-Q Q4 2022 — ITEM 1A. RISK FACTORS,
unpaired_actual,NVDA,2023,,,,,,,,subscribers,Subscribers / customers,,consolidated,,,,Q4 FY2022,"Those factors include such things as: • changes in business and economic conditions resulting in decreased consumer confidence, including downturns in our target markets and/or overall economy, rising inflation, currency fluctuations, and changes in the credit market; • sudden or sustained government lockdowns or actions to control COVID-19 case spread; • rapidly changing technology or customer requirements; • new product introductions resulting in less demand for existing products; • new or unexpected end use cases; • increase in demand for competitive products, including competitive actions; • fluctuations in demand for our products related to cryptocurrency mining; or • changes in governmental policies, such as increased restrictions on gaming usage or cloud service providers.",,,,,,,,,,,,,,filing,10-Q Q4 2022 — ITEM 1A. RISK FACTORS,
unpaired_actual,NVDA,2023,,,,,,,,revenue,Revenue,,consolidated,,,,Q4 FY2022,"Changes to cryptocurrency standards and processes including, but not limited to, the recently implemented Ethereum 2.0 merge 36 may decrease the usage of GPUs for Ethereum mining as well as create increased aftermarket sales of our GPUs, which could negatively impact retail prices for our GPUs and reduce demand for our new GPUs.",2.0,,,,,,,,,,,,,filing,10-Q Q4 2022 — ITEM 1A. RISK FACTORS,
unpaired_actual,NVDA,2023,,,,,,,,revenue,Revenue,,consolidated,,,,Q4 FY2022,"Additionally, we are investigating failures of power connectors shipped with our recently launched GeForce RTX 4090, which may harm sales of the 4090 or future products.","4090,",,,,,,,,,,,,,filing,10-Q Q4 2022 — ITEM 1A. RISK FACTORS,
unpaired_actual,NVDA,2023,,,,,,,,revenue,Revenue,,consolidated,,,,Q4 FY2022,29 One customer represented 10% of our total revenue for the third quarter of fiscal year 2023 and was attributable primarily to the Compute & Networking segment.,29,,,,,,,,,,,,,filing,10-Q Q4 2022 — ITEM 2. MANAGEMENT’S DISCUSSION AND ANALYSIS OF FINANCIAL CONDITION AND RESULTS OF OPERATIONS,
unpaired_actual,NVDA,2023,,,,,,,,gross_margin,Gross margin,,consolidated,,,,Q4 FY2022,"Gross Margin Our overall gross margin decreased to 53.6% and 55.1% for the third quarter and first nine months of fiscal year 2023, respectively, from 65.2% and 64.7% for the third quarter and first nine months of fiscal year 2022, respectively.",53.6%,,,,,,,,,,,,,filing,10-Q Q4 2022 — ITEM 2. MANAGEMENT’S DISCUSSION AND ANALYSIS OF FINANCIAL CONDITION AND RESULTS OF OPERATIONS,
unpaired_actual,NVDA,2023,,,,,,,,gross_margin,Gross margin,,consolidated,,,,Q4 FY2022,"Compute & Networking - The gross margin of our Compute & Networking segment decreased during the third quarter and first nine months of fiscal year 2023 compared to the third quarter and first nine months of fiscal year 2022, primarily due to inventory provisions.",,,,,,,,,,,,,,filing,10-Q Q4 2022 — ITEM 2. MANAGEMENT’S DISCUSSION AND ANALYSIS OF FINANCIAL CONDITION AND RESULTS OF OPERATIONS,
unpaired_actual,NVDA,2023,,,,,,,,gross_margin,Gross margin,,consolidated,,,,Q4 FY2022,Graphics - The gross margin of our Graphics segment decreased during the third quarter of fiscal year 2023 compared to the third quarter of fiscal year 2022 primarily due to a lower-end mix within GeForce GPUs.,,,,,,,,,,,,,,filing,10-Q Q4 2022 — ITEM 2. MANAGEMENT’S DISCUSSION AND ANALYSIS OF FINANCIAL CONDITION AND RESULTS OF OPERATIONS,
unpaired_actual,NVDA,2023,,,,,,,,operating_expenses,Operating expenses,,segment:data_center,,,,Q4 FY2022,"Operating Expenses Three Months Ended Nine Months Ended October 30, 2022 October 31, 2021 $ Change % Change October 30, 2022 October 31, 2021 $ Change % Change ($ in millions) Research and development expenses $ 1,945 $ 1,403 $ 542 39 % $ 5,387 $ 3,802 $ 1,585 42 % % of net revenue 33 % 20 % 26 % 20 % Sales, general and administrative expenses 631 557 74 13 % 1,815 1,603 212 13 % % of net revenue 11 % 8 % 9 % 8 % Acquisition termination cost — — — — % 1,353 — 1,353 (100) % % of net revenue — % — % 6 % — % Total operating expenses $ 2,576 $ 1,960 $ 616 31 % $ 8,555 $ 5,405 $ 3,150 58 % Research and development expense increases for the third quarter of fiscal year 2023 were primarily driven by compensation, employee growth and data center infrastructure.","$ 1,945",,,,,,,,,,,,,filing,10-Q Q4 2022 — ITEM 2. MANAGEMENT’S DISCUSSION AND ANALYSIS OF FINANCIAL CONDITION AND RESULTS OF OPERATIONS,
unpaired_actual,NVDA,2023,,,,,,,,headcount,Headcount,,consolidated,,,,Q4 FY2022,"Research and development expense increases for the first nine months of fiscal year 2023 were primarily driven by compensation, employee growth and engineering development costs.",,,,,,,,,,,,,,filing,10-Q Q4 2022 — ITEM 2. MANAGEMENT’S DISCUSSION AND ANALYSIS OF FINANCIAL CONDITION AND RESULTS OF OPERATIONS,
unpaired_actual,NVDA,2023,,,,,,,,headcount,Headcount,,consolidated,,,,Q4 FY2022,"30 Sales, general and administrative expense increases were primarily driven by compensation and employee growth.",30,,,,,,,,,,,,,filing,10-Q Q4 2022 — ITEM 2. MANAGEMENT’S DISCUSSION AND ANALYSIS OF FINANCIAL CONDITION AND RESULTS OF OPERATIONS,
unpaired_actual,NVDA,2023,,,,,,,,profitability_timing,Profitability timing,,consolidated,,,,Q4 FY2022,"The decrease in our effective tax rate for the third quarter and first nine months of fiscal year 2023 as compared to the same periods of fiscal year 2022 was primarily due to the increased tax benefit of the foreign-derived intangible income deduction, stock-based compensation, and the U.S. federal research tax credit, relative to a lower expected profitability.",,,,,,,,,,,,,,filing,10-Q Q4 2022 — ITEM 2. MANAGEMENT’S DISCUSSION AND ANALYSIS OF FINANCIAL CONDITION AND RESULTS OF OPERATIONS,
unpaired_actual,NVDA,2023,,,,,,,,revenue,Revenue,,consolidated,,,,Q4 FY2022,"Cash provided by investing activities increased in the first nine months of fiscal year 2023 compared to cash used in the first nine months of fiscal year 2022, primarily driven by higher marketable securities sales and maturities, lower purchases of marketable securities, offset by higher capital expenditures.",,,,,,,,,,,,,,filing,10-Q Q4 2022 — ITEM 2. MANAGEMENT’S DISCUSSION AND ANALYSIS OF FINANCIAL CONDITION AND RESULTS OF OPERATIONS,
unpaired_actual,NVDA,2023,,,,,,,,capacity,Capacity,,consolidated,,,,Q4 FY2022,"As a result, we have paid premiums and provided deposits to secure future supply and capacity, which have increased our product costs, and may need to continue to do so in the future.",,,,,,,,,,,,,,filing,10-Q Q4 2022 — ITEM 2. MANAGEMENT’S DISCUSSION AND ANALYSIS OF FINANCIAL CONDITION AND RESULTS OF OPERATIONS,
unpaired_actual,NVDA,2023,,,,,,,,revenue,Revenue,,consolidated,,,,Q4 FY2022,"Changes to cryptocurrency standards and processes including, but not limited to, the recently implemented Ethereum 2.0 merge may decrease the usage of GPUs for Ethereum mining as well as create increased aftermarket sales of our GPUs, which could negatively impact retail prices for our GPUs and reduce demand for our new GPUs.",2.0,,,,,,,,,,,,,filing,10-Q Q4 2022 — ITEM 2. MANAGEMENT’S DISCUSSION AND ANALYSIS OF FINANCIAL CONDITION AND RESULTS OF OPERATIONS,
unpaired_actual,NVDA,2023,,,,,,,,revenue,Revenue,,consolidated,,,,Q4 FY2022,Direct sales to Russia in fiscal year 2022 were immaterial.,,,,,,,,,,,,,,filing,10-Q Q4 2022 — ITEM 2. MANAGEMENT’S DISCUSSION AND ANALYSIS OF FINANCIAL CONDITION AND RESULTS OF OPERATIONS,
unpaired_actual,NVDA,2023,,,,,,,,revenue,Revenue,,consolidated,,,,Q4 FY2022,"Cryptocurrency Mining Processor (CMP) revenue was nominal in the current and prior quarter, and $105 million in the third quarter of fiscal year 2022.",$105 million,,,,,,,,,,,,,filing,10-Q Q4 2022 — ITEM 2. MANAGEMENT’S DISCUSSION AND ANALYSIS OF FINANCIAL CONDITION AND RESULTS OF OPERATIONS,
unpaired_actual,NVDA,2023,,,,,,,,share_repurchases,Share repurchases,,consolidated,,,,Q4 FY2022,"Issuer Purchases of Equity Securities On May 23, 2022, our Board of Directors increased and extended our share repurchase program to repurchase additional common stock up to a total of $15 billion through December 2023.",$15 billion,,,,,,,,,,,,,filing,10-Q Q4 2022 — ITEM 2. UNREGISTERED SALES OF EQUITY SECURITIES AND USE OF PROCEEDS,
unpaired_actual,NVDA,2023,,,,,,,,revenue,Revenue,,consolidated,,,,FY2022,One customer represented 11 % of our total revenue for fiscal year 2020 and was attributable primarily to the Graphics segment.,11 %,,,,,,,,,,,,,filing,10-K FY2022 — ITEM 15. EXHIBITS AND FINANCIAL STATEMENT SCHEDULES,
unpaired_actual,NVDA,2023,,,,,,,,subscribers,Subscribers / customers,,consolidated,,,,FY2022,"We may face decreased demand for computationally powerful but energy intensive products, such as our GPUs, despite their energy efficient design and operation, and/or increased consumer or customer expectations around the energy efficiency of our products, could negatively impact our business.",,,,,,,,,,,,,,filing,10-K FY2022 — ITEM 1A. RISK FACTORS,
unpaired_actual,NVDA,2023,,,,,,,,subscribers,Subscribers / customers,,consolidated,,,,FY2022,"Risks related to acquisitions or strategic investments include, but are not limited to: • difficulty in integrating the technology, products, or operations and integrating and retaining the employees of the acquired business; • diversion of capital and other resources, including management’s attention; • assumption of liabilities and incurring amortization expenses, impairment charges to goodwill or write-downs of acquired assets; • integrating accounting, forecasting and controls, procedures and reporting cycles; • coordinating and integrating operations, particularly in countries in which we do not currently operate; • difficulty in realizing a satisfactory return and uncertainties to realize the benefits of an acquisition or strategic investment, if at all; • difficulty or inability in obtaining governmental, regulatory approval or restrictions or other consents and approvals or financing; • Stock price impact, fines, fees or reputation harm if we are unable to obtain regulatory approval for an acquisition or are otherwise unable to close an acquisition; • legal proceedings initiated as a result of an acquisition or investment; • potential issuances of debt to finance our acquisitions, resulting in increased debt, increased interest expense, and compliance with debt covenants or other restrictions; 19 Table of Contents • the potential for our acquisitions to result in dilutive issuances of our equity securities; • the potential variability of the amount and form of any performance-based consideration; • negative changes in general economic conditions in the regions or the industries in which we or our target operate; • potential failure of our due diligence processes to identify significant issues with the assets or company in which we are investing or are acquiring; and • impairment of relationships with, or loss of our or our target’s employees, vendors and customers, as a result of our acquisition or investment.",19,,,,,,,,,,,,,filing,10-K FY2022 — ITEM 1A. RISK FACTORS,
unpaired_actual,NVDA,2023,,,,,,,,product_milestone,Product / strategic milestone,,consolidated,,,,FY2022,"As the COVID-19 pandemic continues to evolve, the increased duration and impact of economic and demand uncertainty, and the limited availability of our supply chain and logistical services, may have a material net negative impact on our business and financial results.",,,,,,,,,,,,,,filing,10-K FY2022 — ITEM 1A. RISK FACTORS,
unpaired_actual,NVDA,2023,,,,,,,,deliveries,Deliveries,,segment:aws,,,,FY2022,"Additionally, revisions to laws or regulations or their interpretation and enforcement could result in increased taxation, trade sanctions, the imposition of import duties or tariffs, restrictions and controls on imports or exports, or other retaliatory actions, which could have an adverse effect on our business plans or impact the timing of our shipments.",,,,,,,,,,,,,,filing,10-K FY2022 — ITEM 1A. RISK FACTORS,
unpaired_actual,NVDA,2023,,,,,,,,subscribers,Subscribers / customers,,consolidated,,,,FY2022,"Situations that may result in excess inventory or related impairments include: • changes in business and economic conditions resulting in decreased consumer confidence, including downturns in our target markets and/or overall economy and changes in the credit market; • higher incidence of inventory obsolescence because of rapidly changing technology or customer requirements; • new product introductions resulting in less demand for existing products or inconsistent spikes in demand due to unexpected end use cases; • increase in demand for competitive products, including competitive actions; • fluctuations in demand for our products related to cryptocurrency mining; or • decrease in future demand, decrease in the cost of supply chain materials, or changes in the design of future products where we have entered into long-term supply commitments, including prepayments, particularly to the extent we are placing orders well in advance of our historical lead times and/or before the design of those products is final.",,,,,,,,,,,,,,filing,10-K FY2022 — ITEM 1A. RISK FACTORS,
unpaired_actual,NVDA,2023,,,,,,,,revenue,Revenue,,consolidated,,,,FY2022,"Our semiconductor wafers are manufactured, assembled, tested and packaged by third parties located outside of the United States and we generated 84% of our revenue for fiscal year 2022 from sales outside of the United States.",84%,,,,,,,,,,,,,filing,10-K FY2022 — ITEM 1A. RISK FACTORS,
unpaired_actual,NVDA,2023,,,,,,,,revenue,Revenue,,consolidated,,,,FY2022,"Recent Sales of Unregistered Securities and Use of Proceeds During fiscal year 2022, we issued a total of 175,333 shares of our common stock as consideration in connection with acquisitions, all in private transactions exempt from the registration requirements of the Securities Act of 1933, as amended, pursuant to Section 4(a)(2), Regulation D, or Regulation S. 28 Table of Contents Stock Performance Graphs The following graph compares the cumulative total shareholder return for our common stock, the S&P 500 Index, and the Nasdaq 100 Index for the five years ended January 30, 2022.","175,333",,,,,,,,,,,,,filing,"10-K FY2022 — ITEM 5. MARKET FOR REGISTRANT’S COMMON EQUITY, RELATED STOCKHOLDER MATTERS AND ISSUER PURCHASES OF EQUITY SECURITIES",
unpaired_actual,NVDA,2023,,,,,,,,capacity,Capacity,,consolidated,,,,FY2022,"As of January 30, 2022, we had a valuation allowance of $907 million related to state and certain other deferred tax assets that management determined are not likely to be realized due to jurisdictional projections of future taxable income, tax attributes usage limitation by certain jurisdictions, and potential utilization limitations of tax attributes acquired as a result of stock ownership changes.",$907 million,,,,,,,,,,,,,filing,10-K FY2022 — ITEM 7. MANAGEMENT’S DISCUSSION AND ANALYSIS OF FINANCIAL CONDITION AND RESULTS OF OPERATIONS,
unpaired_actual,NVDA,2023,,,,,,,,gross_profit,Gross profit,,consolidated,,,,FY2022,"Year Ended January 30, 2022 January 31, 2021 Revenue 100.0 % 100.0 % Cost of revenue 35.1 37.7 Gross profit 64.9 62.3 Operating expenses: Research and development 19.6 23.5 Sales, general and administrative 8.0 11.6 Total operating expenses 27.6 35.1 Income from operations 37.3 27.2 Interest income 0.1 0.3 Interest expense (0.9) (1.1) Other, net 0.4 0.1 Other income (expense), net (0.4) (0.7) Income before income tax expense 36.9 26.5 Income tax expense 0.7 0.5 Net income 36.2 % 26.0 % 35 Table of Contents Revenue Revenue by Reportable Segments Year Ended January 30, 2022 January 31, 2021 $ Change % Change ($ in millions) Graphics $ 15,868 $ 9,834 $ 6,034 61 % Compute & Networking 11,046 6,841 4,205 61 % Total $ 26,914 $ 16,675 $ 10,239 61 % Graphics - Graphics segment revenue increased by 61% in fiscal year 2022 compared to fiscal year 2021.",100.0 %,,,,,,,,,,,,,filing,10-K FY2022 — ITEM 7. MANAGEMENT’S DISCUSSION AND ANALYSIS OF FINANCIAL CONDITION AND RESULTS OF OPERATIONS,
unpaired_actual,NVDA,2023,,,,,,,,revenue,Revenue,,segment:data_center,,,,FY2022,"Compute & Networking - Compute & Networking segment revenue increased by 61% in fiscal year 2022 compared to fiscal year 2021, driven primarily by sales of NVIDIA Ampere architecture products to hyperscale customers for cloud computing and workloads such as natural language processing and deep recommender models, as well as to vertical industries.",61%,,,,,,,,,,,,,filing,10-K FY2022 — ITEM 7. MANAGEMENT’S DISCUSSION AND ANALYSIS OF FINANCIAL CONDITION AND RESULTS OF OPERATIONS,
unpaired_actual,NVDA,2023,,,,,,,,revenue,Revenue,,segment:data_center,,,,FY2022,The increase compared to fiscal year 2021 also reflects the strong sales of networking products and that fiscal year 2022 includes a full year of networking revenue as Mellanox was acquired in April 2020.,2020.,,,,,,,,,,,,,filing,10-K FY2022 — ITEM 7. MANAGEMENT’S DISCUSSION AND ANALYSIS OF FINANCIAL CONDITION AND RESULTS OF OPERATIONS,
unpaired_actual,NVDA,2023,,,,,,,,gross_margin,Gross margin,,consolidated,,,,FY2022,"As a result, the overall net effect on our gross margin was an unfavorable impact of 0.9% in fiscal year 2022 and insignificant in fiscal year 2021.",0.9%,,,,,,,,,,,,,filing,10-K FY2022 — ITEM 7. MANAGEMENT’S DISCUSSION AND ANALYSIS OF FINANCIAL CONDITION AND RESULTS OF OPERATIONS,
unpaired_actual,NVDA,2023,,,,,,,,gross_margin,Gross margin,,consolidated,,,,FY2022,"The gross margin of our Graphics segment increased during fiscal year 2022 when compared to fiscal year 2021, primarily due to higher-end mix within GeForce GPUs.",,,,,,,,,,,,,,filing,10-K FY2022 — ITEM 7. MANAGEMENT’S DISCUSSION AND ANALYSIS OF FINANCIAL CONDITION AND RESULTS OF OPERATIONS,
unpaired_actual,NVDA,2023,,,,,,,,gross_margin,Gross margin,,segment:automotive,,,,FY2022,"The gross margin of our Compute & Networking segment decreased during fiscal year 2022 when compared to fiscal year 2021, primarily due to a shift in product mix and partially offset by a reduced contribution from Automotive solutions.",,,,,,,,,,,,,,filing,10-K FY2022 — ITEM 7. MANAGEMENT’S DISCUSSION AND ANALYSIS OF FINANCIAL CONDITION AND RESULTS OF OPERATIONS,
unpaired_actual,NVDA,2023,,,,,,,,headcount,Headcount,,consolidated,,,,FY2022,"Sales, General and Administrative Sales, general and administrative expenses increased by 12% in fiscal year 2022 compared to fiscal year 2021, primarily driven by stock-based compensation, compensation-related costs associated with employee growth, partially offset by lower amortization of intangibles.",12%,,,,,,,,,,,,,filing,10-K FY2022 — ITEM 7. MANAGEMENT’S DISCUSSION AND ANALYSIS OF FINANCIAL CONDITION AND RESULTS OF OPERATIONS,
unpaired_actual,NVDA,2023,,,,,,,,revenue,Revenue,,segment:data_center,,,,FY2022,"Cash used in investing activities decreased in fiscal year 2022 compared to cash provided in fiscal year 2021, reflecting lower payments in acquiring businesses as compared to the acquisition of Mellanox in fiscal year 2021, and higher marketable securities sales and maturities, partially offset by higher purchases of marketable securities.",,,,,,,,,,,,,,filing,10-K FY2022 — ITEM 7. MANAGEMENT’S DISCUSSION AND ANALYSIS OF FINANCIAL CONDITION AND RESULTS OF OPERATIONS,
unpaired_actual,NVDA,2023,,,,,,,,deliveries,Deliveries,,consolidated,,,,FY2022,"Beginning in the second quarter of fiscal year 2022, nearly all our desktop NVIDIA Ampere architecture GeForce GPU shipments were LHR in our effort to direct GeForce to gamers.",,,,,,,,,,,,,,filing,10-K FY2022 — ITEM 7. MANAGEMENT’S DISCUSSION AND ANALYSIS OF FINANCIAL CONDITION AND RESULTS OF OPERATIONS,
unpaired_actual,NVDA,2023,,,,,,,,deliveries,Deliveries,,consolidated,,,,FY2022,"To 30 Table of Contents have shorter shipment lead times and quicker delivery schedules for our customers, we may build finished products and maintain inventory for anticipated periods of growth which do not occur, anticipating demand that does not materialize, or for what we believe is pent-up demand.",30,,,,,,,,,,,,,filing,10-K FY2022 — ITEM 7. MANAGEMENT’S DISCUSSION AND ANALYSIS OF FINANCIAL CONDITION AND RESULTS OF OPERATIONS,
unpaired_actual,NVDA,2023,,,,,,,,revenue_growth,Revenue growth,,segment:automotive,,,,FY2022,Automotive revenue was up 6% from a year ago due to self-driving and AI cockpit solutions offset by a decline in legacy cockpit revenue.,6%,,,,,,,,,,,,,filing,10-K FY2022 — ITEM 7. MANAGEMENT’S DISCUSSION AND ANALYSIS OF FINANCIAL CONDITION AND RESULTS OF OPERATIONS,
unpaired_actual,NVDA,2023,,,,,,,,revenue,Revenue,,consolidated,,,,FY2022,CMP revenue was $550 million for the fiscal year and was nominal in the prior year.,$550 million,,,,,,,,,,,,,filing,10-K FY2022 — ITEM 7. MANAGEMENT’S DISCUSSION AND ANALYSIS OF FINANCIAL CONDITION AND RESULTS OF OPERATIONS,
unpaired_actual,NVDA,2023,,,,,,,,revenue,Revenue,,consolidated,,,,FY2022,Revenue for our CMP products declined significantly in the fourth quarter of fiscal year 2022.,,,,,,,,,,,,,,filing,10-K FY2022 — ITEM 7. MANAGEMENT’S DISCUSSION AND ANALYSIS OF FINANCIAL CONDITION AND RESULTS OF OPERATIONS,
unpaired_actual,NVDA,2023,,,,,,,,gross_margin,Gross margin,,segment:data_center,,,,FY2022,"Gross margin for fiscal year 2022 was up 260 basis points from a year ago driven by lower Mellanox acquisition-related charges, including a non-recurring inventory step-up charge of $161 million in fiscal year 2021.",260 basis points,,,,,,,,,,,,,filing,10-K FY2022 — ITEM 7. MANAGEMENT’S DISCUSSION AND ANALYSIS OF FINANCIAL CONDITION AND RESULTS OF OPERATIONS,
unpaired_actual,NVDA,2023,,,,,,,,operating_expenses,Operating expenses,,consolidated,,,,FY2022,"Operating expenses for fiscal year 2022 were up 27% from a year ago primarily driven by stock-based compensation, compensation-related costs associated with employee growth and higher infrastructure costs.",27%,,,,,,,,,,,,,filing,10-K FY2022 — ITEM 7. MANAGEMENT’S DISCUSSION AND ANALYSIS OF FINANCIAL CONDITION AND RESULTS OF OPERATIONS,
unpaired_actual,NVDA,2023,,,,,,,,gross_margin,Gross margin,,consolidated,,,,FY2022,The overall net effect on our gross margin from inventory provisions and sales of items previously written down was an unfavorable impact of 0.9% in fiscal year 2022 and insignificant in fiscal year 2021.,0.9%,,,,,,,,,,,,,filing,10-K FY2022 — ITEM 7. MANAGEMENT’S DISCUSSION AND ANALYSIS OF FINANCIAL CONDITION AND RESULTS OF OPERATIONS,
unpaired_actual,NVDA,2023,,,,,,,,capacity,Capacity,,consolidated,,,,FY2022,"As of January 30, 2022, we had a valuation allowance of $ 907 million related to state and certain other deferred tax assets that management determined are not likely to be realized due to jurisdictional projections of future taxable income, tax attributes usage limitation by certain jurisdictions, and potential utilization limitations of tax attributes acquired as a result of stock ownership changes.",$ 907 million,,,,,,,,,,,,,filing,10-K FY2022 — ITEM 15. EXHIBITS AND FINANCIAL STATEMENT SCHEDULES,
unpaired_actual,NVDA,2023,,,,,,,,revenue,Revenue,,segment:data_center,,,,FY2022,Revenue attributable to Mellanox was approximately 10 % for fiscal year 2021.,approximately 10 %,,,,,,,,,,,,,filing,10-K FY2022 — ITEM 15. EXHIBITS AND FINANCIAL STATEMENT SCHEDULES,
unpaired_actual,NVDA,2023,,,,,,,,revenue,Revenue,,segment:automotive,,,,Q2 FY2023,Revenue of $220 million increased 59%,$220 million,,,,,,,,,,,,,transcript,NVDA_Q2_2023,
unpaired_actual,NVDA,2023,,,,,,,,revenue,Revenue,,segment:automotive,,,,Q2 FY2023,We believe Q2 was an inflection point for our Automotive revenue as NVIDIA Orin has great momentum.,,,,,,,,,,,,,,transcript,NVDA_Q2_2023,
unpaired_actual,NVDA,2023,,,,,,,,revenue,Revenue,,segment:data_center,,,,Q2 FY2023,Revenue of $3.81 billion grew 1% sequentially and 61% year on year.,$3.81 billion,,,,,,,,,,,,,transcript,NVDA_Q2_2023,
unpaired_actual,NVDA,2023,,,,,,,,revenue,Revenue,,segment:data_center,,,,Q2 FY2023,increased but were more than offset by lower sales to China hyperscale customers affected by domestic,,,,,,,,,,,,,,transcript,NVDA_Q2_2023,
unpaired_actual,NVDA,2023,,,,,,,,production,Production,,segment:data_center,,,,Q2 FY2023,architecture flagship H100 data center GPU is in production.,,,,,,,,,,,,,,transcript,NVDA_Q2_2023,
unpaired_actual,NVDA,2023,,,,,,,,subscribers,Subscribers / customers,,consolidated,,,,Q2 FY2023,multi-hundred million-dollar AI infrastructure by 30% translates to significant value for customers.,30%,,,,,,,,,,,,,transcript,NVDA_Q2_2023,
unpaired_actual,NVDA,2023,,,,,,,,gross_margin,Gross margin,,consolidated,,,,Q2 FY2023,"GAAP gross margin was 43.5%, and non-GAAP gross margin was 45.9%.",43.5%,,,,,,,,,,,,,transcript,NVDA_Q2_2023,
unpaired_actual,NVDA,2023,,,,,,,,operating_expenses,Operating expenses,,consolidated,,,,Q2 FY2023,GAAP operating expenses were up 36% from a year ago,36%,,,,,,,,,,,,,transcript,NVDA_Q2_2023,
unpaired_actual,NVDA,2023,,,,,,,,operating_expenses,Operating expenses,,consolidated,,,,Q2 FY2023,Non-GAAP operating expenses were up 38% from a year ago and up 9% sequentially.,38%,,,,,,,,,,,,,transcript,NVDA_Q2_2023,
unpaired_actual,NVDA,2023,,,,,,,,headcount,Headcount,,consolidated,,,,Q2 FY2023,"increases were driven primarily by employee growth costs, as well as increases in salaries to support our",,,,,,,,,,,,,,transcript,NVDA_Q2_2023,
unpaired_actual,NVDA,2023,,,,,,,,dividend,Dividend,,consolidated,,,,Q2 FY2023,"of fiscal 2023, we returned $5.5 billion to shareholders in the form of share repurchases and cash dividends.",$5.5 billion,,,,,,,,,,,,,transcript,NVDA_Q2_2023,
unpaired_actual,NVDA,2023,,,,,,,,product_milestone,Product / strategic milestone,,consolidated,,,,Q2 FY2023,"disclosure in today's earnings release, our most recent forms 10-K and 10-Q and the reports that we may file on",10,,,,,,,,,,,,,transcript,NVDA_Q2_2023,
unpaired_actual,NVDA,2023,,,,,,,,revenue,Revenue,,consolidated,,,,Q2 FY2023,"don't know, high-$200 millions of revenue into the July quarter from October, but also with supply chain",,,,,,,,,,,,,,transcript,NVDA_Q2_2023,
unpaired_actual,NVDA,2023,,,,,,,,deliveries,Deliveries,,consolidated,,,,Q2 FY2023,"challenges, maybe some deliveries that were meant for July got pushed back into October.",,,,,,,,,,,,,,transcript,NVDA_Q2_2023,
unpaired_actual,NVDA,2023,,,,,,,,subscribers,Subscribers / customers,,consolidated,,,,Q2 FY2023,Customers were impacted as well by availability of key third-party other components that we,,,,,,,,,,,,,,transcript,NVDA_Q2_2023,
unpaired_actual,NVDA,2023,,,,,,,,revenue,Revenue,,consolidated,,,,Q2 FY2023,Total revenue of $6.7 billion was down 19% sequentially and up,$6.7 billion,,,,,,,,,,,,,transcript,NVDA_Q2_2023,
unpaired_actual,NVDA,2023,,,,,,,,revenue,Revenue,,consolidated,,,,Q2 FY2023,Q3 is really about our sales mix that we have and probably also to understand that our sales mix in the next,,,,,,,,,,,,,,transcript,NVDA_Q2_2023,
unpaired_actual,NVDA,2023,,,,,,,,gross_margin,Gross margin,,consolidated,,,,Q2 FY2023,And so that has impacted our gross margin as we move into Q3.,,,,,,,,,,,,,,transcript,NVDA_Q2_2023,
unpaired_actual,NVDA,2023,,,,,,,,revenue,Revenue,,consolidated,,,,Q2 FY2023,Revenue of $496 million was down 20% sequentially and down 4% from a,$496 million,,,,,,,,,,,,,transcript,NVDA_Q2_2023,
unpaired_actual,NVDA,2023,,,,,,,,revenue,Revenue,,consolidated,,,,Q2 FY2023,"A sequential increase in mobile revenue was more than offset by lower desktop revenue, particularly at",,,,,,,,,,,,,,transcript,NVDA_Q2_2023,
unpaired_actual,NVDA,2023,,,,,,,,subscribers,Subscribers / customers,,consolidated,,,,Q2 FY2023,"Our business could be negatively impacted by decreased demand for computationally powerful but energy intensive products, such as our GPUs, despite their energy efficient design and operation, and/or by increased consumer or customer expectations around the energy efficiency of our products.",,,,,,,,,,,,,,filing,10-Q Q2 2023 — ITEM 1A. RISK FACTORS,
unpaired_actual,NVDA,2023,,,,,,,,revenue,Revenue,,consolidated,,,,Q2 FY2023,"If end demand increases or our finished goods supply availability is concentrated near a quarter end, the system builders and channel partners may have limited ability to increase their credit, which could impact the timing and amount of our revenue.",,,,,,,,,,,,,,filing,10-Q Q2 2023 — ITEM 1A. RISK FACTORS,
unpaired_actual,NVDA,2023,,,,,,,,deliveries,Deliveries,,segment:aws,,,,Q2 FY2023,"Revisions to laws or regulations or their interpretation and enforcement could also result in increased taxation, trade sanctions, the imposition of or increase to import duties or tariffs, restrictions and controls on imports or exports, or other retaliatory actions, which could have an adverse effect on our business plans or impact the timing of our shipments.",,,,,,,,,,,,,,filing,10-Q Q2 2023 — ITEM 1A. RISK FACTORS,
unpaired_actual,NVDA,2023,,,,,,,,revenue,Revenue,,segment:data_center,,,,Q2 FY2023,"Additionally, restrictions imposed by the Chinese government on the duration of gaming activities and access to games may adversely affect our Gaming revenue, and increased oversight of digital platform companies may adversely affect our Data Center revenue.",,,,,,,,,,,,,,filing,10-Q Q2 2023 — ITEM 1A. RISK FACTORS,
unpaired_actual,NVDA,2023,,,,,,,,capacity,Capacity,,consolidated,,,,Q2 FY2023,"We have paid premiums and provided deposits to secure future supply and capacity, which have increased our product costs and may continue to do so.",,,,,,,,,,,,,,filing,10-Q Q2 2023 — ITEM 1A. RISK FACTORS,
unpaired_actual,NVDA,2023,,,,,,,,volume_impact,Volume impact,,consolidated,,,,Q2 FY2023,"Many additional factors have caused and/or could in the future cause us to either underestimate or overestimate our customers’ future demand for our products, or otherwise cause a mismatch between supply and demand for our products and impact the timing and volume of our revenue, including: • competing technologies and competitor product releases and announcements; • changes in business and economic conditions resulting in decreased end demand; • sudden or sustained government lockdowns or actions to control case spread of global or local health issues; • rapidly changing technology or customer requirements; • time to market; • new product introductions and transitions resulting in less demand for existing products; • new or unexpected end use cases; 33 • increase in demand for competitive products, including competitive actions; • business decisions made by third parties; • the demand for accelerated or AI-related cloud services, including our own software and AI cloud service offerings; • changes that impact the ecosystem for the architectures underlying our products and technologies; • the demand for our products relating to cryptocurrency mining; or • government actions or changes in governmental policies, such as increased restrictions on gaming usage.",33,,,,,,,,,,,,,filing,10-Q Q2 2023 — ITEM 1A. RISK FACTORS,
unpaired_actual,NVDA,2023,,,,,,,,revenue,Revenue,,consolidated,,,,Q2 FY2023,"This has created and may in the future create increased aftermarket sales of our GPUs, which could negatively impact retail prices for our GPUs and reduce demand for our new GPUs.",,,,,,,,,,,,,,filing,10-Q Q2 2023 — ITEM 1A. RISK FACTORS,
unpaired_actual,NVDA,2023,,,,,,,,gross_margin,Gross margin,,segment:data_center,,,,Q2 FY2023,"Economic and industry uncertainty or changes, including recession or slowing growth, inflation, changes or uncertainty in fiscal, monetary, or trade policy, disruptions to capital markets and the banking system, currency fluctuations, higher interest rates, tighter credit, lower capital expenditures by businesses, including on IT infrastructure, increases in unemployment, labor shortages, and lower consumer confidence and spending, have in the past and/or could in the future have adverse, wide-ranging effects on our business and financial results, including: 35 • increased costs for wafers, components, logistics, and other supply chain expenses, which have negatively impacted our gross margin and may continue to do so; • increased supply, employee, facilities and infrastructure costs and volatility in the financial markets, which have reduced and may in the future reduce our margins; • decrease in demand for our products, services and technologies and those of our customers, partners or licensees; • the inability of our suppliers to deliver on their supply commitments to us and our customers’ or our licensees’ inability to supply products to customers and/or end users; • limits on our ability to forecast operating results and make business decisions; • the insolvency of key suppliers, distributors, customers, cloud service providers, data center providers, licensing parties, or other third parties we rely on; reduced profitability may also cause some customers to scale back operations, exit businesses, or file for bankruptcy protection and potentially cease operations; lead to mergers, consolidations or strategic alliances among other companies, which could adversely affect our ability to compete effectively; and • increased credit and collectability risks, higher borrowing costs or reduced availability of capital markets, reduced liquidity, adverse impacts on our suppliers, failures of counterparties including financial institutions and insurers, asset impairments, and declines in the value of our financial instruments.",35,,,,,,,,,,,,,filing,10-Q Q2 2023 — ITEM 1A. RISK FACTORS,
unpaired_actual,NVDA,2023,,,,,,,,gross_margin,Gross margin,,consolidated,,,,Q2 FY2023,"Gross Margin Our overall gross margin decreased to 64.6% for the first quarter of fiscal year 2024 from 65.5% for the first quarter of fiscal year 2023, reflecting lower margins of GeForce GPUs within our Graphics segment partially offset by higher margins and increased contribution from compute products within our Compute & Networking segment.",64.6%,,,,,,,,,,,,,filing,10-Q Q2 2023 — ITEM 2. MANAGEMENT’S DISCUSSION AND ANALYSIS OF FINANCIAL CONDITION AND RESULTS OF OPERATIONS,
unpaired_actual,NVDA,2023,,,,,,,,gross_margin,Gross margin,,consolidated,,,,Q2 FY2023,"Compute & Networking - Segment gross margin increased during the first quarter of fiscal year 2024 compared to the first quarter of fiscal year 2023, primarily due to higher margins and increased contribution from compute products.",,,,,,,,,,,,,,filing,10-Q Q2 2023 — ITEM 2. MANAGEMENT’S DISCUSSION AND ANALYSIS OF FINANCIAL CONDITION AND RESULTS OF OPERATIONS,
unpaired_actual,NVDA,2023,,,,,,,,gross_margin,Gross margin,,consolidated,,,,Q2 FY2023,Graphics - Segment gross margin decreased during the first quarter of fiscal year 2024 compared to the first quarter of fiscal year 2023 primarily due to lower margins of GeForce GPUs.,,,,,,,,,,,,,,filing,10-Q Q2 2023 — ITEM 2. MANAGEMENT’S DISCUSSION AND ANALYSIS OF FINANCIAL CONDITION AND RESULTS OF OPERATIONS,
unpaired_actual,NVDA,2023,,,,,,,,operating_expenses,Operating expenses,,consolidated,,,,Q2 FY2023,"Operating Expenses Three Months Ended April 30, 2023 May 1, 2022 $ Change % Change ($ in millions) Research and development expenses $ 1,875 $ 1,618 $ 257 16 % % of net revenue 26 % 20 % Sales, general and administrative expenses 633 592 41 7 % % of net revenue 9 % 7 % Acquisition termination cost — 1,353 (1,353) — % % of net revenue — % 16 % Total operating expenses $ 2,508 $ 3,563 $ (1,055) (30) % % of net revenue 34.9 % 42.9 % The increases in research and development expense and sales, general and administrative expense for the first quarter of fiscal year 2024 were primarily driven by employee growth and associated compensation and benefits.","$ 1,875",,,,,,,,,,,,,filing,10-Q Q2 2023 — ITEM 2. MANAGEMENT’S DISCUSSION AND ANALYSIS OF FINANCIAL CONDITION AND RESULTS OF OPERATIONS,
unpaired_actual,NVDA,2023,,,,,,,,revenue,Revenue,,consolidated,,,,Q2 FY2023,"Cash provided by operating activities increased in the first quarter of fiscal year 2024 compared to the first quarter of fiscal year 2023, primarily due to lower inventory prepayments and changes in inventory, partially offset by lower revenue.",,,,,,,,,,,,,,filing,10-Q Q2 2023 — ITEM 2. MANAGEMENT’S DISCUSSION AND ANALYSIS OF FINANCIAL CONDITION AND RESULTS OF OPERATIONS,
unpaired_actual,NVDA,2023,,,,,,,,revenue,Revenue,,consolidated,,,,Q2 FY2023,"29 Cash used in investing activities increased in the first quarter of fiscal year 2024 compared to the first quarter of fiscal year 2023, primarily driven by lower marketable securities sales and maturities, partially offset by lower purchases of marketable securities.",29,,,,,,,,,,,,,filing,10-Q Q2 2023 — ITEM 2. MANAGEMENT’S DISCUSSION AND ANALYSIS OF FINANCIAL CONDITION AND RESULTS OF OPERATIONS,
unpaired_actual,NVDA,2023,,,,,,,,share_repurchases,Share repurchases,,consolidated,,,,Q2 FY2023,"Cash used in financing activities decreased in the first quarter of fiscal year 2024 compared to the first quarter of fiscal year 2023, which primarily reflects share repurchases in the first quarter of fiscal year 2023.",,,,,,,,,,,,,,filing,10-Q Q2 2023 — ITEM 2. MANAGEMENT’S DISCUSSION AND ANALYSIS OF FINANCIAL CONDITION AND RESULTS OF OPERATIONS,
unpaired_actual,NVDA,2023,,,,,,,,product_milestone,Product / strategic milestone,,consolidated,,,,Q2 FY2023,The sequential increase was driven by the ramp of our new GeForce RTX 40 Series GPUs for desktops and laptops based on the Ada Lovelace architecture.,40,,,,,,,,,,,,,filing,10-Q Q2 2023 — ITEM 2. MANAGEMENT’S DISCUSSION AND ANALYSIS OF FINANCIAL CONDITION AND RESULTS OF OPERATIONS,
unpaired_actual,NVDA,2023,,,,,,,,gross_margin,Gross margin,,consolidated,,,,Q2 FY2023,Gross margin declined from a year earlier and increased sequentially.,,,,,,,,,,,,,,filing,10-Q Q2 2023 — ITEM 2. MANAGEMENT’S DISCUSSION AND ANALYSIS OF FINANCIAL CONDITION AND RESULTS OF OPERATIONS,
unpaired_actual,NVDA,2023,,,,,,,,revenue,Revenue,,segment:data_center,,,,Q2 FY2023,"25 Market Platform Highlights Data Center revenue for the first quarter of fiscal year 2024 was $4.28 billion, up 14% from a year ago, led by growing demand for generative AI and large language models using GPUs based on our NVIDIA Hopper and Ampere architectures.",25,,,,,,,,,,,,,filing,10-Q Q2 2023 — ITEM 2. MANAGEMENT’S DISCUSSION AND ANALYSIS OF FINANCIAL CONDITION AND RESULTS OF OPERATIONS,
unpaired_actual,NVDA,2023,,,,,,,,gross_profit,Gross profit,,consolidated,,,,Q2 FY2023,"Three Months Ended April 30, 2023 May 1, 2022 Revenue 100.0 % 100.0 % Cost of revenue 35.4 34.5 Gross profit 64.6 65.5 Operating expenses Research and development 26.1 19.5 Sales, general and administrative 8.8 7.1 Acquisition termination cost — 16.3 Total operating expenses 34.9 42.9 Income from operations 29.7 22.6 Interest income 2.1 0.2 Interest expense (0.9) (0.8) Other, net (0.2) (0.2) Other income (expense), net 1.0 (0.8) Income before income tax 30.7 21.8 Income tax expense 2.3 2.3 Net income 28.4 % 19.5 % Revenue Revenue by Reportable Segments Three Months Ended April 30, 2023 May 1, 2022 $ Change % Change ($ in millions) Compute & Networking $ 4,460 $ 3,672 $ 788 21 % Graphics 2,732 4,616 (1,884) (41) % Total $ 7,192 $ 8,288 $ (1,096) (13) % Compute & Networking - The year-on-year increase was led by growing demand for generative AI and large language models using GPUs based on our Hopper and Ampere architectures.",100.0 %,,,,,,,,,,,,,filing,10-Q Q2 2023 — ITEM 2. MANAGEMENT’S DISCUSSION AND ANALYSIS OF FINANCIAL CONDITION AND RESULTS OF OPERATIONS,
unpaired_actual,NVDA,2023,,,,,,,,revenue,Revenue,,consolidated,,,,Q2 FY2023,Self-driving platforms and AI cockpit solutions revenue also increased from a year ago.,,,,,,,,,,,,,,filing,10-Q Q2 2023 — ITEM 2. MANAGEMENT’S DISCUSSION AND ANALYSIS OF FINANCIAL CONDITION AND RESULTS OF OPERATIONS,
unpaired_actual,NVDA,2023,,,,,,,,share_repurchases,Share repurchases,,consolidated,,,,Q2 FY2023,"Issuer Purchases of Equity Securities On May 23, 2022, our Board of Directors increased and extended our share repurchase program to repurchase additional common stock up to a total of $15 billion through December 2023.",$15 billion,,,,,,,,,,,,,filing,10-Q Q2 2023 — ITEM 2. UNREGISTERED SALES OF EQUITY SECURITIES AND USE OF PROCEEDS,
unpaired_actual,NVDA,2023,,,,,,,,product_milestone,Product / strategic milestone,,consolidated,,,,Q3 FY2023,We achieved an important milestone this quarter with VMware.,,,,,,,,,,,,,,transcript,NVDA_Q3_2023,
unpaired_actual,NVDA,2023,,,,,,,,revenue,Revenue,,consolidated,,,,Q3 FY2023,"Revenue of $1.57 billion was down 23% sequentially and down 51% from a year ago,",$1.57 billion,,,,,,,,,,,,,transcript,NVDA_Q3_2023,
unpaired_actual,NVDA,2023,,,,,,,,revenue,Revenue,,consolidated,,,,Q3 FY2023,more than $800 million in opening weekend sales.,more than $800 million,,,,,,,,,,,,,transcript,NVDA_Q3_2023,
unpaired_actual,NVDA,2023,,,,,,,,revenue,Revenue,,consolidated,,,,Q3 FY2023,Moving to Probi Revenue of $200 million was down 60% sequentially and,$200 million,,,,,,,,,,,,,transcript,NVDA_Q3_2023,
unpaired_actual,NVDA,2023,,,,,,,,revenue,Revenue,,segment:automotive,,,,Q3 FY2023,"Revenue of $251 million, increased 14% sequentially and 86% from a year ago.",$251 million,,,,,,,,,,,,,transcript,NVDA_Q3_2023,
unpaired_actual,NVDA,2023,,,,,,,,subscribers,Subscribers / customers,,consolidated,,,,Q3 FY2023,"for automakers 25 models with Geely owned automaker, Zika as the first announced customer.",25,,,,,,,,,,,,,transcript,NVDA_Q3_2023,
unpaired_actual,NVDA,2023,,,,,,,,gross_margin,Gross margin,,consolidated,,,,Q3 FY2023,GAAP gross margin was 53.6% and and non-GAAP gross margin was 56.1%.,53.6%,,,,,,,,,,,,,transcript,NVDA_Q3_2023,
unpaired_actual,NVDA,2023,,,,,,,,operating_expenses,Operating expenses,,consolidated,,,,Q3 FY2023,"up 31%, and non-GAAP operating expenses were up 30%, primarily due to higher compensation expenses",31%,,,,,,,,,,,,,transcript,NVDA_Q3_2023,
unpaired_actual,NVDA,2023,,,,,,,,share_repurchases,Share repurchases,,consolidated,,,,Q3 FY2023,"At the end of Q3, we had approximately $8.3 billion remaining under our share repurchase authorization through",approximately $8.3 billion,,,,,,,,,,,,,transcript,NVDA_Q3_2023,
unpaired_actual,NVDA,2023,,,,,,,,deliveries,Deliveries,,segment:data_center,,,,Q3 FY2023,"to reflect early production shipments of the A100, offset by continued softness in China.",,,,,,,,,,,,,,transcript,NVDA_Q3_2023,
unpaired_actual,NVDA,2023,,,,,,,,product_milestone,Product / strategic milestone,,consolidated,,,,Q3 FY2023,disclosure in today's earnings release our most recent Forms 10-K and 10-Q and the reports that we may file on,10,,,,,,,,,,,,,transcript,NVDA_Q3_2023,
unpaired_actual,NVDA,2023,,,,,,,,revenue,Revenue,,consolidated,,,,Q3 FY2023,"Because last quarter, it made sense that you took a charge because revenue was less than you thought, but",,,,,,,,,,,,,,transcript,NVDA_Q3_2023,
unpaired_actual,NVDA,2023,,,,,,,,revenue,Revenue,,consolidated,,,,Q3 FY2023,revenue came in pretty much in line.,,,,,,,,,,,,,,transcript,NVDA_Q3_2023,
unpaired_actual,NVDA,2023,,,,,,,,revenue,Revenue,,consolidated,,,,Q3 FY2023,"Q3 revenue was $5.93 billion, down 12% sequentially and down 17% year on year.",$5.93 billion,,,,,,,,,,,,,transcript,NVDA_Q3_2023,
unpaired_actual,NVDA,2023,,,,,,,,revenue,Revenue,,segment:automotive,,,,Q3 FY2023,delivered record data center and automotive revenue.,,,,,,,,,,,,,,transcript,NVDA_Q3_2023,
unpaired_actual,NVDA,2023,,,,,,,,revenue_growth,Revenue growth,,segment:data_center,,,,Q3 FY2023,"about $800 million per quarter in sales, very, very strong growth over the past few years.",about $800 million,,,,,,,,,,,,,transcript,NVDA_Q3_2023,
unpaired_actual,NVDA,2023,,,,,,,,revenue_growth,Revenue growth,,segment:data_center,,,,Q3 FY2023,Revenue of $3.83 billion was up 1% sequentially and 31% year-on-year.,$3.83 billion,,,,,,,,,,,,,transcript,NVDA_Q3_2023,
unpaired_actual,NVDA,2023,,,,,,,,revenue,Revenue,,segment:data_center,,,,Q3 FY2023,maybe a new way of commenting on or reporting hyperscaler revenue in your data center business.,,,,,,,,,,,,,,transcript,NVDA_Q3_2023,
unpaired_actual,NVDA,2023,,,,,,,,revenue,Revenue,,segment:data_center,,,,Q3 FY2023,"The following table 23 NVIDIA CORPORATION AND SUBSIDIARIES NOTES TO CONDENSED CONSOLIDATED FINANCIAL STATEMENTS (Continued) (Unaudited) summarizes information pertaining to our revenue from customers based on the invoicing address by geographic regions: Three Months Ended Six Months Ended July 30, July 31, July 30, July 31, 2023 2022 2023 2022 (In millions) Revenue: United States $ 6,043 $ 1,988 $ 8,428 $ 3,921 Taiwan 2,839 1,204 4,635 3,981 China (including Hong Kong) 2,740 1,602 4,330 3,683 Other countries 1,885 1,910 3,306 3,407 Total revenue $ 13,507 $ 6,704 $ 20,699 $ 14,992 One data center distributor customer represented approximately 17 % and 13 % of total revenue for the second quarter and first half of fiscal year 2024, respectively, and was attributable to the Compute & Networking segment.",23,,,,,,,,,,,,,filing,10-Q Q3 2023 — ITEM 1. FINANCIAL STATEMENTS (UNAUDITED) — Note 15 - Segment Information,
unpaired_actual,NVDA,2023,,,,,,,,revenue,Revenue,,consolidated,,,,Q3 FY2023,There were no customers with 10% or more of total revenue for the second quarter and first half of fiscal year 2023.,10%,,,,,,,,,,,,,filing,10-Q Q3 2023 — ITEM 1. FINANCIAL STATEMENTS (UNAUDITED) — Note 15 - Segment Information,
unpaired_actual,NVDA,2023,,,,,,,,revenue,Revenue,,consolidated,,,,Q3 FY2023,"A large cloud service provider, or CSP, which primarily purchases indirectly through multiple system integrators and distributors, is estimated to represent approximately 22 % and 19 % of total revenue for the second quarter and first half of fiscal year 2024, respectively, and was attributable to our Compute & Networking segment.",approximately 22 %,,,,,,,,,,,,,filing,10-Q Q3 2023 — ITEM 1. FINANCIAL STATEMENTS (UNAUDITED) — Note 15 - Segment Information,
unpaired_actual,NVDA,2023,,,,,,,,subscribers,Subscribers / customers,,consolidated,,,,Q3 FY2023,"Additional risks related to acquisitions include, but are not limited to: • difficulty in integrating the technology, systems, products, policies, processes, or operations and integrating and retaining the employees, including key personnel, of the acquired business; • assumption of liabilities and incurring amortization expenses, impairment charges to goodwill or write-downs of acquired assets; 40 • integrating accounting, forecasting and controls, procedures and reporting cycles; • coordinating and integrating operations, particularly in countries in which we do not currently operate; • stock price impact, fines, fees or reputation harm if we are unable to obtain regulatory approval for an acquisition or are otherwise unable to close an acquisition; • potential issuances of debt to finance our acquisitions, resulting in increased debt, increased interest expense, and compliance with debt covenants or other restrictions; • the potential for our acquisitions to result in dilutive issuances of our equity securities; • the potential variability of the amount and form of any performance-based consideration; • negative changes in general economic conditions in the regions or the industries in which we or our target operate; • exposure to additional cybersecurity risks and vulnerabilities; and • impairment of relationships with, or loss of our or our target’s employees, vendors and customers.",40,,,,,,,,,,,,,filing,10-Q Q3 2023 — ITEM 1A. RISK FACTORS,
unpaired_actual,NVDA,2023,,,,,,,,revenue,Revenue,,consolidated,,,,Q3 FY2023,"A large CSP, which primarily purchases indirectly through multiple system integrators and distributors, is estimated to represent approximately 22% and 19% of total revenue for the second quarter and first half of fiscal year 2024, respectively, and was attributable to our Compute & Networking segment.",approximately 22%,,,,,,,,,,,,,filing,10-Q Q3 2023 — ITEM 1A. RISK FACTORS,
unpaired_actual,NVDA,2023,,,,,,,,capacity,Capacity,,consolidated,,,,Q3 FY2023,"In order to meet this demand, we have increased our purchase obligations 36 with existing suppliers, added new suppliers, and entered into prepaid supply and capacity agreements.",36,,,,,,,,,,,,,filing,10-Q Q3 2023 — ITEM 1A. RISK FACTORS,
unpaired_actual,NVDA,2023,,,,,,,,revenue,Revenue,,consolidated,,,,Q3 FY2023,"Our semiconductor wafers are manufactured, assembled, tested and packaged by third parties located outside of the United States, and we generated 55% and 59% of our revenue during the second quarter and first half of fiscal year 2024 from sales outside of the United States, respectively.",55%,,,,,,,,,,,,,filing,10-Q Q3 2023 — ITEM 1A. RISK FACTORS,
unpaired_actual,NVDA,2023,,,,,,,,operating_expenses,Operating expenses,,consolidated,,,,Q3 FY2023,"Operating Expenses Three Months Ended Six Months Ended July 30, 2023 July 31, 2022 $ Change % Change July 30, 2023 July 31, 2022 $ Change % Change ($ in millions) Research and development expenses $ 2,040 $ 1,824 $ 216 12 % $ 3,916 $ 3,443 $ 473 14 % % of net revenue 15.1 % 27.2 % 18.9 % 23.0 % Sales, general and administrative expenses 622 592 30 5 % 1,253 1,183 70 6 % % of net revenue 4.7 % 8.8 % 6.1 % 7.9 % Acquisition termination cost — — — — % — 1,353 (1,353) (100) % % of net revenue — % — % — % 9.0 % Total operating expenses $ 2,662 $ 2,416 $ 246 10 % $ 5,169 $ 5,979 $ (810) (14) % % of net revenue 19.8 % 36.0 % 25.0 % 39.9 % The increases in research and development expenses and sales, general and administrative expenses for the second quarter and first half of fiscal year 2024 were primarily driven by compensation and benefits, including stock-based compensation, reflecting employee growth and compensation increases.","$ 2,040",,,,,,,,,,,,,filing,10-Q Q3 2023 — ITEM 2. MANAGEMENT’S DISCUSSION AND ANALYSIS OF FINANCIAL CONDITION AND RESULTS OF OPERATIONS,
unpaired_actual,NVDA,2023,,,,,,,,revenue,Revenue,,consolidated,,,,Q3 FY2023,"Cash provided by operating activities increased in the first half of fiscal year 2024 compared to the first half of fiscal year 2023, primarily due to higher revenue and lower inventory, partially offset by higher accounts receivable.",,,,,,,,,,,,,,filing,10-Q Q3 2023 — ITEM 2. MANAGEMENT’S DISCUSSION AND ANALYSIS OF FINANCIAL CONDITION AND RESULTS OF OPERATIONS,
unpaired_actual,NVDA,2023,,,,,,,,revenue,Revenue,,consolidated,,,,Q3 FY2023,"Cash used in investing activities increased in the first half of fiscal year 2024 compared to the first half of fiscal year 2023, primarily driven by lower marketable securities sales and maturities, partially offset by lower purchases of marketable securities.",,,,,,,,,,,,,,filing,10-Q Q3 2023 — ITEM 2. MANAGEMENT’S DISCUSSION AND ANALYSIS OF FINANCIAL CONDITION AND RESULTS OF OPERATIONS,
unpaired_actual,NVDA,2023,,,,,,,,gross_margin,Gross margin,,consolidated,,,,Q3 FY2023,"26 Second Quarter of Fiscal Year 2024 Summary Three Months Ended July 30, 2023 April 30, 2023 July 31, 2022 Quarter-over-Quarter Change Year-over-Year Change ($ in millions, except per share data) Revenue $ 13,507 $ 7,192 $ 6,704 88 % 101 % Gross margin 70.1 % 64.6 % 43.5 % 5.5 pts 26.6 pts Operating expenses $ 2,662 $ 2,508 $ 2,416 6 % 10 % Operating income $ 6,800 $ 2,140 $ 499 218 % 1,263 % Net income $ 6,188 $ 2,043 $ 656 203 % 843 % Net income per diluted share $ 2.48 $ 0.82 $ 0.26 202 % 854 % We specialize in markets where our computing platforms can provide tremendous acceleration for applications.",26,,,,,,,,,,,,,filing,10-Q Q3 2023 — ITEM 2. MANAGEMENT’S DISCUSSION AND ANALYSIS OF FINANCIAL CONDITION AND RESULTS OF OPERATIONS,
unpaired_actual,NVDA,2023,,,,,,,,revenue,Revenue,,consolidated,,,,Q3 FY2023,"Revenue for the second quarter of fiscal year 2024 was $13.51 billion, up 101% from a year ago and up 88% sequentially.",$13.51 billion,,,,,,,,,,,,,filing,10-Q Q3 2023 — ITEM 2. MANAGEMENT’S DISCUSSION AND ANALYSIS OF FINANCIAL CONDITION AND RESULTS OF OPERATIONS,
unpaired_actual,NVDA,2023,,,,,,,,product_milestone,Product / strategic milestone,,segment:data_center,,,,Q3 FY2023,"Data Center Compute grew 195% from a year ago and 157% sequentially, largely reflecting the strong ramp of our Hopper-based HGX platform.",195%,,,,,,,,,,,,,filing,10-Q Q3 2023 — ITEM 2. MANAGEMENT’S DISCUSSION AND ANALYSIS OF FINANCIAL CONDITION AND RESULTS OF OPERATIONS,
unpaired_actual,NVDA,2023,,,,,,,,operating_expenses,Operating expenses,,consolidated,,,,Q3 FY2023,"Operating expenses were up 10% from a year ago and up 6% sequentially, primarily driven by compensation and benefits, including stock-based compensation, reflecting growth in employees and compensation increases.",10%,,,,,,,,,,,,,filing,10-Q Q3 2023 — ITEM 2. MANAGEMENT’S DISCUSSION AND ANALYSIS OF FINANCIAL CONDITION AND RESULTS OF OPERATIONS,
unpaired_actual,NVDA,2023,,,,,,,,revenue,Revenue,,segment:data_center,,,,Q3 FY2023,"Market Platform Highlights Data Center revenue for the second quarter of fiscal year 2024 was $10.32 billion, up 171% from a year ago.",$10.32 billion,,,,,,,,,,,,,filing,10-Q Q3 2023 — ITEM 2. MANAGEMENT’S DISCUSSION AND ANALYSIS OF FINANCIAL CONDITION AND RESULTS OF OPERATIONS,
unpaired_actual,NVDA,2023,,,,,,,,revenue,Revenue,,consolidated,,,,Q3 FY2023,"Gaming revenue for the second quarter of fiscal year 2024 was $2.49 billion, up 22% from a year ago.",$2.49 billion,,,,,,,,,,,,,filing,10-Q Q3 2023 — ITEM 2. MANAGEMENT’S DISCUSSION AND ANALYSIS OF FINANCIAL CONDITION AND RESULTS OF OPERATIONS,
unpaired_actual,NVDA,2023,,,,,,,,revenue,Revenue,,consolidated,,,,Q3 FY2023,"Professional Visualization revenue for the second quarter of fiscal year 2024 was $379 million, down 24% from a year ago.",$379 million,,,,,,,,,,,,,filing,10-Q Q3 2023 — ITEM 2. MANAGEMENT’S DISCUSSION AND ANALYSIS OF FINANCIAL CONDITION AND RESULTS OF OPERATIONS,
unpaired_actual,NVDA,2023,,,,,,,,revenue,Revenue,,segment:automotive,,,,Q3 FY2023,"Automotive revenue for the second quarter of fiscal year 2024 was $253 million, up 15% from a year ago.",$253 million,,,,,,,,,,,,,filing,10-Q Q3 2023 — ITEM 2. MANAGEMENT’S DISCUSSION AND ANALYSIS OF FINANCIAL CONDITION AND RESULTS OF OPERATIONS,
unpaired_actual,NVDA,2023,,,,,,,,gross_profit,Gross profit,,consolidated,,,,Q3 FY2023,"Three Months Ended Six Months Ended July 30, 2023 July 31, 2022 July 30, 2023 July 31, 2022 Revenue 100.0 % 100.0 % 100.0 % 100.0 % Cost of revenue 29.9 56.5 31.8 44.3 Gross profit 70.1 43.5 68.2 55.7 Operating expenses Research and development 15.1 27.2 18.9 23.0 Sales, general and administrative 4.7 8.8 6.1 7.9 Acquisition termination cost — — — 9.0 Total operating expenses 19.8 36.0 25.0 39.9 Operating income 50.3 7.5 43.2 15.8 Interest income 1.4 0.7 1.6 0.4 Interest expense (0.5) (1.0) (0.6) (0.9) Other, net 0.4 (0.1) 0.2 (0.1) Other income (expense), net 1.3 (0.4) 1.2 (0.6) Income before income tax 51.6 7.1 44.4 15.2 Income tax expense (benefit) 5.9 (2.7) 4.6 — Net income 45.7 % 9.8 % 39.8 % 15.2 % 28 Revenue Revenue for the second quarter and first half of fiscal year 2024 was $13.51 billion and $20.70 billion, up 101% and 38%, respectively.",100.0 %,,,,,,,,,,,,,filing,10-Q Q3 2023 — ITEM 2. MANAGEMENT’S DISCUSSION AND ANALYSIS OF FINANCIAL CONDITION AND RESULTS OF OPERATIONS,
unpaired_actual,NVDA,2023,,,,,,,,revenue,Revenue,,segment:data_center,,,,Q3 FY2023,"Revenue by Reportable Segments Three Months Ended Six Months Ended July 30, 2023 July 31, 2022 $ Change % Change July 30, 2023 July 31, 2022 $ Change % Change ($ in millions) Compute & Networking $ 10,402 $ 3,907 $ 6,495 166 % $ 14,862 $ 7,579 $ 7,283 96 % Graphics 3,105 2,797 308 11 % 5,837 7,413 (1,576) (21) % Total $ 13,507 $ 6,704 $ 6,803 101 % $ 20,699 $ 14,992 $ 5,707 38 % Compute & Networking - The increase in the second quarter and first half of fiscal year 2024 compared to the second quarter and first half of fiscal year 2023 was primarily due to higher Data Center revenue.","$ 10,402",,,,,,,,,,,,,filing,10-Q Q3 2023 — ITEM 2. MANAGEMENT’S DISCUSSION AND ANALYSIS OF FINANCIAL CONDITION AND RESULTS OF OPERATIONS,
unpaired_actual,NVDA,2023,,,,,,,,revenue,Revenue,,segment:data_center,,,,Q3 FY2023,The increase in revenue to the United States for the second quarter and first half of fiscal year 2024 was primarily due to higher U.S.-based Data Center end demand.,,,,,,,,,,,,,,filing,10-Q Q3 2023 — ITEM 2. MANAGEMENT’S DISCUSSION AND ANALYSIS OF FINANCIAL CONDITION AND RESULTS OF OPERATIONS,
unpaired_actual,NVDA,2023,,,,,,,,revenue,Revenue,,segment:data_center,,,,Q3 FY2023,"One data center distributor customer represented approximately 17% and 13% of total revenue for the second quarter and first half of fiscal year 2024, respectively, and was attributable to the Compute & Networking segment.",approximately 17%,,,,,,,,,,,,,filing,10-Q Q3 2023 — ITEM 2. MANAGEMENT’S DISCUSSION AND ANALYSIS OF FINANCIAL CONDITION AND RESULTS OF OPERATIONS,
unpaired_actual,NVDA,2023,,,,,,,,revenue,Revenue,,consolidated,,,,Q3 FY2023,There were no customers with 10% or more of total revenue for the second quarter and first half of fiscal year 2023.,10%,,,,,,,,,,,,,filing,10-Q Q3 2023 — ITEM 2. MANAGEMENT’S DISCUSSION AND ANALYSIS OF FINANCIAL CONDITION AND RESULTS OF OPERATIONS,
unpaired_actual,NVDA,2023,,,,,,,,revenue,Revenue,,consolidated,,,,Q3 FY2023,"A large CSP, which primarily purchases indirectly through multiple system integrators and distributors, is estimated to represent approximately 22% and 19% of total revenue for the second quarter and first half of fiscal year 2024, respectively, and was attributable to our Compute & Networking segment.",approximately 22%,,,,,,,,,,,,,filing,10-Q Q3 2023 — ITEM 2. MANAGEMENT’S DISCUSSION AND ANALYSIS OF FINANCIAL CONDITION AND RESULTS OF OPERATIONS,
unpaired_actual,NVDA,2023,,,,,,,,gross_margin,Gross margin,,consolidated,,,,Q3 FY2023,"Gross Margin Our overall gross margin increased to 70.1% and 68.2% for the second quarter and first half of fiscal year 2024, respectively, from 43.5% and 55.7% for the second quarter and first half of fiscal year 2023, respectively.",70.1%,,,,,,,,,,,,,filing,10-Q Q3 2023 — ITEM 2. MANAGEMENT’S DISCUSSION AND ANALYSIS OF FINANCIAL CONDITION AND RESULTS OF OPERATIONS,
unpaired_actual,NVDA,2023,,,,,,,,revenue,Revenue,,consolidated,,,,Q3 FY2023,"The increase in the second quarter and first half of fiscal year 2024 compared to second quarter and first half of fiscal year 2023 was primarily due to higher revenue from Compute GPUs of 208% and 112%, respectively, and lower inventory provisions.",208%,,,,,,,,,,,,,filing,10-Q Q3 2023 — ITEM 2. MANAGEMENT’S DISCUSSION AND ANALYSIS OF FINANCIAL CONDITION AND RESULTS OF OPERATIONS,
unpaired_actual,NVDA,2023,,,,,,,,revenue,Revenue,,consolidated,,,,Q3 FY2023,"Sales of inventory that was previously written off or down, or settlements of excess inventory purchase obligations, totaled $84 million and $134 million for the second quarter and first half of fiscal year 2024, respectively.",$84 million,,,,,,,,,,,,,filing,10-Q Q3 2023 — ITEM 2. MANAGEMENT’S DISCUSSION AND ANALYSIS OF FINANCIAL CONDITION AND RESULTS OF OPERATIONS,
unpaired_actual,NVDA,2023,,,,,,,,gross_margin,Gross margin,,consolidated,,,,Q3 FY2023,"As a result, the overall net effect on our gross margin was an unfavorable impact of 3.6% and 2.8% in the second quarter and first half of fiscal year 2024, respectively.",3.6%,,,,,,,,,,,,,filing,10-Q Q3 2023 — ITEM 2. MANAGEMENT’S DISCUSSION AND ANALYSIS OF FINANCIAL CONDITION AND RESULTS OF OPERATIONS,
unpaired_actual,NVDA,2023,,,,,,,,revenue,Revenue,,consolidated,,,,Q3 FY2023,"Sales of inventory that was previously written off or down, or settlements of excess inventory purchase obligations, totaled $23 million and $38 million for the second quarter and first half of fiscal year 2023, respectively.",$23 million,,,,,,,,,,,,,filing,10-Q Q3 2023 — ITEM 2. MANAGEMENT’S DISCUSSION AND ANALYSIS OF FINANCIAL CONDITION AND RESULTS OF OPERATIONS,
unpaired_actual,NVDA,2023,,,,,,,,gross_margin,Gross margin,,consolidated,,,,Q3 FY2023,"As a result, the overall net effect on our gross margin was an unfavorable impact of 17.8% and 8.5% in the second quarter and first half of fiscal year 2023, respectively.",17.8%,,,,,,,,,,,,,filing,10-Q Q3 2023 — ITEM 2. MANAGEMENT’S DISCUSSION AND ANALYSIS OF FINANCIAL CONDITION AND RESULTS OF OPERATIONS,
unpaired_actual,NVDA,2023,,,,,,,,subscribers,Subscribers / customers,,consolidated,,,,Q4 FY2023,"second Spectrum-4 networking platform is gaining momentum as customers transition to higher speeds,",,,,,,,,,,,,,,transcript,NVDA_Q4_2023,
unpaired_actual,NVDA,2023,,,,,,,,subscribers,Subscribers / customers,,consolidated,,,,Q4 FY2023,It now has more than 25 million members in over 100 countries.,more than 25 million,,,,,,,,,,,,,transcript,NVDA_Q4_2023,
unpaired_actual,NVDA,2023,,,,,,,,revenue_growth,Revenue growth,,consolidated,,,,Q4 FY2023,Fiscal year revenue of $903 million was up 60%.,$903 million,,,,,,,,,,,,,transcript,NVDA_Q4_2023,
unpaired_actual,NVDA,2023,,,,,,,,gross_margin,Gross margin,,consolidated,,,,Q4 FY2023,"GAAP gross margin was 63.3%, and non-GAAP gross margin was 66.1%.",63.3%,,,,,,,,,,,,,transcript,NVDA_Q4_2023,
unpaired_actual,NVDA,2023,,,,,,,,gross_margin,Gross margin,,consolidated,,,,Q4 FY2023,"Fiscal year GAAP gross margin was 56.9%, and non-GAAP gross margin was 59.2%.",56.9%,,,,,,,,,,,,,transcript,NVDA_Q4_2023,
unpaired_actual,NVDA,2023,,,,,,,,operating_expenses,Operating expenses,,consolidated,,,,Q4 FY2023,"operating expenses were up 21%, and non-GAAP operating expenses were up 23%, primarily due to the higher",21%,,,,,,,,,,,,,transcript,NVDA_Q4_2023,
unpaired_actual,NVDA,2023,,,,,,,,operating_expenses,Operating expenses,,consolidated,,,,Q4 FY2023,non-GAAP operating expenses were down 1%.,1%,,,,,,,,,,,,,transcript,NVDA_Q4_2023,
unpaired_actual,NVDA,2023,,,,,,,,product_milestone,Product / strategic milestone,,consolidated,,,,Q4 FY2023,"disclosure in today's earnings release, our most recent Forms 10-K and 10-Q and the reports that we may file on",10,,,,,,,,,,,,,transcript,NVDA_Q4_2023,
unpaired_actual,NVDA,2023,,,,,,,,revenue_growth,Revenue growth,,consolidated,,,,Q4 FY2023,"Q4 revenue was $6.05 billion, up 2% sequentially, down 21% year on year.",$6.05 billion,,,,,,,,,,,,,transcript,NVDA_Q4_2023,
unpaired_actual,NVDA,2023,,,,,,,,revenue,Revenue,,consolidated,,,,Q4 FY2023,"revenue was $27 billion, flat from the prior year.",$27 billion,,,,,,,,,,,,,transcript,NVDA_Q4_2023,
unpaired_actual,NVDA,2023,,,,,,,,revenue,Revenue,,consolidated,,,,Q4 FY2023,Revenue was $3.62 billion was down 6% sequentially and up 11% year on year.,$3.62 billion,,,,,,,,,,,,,transcript,NVDA_Q4_2023,
unpaired_actual,NVDA,2023,,,,,,,,revenue,Revenue,,consolidated,,,,Q4 FY2023,Fiscal year revenue was $15,$15,,,,,,,,,,,,,transcript,NVDA_Q4_2023,
unpaired_actual,NVDA,2023,,,,,,,,stores,Stores / locations,,consolidated,,,,Q4 FY2023,"Remember, mobile cloud, because of the iPhone and the App Store, 5 million applications and counting",5 million,,,,,,,,,,,,,transcript,NVDA_Q4_2023,
unpaired_actual,NVDA,2023,,,,,,,,revenue,Revenue,,consolidated,,,,Q4 FY2023,"clarification, you said H100 revenue's higher than A100.",,,,,,,,,,,,,,transcript,NVDA_Q4_2023,
unpaired_actual,NVDA,2023,,,,,,,,deliveries,Deliveries,,consolidated,,,,Q4 FY2023,began initial shipments of H100 back in Q3.,,,,,,,,,,,,,,transcript,NVDA_Q4_2023,
unpaired_actual,NVDA,2023,,,,,,,,production,Production,,consolidated,,,,Q4 FY2023,production level to them in Q3.,,,,,,,,,,,,,,transcript,NVDA_Q4_2023,
unpaired_actual,NVDA,2023,,,,,,,,revenue,Revenue,,segment:data_center,,,,Q4 FY2023,"On a trailing four-quarter basis, CSP customers drove about 40% of our data center revenue.",about 40%,,,,,,,,,,,,,transcript,NVDA_Q4_2023,
unpaired_actual,NVDA,2023,,,,,,,,revenue,Revenue,,consolidated,,,,Q4 FY2023,"Revenue by Geographic areas were as follows: Three Months Ended Nine Months Ended October 29, October 30, October 29, October 30, 2023 2022 2023 2022 (In millions) Revenue: United States $ 6,302 $ 2,148 $ 14,730 $ 6,069 Taiwan 4,333 1,153 8,968 5,134 China (including Hong Kong) 4,030 1,148 8,360 4,831 Singapore 2,702 536 4,506 1,963 Other countries 753 946 2,255 2,926 Total revenue $ 18,120 $ 5,931 $ 38,819 $ 20,923 Revenue from sales to customers outside of the United States accounted for 65 % and 62 % of total revenue for the third quarter and first nine months of fiscal year 2024, respectively, and 64 % and 71 % of total revenue for the third quarter and first nine months of fiscal year 2023, respectively.","29,",,,,,,,,,,,,,filing,10-Q Q4 2023 — ITEM 1. FINANCIAL STATEMENTS (UNAUDITED) — Note 15 - Segment Information,
unpaired_actual,NVDA,2023,,,,,,,,revenue,Revenue,,segment:data_center,,,,Q4 FY2023,The increase in revenue to the United States for the third quarter and first nine months of fiscal year 2024 was primarily due to higher U.S.-based Data Center end demand.,,,,,,,,,,,,,,filing,10-Q Q4 2023 — ITEM 1. FINANCIAL STATEMENTS (UNAUDITED) — Note 15 - Segment Information,
unpaired_actual,NVDA,2023,,,,,,,,revenue,Revenue,,consolidated,,,,Q4 FY2023,"Sales to one customer, or Customer A, represented 12 % of total revenue for the third quarter of fiscal year 2024, and sales to a second customer, or Customer B, represented 11 % of total revenue for the first nine months of fiscal year 2024, both of which were attributable to the Compute & Networking segment.",12 %,,,,,,,,,,,,,filing,10-Q Q4 2023 — ITEM 1. FINANCIAL STATEMENTS (UNAUDITED) — Note 15 - Segment Information,
unpaired_actual,NVDA,2023,,,,,,,,revenue,Revenue,,consolidated,,,,Q4 FY2023,"In the first nine months of fiscal year 2023, there were no customers with 10% or more of total revenue.",10%,,,,,,,,,,,,,filing,10-Q Q4 2023 — ITEM 1. FINANCIAL STATEMENTS (UNAUDITED) — Note 15 - Segment Information,
unpaired_actual,NVDA,2023,,,,,,,,subscribers,Subscribers / customers,,consolidated,,,,Q4 FY2023,"Additional risks related to acquisitions include, but are not limited to: • difficulty in integrating the technology, systems, products, policies, processes, or operations and integrating and retaining the employees, including key personnel, of the acquired business; • assumption of liabilities and incurring amortization expenses, impairment charges to goodwill or write-downs of acquired assets; • integrating accounting, forecasting and controls, procedures and reporting cycles; • coordinating and integrating operations, particularly in countries in which we do not currently operate; 40 • stock price impact, fines, fees or reputation harm if we are unable to obtain regulatory approval for an acquisition or are otherwise unable to close an acquisition; • potential issuances of debt to finance our acquisitions, resulting in increased debt, increased interest expense, and compliance with debt covenants or other restrictions; • the potential for our acquisitions to result in dilutive issuances of our equity securities; • the potential variability of the amount and form of any performance-based consideration; • negative changes in general economic conditions in the regions or the industries in which we or our target operate; • exposure to additional cybersecurity risks and vulnerabilities; and • impairment of relationships with, or loss of our or our target’s employees, vendors and customers.",40,,,,,,,,,,,,,filing,10-Q Q4 2023 — ITEM 1A. RISK FACTORS,
unpaired_actual,NVDA,2023,,,,,,,,revenue,Revenue,,consolidated,,,,Q4 FY2023,"Sales to Customer A represented 12% of total revenue for the third quarter of fiscal year 2024, and sales to Customer B represented 11% of total revenue for the first nine months of fiscal year 2024, both of which were attributable to the Compute & Networking segment.",12%,,,,,,,,,,,,,filing,10-Q Q4 2023 — ITEM 1A. RISK FACTORS,
unpaired_actual,NVDA,2023,,,,,,,,revenue,Revenue,,consolidated,,,,Q4 FY2023,"If end demand increases or our finished goods supply availability is concentrated near a quarter end, the system integrators, distributors, and channel partners may have limited ability to increase their credit, which could impact the timing and amount of our revenue.",,,,,,,,,,,,,,filing,10-Q Q4 2023 — ITEM 1A. RISK FACTORS,
unpaired_actual,NVDA,2023,,,,,,,,volume_impact,Volume impact,,consolidated,,,,Q4 FY2023,"Many additional factors have caused and/or could in the future cause us to either underestimate or overestimate our customers’ future demand for our products, or otherwise cause a mismatch between supply and demand for our products and impact the timing and volume of our revenue, including: • changes in product development cycles and time to market; • competing technologies and competitor product releases and announcements; • changes in business and economic conditions resulting in decreased end demand; • sudden or sustained government lockdowns or actions to control case spread of global or local health issues; • rapidly changing technology or customer requirements; • new product introductions and transitions resulting in less demand for existing products; • new or unexpected end use cases; • increase in demand for competitive products, including competitive actions; 36 • business decisions made by third parties; • the demand for accelerated or AI-related cloud services, including our own software and NVIDIA DGX cloud services; • changes that impact the ecosystem for the architectures underlying our products and technologies; • the demand for our products relating to cryptocurrency mining, our Omniverse platform, third-party large language models and generative AI models; or • government actions or changes in governmental policies, such as export controls or increased restrictions on gaming usage.",36,,,,,,,,,,,,,filing,10-Q Q4 2023 — ITEM 1A. RISK FACTORS,
unpaired_actual,NVDA,2023,,,,,,,,revenue,Revenue,,consolidated,,,,Q4 FY2023,"Our semiconductor wafers are manufactured, assembled, tested and packaged by third parties located outside of the United States, and we generated 65% and 62% of our revenue during the third quarter and first nine months of fiscal year 2024 from sales outside of the United States, respectively.",65%,,,,,,,,,,,,,filing,10-Q Q4 2023 — ITEM 1A. RISK FACTORS,
unpaired_actual,NVDA,2023,,,,,,,,gross_profit,Gross profit,,consolidated,,,,Q4 FY2023,"Three Months Ended Nine Months Ended October 29, 2023 October 30, 2022 October 29, 2023 October 30, 2022 Revenue 100.0 % 100.0 % 100.0 % 100.0 % Cost of revenue 26.0 46.4 29.1 44.9 Gross profit 74.0 53.6 70.9 55.1 Operating expenses Research and development 12.7 32.8 16.0 25.7 Sales, general and administrative 3.8 10.6 5.0 8.7 Acquisition termination cost — — — 6.5 Total operating expenses 16.5 43.4 21.0 40.9 Operating income 57.5 10.2 49.9 14.2 Interest income 1.3 1.5 1.5 0.7 Interest expense (0.3) (1.1) (0.5) (0.9) Other, net (0.4) (0.2) (0.1) (0.1) Other income (expense), net 0.6 0.2 0.9 (0.3) Income before income tax 58.1 10.4 50.8 13.9 Income tax expense (benefit) 7.1 (1.1) 5.8 (0.3) Net income 51.0 % 11.5 % 45.0 % 14.2 % Revenue Revenue for the third quarter and first nine months of fiscal year 2024 was $18.12 billion and $38.82 billion, up 206% and 86%, respectively.",100.0 %,,,,,,,,,,,,,filing,10-Q Q4 2023 — ITEM 2. MANAGEMENT’S DISCUSSION AND ANALYSIS OF FINANCIAL CONDITION AND RESULTS OF OPERATIONS,
unpaired_actual,NVDA,2023,,,,,,,,revenue,Revenue,,segment:data_center,,,,Q4 FY2023,"29 Revenue by Reportable Segments Three Months Ended Nine Months Ended October 29, 2023 October 30, 2022 $ Change % Change October 29, 2023 October 30, 2022 $ Change % Change ($ in millions) Compute & Networking $ 14,645 $ 3,816 $ 10,829 284 % $ 29,507 $ 11,395 $ 18,112 159 % Graphics 3,475 2,115 1,360 64 % 9,312 9,528 (216) (2) % Total $ 18,120 $ 5,931 $ 12,189 206 % $ 38,819 $ 20,923 $ 17,896 86 % Compute & Networking - The increase in the third quarter and first nine months of fiscal year 2024 compared to the third quarter and first nine months of fiscal year 2023 was due to higher Data Center revenue.",29,,,,,,,,,,,,,filing,10-Q Q4 2023 — ITEM 2. MANAGEMENT’S DISCUSSION AND ANALYSIS OF FINANCIAL CONDITION AND RESULTS OF OPERATIONS,
unpaired_actual,NVDA,2023,,,,,,,,revenue,Revenue,,consolidated,,,,Q4 FY2023,"Sales to Customer A represented 12% of total revenue for the third quarter of fiscal year 2024, and sales to Customer B represented 11% of total revenue for the first nine months of fiscal year 2024, both of which were attributable to the Compute & Networking segment.",12%,,,,,,,,,,,,,filing,10-Q Q4 2023 — ITEM 2. MANAGEMENT’S DISCUSSION AND ANALYSIS OF FINANCIAL CONDITION AND RESULTS OF OPERATIONS,
unpaired_actual,NVDA,2023,,,,,,,,revenue,Revenue,,consolidated,,,,Q4 FY2023,"In the first nine months of fiscal year 2023, there were no customers with 10% or more of total revenue.",10%,,,,,,,,,,,,,filing,10-Q Q4 2023 — ITEM 2. MANAGEMENT’S DISCUSSION AND ANALYSIS OF FINANCIAL CONDITION AND RESULTS OF OPERATIONS,
unpaired_actual,NVDA,2023,,,,,,,,gross_margin,Gross margin,,consolidated,,,,Q4 FY2023,"Gross Margin Our overall gross margin increased to 74.0% and 70.9% for the third quarter and first nine months of fiscal year 2024, respectively, from 53.6% and 55.1% for the third quarter and first nine months of fiscal year 2023, 30 respectively.",74.0%,,,,,,,,,,,,,filing,10-Q Q4 2023 — ITEM 2. MANAGEMENT’S DISCUSSION AND ANALYSIS OF FINANCIAL CONDITION AND RESULTS OF OPERATIONS,
unpaired_actual,NVDA,2023,,,,,,,,revenue_growth,Revenue growth,,segment:data_center,,,,Q4 FY2023,"The year over year increase in the third quarter and first nine months of fiscal year 2024 was primarily due to improved product mix from Data Center revenue growth of 279% and 156%, respectively, and lower net inventory provisions and related charges.",279%,,,,,,,,,,,,,filing,10-Q Q4 2023 — ITEM 2. MANAGEMENT’S DISCUSSION AND ANALYSIS OF FINANCIAL CONDITION AND RESULTS OF OPERATIONS,
unpaired_actual,NVDA,2023,,,,,,,,gross_margin,Gross margin,,consolidated,,,,Q4 FY2023,The net effect on our gross margin was an unfavorable impact of 2.4% and 2.6% in the third quarter and first nine months of fiscal year 2024.,2.4%,,,,,,,,,,,,,filing,10-Q Q4 2023 — ITEM 2. MANAGEMENT’S DISCUSSION AND ANALYSIS OF FINANCIAL CONDITION AND RESULTS OF OPERATIONS,
unpaired_actual,NVDA,2023,,,,,,,,gross_margin,Gross margin,,consolidated,,,,Q4 FY2023,"The net effect on our gross margin was an unfavorable impact of 11.5% and 9.3% in the third quarter and first nine months of fiscal year 2023, respectively.",11.5%,,,,,,,,,,,,,filing,10-Q Q4 2023 — ITEM 2. MANAGEMENT’S DISCUSSION AND ANALYSIS OF FINANCIAL CONDITION AND RESULTS OF OPERATIONS,
unpaired_actual,NVDA,2023,,,,,,,,revenue_growth,Revenue growth,,consolidated,,,,Q4 FY2023,"31 Operating Income by Reportable Segments Three Months Ended Nine Months Ended October 29, 2023 October 30, 2022 $ Change % Change October 29, 2023 October 30, 2022 $ Change % Change ($ in millions) Compute & Networking $ 10,262 $ 1,086 $ 9,176 845 % $ 19,149 $ 3,509 $ 15,640 446 % Graphics 1,493 606 887 146 % 3,751 3,739 12 — % All Other (1,338) (1,091) (247) 23 % (3,542) (4,280) 738 (17) % Total $ 10,417 $ 601 $ 9,816 1,633 % $ 19,358 $ 2,968 $ 16,390 552 % Compute & Networking – Segment operating income increased during the third quarter and first nine months of fiscal year 2024 compared to the third quarter and first nine months of fiscal year 2023 primarily due to growth in revenue.",31,,,,,,,,,,,,,filing,10-Q Q4 2023 — ITEM 2. MANAGEMENT’S DISCUSSION AND ANALYSIS OF FINANCIAL CONDITION AND RESULTS OF OPERATIONS,
unpaired_actual,NVDA,2023,,,,,,,,revenue_growth,Revenue growth,,consolidated,,,,Q4 FY2023,Graphics - Segment operating income increased during the third quarter of fiscal year 2024 compared to the third quarter of fiscal year 2023 due to growth in revenue.,,,,,,,,,,,,,,filing,10-Q Q4 2023 — ITEM 2. MANAGEMENT’S DISCUSSION AND ANALYSIS OF FINANCIAL CONDITION AND RESULTS OF OPERATIONS,
unpaired_actual,NVDA,2023,,,,,,,,operating_income,Operating income,,consolidated,,,,Q4 FY2023,"Segment operating income was flat during the first nine months of fiscal year 2024 compared to the first nine months of fiscal year 2023 due to a decline in revenue of $216 million, offset by lower provisions for inventory and excess inventory purchase obligations of $337 million in fiscal year 2024.",$216 million,,,,,,,,,,,,,filing,10-Q Q4 2023 — ITEM 2. MANAGEMENT’S DISCUSSION AND ANALYSIS OF FINANCIAL CONDITION AND RESULTS OF OPERATIONS,
unpaired_actual,NVDA,2023,,,,,,,,revenue_growth,Revenue growth,,consolidated,,,,Q4 FY2023,"Cash provided by operating activities increased in the first nine months of fiscal year 2024 compared to the first nine months of fiscal year 2023, due to growth in revenue, partially offset by higher accounts receivable balance and taxes paid.",,,,,,,,,,,,,,filing,10-Q Q4 2023 — ITEM 2. MANAGEMENT’S DISCUSSION AND ANALYSIS OF FINANCIAL CONDITION AND RESULTS OF OPERATIONS,
unpaired_actual,NVDA,2023,,,,,,,,revenue,Revenue,,consolidated,,,,Q4 FY2023,These licensing requirements did not have a meaningful impact on our revenue in the third quarter of fiscal year 2024 as they were announced near the end of the fiscal quarter and we had additional demand from customers outside of the named country groups.,,,,,,,,,,,,,,filing,10-Q Q4 2023 — ITEM 2. MANAGEMENT’S DISCUSSION AND ANALYSIS OF FINANCIAL CONDITION AND RESULTS OF OPERATIONS,
unpaired_actual,NVDA,2023,,,,,,,,gross_margin,Gross margin,,consolidated,,,,Q4 FY2023,"Third Quarter of Fiscal Year 2024 Summary Three Months Ended October 29, 2023 July 30, 2023 October 30, 2022 Quarter-over-Quarter Change Year-over-Year Change ($ in millions, except per share data) Revenue $ 18,120 $ 13,507 $ 5,931 34 % 206 % Gross margin 74.0 % 70.1 % 53.6 % 3.9 pts 20.4 pts Operating expenses $ 2,983 $ 2,662 $ 2,576 12 % 16 % Operating income $ 10,417 $ 6,800 $ 601 53 % 1,633 % Net income $ 9,243 $ 6,188 $ 680 49 % 1,259 % Net income per diluted share $ 3.71 $ 2.48 $ 0.27 50 % 1,274 % We specialize in markets where our computing platforms can provide tremendous acceleration for applications.","$ 18,120",,,,,,,,,,,,,filing,10-Q Q4 2023 — ITEM 2. MANAGEMENT’S DISCUSSION AND ANALYSIS OF FINANCIAL CONDITION AND RESULTS OF OPERATIONS,
unpaired_actual,NVDA,2023,,,,,,,,revenue,Revenue,,consolidated,,,,Q4 FY2023,"Revenue for the third quarter of fiscal year 2024 was $18.12 billion, up 206% from a year ago and up 34% sequentially.",$18.12 billion,,,,,,,,,,,,,filing,10-Q Q4 2023 — ITEM 2. MANAGEMENT’S DISCUSSION AND ANALYSIS OF FINANCIAL CONDITION AND RESULTS OF OPERATIONS,
unpaired_actual,NVDA,2023,,,,,,,,product_milestone,Product / strategic milestone,,segment:data_center,,,,Q4 FY2023,"Data Center compute grew 324% from a year ago and 38% sequentially, largely reflecting the strong ramp of our Hopper GPU architecture-based HGX platform from cloud service providers, or CSPs, including GPU-specialized CSPs; consumer internet companies; and enterprises.",324%,,,,,,,,,,,,,filing,10-Q Q4 2023 — ITEM 2. MANAGEMENT’S DISCUSSION AND ANALYSIS OF FINANCIAL CONDITION AND RESULTS OF OPERATIONS,
unpaired_actual,NVDA,2023,,,,,,,,operating_expenses,Operating expenses,,consolidated,,,,Q4 FY2023,"Operating expenses were up 16% from a year ago and up 12% sequentially, driven by compensation and benefits, including stock-based compensation, primarily reflecting growth in employees and compensation increases.",16%,,,,,,,,,,,,,filing,10-Q Q4 2023 — ITEM 2. MANAGEMENT’S DISCUSSION AND ANALYSIS OF FINANCIAL CONDITION AND RESULTS OF OPERATIONS,
unpaired_actual,NVDA,2023,,,,,,,,revenue,Revenue,,segment:data_center,,,,Q4 FY2023,"Market Platform Highlights Data Center revenue for the third quarter of fiscal year 2024 was $14.51 billion, up 279% from a year ago and up 41% from the previous quarter.",$14.51 billion,,,,,,,,,,,,,filing,10-Q Q4 2023 — ITEM 2. MANAGEMENT’S DISCUSSION AND ANALYSIS OF FINANCIAL CONDITION AND RESULTS OF OPERATIONS,
unpaired_actual,NVDA,2023,,,,,,,,revenue,Revenue,,consolidated,,,,Q4 FY2023,"Gaming revenue for the third quarter of fiscal year 2024 was $2.86 billion, up 81% from a year ago and up 15% from the previous quarter.",$2.86 billion,,,,,,,,,,,,,filing,10-Q Q4 2023 — ITEM 2. MANAGEMENT’S DISCUSSION AND ANALYSIS OF FINANCIAL CONDITION AND RESULTS OF OPERATIONS,
unpaired_actual,NVDA,2023,,,,,,,,revenue,Revenue,,consolidated,,,,Q4 FY2023,"28 Professional Visualization revenue for the third quarter of fiscal year 2024 was $416 million, up 108% from a year ago and up 10% from the previous quarter.",28,,,,,,,,,,,,,filing,10-Q Q4 2023 — ITEM 2. MANAGEMENT’S DISCUSSION AND ANALYSIS OF FINANCIAL CONDITION AND RESULTS OF OPERATIONS,
unpaired_actual,NVDA,2023,,,,,,,,revenue,Revenue,,segment:automotive,,,,Q4 FY2023,"Automotive revenue for the third quarter of fiscal year 2024 was $261 million, up 4% from a year ago and up 3% from the previous quarter.",$261 million,,,,,,,,,,,,,filing,10-Q Q4 2023 — ITEM 2. MANAGEMENT’S DISCUSSION AND ANALYSIS OF FINANCIAL CONDITION AND RESULTS OF OPERATIONS,
unpaired_actual,NVDA,2023,,,,,,,,revenue,Revenue,,consolidated,,,,FY2023,"As of the end of fiscal year 2023, we had 26,196 employees in 35 countries, 19,532 were engaged in research and development and 6,664 were engaged in sales, marketing, operations, and administrative positions.","26,196",,,,,,,,,,,,,filing,10-K FY2023 — ITEM 1. BUSINESS,
unpaired_actual,NVDA,2023,,,,,,,,stores,Stores / locations,,consolidated,,,,FY2023,The COVID-19 pandemic created expanded hiring opportunities in new geographies and provided increased 12 Table of Contents flexibility for employees to work from locations of their choice.,12,,,,,,,,,,,,,filing,10-K FY2023 — ITEM 1. BUSINESS,
unpaired_actual,NVDA,2023,,,,,,,,headcount,Headcount,,consolidated,,,,FY2023,"As of the end of fiscal year 2023, our global workforce was 80% male, 19% female, and 1% not declared, with 6% of our workforce in the United States composed of Black or African American and Hispanic or Latino employees.",80%,,,,,,,,,,,,,filing,10-K FY2023 — ITEM 1. BUSINESS,
unpaired_actual,NVDA,2023,,,,,,,,capacity,Capacity,,consolidated,,,,FY2023,"As of January 29, 2023, we had a valuation allowance of $ 1.48 billion related to capital loss carryforwards, state, and certain other deferred tax assets that management determined are not likely to be realized due to jurisdictional projections of future taxable income, including capital gains, tax attributes usage limitation by certain jurisdictions, and potential utilization limitations of tax attributes acquired as a result of stock ownership changes.",$ 1.48 billion,,,,,,,,,,,,,filing,10-K FY2023 — ITEM 15. EXHIBIT AND FINANCIAL STATEMENT SCHEDULES,
unpaired_actual,NVDA,2023,,,,,,,,revenue,Revenue,,segment:data_center,,,,FY2023,Revenue attributable to Mellanox was approximately 10 % for fiscal year 2021.,approximately 10 %,,,,,,,,,,,,,filing,10-K FY2023 — ITEM 15. EXHIBIT AND FINANCIAL STATEMENT SCHEDULES,
unpaired_actual,NVDA,2023,,,,,,,,capacity,Capacity,,segment:data_center,,,,FY2023,"The estimated product returns and estimated product warranty activity consisted of the following: Year Ended January 29, January 30, January 31, 2023 2022 2021 (In millions) Balance at beginning of period $ 46 $ 22 $ 15 Additions 145 40 28 Utilization ( 109 ) ( 16 ) ( 21 ) Balance at end of period $ 82 $ 46 $ 22 In the second quarter of fiscal year 2023, we recorded $ 122 million in product warranty liabilities primarily related to a defect identified in a third-party component embedded in certain Data Center products.","29,",,,,,,,,,,,,,filing,10-K FY2023 — ITEM 15. EXHIBIT AND FINANCIAL STATEMENT SCHEDULES,
unpaired_actual,NVDA,2023,,,,,,,,gross_margin,Gross margin,,consolidated,,,,FY2023,"Economic and industry uncertainty or changes, including recession or slowing growth, inflation, changes or uncertainty in fiscal, monetary, or trade policy, disruptions to capital markets, currency fluctuations, higher interest rates, tighter credit, lower capital expenditures by businesses, including on IT infrastructure, increases in unemployment, labor shortages, and lower consumer confidence and spending, have in the past and/or could in the future have adverse, wide-ranging effects on our business and financial results, including: • increased costs for wafers, components, logistics, and other supply chain expenses, which have negatively impacted our gross margin and may continue to do so; • increased supply, employee, facilities and infrastructure costs and volatility in the financial markets, which have reduced and may in the future reduce our margins; • decrease in demand for our products, services and technologies and those of our customers, partners or licensees; • the inability of our suppliers to deliver on their supply commitments to us and our customers’ or our licensees’ inability to supply products to customers and/or end users; • limits on our ability to forecast operating results and make business decisions; • the insolvency of key suppliers, distributors, customers or licensing parties; reduced profitability may also cause some customers to scale back operations, exit businesses, or file for bankruptcy protection and potentially cease operations; lead to mergers, consolidations or strategic alliances among other companies, which could adversely affect our ability to compete effectively; and • increased credit and collectability risks, higher borrowing costs or reduced availability of capital markets, reduced liquidity, adverse impacts on our suppliers, failures of counterparties including financial institutions and insurers, asset impairments, and declines in the value of our financial instruments.",,,,,,,,,,,,,,filing,10-K FY2023 — ITEM 1A. RISK FACTORS,
unpaired_actual,NVDA,2023,,,,,,,,revenue,Revenue,,consolidated,,,,FY2023,"Our semiconductor wafers are manufactured, assembled, tested and packaged by third parties located outside of the United States, and we generated 69% of our revenue during fiscal year 2023 from sales outside of the United States.",69%,,,,,,,,,,,,,filing,10-K FY2023 — ITEM 1A. RISK FACTORS,
unpaired_actual,NVDA,2023,,,,,,,,subscribers,Subscribers / customers,,consolidated,,,,FY2023,"We may face decreased demand for computationally powerful but energy intensive products, such as our GPUs, despite their energy efficient design and operation, and/or increased consumer or customer expectations around the energy efficiency of our products, could negatively impact our business.",,,,,,,,,,,,,,filing,10-K FY2023 — ITEM 1A. RISK FACTORS,
unpaired_actual,NVDA,2023,,,,,,,,subscribers,Subscribers / customers,,consolidated,,,,FY2023,"Additional risks related to acquisitions or strategic investments include, but are not limited to: • difficulty in integrating the technology, systems, products, policies, processes, or operations and integrating and retaining the employees, including key personnel, of the acquired business; • diversion of capital and other resources, including management’s attention; • assumption of liabilities and incurring amortization expenses, impairment charges to goodwill or write-downs of acquired assets; • integrating accounting, forecasting and controls, procedures and reporting cycles; • coordinating and integrating operations, particularly in countries in which we do not currently operate; • difficulty in realizing a satisfactory return and uncertainties to realize the benefits of an acquisition or strategic investment, if at all; • difficulty or inability in obtaining governmental, regulatory approval or restrictions or other consents and approvals or financing; • stock price impact, fines, fees or reputation harm if we are unable to obtain regulatory approval for an acquisition or are otherwise unable to close an acquisition; • legal proceedings initiated as a result of an acquisition or investment; • potential issuances of debt to finance our acquisitions, resulting in increased debt, increased interest expense, and compliance with debt covenants or other restrictions; • the potential for our acquisitions to result in dilutive issuances of our equity securities; • the potential variability of the amount and form of any performance-based consideration; 25 Table of Contents • negative changes in general economic conditions in the regions or the industries in which we or our target operate; • exposure to additional cybersecurity risks and vulnerabilities; • potential failure of our due diligence processes to identify significant issues with the assets or company in which we are investing or are acquiring; and • impairment of relationships with, or loss of our or our target’s employees, vendors and customers.",25,,,,,,,,,,,,,filing,10-K FY2023 — ITEM 1A. RISK FACTORS,
unpaired_actual,NVDA,2023,,,,,,,,volume_impact,Volume impact,,consolidated,,,,FY2023,"Demand for our products is based on many factors in addition to the lead times described above that have caused and/or could in the future cause us to either underestimate or overestimate our customers’ future demand for our products, or otherwise cause a mismatch between supply and demand for our products and impact the timing and volume of our revenue, including: • competing technologies and competitor product releases and announcements; • changes in business and economic conditions resulting in decreased end demand; • sudden or sustained government lockdowns or actions to control case spread of COVID-19 or other global or local health issues; • rapidly changing technology or customer requirements; • time to market; 18 Table of Contents • new product introductions and transitions resulting in less demand for existing products; • new or unexpected end use cases; • increase in demand for competitive products, including competitive actions; • business decisions made by third parties; • the demand for accelerated or AI-related cloud services, including our own software and AI cloud service offerings; • the demand for cryptocurrency mining; or • government actions or changes in governmental policies, such as increased restrictions on gaming usage.",18,,,,,,,,,,,,,filing,10-K FY2023 — ITEM 1A. RISK FACTORS,
unpaired_actual,NVDA,2023,,,,,,,,revenue,Revenue,,consolidated,,,,FY2023,The risk of these impacts has increased as our purchase obligations and prepaids have grown and become a greater portion of our total supply while our 19 Table of Contents revenue has sequentially declined.,19,,,,,,,,,,,,,filing,10-K FY2023 — ITEM 1A. RISK FACTORS,
unpaired_actual,NVDA,2023,,,,,,,,revenue,Revenue,,consolidated,,,,FY2023,"Changes to cryptocurrency standards and processes including, but not limited to, the recently implemented Ethereum 2.0 merge may decrease the usage of GPUs for Ethereum mining as well as create increased aftermarket sales of our GPUs, which could negatively impact retail prices for our GPUs and reduce demand for our new GPUs.",2.0,,,,,,,,,,,,,filing,10-K FY2023 — ITEM 1A. RISK FACTORS,
unpaired_actual,NVDA,2023,,,,,,,,share_repurchases,Share repurchases,,consolidated,,,,FY2023,"Issuer Purchases of Equity Securities On May 23, 2022, our Board of Directors increased and extended our share repurchase program to repurchase additional common stock up to a total of $15 billion through December 2023.",$15 billion,,,,,,,,,,,,,filing,"10-K FY2023 — ITEM 5. MARKET FOR REGISTRANT’S COMMON EQUITY, RELATED STOCKHOLDER MATTERS AND ISSUER PURCHASES OF EQUITY SECURITIES",
unpaired_actual,NVDA,2023,,,,,,,,gross_profit,Gross profit,,segment:data_center,,,,FY2023,"Year Ended January 29, 2023 January 30, 2022 Revenue 100.0 % 100.0 % Cost of revenue 43.1 35.1 Gross profit 56.9 64.9 Operating expenses Research and development 27.2 19.6 Sales, general and administrative 9.1 8.0 Acquisition termination cost 5.0 — Total operating expenses 41.3 27.6 Income from operations 15.6 37.3 Interest income 1.0 0.1 Interest expense (1.0) (0.9) Other, net (0.1) 0.4 Other income (expense), net (0.1) (0.4) Income before income tax 15.5 36.9 Income tax expense (benefit) (0.7) 0.7 Net income 16.2 % 36.2 % 41 Table of Contents Revenue Revenue by Reportable Segments Year Ended January 29, 2023 January 30, 2022 $ Change % Change ($ in millions) Compute & Networking $ 15,068 $ 11,046 $ 4,022 36 % Graphics 11,906 15,868 (3,962) (25) % Total $ 26,974 $ 26,914 $ 60 — % Compute & Networking - The year-on-year increase was led by growth from hyperscale customers and also reflects purchases made by several CSP partners to support multi-year cloud service agreements for our new NVIDIA AI cloud service offerings and our research and development activities.",100.0 %,,,,,,,,,,,,,filing,10-K FY2023 — ITEM 7. MANAGEMENT’S DISCUSSION AND ANALYSIS OF FINANCIAL CONDITION AND RESULTS OF OPERATIONS,
unpaired_actual,NVDA,2023,,,,,,,,gross_margin,Gross margin,,consolidated,,,,FY2023,"Compute & Networking - The gross margin of our Compute & Networking segment decreased during fiscal year 2023 when compared to fiscal year 2022, primarily due to inventory provisions.",,,,,,,,,,,,,,filing,10-K FY2023 — ITEM 7. MANAGEMENT’S DISCUSSION AND ANALYSIS OF FINANCIAL CONDITION AND RESULTS OF OPERATIONS,
unpaired_actual,NVDA,2023,,,,,,,,gross_margin,Gross margin,,consolidated,,,,FY2023,"Graphics - The gross margin of our Graphics segment decreased during fiscal year 2023 when compared to fiscal year 2022, primarily due to inventory and related provisions and lower margins of GeForce GPUs.",,,,,,,,,,,,,,filing,10-K FY2023 — ITEM 7. MANAGEMENT’S DISCUSSION AND ANALYSIS OF FINANCIAL CONDITION AND RESULTS OF OPERATIONS,
unpaired_actual,NVDA,2023,,,,,,,,revenue_growth,Revenue growth,,segment:data_center,,,,FY2023,"42 Table of Contents Operating Expenses Year Ended January 29, 2023 January 30, 2022 $ Change % Change ($ in millions) Research and development expenses $ 7,339 $ 5,268 $ 2,071 39 % % of revenue 27.2 % 19.6 % Sales, general and administrative expenses 2,440 2,166 274 13 % % of revenue 9.1 % 8.0 % Acquisition termination cost 1,353 — 1,353 100 % % of revenue 5.0 % — % Total operating expenses $ 11,132 $ 7,434 $ 3,698 50 % % of revenue 41.3 % 27.6 % The increase in research and development expense for fiscal year 2023 was primarily driven by increased compensation, employee growth, engineering development costs, and data center infrastructure.",42,,,,,,,,,,,,,filing,10-K FY2023 — ITEM 7. MANAGEMENT’S DISCUSSION AND ANALYSIS OF FINANCIAL CONDITION AND RESULTS OF OPERATIONS,
unpaired_actual,NVDA,2023,,,,,,,,headcount,Headcount,,consolidated,,,,FY2023,"The increase in sales, general and administrative expense for fiscal year 2023 was primarily driven by increased compensation and employee growth.",,,,,,,,,,,,,,filing,10-K FY2023 — ITEM 7. MANAGEMENT’S DISCUSSION AND ANALYSIS OF FINANCIAL CONDITION AND RESULTS OF OPERATIONS,
unpaired_actual,NVDA,2023,,,,,,,,profitability_timing,Profitability timing,,consolidated,,,,FY2023,"The decrease in our effective tax rate in fiscal year 2023 as compared to fiscal year 2022 was primarily due to increased tax benefits of the FDII deduction, stock-based compensation, and the U.S. federal research tax credit, relative to lower profitability.",,,,,,,,,,,,,,filing,10-K FY2023 — ITEM 7. MANAGEMENT’S DISCUSSION AND ANALYSIS OF FINANCIAL CONDITION AND RESULTS OF OPERATIONS,
unpaired_actual,NVDA,2023,,,,,,,,revenue,Revenue,,consolidated,,,,FY2023,"Cash provided by investing activities increased in fiscal year 2023 compared to fiscal year 2022, primarily driven by lower purchases and higher sales and maturities of marketable securities, offset by higher capital expenditures.",,,,,,,,,,,,,,filing,10-K FY2023 — ITEM 7. MANAGEMENT’S DISCUSSION AND ANALYSIS OF FINANCIAL CONDITION AND RESULTS OF OPERATIONS,
unpaired_actual,NVDA,2023,,,,,,,,revenue,Revenue,,consolidated,,,,FY2023,Direct sales to Russia in fiscal year 2022 were immaterial.,,,,,,,,,,,,,,filing,10-K FY2023 — ITEM 7. MANAGEMENT’S DISCUSSION AND ANALYSIS OF FINANCIAL CONDITION AND RESULTS OF OPERATIONS,
unpaired_actual,NVDA,2023,,,,,,,,gross_margin,Gross margin,,consolidated,,,,FY2023,"Fiscal Year 2023 Summary Year Ended January 29, 2023 January 30, 2022 Change ($ in millions, except per share data) Revenue $ 26,974 $ 26,914 — % Gross margin 56.9 % 64.9 % Down 8.0 pts Operating expenses $ 11,132 $ 7,434 Up 50% Income from operations $ 4,224 $ 10,041 Down 58% Net income $ 4,368 $ 9,752 Down 55% Net income per diluted share $ 1.74 $ 3.85 Down 55% We specialize in markets where our computing platforms can provide tremendous acceleration for applications.","$ 26,974",,,,,,,,,,,,,filing,10-K FY2023 — ITEM 7. MANAGEMENT’S DISCUSSION AND ANALYSIS OF FINANCIAL CONDITION AND RESULTS OF OPERATIONS,
unpaired_actual,NVDA,2023,,,,,,,,revenue,Revenue,,consolidated,,,,FY2023,"Revenue for fiscal year 2023 revenue was $26.97 billion, flat compared with a year ago.",$26.97 billion,,,,,,,,,,,,,filing,10-K FY2023 — ITEM 7. MANAGEMENT’S DISCUSSION AND ANALYSIS OF FINANCIAL CONDITION AND RESULTS OF OPERATIONS,
unpaired_actual,NVDA,2023,,,,,,,,revenue,Revenue,,consolidated,,,,FY2023,CMP revenue was nominal in fiscal year 2023 and $550 million in fiscal year 2022.,$550 million,,,,,,,,,,,,,filing,10-K FY2023 — ITEM 7. MANAGEMENT’S DISCUSSION AND ANALYSIS OF FINANCIAL CONDITION AND RESULTS OF OPERATIONS,
unpaired_actual,NVDA,2023,,,,,,,,gross_margin,Gross margin,,segment:data_center,,,,FY2023,"Gross margin for fiscal year 2023 declined from a year ago, driven by $2.17 billion of inventory charges largely relating to excess supply of NVIDIA Ampere architecture Gaming and Data Center products as compared to the demand expectations for these products, particularly for the expected demand in China.",$2.17 billion,,,,,,,,,,,,,filing,10-K FY2023 — ITEM 7. MANAGEMENT’S DISCUSSION AND ANALYSIS OF FINANCIAL CONDITION AND RESULTS OF OPERATIONS,
unpaired_actual,NVDA,2023,,,,,,,,revenue_growth,Revenue growth,,segment:data_center,,,,FY2023,"Market Platform Highlights Data Center revenue for fiscal year 2023 was $15.01 billion, up 41% from fiscal year 2022.",$15.01 billion,,,,,,,,,,,,,filing,10-K FY2023 — ITEM 7. MANAGEMENT’S DISCUSSION AND ANALYSIS OF FINANCIAL CONDITION AND RESULTS OF OPERATIONS,
unpaired_actual,NVDA,2023,,,,,,,,revenue,Revenue,,consolidated,,,,FY2023,"Gaming revenue for fiscal year 2023 was $9.07 billion, down 27% from fiscal year 2022.",$9.07 billion,,,,,,,,,,,,,filing,10-K FY2023 — ITEM 7. MANAGEMENT’S DISCUSSION AND ANALYSIS OF FINANCIAL CONDITION AND RESULTS OF OPERATIONS,
unpaired_actual,NVDA,2023,,,,,,,,revenue,Revenue,,consolidated,,,,FY2023,"Professional Visualization revenue for fiscal year 2023 was $1.54 billion, down 27% from fiscal year 2022.",$1.54 billion,,,,,,,,,,,,,filing,10-K FY2023 — ITEM 7. MANAGEMENT’S DISCUSSION AND ANALYSIS OF FINANCIAL CONDITION AND RESULTS OF OPERATIONS,
unpaired_actual,NVDA,2023,,,,,,,,revenue,Revenue,,segment:automotive,,,,FY2023,38 Table of Contents Automotive revenue for fiscal year 2023 grew 60% compared to fiscal year 2022 to $903 million.,38,,,,,,,,,,,,,filing,10-K FY2023 — ITEM 7. MANAGEMENT’S DISCUSSION AND ANALYSIS OF FINANCIAL CONDITION AND RESULTS OF OPERATIONS,
unpaired_actual,NVDA,2023,,,,,,,,gross_margin,Gross margin,,consolidated,,,,FY2023,The overall net effect on our gross margin from inventory provisions and sales of items previously written down was an unfavorable impact of 7.5% in fiscal year 2023 and 0.9% in fiscal year 2022.,7.5%,,,,,,,,,,,,,filing,10-K FY2023 — ITEM 7. MANAGEMENT’S DISCUSSION AND ANALYSIS OF FINANCIAL CONDITION AND RESULTS OF OPERATIONS,
unpaired_actual,NVDA,2023,,,,,,,,revenue_growth,Revenue growth,,consolidated,,,,Q1 FY2024,Strong sequential growth was driven by sales of the 40 Series GeForce RTX GPUs for both notebooks and,40,,,,,,,,,,,,,transcript,NVDA_Q1_2024,
unpaired_actual,NVDA,2023,,,,,,,,production,Production,,segment:automotive,,,,Q1 FY2024,series of vehicles set to start production in calendar 2024.,2024.,,,,,,,,,,,,,transcript,NVDA_Q1_2024,
unpaired_actual,NVDA,2023,,,,,,,,operating_expenses,Operating expenses,,consolidated,,,,Q1 FY2024,"Sequentially, GAAP operating expenses were down 3%, and non-GAAP operating expenses were",3%,,,,,,,,,,,,,transcript,NVDA_Q1_2024,
unpaired_actual,NVDA,2023,,,,,,,,share_repurchases,Share repurchases,,consolidated,,,,Q1 FY2024,"At the end of Q1, we have approximately 7 billion remaining under our share repurchase authorization",approximately 7 billion,,,,,,,,,,,,,transcript,NVDA_Q1_2024,
unpaired_actual,NVDA,2023,,,,,,,,production,Production,,consolidated,,,,Q1 FY2024,"The -- remember, we were in full production of both",,,,,,,,,,,,,,transcript,NVDA_Q1_2024,
unpaired_actual,NVDA,2023,,,,,,,,production,Production,,consolidated,,,,Q1 FY2024,"And so, we were already in full production.",,,,,,,,,,,,,,transcript,NVDA_Q1_2024,
unpaired_actual,NVDA,2023,,,,,,,,product_milestone,Product / strategic milestone,,consolidated,,,,Q1 FY2024,"disclosure in today's earnings release, our most recent Forms 10-K and 10-Q and the reports that we may file on",10,,,,,,,,,,,,,transcript,NVDA_Q1_2024,
unpaired_actual,NVDA,2023,,,,,,,,revenue_growth,Revenue growth,,segment:data_center,,,,Q1 FY2024,sequential growth was driven by record data center revenue with our gaming and professional visualization,,,,,,,,,,,,,,transcript,NVDA_Q1_2024,
unpaired_actual,NVDA,2023,,,,,,,,product_milestone,Product / strategic milestone,,consolidated,,,,Q1 FY2024,"announced the availability of H100 on their platforms, including private previews at Microsoft Azure, Google",,,,,,,,,,,,,,transcript,NVDA_Q1_2024,
unpaired_actual,NVDA,2023,,,,,,,,production,Production,,consolidated,,,,Q1 FY2024,"For example, Meta has now deployed its H100-powered brand Teton AI supercomputer for its AI production and",,,,,,,,,,,,,,transcript,NVDA_Q1_2024,
unpaired_actual,NVDA,2023,,,,,,,,production,Production,,consolidated,,,,Q1 FY2024,"includes the NIC and the SmartNIC, BlueField-3 that we're in full production with and the switches.",,,,,,,,,,,,,,transcript,NVDA_Q1_2024,
unpaired_actual,NVDA,2023,,,,,,,,subscribers,Subscribers / customers,,consolidated,,,,Q2 FY2024,"Growth was fueled by GeForce RTX 40 series GPUs for laptops and desktops, and customer demand was solid",40,,,,,,,,,,,,,transcript,NVDA_Q2_2024,
unpaired_actual,NVDA,2023,,,,,,,,product_milestone,Product / strategic milestone,,consolidated,,,,Q2 FY2024,"disclosure in today's earnings release, our most recent Forms 10-K and 10-Q, and the reports that we may file on",10,,,,,,,,,,,,,transcript,NVDA_Q2_2024,
unpaired_actual,NVDA,2023,,,,,,,,revenue,Revenue,,consolidated,,,,Q2 FY2024,"But again, the largest driver of our revenue within this last quarter was definitely the HGX system.",,,,,,,,,,,,,,transcript,NVDA_Q2_2024,
unpaired_actual,NVDA,2023,,,,,,,,revenue,Revenue,,segment:data_center,,,,Q2 FY2024,"Colette, I think, last quarter, you had said CSPs were about 40% of your data center revenue; consumer",about 40%,,,,,,,,,,,,,transcript,NVDA_Q2_2024,
unpaired_actual,NVDA,2023,,,,,,,,revenue_growth,Revenue growth,,consolidated,,,,Q2 FY2024,"Revenue by geographic areas was as follows: Three Months Ended Apr 28, 2024 Apr 30, 2023 (In millions) Revenue: United States $ 13,496 $ 2,385 Taiwan 4,373 1,796 Singapore 4,037 762 China (including Hong Kong) 2,491 1,590 Other countries 1,647 659 Total revenue $ 26,044 $ 7,192 The increase in revenue to the United States for the first quarter of fiscal year 2025 was primarily due to higher U.S.-based Compute & Networking segment demand.","$ 13,496",,,,,,,,,,,,,filing,10-Q Q2 2024 — Item 1. Financial Statements (Unaudited) — Note 14 - Segment Information,
unpaired_actual,NVDA,2023,,,,,,,,revenue,Revenue,,consolidated,,,,Q2 FY2024,"Sales to one direct customer, Customer A, represented 13 % of total revenue and sales to a second direct customer, Customer B, represented 11 % of total revenue for the first quarter of fiscal year 2025, both of which were attributable to the Compute & Networking segment.",13 %,,,,,,,,,,,,,filing,10-Q Q2 2024 — Item 1. Financial Statements (Unaudited) — Note 14 - Segment Information,
unpaired_actual,NVDA,2023,,,,,,,,dividend,Dividend,,consolidated,,,,Q2 FY2024,"The increased dividend is equivalent to $ 0.01 per share on a post-Stock Split basis and will be paid on June 28, 2024, to all shareholders of record on June 11, 2024.",$ 0.01,,,,,,,,,,,,,filing,10-Q Q2 2024 — Item 1. Financial Statements (Unaudited) — Note 15 - Subsequent Events,
unpaired_actual,NVDA,2023,,,,,,,,deliveries,Deliveries,,segment:aws,,,,Q2 FY2024,"Revisions to laws or regulations or their interpretation and enforcement could also result in increased taxation, trade sanctions, the imposition of or increase to import duties or tariffs, restrictions and controls on imports or exports, or other retaliatory actions, which could have an adverse effect on our business plans or impact the timing of our shipments.",,,,,,,,,,,,,,filing,10-Q Q2 2024 — Item 1A. Risk Factors,
unpaired_actual,NVDA,2023,,,,,,,,capacity,Capacity,,consolidated,,,,Q2 FY2024,"We have paid premiums and provided deposits to secure future supply and capacity, which have increased our product costs and may continue to do so.",,,,,,,,,,,,,,filing,10-Q Q2 2024 — Item 1A. Risk Factors,
unpaired_actual,NVDA,2023,,,,,,,,revenue,Revenue,,segment:data_center,,,,Q2 FY2024,"Additionally, restrictions imposed by the Chinese government on the duration of gaming activities and access to games may adversely affect our Gaming revenue, and increased oversight of digital platform companies may adversely affect our Data Center revenue.",,,,,,,,,,,,,,filing,10-Q Q2 2024 — Item 1A. Risk Factors,
unpaired_actual,NVDA,2023,,,,,,,,volume_impact,Volume impact,,segment:data_center,,,,Q2 FY2024,"Many additional factors have caused and/or could in the future cause us to either underestimate or overestimate our customers’ future demand for our products, or otherwise cause a mismatch between supply and demand for our products and impact the timing and volume of our revenue, including: • changes in product development cycles and time to market; • competing technologies and competitor product releases, announcements or other actions; • changes in business and economic conditions; • sudden or sustained government lockdowns or public health issues; • rapidly changing technology or customer requirements; • the availability of sufficient data center capacity and energy for customers to procure; • new product introductions and transitions resulting in less demand for existing products; • new or unexpected end-use cases; • increase in demand for competitive products ; • business decisions made by third parties; • the demand for accelerated computing or AI-related cloud services; • changes that impact the ecosystem for the architectures underlying our products and technologies; • the demand for our products; or • government actions or changes in governmental policies, such as export controls or increased restrictions on gaming usage.",,,,,,,,,,,,,,filing,10-Q Q2 2024 — Item 1A. Risk Factors,
unpaired_actual,NVDA,2023,,,,,,,,capacity,Capacity,,consolidated,,,,Q2 FY2024,We have previously increased our supply and capacity purchases with existing suppliers with planned receipts later this year.,,,,,,,,,,,,,,filing,10-Q Q2 2024 — Item 1A. Risk Factors,
unpaired_actual,NVDA,2023,,,,,,,,revenue,Revenue,,consolidated,,,,Q2 FY2024,"This has created and may in the future create increased aftermarket sales of our GPUs, which could negatively impact retail prices for our GPUs and reduce demand for our new GPUs.",,,,,,,,,,,,,,filing,10-Q Q2 2024 — Item 1A. Risk Factors,
unpaired_actual,NVDA,2023,,,,,,,,revenue,Revenue,,consolidated,,,,Q2 FY2024,"Our semiconductor wafers are manufactured, assembled, tested and packaged by third parties located outside of the United States, and we generated 48% of our revenue during the first quarter in fiscal year 2025 from sales outside the United States.",48%,,,,,,,,,,,,,filing,10-Q Q2 2024 — Item 1A. Risk Factors,
unpaired_actual,NVDA,2023,,,,,,,,revenue,Revenue,,consolidated,,,,Q2 FY2024,"If end demand increases or our finished goods supply availability is concentrated near a quarter end, the system integrators, distributors and channel partners may have limited ability to increase their credit, which could impact the timing and amount of our revenue.",,,,,,,,,,,,,,filing,10-Q Q2 2024 — Item 1A. Risk Factors,
unpaired_actual,NVDA,2023,,,,,,,,revenue_growth,Revenue growth,,segment:data_center,,,,Q2 FY2024,"Three Months Ended Apr 28, 2024 Apr 30, 2023 Revenue 100.0 % 100.0 % Cost of revenue 21.6 35.4 Gross profit 78.4 64.6 Operating expenses Research and development 10.4 26.1 Sales, general and administrative 3.0 8.8 Total operating expenses 13.4 34.9 Operating income 65.0 29.7 Interest income 1.4 2.1 Interest expense (0.2) (0.9) Other, net 0.3 (0.2) Other income (expense), net 1.5 1.0 Income before income tax 66.5 30.7 Income tax expense 9.2 2.3 Net income 57.3 % 28.4 % Revenue Revenue by Reportable Segments Three Months Ended Apr 28, 2024 Apr 30, 2023 $ Change % Change ($ in millions) Compute & Networking $ 22,675 $ 4,460 $ 18,215 408 % Graphics 3,369 2,732 637 23 % Total $ 26,044 $ 7,192 $ 18,852 262 % 26 Operating Income by Reportable Segments Three Months Ended Apr 28, 2024 Apr 30, 2023 $ Change % Change ($ in millions) Compute & Networking $ 17,047 $ 2,160 $ 14,887 689 % Graphics 1,241 1,046 195 19 % All Other (1,379) (1,066) (313) 29 % Total $ 16,909 $ 2,140 $ 14,769 690 % Compute & Networking revenue – The year-on-year increase was due to higher Data Center revenue.",100.0 %,,,,,,,,,,,,,filing,10-Q Q2 2024 — Item 2. Management's Discussion and Analysis of Financial Condition and Results of Operations,
unpaired_actual,NVDA,2023,,,,,,,,revenue_growth,Revenue growth,,consolidated,,,,Q2 FY2024,Graphics revenue – The year-on-year increase of 18% was led by higher demand for Gaming.,18%,,,,,,,,,,,,,filing,10-Q Q2 2024 — Item 2. Management's Discussion and Analysis of Financial Condition and Results of Operations,
unpaired_actual,NVDA,2023,,,,,,,,operating_income,Operating income,,consolidated,,,,Q2 FY2024,Reportable segment operating income – The year-on-year increase in Compute & Networking and Graphics operating income was driven by higher revenue.,,,,,,,,,,,,,,filing,10-Q Q2 2024 — Item 2. Management's Discussion and Analysis of Financial Condition and Results of Operations,
unpaired_actual,NVDA,2023,,,,,,,,revenue,Revenue,,consolidated,,,,Q2 FY2024,"Sales to one direct customer, Customer A, represented 13% of total revenue and sales to a second direct customer, Customer B, represented 11% of total revenue for the first quarter of fiscal year 2025, both of which were attributable to the Compute & Networking segment.",13%,,,,,,,,,,,,,filing,10-Q Q2 2024 — Item 2. Management's Discussion and Analysis of Financial Condition and Results of Operations,
unpaired_actual,NVDA,2023,,,,,,,,revenue,Revenue,,consolidated,,,,Q2 FY2024,There was no direct customer that represented 10% or more of total revenue for the first quarter of fiscal year 2024.,10%,,,,,,,,,,,,,filing,10-Q Q2 2024 — Item 2. Management's Discussion and Analysis of Financial Condition and Results of Operations,
unpaired_actual,NVDA,2023,,,,,,,,gross_margin,Gross margin,,consolidated,,,,Q2 FY2024,Our overall gross margin increased to 78.4% for the first quarter of fiscal year 2025 from 64.6% for the first quarter of fiscal year 2024.,78.4%,,,,,,,,,,,,,filing,10-Q Q2 2024 — Item 2. Management's Discussion and Analysis of Financial Condition and Results of Operations,
unpaired_actual,NVDA,2023,,,,,,,,revenue_growth,Revenue growth,,segment:data_center,,,,Q2 FY2024,The year over year increase was primarily due to strong Data Center revenue growth of 427%.,427%,,,,,,,,,,,,,filing,10-Q Q2 2024 — Item 2. Management's Discussion and Analysis of Financial Condition and Results of Operations,
unpaired_actual,NVDA,2023,,,,,,,,operating_expenses,Operating expenses,,consolidated,,,,Q2 FY2024,"27 Operating Expenses Three Months Ended Apr 28, 2024 Apr 30, 2023 $ Change % Change ($ in millions) Research and development expenses $ 2,720 $ 1,875 $ 845 45 % % of net revenue 10.4 % 26.1 % Sales, general and administrative expenses 777 633 144 23 % % of net revenue 3.0 % 8.8 % Total operating expenses $ 3,497 $ 2,508 $ 989 39 % % of net revenue 13.4 % 34.9 % The increases in research and development expenses for the first quarter of fiscal year 2025 were primarily driven by a $482 million increase in compensation and benefits, including stock-based compensation, reflecting employee growth and compensation increases, and a $242 million increase in compute and infrastructure investments.",27,,,,,,,,,,,,,filing,10-Q Q2 2024 — Item 2. Management's Discussion and Analysis of Financial Condition and Results of Operations,
unpaired_actual,NVDA,2023,,,,,,,,headcount,Headcount,,consolidated,,,,Q2 FY2024,"The increase in sales, general and administrative expenses for the first quarter of fiscal year 2025 was primarily driven by compensation and benefits, including stock-based compensation, reflecting employee growth and compensation increases.",,,,,,,,,,,,,,filing,10-Q Q2 2024 — Item 2. Management's Discussion and Analysis of Financial Condition and Results of Operations,
unpaired_actual,NVDA,2023,,,,,,,,revenue_growth,Revenue growth,,consolidated,,,,Q2 FY2024,Cash provided by operating activities increased in the first quarter of fiscal year 2025 compared to the first quarter of fiscal year 2024 due to growth in revenue.,,,,,,,,,,,,,,filing,10-Q Q2 2024 — Item 2. Management's Discussion and Analysis of Financial Condition and Results of Operations,
unpaired_actual,NVDA,2023,,,,,,,,capacity,Capacity,,consolidated,,,,Q2 FY2024,We have previously increased our supply and capacity purchases with existing suppliers with planned receipts later this year.,,,,,,,,,,,,,,filing,10-Q Q2 2024 — Item 2. Management's Discussion and Analysis of Financial Condition and Results of Operations,
unpaired_actual,NVDA,2023,,,,,,,,gross_margin,Gross margin,,consolidated,,,,Q2 FY2024,"First Quarter of Fiscal Year 2025 Summary Three Months Ended Quarter-over-Quarter Change Year-over-Year Change Apr 28, 2024 Jan 28, 2024 Apr 30, 2023 ($ in millions, except per share data) Revenue $ 26,044 $ 22,103 $ 7,192 18 % 262 % Gross margin 78.4 % 76.0 % 64.6 % 2.4 pts 13.8 pts Operating expenses $ 3,497 $ 3,176 $ 2,508 10 % 39 % Operating income $ 16,909 $ 13,615 $ 2,140 24 % 690 % Net income $ 14,881 $ 12,285 $ 2,043 21 % 628 % Net income per diluted share $ 5.98 $ 4.93 $ 0.82 21 % 629 % We specialize in markets where our computing platforms can provide tremendous acceleration for applications.","$ 26,044",,,,,,,,,,,,,filing,10-Q Q2 2024 — Item 2. Management's Discussion and Analysis of Financial Condition and Results of Operations,
unpaired_actual,NVDA,2023,,,,,,,,revenue_growth,Revenue growth,,segment:data_center,,,,Q2 FY2024,Gross margin for the first quarter increased significantly from a year ago on strong Data Center revenue growth primarily driven by our Hopper GPU computing platform.,,,,,,,,,,,,,,filing,10-Q Q2 2024 — Item 2. Management's Discussion and Analysis of Financial Condition and Results of Operations,
unpaired_actual,NVDA,2023,,,,,,,,revenue,Revenue,,segment:data_center,,,,Q2 FY2024,"Market Platform Highlights Data Center revenue for the first quarter of fiscal year 2025 was $22.6 billion, up 427% from a year ago and up 23% from the previous quarter.",$22.6 billion,,,,,,,,,,,,,filing,10-Q Q2 2024 — Item 2. Management's Discussion and Analysis of Financial Condition and Results of Operations,
unpaired_actual,NVDA,2023,,,,,,,,revenue,Revenue,,segment:data_center,,,,Q3 FY2024,requirements have consistently contributed approximately 20% to 25% of data center revenue over the past few,approximately 20%,,,,,,,,,,,,,transcript,NVDA_Q3_2024,
unpaired_actual,NVDA,2023,,,,,,,,revenue,Revenue,,consolidated,,,,Q3 FY2024,NVIDIA networking now exceeds a $10 billion annualized revenue run rate.,$10 billion,,,,,,,,,,,,,transcript,NVDA_Q3_2024,
unpaired_actual,NVDA,2023,,,,,,,,revenue,Revenue,,consolidated,,,,Q3 FY2024,"From a product perspective, the vast majority of revenue in Q3 was driven by the NVIDIA HGX platform based on",,,,,,,,,,,,,,transcript,NVDA_Q3_2024,
unpaired_actual,NVDA,2023,,,,,,,,revenue,Revenue,,consolidated,,,,Q3 FY2024,"This was also the first revenue quarter of our GH 200 Grace Hopper Secret chip,",200,,,,,,,,,,,,,transcript,NVDA_Q3_2024,
unpaired_actual,NVDA,2023,,,,,,,,subscribers,Subscribers / customers,,consolidated,,,,Q3 FY2024,LLM and H200 increased performance or reduced cost by 4x in just one year with our customers changing their,,,,,,,,,,,,,,transcript,NVDA_Q3_2024,
unpaired_actual,NVDA,2023,,,,,,,,subscribers,Subscribers / customers,,consolidated,,,,Q3 FY2024,"customer announcement was this morning as part of an AI research collaboration with Gentech, the",,,,,,,,,,,,,,transcript,NVDA_Q3_2024,
unpaired_actual,NVDA,2023,,,,,,,,revenue_growth,Revenue growth,,consolidated,,,,Q3 FY2024,Gaming revenue of $2.86 billion was up 15% sequentially and up more than 80% year on,$2.86 billion,,,,,,,,,,,,,transcript,NVDA_Q3_2024,
unpaired_actual,NVDA,2023,,,,,,,,revenue_growth,Revenue growth,,consolidated,,,,Q3 FY2024,Revenue of $416 million was up 10%,$416 million,,,,,,,,,,,,,transcript,NVDA_Q3_2024,
unpaired_actual,NVDA,2023,,,,,,,,revenue_growth,Revenue growth,,segment:automotive,,,,Q3 FY2024,"Revenue was $261 million, up 3% sequentially and up 4% year on year, primarily driven by continued growth in",$261 million,,,,,,,,,,,,,transcript,NVDA_Q3_2024,
unpaired_actual,NVDA,2023,,,,,,,,gross_margin,Gross margin,,consolidated,,,,Q3 FY2024,GAAP gross margin expanded to 74% and non-GAAP gross,74%,,,,,,,,,,,,,transcript,NVDA_Q3_2024,
unpaired_actual,NVDA,2023,,,,,,,,revenue,Revenue,,segment:data_center,,,,Q3 FY2024,"margin to 75%, driven by higher data center sales and lower net inventory reserves, including a one percentage",75%,,,,,,,,,,,,,transcript,NVDA_Q3_2024,
unpaired_actual,NVDA,2023,,,,,,,,operating_expenses,Operating expenses,,consolidated,,,,Q3 FY2024,"Sequentially, GAAP operating expenses were up 12% and non-GAAP operating expenses were up 10%,",12%,,,,,,,,,,,,,transcript,NVDA_Q3_2024,
unpaired_actual,NVDA,2023,,,,,,,,revenue,Revenue,,segment:data_center,,,,Q3 FY2024,some of the other impacted destinations to be about 20% to 25% of our data center revenue.,about 20%,,,,,,,,,,,,,transcript,NVDA_Q3_2024,
unpaired_actual,NVDA,2023,,,,,,,,product_milestone,Product / strategic milestone,,consolidated,,,,Q3 FY2024,"disclosure in today's earnings release, our most recent Forms 10-K and 10-Q, and the reports that we may file on",10,,,,,,,,,,,,,transcript,NVDA_Q3_2024,
unpaired_actual,NVDA,2023,,,,,,,,revenue_growth,Revenue growth,,consolidated,,,,Q3 FY2024,"end-to-end networking drove record revenue of $14.5 billion, up 41% sequentially and up 279% year on year.",$14.5 billion,,,,,,,,,,,,,transcript,NVDA_Q3_2024,
unpaired_actual,NVDA,2023,,,,,,,,revenue,Revenue,,segment:data_center,,,,Q3 FY2024,"drove exceptional sequential growth in Q3, comprising approximately half of our data center revenue and",,,,,,,,,,,,,,transcript,NVDA_Q3_2024,
unpaired_actual,NVDA,2023,,,,,,,,revenue,Revenue,,consolidated,,,,Q3 FY2024,"Sales to direct customers which represented 10% or more of total revenue, all of which were primarily attributable to the Compute & Networking segment, are presented in the following table: Three Months Ended Six Months Ended Jul 28, 2024 Jul 28, 2024 Customer A 14 % 14 % Customer B 11 % * Customer C 11 % * Customer D 10 % 10 % Customer E * 10 % * Less than 10% of total revenue One customer represented approximately 17 % and 13 % of total revenue for the second quarter and first half of fiscal year 2024, respectively, and was attributable to the Compute & Networking segment.",10%,,,,,,,,,,,,,filing,10-Q Q3 2024 — Item 1. Financial Statements (Unaudited) — Note 14 - Segment Information,
unpaired_actual,NVDA,2023,,,,,,,,capacity,Capacity,,consolidated,,,,Q3 FY2024,"We have paid premiums and provided deposits to secure future supply and capacity, which have increased our product costs and may continue to do so.",,,,,,,,,,,,,,filing,10-Q Q3 2024 — Item 1A. Risk Factors,
unpaired_actual,NVDA,2023,,,,,,,,revenue,Revenue,,segment:data_center,,,,Q3 FY2024,"Additionally, restrictions imposed by the Chinese government on the duration of gaming activities and access to games may adversely affect our Gaming revenue, and increased oversight of digital platform companies may adversely affect our Data Center revenue.",,,,,,,,,,,,,,filing,10-Q Q3 2024 — Item 1A. Risk Factors,
unpaired_actual,NVDA,2023,,,,,,,,volume_impact,Volume impact,,segment:data_center,,,,Q3 FY2024,"Many additional factors have caused and/or could in the future cause us to either underestimate or overestimate our customers’ future demand for our products, or otherwise cause a mismatch between supply and demand for our products and impact the timing and volume of our revenue, including: • changes in product development cycles and time to market; • competing technologies and competitor product releases, announcements or other actions; • changes in business and economic conditions; • sudden or sustained government lockdowns or public health issues; • rapidly changing technology or customer requirements; • the availability of sufficient data center capacity or energy for customers to procure; • new product introductions and transitions resulting in less demand for existing products; • new or unexpected end-use cases; • increase in demand for competitive products; • business decisions made by third parties; • the demand for accelerated computing, AI-related cloud services, or large language models; 34 • changes that impact the ecosystem for the architectures underlying our products and technologies; • the demand for our products; or • government actions or changes in governmental policies, such as export controls or increased restrictions on gaming usage.",34,,,,,,,,,,,,,filing,10-Q Q3 2024 — Item 1A. Risk Factors,
unpaired_actual,NVDA,2023,,,,,,,,production,Production,,consolidated,,,,Q3 FY2024,"The increased purchase volumes and integration of new suppliers and contract manufacturers into our supply chain may create more complexity in managing multiple suppliers with variations in production planning, execution and logistics.",,,,,,,,,,,,,,filing,10-Q Q3 2024 — Item 1A. Risk Factors,
unpaired_actual,NVDA,2023,,,,,,,,production,Production,,consolidated,,,,Q3 FY2024,"The increased frequency and complexity of newly introduced products could result in unanticipated quality or production issues that could increase the magnitude of inventory provisions, warranty, or other costs or result in product delays.",,,,,,,,,,,,,,filing,10-Q Q3 2024 — Item 1A. Risk Factors,
unpaired_actual,NVDA,2023,,,,,,,,revenue,Revenue,,consolidated,,,,Q3 FY2024,"This has created and may in the future create increased aftermarket sales of our GPUs, which could negatively impact retail prices for our GPUs and reduce demand for our new GPUs.",,,,,,,,,,,,,,filing,10-Q Q3 2024 — Item 1A. Risk Factors,
unpaired_actual,NVDA,2023,,,,,,,,revenue,Revenue,,consolidated,,,,Q3 FY2024,"Sales to direct Customers, A, B, C and D represented 14%,11%, 11% and 10% of total revenue, respectively, for the second quarter of fiscal year 2025, all of which were primarily attributable to the Compute & Networking segment.",14%,,,,,,,,,,,,,filing,10-Q Q3 2024 — Item 1A. Risk Factors,
unpaired_actual,NVDA,2023,,,,,,,,revenue,Revenue,,consolidated,,,,Q3 FY2024,"If end demand increases or our finished goods supply availability is concentrated near a quarter end, the system integrators, distributors and channel partners may have limited ability to increase their credit, which could impact the timing and amount of our revenue.",,,,,,,,,,,,,,filing,10-Q Q3 2024 — Item 1A. Risk Factors,
unpaired_actual,NVDA,2023,,,,,,,,revenue_growth,Revenue growth,,segment:data_center,,,,Q3 FY2024,"Three Months Ended Six Months Ended Jul 28, 2024 Jul 30, 2023 Jul 28, 2024 Jul 30, 2023 Revenue 100.0 % 100.0 % 100.0 % 100.0 % Cost of revenue 24.9 29.9 23.4 31.8 Gross profit 75.1 70.1 76.6 68.2 Operating expenses Research and development 10.3 15.1 10.4 18.9 Sales, general and administrative 2.8 4.7 2.9 6.1 Total operating expenses 13.1 19.8 13.3 25.0 Operating income 62.0 50.3 63.3 43.2 Interest income 1.5 1.4 1.4 1.6 Interest expense (0.2) (0.5) (0.2) (0.6) Other, net 0.6 0.4 0.5 0.2 Other income (expense), net 1.9 1.3 1.7 1.2 Income before income tax 63.9 51.6 65.0 44.4 Income tax expense 8.7 5.9 8.9 4.6 Net income 55.2 % 45.7 % 56.1 % 39.8 % Revenue Revenue by Reportable Segments Three Months Ended Six Months Ended Jul 28, 2024 Jul 30, 2023 $ Change % Change Jul 28, 2024 Jul 30, 2023 $ Change % Change ($ in millions) Compute & Networking $ 26,446 $ 10,402 $ 16,044 154 % $ 49,121 $ 14,862 $ 34,259 231 % Graphics 3,594 3,105 489 16 % 6,963 5,837 1,126 19 % Total $ 30,040 $ 13,507 $ 16,533 122 % $ 56,084 $ 20,699 $ 35,385 171 % Operating Income by Reportable Segments Three Months Ended Six Months Ended Jul 28, 2024 Jul 30, 2023 $ Change % Change Jul 28, 2024 Jul 30, 2023 $ Change % Change ($ in millions) Compute & Networking $ 18,848 $ 6,728 $ 12,120 180 % $ 35,896 $ 8,887 $ 27,009 304 % Graphics 1,369 1,211 158 13 % $ 2,609 2,258 351 16 % All Other (1,575) (1,139) (436) 38 % $ (2,954) (2,204) (750) 34 % Total $ 18,642 $ 6,800 $ 11,842 174 % $ 35,551 $ 8,941 $ 26,610 298 % Compute & Networking revenue – The increase in the second quarter and first half of fiscal year 2025 compared to the second quarter and first half of fiscal year 2024 was due to strength in Data Center computing and networking for accelerated computing and AI solutions.",100.0 %,,,,,,,,,,,,,filing,10-Q Q3 2024 — Item 2. Management's Discussion and Analysis of Financial Condition and Results of Operations,
unpaired_actual,NVDA,2023,,,,,,,,revenue,Revenue,,consolidated,,,,Q3 FY2024,"Revenue from GPU computing grew 166% year-on-year and 257% compared to the first half of fiscal year 2024, was driven by demand for our Hopper GPU architecture computing platform for training and inferencing of large language models, recommendation engines, and generative AI applications.",166%,,,,,,,,,,,,,filing,10-Q Q3 2024 — Item 2. Management's Discussion and Analysis of Financial Condition and Results of Operations,
unpaired_actual,NVDA,2023,,,,,,,,revenue_growth,Revenue growth,,consolidated,,,,Q3 FY2024,28 Graphics revenue – The increase in the second quarter and first half of fiscal year 2025 compared to the second quarter and first half of fiscal year 2024 was led by higher sales of our GeForce RTX 40 Series GPUs.,28,,,,,,,,,,,,,filing,10-Q Q3 2024 — Item 2. Management's Discussion and Analysis of Financial Condition and Results of Operations,
unpaired_actual,NVDA,2023,,,,,,,,operating_income,Operating income,,consolidated,,,,Q3 FY2024,Reportable segment operating income – The increase in the second quarter and first half of fiscal year 2025 compared to the second quarter and first half of fiscal year 2024 in Compute & Networking and Graphics operating income was driven by higher revenue.,,,,,,,,,,,,,,filing,10-Q Q3 2024 — Item 2. Management's Discussion and Analysis of Financial Condition and Results of Operations,
unpaired_actual,NVDA,2023,,,,,,,,headcount,Headcount,,consolidated,,,,Q3 FY2024,All Other operating loss – The increase in the second quarter and first half of fiscal year 2025 compared to the second quarter and first half of fiscal year 2024 was due to an increase in stock-based compensation expense reflecting employee growth and compensation increases.,,,,,,,,,,,,,,filing,10-Q Q3 2024 — Item 2. Management's Discussion and Analysis of Financial Condition and Results of Operations,
unpaired_actual,NVDA,2023,,,,,,,,revenue,Revenue,,consolidated,,,,Q3 FY2024,"Sales to direct customers which represented 10% or more of total revenue, all of which were primarily attributable to the Compute & Networking segment, are presented in the following table: Three Months Ended Six Months Ended Jul 28, 2024 Jul 28, 2024 Customer A 14 % 14 % Customer B 11 % * Customer C 11 % * Customer D 10 % 10 % Customer E * 10 % * Less than 10% of total revenue For the second quarter of fiscal year 2025, two indirect customers which primarily purchase our products through system integrators and distributors, including through Customer B and Customer E, are estimated to each represent 10% or more of total revenue attributable to the Compute & Networking segment.",10%,,,,,,,,,,,,,filing,10-Q Q3 2024 — Item 2. Management's Discussion and Analysis of Financial Condition and Results of Operations,
unpaired_actual,NVDA,2023,,,,,,,,gross_margin,Gross margin,,consolidated,,,,Q3 FY2024,"Our overall gross margin increased to 75.1% and 76.6% for the second quarter and first half of fiscal year 2025, respectively, from 70.1% and 68.2% for the second quarter and first half of fiscal year 2024, respectively.",75.1%,,,,,,,,,,,,,filing,10-Q Q3 2024 — Item 2. Management's Discussion and Analysis of Financial Condition and Results of Operations,
unpaired_actual,NVDA,2023,,,,,,,,revenue_growth,Revenue growth,,segment:data_center,,,,Q3 FY2024,"The increases in the second quarter and first half of fiscal year 2025 compared to the second quarter and first half of fiscal year 2024 were primarily due to strong Data Center revenue growth of 154% and 234% for the second quarter and first half of 2025, respectively.",154%,,,,,,,,,,,,,filing,10-Q Q3 2024 — Item 2. Management's Discussion and Analysis of Financial Condition and Results of Operations,
unpaired_actual,NVDA,2023,,,,,,,,gross_margin,Gross margin,,consolidated,,,,Q3 FY2024,"The net effect on our 29 gross margin was an unfavorable impact of 2.7% and 2.0% in the second quarter and first half of fiscal year 2025, respectively.",29,,,,,,,,,,,,,filing,10-Q Q3 2024 — Item 2. Management's Discussion and Analysis of Financial Condition and Results of Operations,
unpaired_actual,NVDA,2023,,,,,,,,gross_margin,Gross margin,,consolidated,,,,Q3 FY2024,"The net effect on our gross margin was an unfavorable impact of 3.6% and 2.8% in the second quarter and first half of fiscal year 2024, respectively.",3.6%,,,,,,,,,,,,,filing,10-Q Q3 2024 — Item 2. Management's Discussion and Analysis of Financial Condition and Results of Operations,
unpaired_actual,NVDA,2023,,,,,,,,operating_expenses,Operating expenses,,consolidated,,,,Q3 FY2024,"Operating Expenses Three Months Ended Six Months Ended Jul 28, 2024 Jul 30, 2023 $ Change % Change Jul 28, 2024 Jul 30, 2023 $ Change % Change ($ in millions) Research and development expenses $ 3,090 $ 2,040 $ 1,050 51 % $ 5,810 $ 3,916 $ 1,894 48 % % of net revenue 10.3 % 15.1 % 10.4 % 18.9 % Sales, general and administrative expenses 842 622 220 35 % 1,618 1,253 365 29 % % of net revenue 2.8 % 4.7 % 2.9 % 6.1 % Total operating expenses $ 3,932 $ 2,662 $ 1,270 48 % $ 7,428 $ 5,169 $ 2,259 44 % % of net revenue 13.1 % 19.8 % 13.3 % 25.0 % The increases in research and development expenses for the second quarter and first half of fiscal year 2025 were driven by 35% and 34% increase in compensation and benefits, including stock-based compensation, reflecting employee growth and compensation increases, and 118% and 117% increase in compute and infrastructure investments, respectively.","$ 3,090",,,,,,,,,,,,,filing,10-Q Q3 2024 — Item 2. Management's Discussion and Analysis of Financial Condition and Results of Operations,
unpaired_actual,NVDA,2023,,,,,,,,headcount,Headcount,,consolidated,,,,Q3 FY2024,"The increases in sales, general and administrative expenses for the second quarter and first half of fiscal year 2025 was primarily driven by compensation and benefits, including stock-based compensation, reflecting employee growth and compensation increases.",,,,,,,,,,,,,,filing,10-Q Q3 2024 — Item 2. Management's Discussion and Analysis of Financial Condition and Results of Operations,
unpaired_actual,NVDA,2023,,,,,,,,revenue_growth,Revenue growth,,consolidated,,,,Q3 FY2024,"Cash provided by operating activities increased in the first half of fiscal year 2025 compared to the first half of fiscal year 2024 due to growth in revenue, partially offset by higher tax payments.",,,,,,,,,,,,,,filing,10-Q Q3 2024 — Item 2. Management's Discussion and Analysis of Financial Condition and Results of Operations,
unpaired_actual,NVDA,2023,,,,,,,,revenue_growth,Revenue growth,,segment:data_center,,,,Q3 FY2024,"Recent Developments, Future Objectives and Challenges Demand and Supply Revenue growth in the second quarter of fiscal year 2025 was driven by data center compute platforms and networking for accelerated computing and AI solutions.",,,,,,,,,,,,,,filing,10-Q Q3 2024 — Item 2. Management's Discussion and Analysis of Financial Condition and Results of Operations,
unpaired_actual,NVDA,2023,,,,,,,,revenue,Revenue,,segment:data_center,,,,Q3 FY2024,Our Data Center revenue in China grew sequentially in the second quarter of fiscal year 2025 and is a significant contributor to our Data Center revenue.,,,,,,,,,,,,,,filing,10-Q Q3 2024 — Item 2. Management's Discussion and Analysis of Financial Condition and Results of Operations,
unpaired_actual,NVDA,2023,,,,,,,,gross_margin,Gross margin,,consolidated,,,,Q3 FY2024,"Second Quarter of Fiscal Year 2025 Summary Three Months Ended Quarter-over-Quarter Change Year-over-Year Change Jul 28, 2024 Apr 28, 2024 Jul 30, 2023 ($ in millions, except per share data) Revenue $ 30,040 $ 26,044 $ 13,507 15 % 122 % Gross margin 75.1 % 78.4 % 70.1 % (3.3) pts 5.0 pts Operating expenses $ 3,932 $ 3,497 $ 2,662 12 % 48 % Operating income $ 18,642 $ 16,909 $ 6,800 10 % 174 % Net income $ 16,599 $ 14,881 $ 6,188 12 % 168 % Net income per diluted share $ 0.67 $ 0.60 $ 0.25 12 % 168 % We specialize in markets where our computing platforms can provide tremendous acceleration for applications.","$ 30,040",,,,,,,,,,,,,filing,10-Q Q3 2024 — Item 2. Management's Discussion and Analysis of Financial Condition and Results of Operations,
unpaired_actual,NVDA,2023,,,,,,,,revenue,Revenue,,consolidated,,,,Q4 FY2024,"Sales to one direct customer represented 12 % of total revenue for the third quarter of fiscal year 2024, and sales to a second direct customer represented 11 % of total revenue for the first nine months of fiscal year 2024, both of which were attributable to the Compute & Networking segment.",12 %,,,,,,,,,,,,,filing,10-Q Q4 2024 — Item 1. Financial Statements (Unaudited) — Note 14 - Segment Information,
unpaired_actual,NVDA,2023,,,,,,,,capacity,Capacity,,consolidated,,,,Q4 FY2024,"We have paid premiums and provided deposits to secure future supply and capacity, which have increased our product costs and may continue to do so.",,,,,,,,,,,,,,filing,10-Q Q4 2024 — Item 1A. Risk Factors,
unpaired_actual,NVDA,2023,,,,,,,,revenue,Revenue,,segment:data_center,,,,Q4 FY2024,"Additionally, restrictions imposed by the Chinese government on the duration of gaming activities and access to games may adversely affect our Gaming revenue, and increased oversight of digital platform companies may adversely affect our Data Center revenue.",,,,,,,,,,,,,,filing,10-Q Q4 2024 — Item 1A. Risk Factors,
unpaired_actual,NVDA,2023,,,,,,,,volume_impact,Volume impact,,segment:data_center,,,,Q4 FY2024,"Many additional factors have caused and/or could in the future cause us to either underestimate or overestimate our customers’ future demand for our products, or otherwise cause a mismatch between supply and demand for our products and impact the timing and volume of our revenue, including: • changes in product development cycles and time to market; • competing technologies and competitor product releases, announcements or other actions; • changes in business and economic conditions; • sudden or sustained government lockdowns or public health issues; • rapidly changing technology or customer requirements; • the availability of sufficient data center capacity or energy for customers to procure; • new product introductions and transitions resulting in less demand for existing products; • new or unexpected end-use cases; • increase in demand for competitive products; • business decisions made by third parties; 34 • the demand for accelerated computing, AI-related cloud services, or large language models; • changes that impact the ecosystem for the architectures underlying our products and technologies; • the demand for our products; or • government actions or changes in governmental policies, such as export controls or increased restrictions on gaming usage.",34,,,,,,,,,,,,,filing,10-Q Q4 2024 — Item 1A. Risk Factors,
unpaired_actual,NVDA,2023,,,,,,,,production,Production,,consolidated,,,,Q4 FY2024,"The increased purchase volumes and integration of new suppliers and contract manufacturers into our supply chain may create more complexity in managing multiple suppliers with variations in production planning, execution and logistics.",,,,,,,,,,,,,,filing,10-Q Q4 2024 — Item 1A. Risk Factors,
unpaired_actual,NVDA,2023,,,,,,,,production,Production,,consolidated,,,,Q4 FY2024,"The increased frequency and complexity of newly introduced products could result in unanticipated quality or production issues that could increase the magnitude of inventory provisions, warranty, or other costs or result in product delays.",,,,,,,,,,,,,,filing,10-Q Q4 2024 — Item 1A. Risk Factors,
unpaired_actual,NVDA,2023,,,,,,,,revenue,Revenue,,consolidated,,,,Q4 FY2024,"This has created and may in the future create increased aftermarket sales of our GPUs, which could negatively impact retail prices for our GPUs and reduce demand for our new GPUs.",,,,,,,,,,,,,,filing,10-Q Q4 2024 — Item 1A. Risk Factors,
unpaired_actual,NVDA,2023,,,,,,,,revenue,Revenue,,segment:data_center,,,,Q4 FY2024,"Revenue from Data Center computing grew 133% year-on-year and 195% compared to the first nine months of fiscal year 2024 driven by demand for our Hopper computing platform for training and inferencing of large language models, recommendation engines, and generative AI applications.",133%,,,,,,,,,,,,,filing,10-Q Q4 2024 — Item 2. Management's Discussion and Analysis of Financial Condition and Results of Operations,
unpaired_actual,NVDA,2023,,,,,,,,revenue,Revenue,,consolidated,,,,Q4 FY2024,"Networking was up 20% year-on-year and 90% compared to the first nine months of fiscal year 2024 driven by Ethernet for AI revenue, which includes Spectrum-X end-to-end ethernet platform.",20%,,,,,,,,,,,,,filing,10-Q Q4 2024 — Item 2. Management's Discussion and Analysis of Financial Condition and Results of Operations,
unpaired_actual,NVDA,2023,,,,,,,,revenue_growth,Revenue growth,,consolidated,,,,Q4 FY2024,Graphics revenue – The year over year increase in the third quarter and first nine months of fiscal year 2025 was led by higher sales of our GeForce RTX 40 Series GPUs.,40,,,,,,,,,,,,,filing,10-Q Q4 2024 — Item 2. Management's Discussion and Analysis of Financial Condition and Results of Operations,
unpaired_actual,NVDA,2023,,,,,,,,revenue_growth,Revenue growth,,segment:data_center,,,,Q4 FY2024,Reportable segment operating income – The year over year increase in Compute & Networking segment operating income in the third quarter and first nine months of fiscal year 2025 was primarily driven by growth in data center revenue.,,,,,,,,,,,,,,filing,10-Q Q4 2024 — Item 2. Management's Discussion and Analysis of Financial Condition and Results of Operations,
unpaired_actual,NVDA,2023,,,,,,,,revenue_growth,Revenue growth,,consolidated,,,,Q4 FY2024,"The year over year increase in Graphics segment operating income in the third quarter of fiscal year 2025 was primarily driven by growth in revenue, partially offset by an increase of 52% in segment operating expense.",52%,,,,,,,,,,,,,filing,10-Q Q4 2024 — Item 2. Management's Discussion and Analysis of Financial Condition and Results of Operations,
unpaired_actual,NVDA,2023,,,,,,,,revenue_growth,Revenue growth,,consolidated,,,,Q4 FY2024,The year over year increase in Graphics segment operating income in the first nine months of fiscal year 2025 was primarily driven by growth in revenue.,,,,,,,,,,,,,,filing,10-Q Q4 2024 — Item 2. Management's Discussion and Analysis of Financial Condition and Results of Operations,
unpaired_actual,NVDA,2023,,,,,,,,headcount,Headcount,,consolidated,,,,Q4 FY2024,All Other operating loss – The year over year increase in the third quarter and first nine months of fiscal year 2025 was due to an increase in stock-based compensation expense reflecting employee growth and compensation increases.,,,,,,,,,,,,,,filing,10-Q Q4 2024 — Item 2. Management's Discussion and Analysis of Financial Condition and Results of Operations,
unpaired_actual,NVDA,2023,,,,,,,,revenue,Revenue,,segment:data_center,,,,Q4 FY2024,"Gross margins increased to 74.6% for the third quarter of fiscal year 2025 compared to 74.0% for the third quarter of fiscal year 2024, due to a higher mix of Data Center revenue.",74.6%,,,,,,,,,,,,,filing,10-Q Q4 2024 — Item 2. Management's Discussion and Analysis of Financial Condition and Results of Operations,
unpaired_actual,NVDA,2023,,,,,,,,revenue,Revenue,,segment:data_center,,,,Q4 FY2024,"Gross margins increased to 75.8% for the first nine months of fiscal year 2025 compared to 70.9% for the first nine months of fiscal year 2024, primarily due to higher mix of Data Center revenue.",75.8%,,,,,,,,,,,,,filing,10-Q Q4 2024 — Item 2. Management's Discussion and Analysis of Financial Condition and Results of Operations,
unpaired_actual,NVDA,2023,,,,,,,,gross_margin,Gross margin,,consolidated,,,,Q4 FY2024,"The net effect on our gross margin was an unfavorable impact of 2.2% and 2.0% in the third quarter and first nine months of fiscal year 2025, respectively.",2.2%,,,,,,,,,,,,,filing,10-Q Q4 2024 — Item 2. Management's Discussion and Analysis of Financial Condition and Results of Operations,
unpaired_actual,NVDA,2023,,,,,,,,gross_margin,Gross margin,,consolidated,,,,Q4 FY2024,"The net effect on our gross margin was an unfavorable impact of 2.4% and 2.6% in the third quarter and first nine months of fiscal year 2024, respectively.",2.4%,,,,,,,,,,,,,filing,10-Q Q4 2024 — Item 2. Management's Discussion and Analysis of Financial Condition and Results of Operations,
unpaired_actual,NVDA,2023,,,,,,,,operating_expenses,Operating expenses,,consolidated,,,,Q4 FY2024,"Operating Expenses Three Months Ended Nine Months Ended Oct 27, 2024 Oct 29, 2023 $ Change % Change Oct 27, 2024 Oct 29, 2023 $ Change % Change ($ in millions) Research and development expenses $ 3,390 $ 2,294 $ 1,096 48 % $ 9,200 $ 6,210 $ 2,990 48 % % of net revenue 9.7 % 12.7 % 10.1 % 16.0 % Sales, general and administrative expenses 897 689 208 30 % 2,516 1,942 574 30 % % of net revenue 2.6 % 3.8 % 2.8 % 5.0 % Total operating expenses $ 4,287 $ 2,983 $ 1,304 44 % $ 11,716 $ 8,152 $ 3,564 44 % % of net revenue 12.3 % 16.5 % 12.9 % 21.0 % The increases in research and development expenses for the third quarter and first nine months of fiscal year 2025 were driven by a 29% and 32% increase in compensation and benefits, including stock-based compensation, reflecting employee growth and compensation increases, a 107% and 113% increase in compute and infrastructure, and a 317% and 209% increase in engineering development costs for new product introductions, respectively.","$ 3,390",,,,,,,,,,,,,filing,10-Q Q4 2024 — Item 2. Management's Discussion and Analysis of Financial Condition and Results of Operations,
unpaired_actual,NVDA,2023,,,,,,,,headcount,Headcount,,consolidated,,,,Q4 FY2024,"The increases in sales, general and administrative expenses for the third quarter and first nine months of fiscal year 2025 were primarily driven by compensation and benefits, including stock-based compensation, reflecting employee growth and compensation increases.",,,,,,,,,,,,,,filing,10-Q Q4 2024 — Item 2. Management's Discussion and Analysis of Financial Condition and Results of Operations,
unpaired_actual,NVDA,2023,,,,,,,,revenue_growth,Revenue growth,,consolidated,,,,Q4 FY2024,"30 Cash provided by operating activities increased in the first nine months of fiscal year 2025 compared to the first nine months of fiscal year 2024 due to growth in revenue, partially offset by advanced payments on supply agreements.",30,,,,,,,,,,,,,filing,10-Q Q4 2024 — Item 2. Management's Discussion and Analysis of Financial Condition and Results of Operations,
unpaired_actual,NVDA,2023,,,,,,,,revenue_growth,Revenue growth,,segment:data_center,,,,Q4 FY2024,"Recent Developments, Future Objectives and Challenges Demand and Supply Revenue growth in the third quarter of fiscal year 2025 was driven by data center compute and networking platforms for accelerated computing and AI solutions.",,,,,,,,,,,,,,filing,10-Q Q4 2024 — Item 2. Management's Discussion and Analysis of Financial Condition and Results of Operations,
unpaired_actual,NVDA,2023,,,,,,,,revenue,Revenue,,segment:data_center,,,,Q4 FY2024,Our Data Center revenue in China grew sequentially in the third quarter of fiscal year 2025.,,,,,,,,,,,,,,filing,10-Q Q4 2024 — Item 2. Management's Discussion and Analysis of Financial Condition and Results of Operations,
unpaired_actual,NVDA,2023,,,,,,,,gross_margin,Gross margin,,consolidated,,,,Q4 FY2024,"Third Quarter of Fiscal Year 2025 Summary Three Months Ended Quarter-over-Quarter Change Year-over-Year Change Oct 27, 2024 Jul 28, 2024 Oct 29, 2023 ($ in millions, except per share data) Revenue $ 35,082 $ 30,040 $ 18,120 17 % 94 % Gross margin 74.6 % 75.1 % 74.0 % (0.5) pts 0.6 pts Operating expenses $ 4,287 $ 3,932 $ 2,983 9 % 44 % Operating income $ 21,869 $ 18,642 $ 10,417 17 % 110 % Net income $ 19,309 $ 16,599 $ 9,243 16 % 109 % Net income per diluted share $ 0.78 $ 0.67 $ 0.37 16 % 111 % We specialize in markets where our computing platforms can provide tremendous acceleration for applications.","$ 35,082",,,,,,,,,,,,,filing,10-Q Q4 2024 — Item 2. Management's Discussion and Analysis of Financial Condition and Results of Operations,
unpaired_actual,NVDA,2023,,,,,,,,revenue,Revenue,,consolidated,,,,Q4 FY2024,These increases were driven by sales of our GeForce RTX 40 Series GPUs and game console SoCs.,40,,,,,,,,,,,,,filing,10-Q Q4 2024 — Item 2. Management's Discussion and Analysis of Financial Condition and Results of Operations,
unpaired_actual,NVDA,2023,,,,,,,,operating_expenses,Operating expenses,,consolidated,,,,Q4 FY2024,"26 Operating expenses were up 44% from a year ago and up 9% sequentially, driven by higher compensation and benefits expenses due to employee growth and compensation increases.",26,,,,,,,,,,,,,filing,10-Q Q4 2024 — Item 2. Management's Discussion and Analysis of Financial Condition and Results of Operations,
unpaired_actual,NVDA,2023,,,,,,,,revenue_growth,Revenue growth,,segment:data_center,,,,Q4 FY2024,"Three Months Ended Nine Months Ended Oct 27, 2024 Oct 29, 2023 Oct 27, 2024 Oct 29, 2023 Revenue 100.0 % 100.0 % 100.0 % 100.0 % Cost of revenue 25.4 26.0 24.2 29.1 Gross profit 74.6 74.0 75.8 70.9 Operating expenses Research and development 9.7 12.7 10.1 16.0 Sales, general and administrative 2.6 3.8 2.8 5.0 Total operating expenses 12.3 16.5 12.9 21.0 Operating income 62.3 57.5 62.9 49.9 Interest income 1.3 1.3 1.4 1.5 Interest expense (0.2) (0.3) (0.2) (0.5) Other, net 0.1 (0.4) 0.3 (0.1) Other income (expense), net 1.2 0.6 1.5 0.9 Income before income tax 63.5 58.1 64.4 50.8 Income tax expense 8.6 7.1 8.8 5.8 Net income 54.9 % 51.0 % 55.6 % 45.0 % Revenue Revenue by Reportable Segments Three Months Ended Nine Months Ended Oct 27, 2024 Oct 29, 2023 $ Change % Change Oct 27, 2024 Oct 29, 2023 $ Change % Change ($ in millions) Compute & Networking $ 31,036 $ 14,645 $ 16,391 112 % $ 80,157 $ 29,507 $ 50,650 172 % Graphics 4,046 3,475 571 16 % 11,009 9,312 1,697 18 % Total $ 35,082 $ 18,120 $ 16,962 94 % $ 91,166 $ 38,819 $ 52,347 135 % 27 Operating Income by Reportable Segments Three Months Ended Nine Months Ended Oct 27, 2024 Oct 29, 2023 $ Change % Change Oct 27, 2024 Oct 29, 2023 $ Change % Change ($ in millions) Compute & Networking $ 22,081 $ 10,262 $ 11,819 115 % $ 57,977 $ 19,149 $ 38,828 203 % Graphics 1,502 1,493 9 1 % $ 4,111 3,751 360 10 % All Other (1,714) (1,338) (376) 28 % $ (4,669) (3,542) (1,127) 32 % Total $ 21,869 $ 10,417 $ 11,452 110 % $ 57,419 $ 19,358 $ 38,061 197 % Compute & Networking revenue – The year over year increase in the third quarter and first nine months of fiscal year 2025 was due to strength in Data Center computing for accelerated computing and AI solutions.",100.0 %,,,,,,,,,,,,,filing,10-Q Q4 2024 — Item 2. Management's Discussion and Analysis of Financial Condition and Results of Operations,
unpaired_actual,NVDA,2023,,,,,,,,revenue,Revenue,,consolidated,,,,FY2024,"As of the end of fiscal year 2024, we had approximately 29,600 employees in 36 countries, 22,200 were engaged in research and development and 7,400 were engaged in sales, marketing, operations, and administrative positions.","approximately 29,600",,,,,,,,,,,,,filing,10-K FY2024 — Item 1. Business,
unpaired_actual,NVDA,2023,,,,,,,,headcount,Headcount,,consolidated,,,,FY2024,"As of the end of fiscal year 2024, our global workforce was 79% male, 20% female, and 1% not declared, with 6% of our workforce in the United States composed of Black or African American and Hispanic or Latino employees.",79%,,,,,,,,,,,,,filing,10-K FY2024 — Item 1. Business,
unpaired_actual,NVDA,2023,,,,,,,,revenue,Revenue,,consolidated,,,,FY2024,The increase in revenue to the United States for fiscal year 2024 was primarily due to higher U.S.-based Compute & Networking segment demand.,,,,,,,,,,,,,,filing,10-K FY2024 — Item 15. Exhibit and Financial Statement Schedules,
unpaired_actual,NVDA,2023,,,,,,,,revenue,Revenue,,consolidated,,,,FY2024,"Sales to one customer represented 13 % of total revenue for fiscal year 2024, which was attributable to the Compute & Networking segment.",13 %,,,,,,,,,,,,,filing,10-K FY2024 — Item 15. Exhibit and Financial Statement Schedules,
unpaired_actual,NVDA,2023,,,,,,,,operating_income,Operating income,,consolidated,,,,FY2024,"The effect of this change for the fiscal year ended January 28, 2024 was a benefit of $ 33 million and $ 102 million for cost of revenue and operating expenses, respectively, which resulted in an increase in operating income of $ 135 million and net income of $ 114 million after tax, or $ 0.05 per both basic and diluted share.",$ 33 million,,,,,,,,,,,,,filing,10-K FY2024 — Item 15. Exhibit and Financial Statement Schedules,
unpaired_actual,NVDA,2023,,,,,,,,revenue,Revenue,,consolidated,,,,FY2024,"This has created and may in the future create increased aftermarket sales of our 17 Table of Contents GPUs, which could negatively impact retail prices for our GPUs and reduce demand for our new GPUs.",17,,,,,,,,,,,,,filing,10-K FY2024 — Item 1A. Risk Factors,
unpaired_actual,NVDA,2023,,,,,,,,revenue,Revenue,,consolidated,,,,FY2024,"Our semiconductor wafers are manufactured, assembled, tested and packaged by third parties located outside of the United States, and we generated 56% of our revenue in fiscal year 2024 from sales outside of the United States.",56%,,,,,,,,,,,,,filing,10-K FY2024 — Item 1A. Risk Factors,
unpaired_actual,NVDA,2023,,,,,,,,revenue,Revenue,,segment:data_center,,,,FY2024,Our sales to China decreased as a percentage of total Data Center revenue from 19% in fiscal year 2023 to 14% in fiscal year 2024.,19%,,,,,,,,,,,,,filing,10-K FY2024 — Item 1A. Risk Factors,
unpaired_actual,NVDA,2023,,,,,,,,revenue,Revenue,,consolidated,,,,FY2024,"Sales to one customer, Customer A, represented 13% of total revenue for fiscal year 2024, which was attributable to the Compute & Networking segment.",13%,,,,,,,,,,,,,filing,10-K FY2024 — Item 1A. Risk Factors,
unpaired_actual,NVDA,2023,,,,,,,,capacity,Capacity,,consolidated,,,,FY2024,Our purchase commitments and obligations for inventory and manufacturing capacity at the end of fiscal year 2024 were impacted by shortening lead times for certain components.,,,,,,,,,,,,,,filing,10-K FY2024 — Item 1A. Risk Factors,
unpaired_actual,NVDA,2023,,,,,,,,gross_margin,Gross margin,,consolidated,,,,FY2024,The net effect on our gross margin from inventory provisions and sales of items previously written down was an unfavorable impact of 2.7% in fiscal year 2024 and 7.5% in fiscal year 2023.,2.7%,,,,,,,,,,,,,filing,10-K FY2024 — Item 7. Management's Discussion and Analysis of Financial Condition and Results of Operations,
unpaired_actual,NVDA,2023,,,,,,,,capacity,Capacity,,consolidated,,,,FY2024,Our purchase commitments and obligations for inventory and manufacturing capacity at the end of fiscal year 2024 were impacted by shortening lead times for certain components.,,,,,,,,,,,,,,filing,10-K FY2024 — Item 7. Management's Discussion and Analysis of Financial Condition and Results of Operations,
unpaired_actual,NVDA,2023,,,,,,,,operating_income,Operating income,,consolidated,,,,FY2024,"The estimated effect of this change for fiscal year 2024 was a benefit of $33 million and $102 million for cost of revenue and operating expenses, respectively, which resulted in an increase in operating income of $135 million and net income of $114 million after tax, or $0.05 per both basic and diluted share.",$33 million,,,,,,,,,,,,,filing,10-K FY2024 — Item 7. Management's Discussion and Analysis of Financial Condition and Results of Operations,
unpaired_actual,NVDA,2023,,,,,,,,revenue_growth,Revenue growth,,segment:data_center,,,,FY2024,"Year Ended Jan 28, 2024 Jan 29, 2023 Revenue 100.0 % 100.0 % Cost of revenue 27.3 43.1 Gross profit 72.7 56.9 Operating expenses Research and development 14.2 27.2 Sales, general and administrative 4.4 9.1 Acquisition termination cost — 5.0 Total operating expenses 18.6 41.3 Operating income 54.1 15.6 Interest income 1.4 1.0 Interest expense (0.4) (1.0) Other, net 0.4 (0.1) Other income (expense), net 1.4 (0.1) Income before income tax 55.5 15.5 Income tax expense (benefit) 6.6 (0.7) Net income 48.9 % 16.2 % Reportable Segments Revenue by Reportable Segments Year Ended Jan 28, 2024 Jan 29, 2023 $ Change % Change ($ in millions) Compute & Networking $ 47,405 $ 15,068 $ 32,337 215 % Graphics 13,517 11,906 1,611 14 % Total $ 60,922 $ 26,974 $ 33,948 126 % Operating Income by Reportable Segments Year Ended Jan 28, 2024 Jan 29, 2023 $ Change % Change ($ in millions) Compute & Networking $ 32,016 $ 5,083 $ 26,933 530 % Graphics 5,846 4,552 1,294 28 % All Other (4,890) (5,411) 521 (10) % Total $ 32,972 $ 4,224 $ 28,748 681 % Compute & Networking revenue – The year-on-year increase was due to higher Data Center revenue.",100.0 %,,,,,,,,,,,,,filing,10-K FY2024 — Item 7. Management's Discussion and Analysis of Financial Condition and Results of Operations,
unpaired_actual,NVDA,2023,,,,,,,,revenue_growth,Revenue growth,,consolidated,,,,FY2024,Graphics revenue – The year-on-year increase was led by growth in Gaming of 15% driven by higher sell-in to partners following the normalization of channel inventory levels.,15%,,,,,,,,,,,,,filing,10-K FY2024 — Item 7. Management's Discussion and Analysis of Financial Condition and Results of Operations,
unpaired_actual,NVDA,2023,,,,,,,,revenue,Revenue,,consolidated,,,,FY2024,"Sales to one customer, Customer A, represented 13% of total revenue for fiscal year 2024, which was attributable to the Compute & Networking segment.",13%,,,,,,,,,,,,,filing,10-K FY2024 — Item 7. Management's Discussion and Analysis of Financial Condition and Results of Operations,
unpaired_actual,NVDA,2023,,,,,,,,gross_margin,Gross margin,,consolidated,,,,FY2024,Our overall gross margin increased to 72.7% in fiscal year 2024 from 56.9% in fiscal year 2023.,72.7%,,,,,,,,,,,,,filing,10-K FY2024 — Item 7. Management's Discussion and Analysis of Financial Condition and Results of Operations,
unpaired_actual,NVDA,2023,,,,,,,,revenue_growth,Revenue growth,,segment:data_center,,,,FY2024,The year over year increase was primarily due to strong Data Center revenue growth of 217% and lower net inventory provisions as a percentage of revenue.,217%,,,,,,,,,,,,,filing,10-K FY2024 — Item 7. Management's Discussion and Analysis of Financial Condition and Results of Operations,
unpaired_actual,NVDA,2023,,,,,,,,revenue_growth,Revenue growth,,consolidated,,,,FY2024,"Operating Expenses Year Ended Jan 28, 2024 Jan 29, 2023 $ Change % Change ($ in millions) Research and development expenses $ 8,675 $ 7,339 $ 1,336 18 % % of net revenue 14.2 % 27.2 % Sales, general and administrative expenses 2,654 2,440 214 9 % % of net revenue 4.4 % 9.1 % Acquisition termination cost — 1,353 (1,353) (100) % % of net revenue — % 5.0 % Total operating expenses $ 11,329 $ 11,132 $ 197 2 % % of net revenue 18.6 % 41.3 % The increase in research and development expenses and sales, general and administrative expenses for fiscal year 2024 was primarily driven by compensation and benefits, including stock-based compensation, reflecting employee growth and compensation increases.","$ 8,675",,,,,,,,,,,,,filing,10-K FY2024 — Item 7. Management's Discussion and Analysis of Financial Condition and Results of Operations,
unpaired_actual,NVDA,2023,,,,,,,,revenue,Revenue,,consolidated,,,,FY2024,"During the third quarter of fiscal year 2024, the Internal Revenue Service, or IRS, audit of our federal income tax returns for fiscal years 2018 and 2019 was resolved.",,,,,,,,,,,,,,filing,10-K FY2024 — Item 7. Management's Discussion and Analysis of Financial Condition and Results of Operations,
unpaired_actual,NVDA,2023,,,,,,,,revenue_growth,Revenue growth,,consolidated,,,,FY2024,"Cash provided by operating activities increased in fiscal year 2024 compared to fiscal year 2023, due to growth in revenue.",,,,,,,,,,,,,,filing,10-K FY2024 — Item 7. Management's Discussion and Analysis of Financial Condition and Results of Operations,
unpaired_actual,NVDA,2023,,,,,,,,revenue,Revenue,,segment:data_center,,,,FY2024,Our sales to China decreased as a percentage of total Data Center revenue from 19% in fiscal year 2023 to 14% in fiscal year 2024.,19%,,,,,,,,,,,,,filing,10-K FY2024 — Item 7. Management's Discussion and Analysis of Financial Condition and Results of Operations,
unpaired_actual,NVDA,2023,,,,,,,,revenue_growth,Revenue growth,,consolidated,,,,FY2024,"35 Table of Contents Fiscal Year 2024 Summary Year Ended Jan 28, 2024 Jan 29, 2023 Change ($ in millions, except per share data) Revenue $ 60,922 $ 26,974 Up 126% Gross margin 72.7 % 56.9 % Up 15.8 pts Operating expenses $ 11,329 $ 11,132 Up 2% Operating income $ 32,972 $ 4,224 Up 681% Net income $ 29,760 $ 4,368 Up 581% Net income per diluted share $ 11.93 $ 1.74 Up 586% We specialize in markets where our computing platforms can provide tremendous acceleration for applications.",35,,,,,,,,,,,,,filing,10-K FY2024 — Item 7. Management's Discussion and Analysis of Financial Condition and Results of Operations,
unpaired_actual,NVDA,2023,,,,,,,,revenue_growth,Revenue growth,,consolidated,,,,FY2024,"Revenue for fiscal year 2024 was $60.9 billion, up 126% from a year ago.",$60.9 billion,,,,,,,,,,,,,filing,10-K FY2024 — Item 7. Management's Discussion and Analysis of Financial Condition and Results of Operations,
unpaired_actual,NVDA,2023,,,,,,,,revenue_growth,Revenue growth,,segment:data_center,,,,FY2024,Data Center revenue for fiscal year 2024 was up 217%.,217%,,,,,,,,,,,,,filing,10-K FY2024 — Item 7. Management's Discussion and Analysis of Financial Condition and Results of Operations,
unpaired_actual,NVDA,2023,,,,,,,,revenue_growth,Revenue growth,,segment:data_center,,,,FY2024,Data Center compute revenue was up 244% in the fiscal year.,244%,,,,,,,,,,,,,filing,10-K FY2024 — Item 7. Management's Discussion and Analysis of Financial Condition and Results of Operations,
unpaired_actual,NVDA,2023,,,,,,,,revenue_growth,Revenue growth,,consolidated,,,,FY2024,Networking revenue was up 133% in the fiscal year.,133%,,,,,,,,,,,,,filing,10-K FY2024 — Item 7. Management's Discussion and Analysis of Financial Condition and Results of Operations,
unpaired_actual,NVDA,2023,,,,,,,,revenue_growth,Revenue growth,,consolidated,,,,FY2024,Gaming revenue for fiscal year 2024 was up 15%.,15%,,,,,,,,,,,,,filing,10-K FY2024 — Item 7. Management's Discussion and Analysis of Financial Condition and Results of Operations,
unpaired_actual,NVDA,2023,,,,,,,,revenue_growth,Revenue growth,,consolidated,,,,FY2024,Professional Visualization revenue for fiscal year 2024 was up 1%.,1%,,,,,,,,,,,,,filing,10-K FY2024 — Item 7. Management's Discussion and Analysis of Financial Condition and Results of Operations,
unpaired_actual,NVDA,2023,,,,,,,,revenue_growth,Revenue growth,,segment:automotive,,,,FY2024,Automotive revenue for the fiscal year 2024 was up 21%.,21%,,,,,,,,,,,,,filing,10-K FY2024 — Item 7. Management's Discussion and Analysis of Financial Condition and Results of Operations,
unpaired_actual,NVDA,2023,,,,,,,,revenue_growth,Revenue growth,,segment:data_center,,,,FY2024,"Gross margin increased in fiscal year 2024, primarily driven by Data Center revenue growth and lower net inventory provisions as a percentage of revenue.",,,,,,,,,,,,,,filing,10-K FY2024 — Item 7. Management's Discussion and Analysis of Financial Condition and Results of Operations,
unpaired_actual,NVDA,2023,,,,,,,,revenue,Revenue,,consolidated,,,,Q1 FY2022,SEC XBRL Revenue for Q1 FY2022: 5661000000 USD,$5661000000,,,,,,,,,,,,,xbrl,XBRL Revenue Q1 FY2022,
unpaired_actual,NVDA,2023,,,,,,,,gross_profit,Gross profit,,consolidated,,,,Q1 FY2022,SEC XBRL Gross Profit for Q1 FY2022: 3629000000 USD,$3629000000,,,,,,,,,,,,,xbrl,XBRL Gross Profit Q1 FY2022,
unpaired_actual,NVDA,2023,,,,,,,,operating_income,Operating income,,consolidated,,,,Q1 FY2022,SEC XBRL Operating Income for Q1 FY2022: 1956000000 USD,$1956000000,,,,,,,,,,,,,xbrl,XBRL Operating Income Q1 FY2022,
unpaired_actual,NVDA,2023,,,,,,,,net_income,Net Income,,consolidated,,,,Q1 FY2022,SEC XBRL Net Income for Q1 FY2022: 1912000000 USD,$1912000000,,,,,,,,,,,,,xbrl,XBRL Net Income Q1 FY2022,
unpaired_actual,NVDA,2023,,,,,,,,eps,Diluted EPS,,consolidated,,,,Q1 FY2022,SEC XBRL Diluted EPS for Q1 FY2022: 3.03 USD/share,$3.03,,,,,,,,,,,,,xbrl,XBRL Diluted EPS Q1 FY2022,
unpaired_actual,NVDA,2023,,,,,,,,operating_cash_flow,Operating Cash Flow,,consolidated,,,,Q1 FY2022,SEC XBRL Operating Cash Flow for Q1 FY2022: 1874000000 USD,$1874000000,,,,,,,,,,,,,xbrl,XBRL Operating Cash Flow Q1 FY2022,
unpaired_actual,NVDA,2023,,,,,,,,gross_margin,Gross margin,,consolidated,,,,Q1 FY2022,SEC XBRL derived Gross margin for Q1 FY2022: 64.1053% (3629000000 / 5661000000),64.1053%,,,,,,,,,,,,,xbrl,XBRL Gross margin Q1 FY2022,
unpaired_actual,NVDA,2023,,,,,,,,operating_margin,Operating margin,,consolidated,,,,Q1 FY2022,SEC XBRL derived Operating margin for Q1 FY2022: 34.5522% (1956000000 / 5661000000),34.5522%,,,,,,,,,,,,,xbrl,XBRL Operating margin Q1 FY2022,
unpaired_actual,NVDA,2023,,,,,,,,revenue,Revenue,,consolidated,,,,Q2 FY2022,SEC XBRL Revenue for Q2 FY2022: 6507000000 USD,$6507000000,,,,,,,,,,,,,xbrl,XBRL Revenue Q2 FY2022,
unpaired_actual,NVDA,2023,,,,,,,,gross_profit,Gross profit,,consolidated,,,,Q2 FY2022,SEC XBRL Gross Profit for Q2 FY2022: 4215000000 USD,$4215000000,,,,,,,,,,,,,xbrl,XBRL Gross Profit Q2 FY2022,
unpaired_actual,NVDA,2023,,,,,,,,operating_income,Operating income,,consolidated,,,,Q2 FY2022,SEC XBRL Operating Income for Q2 FY2022: 2444000000 USD,$2444000000,,,,,,,,,,,,,xbrl,XBRL Operating Income Q2 FY2022,
unpaired_actual,NVDA,2023,,,,,,,,net_income,Net Income,,consolidated,,,,Q2 FY2022,SEC XBRL Net Income for Q2 FY2022: 2374000000 USD,$2374000000,,,,,,,,,,,,,xbrl,XBRL Net Income Q2 FY2022,
unpaired_actual,NVDA,2023,,,,,,,,eps,Diluted EPS,,consolidated,,,,Q2 FY2022,SEC XBRL Diluted EPS for Q2 FY2022: 0.94 USD/share,$0.94,,,,,,,,,,,,,xbrl,XBRL Diluted EPS Q2 FY2022,
unpaired_actual,NVDA,2023,,,,,,,,operating_cash_flow,Operating Cash Flow,,consolidated,,,,Q2 FY2022,SEC XBRL Operating Cash Flow for Q2 FY2022: 1127000000 USD,$1127000000,,,,,,,,,,,,,xbrl,XBRL Operating Cash Flow Q2 FY2022,
unpaired_actual,NVDA,2023,,,,,,,,gross_margin,Gross margin,,consolidated,,,,Q2 FY2022,SEC XBRL derived Gross margin for Q2 FY2022: 64.7764% (4215000000 / 6507000000),64.7764%,,,,,,,,,,,,,xbrl,XBRL Gross margin Q2 FY2022,
unpaired_actual,NVDA,2023,,,,,,,,operating_margin,Operating margin,,consolidated,,,,Q2 FY2022,SEC XBRL derived Operating margin for Q2 FY2022: 37.5596% (2444000000 / 6507000000),37.5596%,,,,,,,,,,,,,xbrl,XBRL Operating margin Q2 FY2022,
unpaired_actual,NVDA,2023,,,,,,,,revenue,Revenue,,consolidated,,,,Q3 FY2022,SEC XBRL Revenue for Q3 FY2022: 7103000000 USD,$7103000000,,,,,,,,,,,,,xbrl,XBRL Revenue Q3 FY2022,
unpaired_actual,NVDA,2023,,,,,,,,gross_profit,Gross profit,,consolidated,,,,Q3 FY2022,SEC XBRL Gross Profit for Q3 FY2022: 4631000000 USD,$4631000000,,,,,,,,,,,,,xbrl,XBRL Gross Profit Q3 FY2022,
unpaired_actual,NVDA,2023,,,,,,,,operating_income,Operating income,,consolidated,,,,Q3 FY2022,SEC XBRL Operating Income for Q3 FY2022: 2671000000 USD,$2671000000,,,,,,,,,,,,,xbrl,XBRL Operating Income Q3 FY2022,
unpaired_actual,NVDA,2023,,,,,,,,net_income,Net Income,,consolidated,,,,Q3 FY2022,SEC XBRL Net Income for Q3 FY2022: 2464000000 USD,$2464000000,,,,,,,,,,,,,xbrl,XBRL Net Income Q3 FY2022,
unpaired_actual,NVDA,2023,,,,,,,,eps,Diluted EPS,,consolidated,,,,Q3 FY2022,SEC XBRL Diluted EPS for Q3 FY2022: 0.97 USD/share,$0.97,,,,,,,,,,,,,xbrl,XBRL Diluted EPS Q3 FY2022,
unpaired_actual,NVDA,2023,,,,,,,,operating_cash_flow,Operating Cash Flow,,consolidated,,,,Q3 FY2022,SEC XBRL Operating Cash Flow for Q3 FY2022: 392000000 USD,$392000000,,,,,,,,,,,,,xbrl,XBRL Operating Cash Flow Q3 FY2022,
unpaired_actual,NVDA,2023,,,,,,,,gross_margin,Gross margin,,consolidated,,,,Q3 FY2022,SEC XBRL derived Gross margin for Q3 FY2022: 65.1978% (4631000000 / 7103000000),65.1978%,,,,,,,,,,,,,xbrl,XBRL Gross margin Q3 FY2022,
unpaired_actual,NVDA,2023,,,,,,,,operating_margin,Operating margin,,consolidated,,,,Q3 FY2022,SEC XBRL derived Operating margin for Q3 FY2022: 37.6038% (2671000000 / 7103000000),37.6038%,,,,,,,,,,,,,xbrl,XBRL Operating margin Q3 FY2022,
unpaired_actual,NVDA,2023,,,,,,,,revenue,Revenue,,consolidated,,,,FY2022,SEC XBRL Revenue for FY2022: 26914000000 USD,$26914000000,,,,,,,,,,,,,xbrl,XBRL Revenue FY2022,
unpaired_actual,NVDA,2023,,,,,,,,gross_profit,Gross profit,,consolidated,,,,FY2022,SEC XBRL Gross Profit for FY2022: 17475000000 USD,$17475000000,,,,,,,,,,,,,xbrl,XBRL Gross Profit FY2022,
unpaired_actual,NVDA,2023,,,,,,,,operating_income,Operating income,,consolidated,,,,FY2022,SEC XBRL Operating Income for FY2022: 10041000000 USD,$10041000000,,,,,,,,,,,,,xbrl,XBRL Operating Income FY2022,
unpaired_actual,NVDA,2023,,,,,,,,net_income,Net Income,,consolidated,,,,FY2022,SEC XBRL Net Income for FY2022: 9752000000 USD,$9752000000,,,,,,,,,,,,,xbrl,XBRL Net Income FY2022,
unpaired_actual,NVDA,2023,,,,,,,,eps,Diluted EPS,,consolidated,,,,FY2022,SEC XBRL Diluted EPS for FY2022: 3.85 USD/share,$3.85,,,,,,,,,,,,,xbrl,XBRL Diluted EPS FY2022,
unpaired_actual,NVDA,2023,,,,,,,,operating_cash_flow,Operating Cash Flow,,consolidated,,,,FY2022,SEC XBRL Operating Cash Flow for FY2022: 9108000000 USD,$9108000000,,,,,,,,,,,,,xbrl,XBRL Operating Cash Flow FY2022,
unpaired_actual,NVDA,2023,,,,,,,,gross_margin,Gross margin,,consolidated,,,,FY2022,SEC XBRL derived Gross margin for FY2022: 64.9290% (17475000000 / 26914000000),64.9290%,,,,,,,,,,,,,xbrl,XBRL Gross margin FY2022,
unpaired_actual,NVDA,2023,,,,,,,,operating_margin,Operating margin,,consolidated,,,,FY2022,SEC XBRL derived Operating margin for FY2022: 37.3077% (10041000000 / 26914000000),37.3077%,,,,,,,,,,,,,xbrl,XBRL Operating margin FY2022,
unpaired_actual,NVDA,2023,,,,,,,,revenue,Revenue,,consolidated,,,,Q1 FY2023,SEC XBRL Revenue for Q1 FY2023: 8288000000 USD,$8288000000,,,,,,,,,,,,,xbrl,XBRL Revenue Q1 FY2023,
unpaired_actual,NVDA,2023,,,,,,,,gross_profit,Gross profit,,consolidated,,,,Q1 FY2023,SEC XBRL Gross Profit for Q1 FY2023: 5431000000 USD,$5431000000,,,,,,,,,,,,,xbrl,XBRL Gross Profit Q1 FY2023,
unpaired_actual,NVDA,2023,,,,,,,,operating_income,Operating income,,consolidated,,,,Q1 FY2023,SEC XBRL Operating Income for Q1 FY2023: 1868000000 USD,$1868000000,,,,,,,,,,,,,xbrl,XBRL Operating Income Q1 FY2023,
unpaired_actual,NVDA,2023,,,,,,,,net_income,Net Income,,consolidated,,,,Q1 FY2023,SEC XBRL Net Income for Q1 FY2023: 1618000000 USD,$1618000000,,,,,,,,,,,,,xbrl,XBRL Net Income Q1 FY2023,
unpaired_actual,NVDA,2023,,,,,,,,eps,Diluted EPS,,consolidated,,,,Q1 FY2023,SEC XBRL Diluted EPS for Q1 FY2023: 0.64 USD/share,$0.64,,,,,,,,,,,,,xbrl,XBRL Diluted EPS Q1 FY2023,
unpaired_actual,NVDA,2023,,,,,,,,operating_cash_flow,Operating Cash Flow,,consolidated,,,,Q1 FY2023,SEC XBRL Operating Cash Flow for Q1 FY2023: 1731000000 USD,$1731000000,,,,,,,,,,,,,xbrl,XBRL Operating Cash Flow Q1 FY2023,
unpaired_actual,NVDA,2023,,,,,,,,gross_margin,Gross margin,,consolidated,,,,Q1 FY2023,SEC XBRL derived Gross margin for Q1 FY2023: 65.5285% (5431000000 / 8288000000),65.5285%,,,,,,,,,,,,,xbrl,XBRL Gross margin Q1 FY2023,
unpaired_actual,NVDA,2023,,,,,,,,operating_margin,Operating margin,,consolidated,,,,Q1 FY2023,SEC XBRL derived Operating margin for Q1 FY2023: 22.5386% (1868000000 / 8288000000),22.5386%,,,,,,,,,,,,,xbrl,XBRL Operating margin Q1 FY2023,
unpaired_actual,NVDA,2023,,,,,,,,revenue,Revenue,,consolidated,,,,Q2 FY2023,SEC XBRL Revenue for Q2 FY2023: 6704000000 USD,$6704000000,,,,,,,,,,,,,xbrl,XBRL Revenue Q2 FY2023,
unpaired_actual,NVDA,2023,,,,,,,,gross_profit,Gross profit,,consolidated,,,,Q2 FY2023,SEC XBRL Gross Profit for Q2 FY2023: 2915000000 USD,$2915000000,,,,,,,,,,,,,xbrl,XBRL Gross Profit Q2 FY2023,
unpaired_actual,NVDA,2023,,,,,,,,operating_income,Operating income,,consolidated,,,,Q2 FY2023,SEC XBRL Operating Income for Q2 FY2023: 499000000 USD,$499000000,,,,,,,,,,,,,xbrl,XBRL Operating Income Q2 FY2023,
unpaired_actual,NVDA,2023,,,,,,,,net_income,Net Income,,consolidated,,,,Q2 FY2023,SEC XBRL Net Income for Q2 FY2023: 656000000 USD,$656000000,,,,,,,,,,,,,xbrl,XBRL Net Income Q2 FY2023,
unpaired_actual,NVDA,2023,,,,,,,,eps,Diluted EPS,,consolidated,,,,Q2 FY2023,SEC XBRL Diluted EPS for Q2 FY2023: 0.26 USD/share,$0.26,,,,,,,,,,,,,xbrl,XBRL Diluted EPS Q2 FY2023,
unpaired_actual,NVDA,2023,,,,,,,,operating_cash_flow,Operating Cash Flow,,consolidated,,,,Q2 FY2023,SEC XBRL Operating Cash Flow for Q2 FY2023: 7528000000 USD,$7528000000,,,,,,,,,,,,,xbrl,XBRL Operating Cash Flow Q2 FY2023,
unpaired_actual,NVDA,2023,,,,,,,,gross_margin,Gross margin,,consolidated,,,,Q2 FY2023,SEC XBRL derived Gross margin for Q2 FY2023: 43.4815% (2915000000 / 6704000000),43.4815%,,,,,,,,,,,,,xbrl,XBRL Gross margin Q2 FY2023,
unpaired_actual,NVDA,2023,,,,,,,,operating_margin,Operating margin,,consolidated,,,,Q2 FY2023,SEC XBRL derived Operating margin for Q2 FY2023: 7.4433% (499000000 / 6704000000),7.4433%,,,,,,,,,,,,,xbrl,XBRL Operating margin Q2 FY2023,
unpaired_actual,NVDA,2023,,,,,,,,revenue,Revenue,,consolidated,,,,Q3 FY2023,SEC XBRL Revenue for Q3 FY2023: 5931000000 USD,$5931000000,,,,,,,,,,,,,xbrl,XBRL Revenue Q3 FY2023,
unpaired_actual,NVDA,2023,,,,,,,,gross_profit,Gross profit,,consolidated,,,,Q3 FY2023,SEC XBRL Gross Profit for Q3 FY2023: 3177000000 USD,$3177000000,,,,,,,,,,,,,xbrl,XBRL Gross Profit Q3 FY2023,
unpaired_actual,NVDA,2023,,,,,,,,operating_income,Operating income,,consolidated,,,,Q3 FY2023,SEC XBRL Operating Income for Q3 FY2023: 601000000 USD,$601000000,,,,,,,,,,,,,xbrl,XBRL Operating Income Q3 FY2023,
unpaired_actual,NVDA,2023,,,,,,,,net_income,Net Income,,consolidated,,,,Q3 FY2023,SEC XBRL Net Income for Q3 FY2023: 680000000 USD,$680000000,,,,,,,,,,,,,xbrl,XBRL Net Income Q3 FY2023,
unpaired_actual,NVDA,2023,,,,,,,,eps,Diluted EPS,,consolidated,,,,Q3 FY2023,SEC XBRL Diluted EPS for Q3 FY2023: 0.27 USD/share,$0.27,,,,,,,,,,,,,xbrl,XBRL Diluted EPS Q3 FY2023,
unpaired_actual,NVDA,2023,,,,,,,,operating_cash_flow,Operating Cash Flow,,consolidated,,,,Q3 FY2023,SEC XBRL Operating Cash Flow for Q3 FY2023: 7332000000 USD,$7332000000,,,,,,,,,,,,,xbrl,XBRL Operating Cash Flow Q3 FY2023,
unpaired_actual,NVDA,2023,,,,,,,,gross_margin,Gross margin,,consolidated,,,,Q3 FY2023,SEC XBRL derived Gross margin for Q3 FY2023: 53.5660% (3177000000 / 5931000000),53.5660%,,,,,,,,,,,,,xbrl,XBRL Gross margin Q3 FY2023,
unpaired_actual,NVDA,2023,,,,,,,,operating_margin,Operating margin,,consolidated,,,,Q3 FY2023,SEC XBRL derived Operating margin for Q3 FY2023: 10.1332% (601000000 / 5931000000),10.1332%,,,,,,,,,,,,,xbrl,XBRL Operating margin Q3 FY2023,
unpaired_actual,NVDA,2023,,,,,,,,revenue,Revenue,,consolidated,,,,FY2023,SEC XBRL Revenue for FY2023: 26974000000 USD,$26974000000,,,,,,,,,,,,,xbrl,XBRL Revenue FY2023,
unpaired_actual,NVDA,2023,,,,,,,,gross_profit,Gross profit,,consolidated,,,,FY2023,SEC XBRL Gross Profit for FY2023: 15356000000 USD,$15356000000,,,,,,,,,,,,,xbrl,XBRL Gross Profit FY2023,
unpaired_actual,NVDA,2023,,,,,,,,operating_income,Operating income,,consolidated,,,,FY2023,SEC XBRL Operating Income for FY2023: 4224000000 USD,$4224000000,,,,,,,,,,,,,xbrl,XBRL Operating Income FY2023,
unpaired_actual,NVDA,2023,,,,,,,,net_income,Net Income,,consolidated,,,,FY2023,SEC XBRL Net Income for FY2023: 4368000000 USD,$4368000000,,,,,,,,,,,,,xbrl,XBRL Net Income FY2023,
unpaired_actual,NVDA,2023,,,,,,,,eps,Diluted EPS,,consolidated,,,,FY2023,SEC XBRL Diluted EPS for FY2023: 1.74 USD/share,$1.74,,,,,,,,,,,,,xbrl,XBRL Diluted EPS FY2023,
unpaired_actual,NVDA,2023,,,,,,,,operating_cash_flow,Operating Cash Flow,,consolidated,,,,FY2023,SEC XBRL Operating Cash Flow for FY2023: 5641000000 USD,$5641000000,,,,,,,,,,,,,xbrl,XBRL Operating Cash Flow FY2023,
unpaired_actual,NVDA,2023,,,,,,,,gross_margin,Gross margin,,consolidated,,,,FY2023,SEC XBRL derived Gross margin for FY2023: 56.9289% (15356000000 / 26974000000),56.9289%,,,,,,,,,,,,,xbrl,XBRL Gross margin FY2023,
unpaired_actual,NVDA,2023,,,,,,,,operating_margin,Operating margin,,consolidated,,,,FY2023,SEC XBRL derived Operating margin for FY2023: 15.6595% (4224000000 / 26974000000),15.6595%,,,,,,,,,,,,,xbrl,XBRL Operating margin FY2023,
unpaired_actual,NVDA,2023,,,,,,,,revenue,Revenue,,consolidated,,,,Q1 FY2024,SEC XBRL Revenue for Q1 FY2024: 7192000000 USD,$7192000000,,,,,,,,,,,,,xbrl,XBRL Revenue Q1 FY2024,
unpaired_actual,NVDA,2023,,,,,,,,gross_profit,Gross profit,,consolidated,,,,Q1 FY2024,SEC XBRL Gross Profit for Q1 FY2024: 4648000000 USD,$4648000000,,,,,,,,,,,,,xbrl,XBRL Gross Profit Q1 FY2024,
unpaired_actual,NVDA,2023,,,,,,,,operating_income,Operating income,,consolidated,,,,Q1 FY2024,SEC XBRL Operating Income for Q1 FY2024: 2140000000 USD,$2140000000,,,,,,,,,,,,,xbrl,XBRL Operating Income Q1 FY2024,
unpaired_actual,NVDA,2023,,,,,,,,net_income,Net Income,,consolidated,,,,Q1 FY2024,SEC XBRL Net Income for Q1 FY2024: 2043000000 USD,$2043000000,,,,,,,,,,,,,xbrl,XBRL Net Income Q1 FY2024,
unpaired_actual,NVDA,2023,,,,,,,,eps,Diluted EPS,,consolidated,,,,Q1 FY2024,SEC XBRL Diluted EPS for Q1 FY2024: 0.82 USD/share,$0.82,,,,,,,,,,,,,xbrl,XBRL Diluted EPS Q1 FY2024,
unpaired_actual,NVDA,2023,,,,,,,,operating_cash_flow,Operating Cash Flow,,consolidated,,,,Q1 FY2024,SEC XBRL Operating Cash Flow for Q1 FY2024: 2911000000 USD,$2911000000,,,,,,,,,,,,,xbrl,XBRL Operating Cash Flow Q1 FY2024,
unpaired_actual,NVDA,2023,,,,,,,,gross_margin,Gross margin,,consolidated,,,,Q1 FY2024,SEC XBRL derived Gross margin for Q1 FY2024: 64.6274% (4648000000 / 7192000000),64.6274%,,,,,,,,,,,,,xbrl,XBRL Gross margin Q1 FY2024,
unpaired_actual,NVDA,2023,,,,,,,,operating_margin,Operating margin,,consolidated,,,,Q1 FY2024,SEC XBRL derived Operating margin for Q1 FY2024: 29.7553% (2140000000 / 7192000000),29.7553%,,,,,,,,,,,,,xbrl,XBRL Operating margin Q1 FY2024,
unpaired_actual,NVDA,2023,,,,,,,,revenue,Revenue,,consolidated,,,,Q2 FY2024,SEC XBRL Revenue for Q2 FY2024: 13507000000 USD,$13507000000,,,,,,,,,,,,,xbrl,XBRL Revenue Q2 FY2024,
unpaired_actual,NVDA,2023,,,,,,,,gross_profit,Gross profit,,consolidated,,,,Q2 FY2024,SEC XBRL Gross Profit for Q2 FY2024: 9462000000 USD,$9462000000,,,,,,,,,,,,,xbrl,XBRL Gross Profit Q2 FY2024,
unpaired_actual,NVDA,2023,,,,,,,,operating_income,Operating income,,consolidated,,,,Q2 FY2024,SEC XBRL Operating Income for Q2 FY2024: 6800000000 USD,$6800000000,,,,,,,,,,,,,xbrl,XBRL Operating Income Q2 FY2024,
unpaired_actual,NVDA,2023,,,,,,,,net_income,Net Income,,consolidated,,,,Q2 FY2024,SEC XBRL Net Income for Q2 FY2024: 6188000000 USD,$6188000000,,,,,,,,,,,,,xbrl,XBRL Net Income Q2 FY2024,
unpaired_actual,NVDA,2023,,,,,,,,eps,Diluted EPS,,consolidated,,,,Q2 FY2024,SEC XBRL Diluted EPS for Q2 FY2024: 2.48 USD/share,$2.48,,,,,,,,,,,,,xbrl,XBRL Diluted EPS Q2 FY2024,
unpaired_actual,NVDA,2023,,,,,,,,operating_cash_flow,Operating Cash Flow,,consolidated,,,,Q2 FY2024,SEC XBRL Operating Cash Flow for Q2 FY2024: 26922000000 USD,$26922000000,,,,,,,,,,,,,xbrl,XBRL Operating Cash Flow Q2 FY2024,
unpaired_actual,NVDA,2023,,,,,,,,gross_margin,Gross margin,,consolidated,,,,Q2 FY2024,SEC XBRL derived Gross margin for Q2 FY2024: 70.0526% (9462000000 / 13507000000),70.0526%,,,,,,,,,,,,,xbrl,XBRL Gross margin Q2 FY2024,
unpaired_actual,NVDA,2023,,,,,,,,operating_margin,Operating margin,,consolidated,,,,Q2 FY2024,SEC XBRL derived Operating margin for Q2 FY2024: 50.3443% (6800000000 / 13507000000),50.3443%,,,,,,,,,,,,,xbrl,XBRL Operating margin Q2 FY2024,
unpaired_actual,NVDA,2023,,,,,,,,revenue,Revenue,,consolidated,,,,Q3 FY2024,SEC XBRL Revenue for Q3 FY2024: 18120000000 USD,$18120000000,,,,,,,,,,,,,xbrl,XBRL Revenue Q3 FY2024,
unpaired_actual,NVDA,2023,,,,,,,,gross_profit,Gross profit,,consolidated,,,,Q3 FY2024,SEC XBRL Gross Profit for Q3 FY2024: 13400000000 USD,$13400000000,,,,,,,,,,,,,xbrl,XBRL Gross Profit Q3 FY2024,
unpaired_actual,NVDA,2023,,,,,,,,operating_income,Operating income,,consolidated,,,,Q3 FY2024,SEC XBRL Operating Income for Q3 FY2024: 10417000000 USD,$10417000000,,,,,,,,,,,,,xbrl,XBRL Operating Income Q3 FY2024,
unpaired_actual,NVDA,2023,,,,,,,,net_income,Net Income,,consolidated,,,,Q3 FY2024,SEC XBRL Net Income for Q3 FY2024: 9243000000 USD,$9243000000,,,,,,,,,,,,,xbrl,XBRL Net Income Q3 FY2024,
unpaired_actual,NVDA,2023,,,,,,,,eps,Diluted EPS,,consolidated,,,,Q3 FY2024,SEC XBRL Diluted EPS for Q3 FY2024: 3.71 USD/share,$3.71,,,,,,,,,,,,,xbrl,XBRL Diluted EPS Q3 FY2024,
unpaired_actual,NVDA,2023,,,,,,,,operating_cash_flow,Operating Cash Flow,,consolidated,,,,Q3 FY2024,SEC XBRL Operating Cash Flow for Q3 FY2024: 17627000000 USD,$17627000000,,,,,,,,,,,,,xbrl,XBRL Operating Cash Flow Q3 FY2024,
unpaired_actual,NVDA,2023,,,,,,,,gross_margin,Gross margin,,consolidated,,,,Q3 FY2024,SEC XBRL derived Gross margin for Q3 FY2024: 73.9514% (13400000000 / 18120000000),73.9514%,,,,,,,,,,,,,xbrl,XBRL Gross margin Q3 FY2024,
unpaired_actual,NVDA,2023,,,,,,,,operating_margin,Operating margin,,consolidated,,,,Q3 FY2024,SEC XBRL derived Operating margin for Q3 FY2024: 57.4890% (10417000000 / 18120000000),57.4890%,,,,,,,,,,,,,xbrl,XBRL Operating margin Q3 FY2024,
unpaired_actual,NVDA,2023,,,,,,,,revenue,Revenue,,consolidated,,,,FY2024,SEC XBRL Revenue for FY2024: 60922000000 USD,$60922000000,,,,,,,,,,,,,xbrl,XBRL Revenue FY2024,
unpaired_actual,NVDA,2023,,,,,,,,gross_profit,Gross profit,,consolidated,,,,FY2024,SEC XBRL Gross Profit for FY2024: 44301000000 USD,$44301000000,,,,,,,,,,,,,xbrl,XBRL Gross Profit FY2024,
unpaired_actual,NVDA,2023,,,,,,,,operating_income,Operating income,,consolidated,,,,FY2024,SEC XBRL Operating Income for FY2024: 32972000000 USD,$32972000000,,,,,,,,,,,,,xbrl,XBRL Operating Income FY2024,
unpaired_actual,NVDA,2023,,,,,,,,net_income,Net Income,,consolidated,,,,FY2024,SEC XBRL Net Income for FY2024: 29760000000 USD,$29760000000,,,,,,,,,,,,,xbrl,XBRL Net Income FY2024,
unpaired_actual,NVDA,2023,,,,,,,,eps,Diluted EPS,,consolidated,,,,FY2024,SEC XBRL Diluted EPS for FY2024: 11.93 USD/share,$11.93,,,,,,,,,,,,,xbrl,XBRL Diluted EPS FY2024,
unpaired_actual,NVDA,2023,,,,,,,,operating_cash_flow,Operating Cash Flow,,consolidated,,,,FY2024,SEC XBRL Operating Cash Flow for FY2024: 28090000000 USD,$28090000000,,,,,,,,,,,,,xbrl,XBRL Operating Cash Flow FY2024,
unpaired_actual,NVDA,2023,,,,,,,,gross_margin,Gross margin,,consolidated,,,,FY2024,SEC XBRL derived Gross margin for FY2024: 72.7176% (44301000000 / 60922000000),72.7176%,,,,,,,,,,,,,xbrl,XBRL Gross margin FY2024,
unpaired_actual,NVDA,2023,,,,,,,,operating_margin,Operating margin,,consolidated,,,,FY2024,SEC XBRL derived Operating margin for FY2024: 54.1217% (32972000000 / 60922000000),54.1217%,,,,,,,,,,,,,xbrl,XBRL Operating margin FY2024,
