record_type,ticker,anchor_year,cohort,guidance_issued_period,guidance_issued_year,target_period,target_coverage_complete,target_coverage_missing_sources,guidance_category,metric_key,metric_label,metric_label_original,business_scope,guidance_text,guidance_value_raw,guidance_value_normalized,actual_period,actual_text,actual_value_raw,actual_value_normalized,verdict,explanation,confidence,comparison_scope,is_out_of_cohort,revision_group,is_primary_guidance,unresolved_reason,guidance_source_type,guidance_source_label,guidance_source_url,actual_source_type,actual_source_label,actual_source_url
comparison,NVDA,2024,outside anchor-year cohorts,NVDA_Q1_2023,2023,,False,"[""target period not established""]",financial,revenue_growth,Revenue growth,Revenue growth,consolidated,"And in general, I think previously, you guys were anticipating sequential supply and revenue growth for the business through this entire year.",,"{""low"": null, ""high"": null, ""value"": null, ""unit"": null, ""direction"": ""exact"", ""raw"": null}",,,,,Unresolved,no defensible target period,low,explicit_target_appendix,True,revenue_growth_consolidated_unresolved,False,no defensible target period,transcript,NVDA_Q1_2023,,,,
comparison,NVDA,2024,outside anchor-year cohorts,NVDA_Q1_2023,2023,,False,"[""target period not established""]",product or milestone,product_milestone,Product / strategic milestone,Product / strategic milestone,consolidated,"And so, we're perfectly timed to ramp into the Gen 5 generation with Hopper.",5,"{""low"": 5.0, ""high"": 5.0, ""value"": 5.0, ""unit"": ""number"", ""direction"": ""exact"", ""raw"": ""5""}",,,,,Unresolved,no defensible target period,low,explicit_target_appendix,True,product_milestone_consolidated_unresolved,False,no defensible target period,transcript,NVDA_Q1_2023,,,,
comparison,NVDA,2024,outside anchor-year cohorts,NVDA_Q1_2023,2023,,False,"[""target period not established""]",product or milestone,product_milestone,Product / strategic milestone,Product / strategic milestone,consolidated,As well as the new DGX H100 AI supercomputing system will ramp in volume late in the calendar year.,,"{""low"": null, ""high"": null, ""value"": null, ""unit"": null, ""direction"": ""exact"", ""raw"": null}",,,,,Unresolved,no defensible target period,low,explicit_target_appendix,True,product_milestone_consolidated_unresolved,False,no defensible target period,transcript,NVDA_Q1_2023,,,,
comparison,NVDA,2024,outside anchor-year cohorts,NVDA_Q1_2023,2023,FY2023,True,[],product or milestone,product_milestone,Product / strategic milestone,Product / strategic milestone,consolidated,"Building on the H100 product side, we are on track to launch our first ever Data Center CPU, Grace, in the first half of 2023.",2023.,"{""low"": 2023.0, ""high"": 2023.0, ""value"": 2023.0, ""unit"": ""number"", ""direction"": ""exact"", ""raw"": ""2023.""}",,,,,Superseded,"A later valid guidance statement for the same metric, scope, and target period superseded this statement before the outcome.",low,explicit_target_appendix,True,product_milestone_consolidated_fy2023,False,,transcript,NVDA_Q1_2023,,,,
comparison,NVDA,2024,outside anchor-year cohorts,NVDA_Q1_2023,2023,,False,"[""target period not established""]",financial,revenue,Revenue,Revenue,consolidated,But there were plans and Russia has been a part of our overall company revenue of probably about 2% of our company revenue historically and a little larger percentage when you look at our Gaming business.,about 2%,"{""low"": 2.0, ""high"": 2.0, ""value"": 2.0, ""unit"": ""percent"", ""direction"": ""approximately"", ""raw"": ""about 2%""}",,,,,Unresolved,no defensible target period,low,explicit_target_appendix,True,revenue_consolidated_unresolved,False,no defensible target period,transcript,NVDA_Q1_2023,,,,
comparison,NVDA,2024,outside anchor-year cohorts,NVDA_Q1_2023,2023,,False,"[""target period not established""]",financial,operating_expenses,Operating expenses,Operating expenses,consolidated,GAAP operating expenses are expected to be $2.46 billion.,$2.46 billion,"{""low"": 2460000000.0, ""high"": 2460000000.0, ""value"": 2460000000.0, ""unit"": ""currency"", ""direction"": ""exact"", ""raw"": ""$2.46 billion""}",,,,,Unresolved,no defensible target period,low,explicit_target_appendix,True,operating_expenses_consolidated_unresolved,False,no defensible target period,transcript,NVDA_Q1_2023,,,,
comparison,NVDA,2024,outside anchor-year cohorts,NVDA_Q1_2023,2023,FY2023,True,[],product or milestone,product_milestone,Product / strategic milestone,Product / strategic milestone,consolidated,"Just wanted to clarify, Colette, if your Q2 outlook includes any destocking benefits from the new products that you're planning to launch this year.",,"{""low"": null, ""high"": null, ""value"": null, ""unit"": null, ""direction"": ""between"", ""raw"": null}",,,,,Not Verifiable After Exhaustive Search,"The loaded transcript, filing-section, filing-table, and XBRL search matrix did not contain a defensible actual for the same metric, scope, unit, and target period. Missing evidence is not treated as a miss.",low,explicit_target_appendix,True,product_milestone_consolidated_fy2023,True,"The loaded transcript, filing-section, filing-table, and XBRL search matrix did not contain a defensible actual for the same metric, scope, unit, and target period. Missing evidence is not treated as a miss.",transcript,NVDA_Q1_2023,,,,
comparison,NVDA,2024,outside anchor-year cohorts,NVDA_Q1_2023,2023,,False,"[""target period not established""]",financial,revenue_growth,Revenue growth,Revenue growth,consolidated,"Laptop Gaming revenue posted strong sequential and year-on-year growth, driven by the ramp of the NVIDIA RTX 30 Series lineup.",30,"{""low"": 30.0, ""high"": 30.0, ""value"": 30.0, ""unit"": ""number"", ""direction"": ""exact"", ""raw"": ""30""}",,,,,Unresolved,no defensible target period,low,explicit_target_appendix,True,revenue_growth_consolidated_unresolved,False,no defensible target period,transcript,NVDA_Q1_2023,,,,
comparison,NVDA,2024,outside anchor-year cohorts,NVDA_Q1_2023,2023,,False,"[""target period not established""]",financial,operating_expenses,Operating expenses,Operating expenses,consolidated,Non-GAAP operating expenses are expected to be $1.75 billion.,$1.75 billion,"{""low"": 1750000000.0, ""high"": 1750000000.0, ""value"": 1750000000.0, ""unit"": ""currency"", ""direction"": ""exact"", ""raw"": ""$1.75 billion""}",,,,,Unresolved,no defensible target period,low,explicit_target_appendix,True,operating_expenses_consolidated_unresolved,False,no defensible target period,transcript,NVDA_Q1_2023,,,,
comparison,NVDA,2024,outside anchor-year cohorts,NVDA_Q1_2023,2023,,False,"[""target period not established""]",financial,revenue,Revenue,Revenue,consolidated,"Revenue is expected to be $8.1 billion, plus or minus 2%.","$8.1 billion, plus or minus 2%","{""low"": 7938000000.0, ""high"": 8262000000.0, ""value"": 8100000000.0, ""unit"": ""currency"", ""direction"": ""range"", ""raw"": ""$8.1 billion, plus or minus 2%""}",,,,,Unresolved,no defensible target period,low,explicit_target_appendix,True,revenue_consolidated_unresolved,False,no defensible target period,transcript,NVDA_Q1_2023,,,,
comparison,NVDA,2024,outside anchor-year cohorts,NVDA_Q1_2023,2023,,False,"[""target period not established""]",operating,deliveries,Deliveries,Deliveries,consolidated,"Third, ramping O-RAN, our new robotics processor, and nearly 40 customers building cars, robo taxis, trucks, delivery robots, logistics robots, farming robots to medical instruments.",40,"{""low"": 40.0, ""high"": 40.0, ""value"": 40.0, ""unit"": ""number"", ""direction"": ""exact"", ""raw"": ""40""}",,,,,Unresolved,no defensible target period,low,explicit_target_appendix,True,deliveries_consolidated_unresolved,False,no defensible target period,transcript,NVDA_Q1_2023,,,,
comparison,NVDA,2024,outside anchor-year cohorts,NVDA_Q2_2023,2023,,False,"[""target period not established""]",financial,revenue,Revenue,Revenue,consolidated,"As discussed in May, we expected a sequential decline in Gaming revenue due to softness in Europe related to the war in Ukraine and COVID lockdowns in China.",,"{""low"": null, ""high"": null, ""value"": null, ""unit"": null, ""direction"": ""exact"", ""raw"": null}",,,,,Unresolved,no defensible target period,low,explicit_target_appendix,True,revenue_consolidated_unresolved,False,no defensible target period,transcript,NVDA_Q2_2023,,,,
comparison,NVDA,2024,outside anchor-year cohorts,NVDA_Q2_2023,2023,,False,"[""target period not established""]",financial,operating_expenses,Operating expenses,Operating expenses,consolidated,GAAP operating expenses are expected to be approximately $2.59 billion.,approximately $2.59 billion,"{""low"": 2590000000.0, ""high"": 2590000000.0, ""value"": 2590000000.0, ""unit"": ""currency"", ""direction"": ""approximately"", ""raw"": ""approximately $2.59 billion""}",,,,,Unresolved,no defensible target period,low,explicit_target_appendix,True,operating_expenses_consolidated_unresolved,False,no defensible target period,transcript,NVDA_Q2_2023,,,,
comparison,NVDA,2024,outside anchor-year cohorts,NVDA_Q2_2023,2023,,False,"[""target period not established""]",financial,operating_expenses,Operating expenses,Operating expenses,consolidated,Non-GAAP operating expenses are expected to be approximately $1.82 billion.,approximately $1.82 billion,"{""low"": 1820000000.0, ""high"": 1820000000.0, ""value"": 1820000000.0, ""unit"": ""currency"", ""direction"": ""approximately"", ""raw"": ""approximately $1.82 billion""}",,,,,Unresolved,no defensible target period,low,explicit_target_appendix,True,operating_expenses_consolidated_unresolved,False,no defensible target period,transcript,NVDA_Q2_2023,,,,
comparison,NVDA,2024,prior-year guidance resolved in anchor year,NVDA_Q2_2023,2023,FY2024,True,"[""NVDA_Q4_2024""]",financial,operating_expenses,Operating expenses,Operating expenses,consolidated,Our full year non-GAAP opex is expected to grow over 30%.,30%,"{""low"": 30.0, ""high"": 30.0, ""value"": 30.0, ""unit"": ""percent"", ""direction"": ""exact"", ""raw"": ""30%""}",,,,,Superseded,"A later valid guidance statement for the same metric, scope, and target period superseded this statement before the outcome.",low,active_cohort,False,operating_expenses_consolidated_fy2024,False,,transcript,NVDA_Q2_2023,,,,
comparison,NVDA,2024,outside anchor-year cohorts,NVDA_Q2_2023,2023,,False,"[""target period not established""]",financial,revenue,Revenue,Revenue,consolidated,"Revenue is expected to be $5.9 billion, plus or minus 2%.","$5.9 billion, plus or minus 2%","{""low"": 5782000000.0, ""high"": 6018000000.0, ""value"": 5900000000.0, ""unit"": ""currency"", ""direction"": ""range"", ""raw"": ""$5.9 billion, plus or minus 2%""}",,,,,Unresolved,no defensible target period,low,explicit_target_appendix,True,revenue_consolidated_unresolved,False,no defensible target period,transcript,NVDA_Q2_2023,,,,
comparison,NVDA,2024,prior-year guidance resolved in anchor year,NVDA_Q2_2023,2023,FY2024,True,"[""NVDA_Q4_2024""]",financial,revenue,Revenue,Revenue,consolidated,"Total revenue of $6.7 billion was down 19% sequentially and up 3% year on year, below the $8.1 billion outlook we provided on our last earnings call.",$6.7 billion,"{""low"": 6700000000.0, ""high"": 6700000000.0, ""value"": 6700000000.0, ""unit"": ""currency"", ""direction"": ""exact"", ""raw"": ""$6.7 billion""}",,,,,Superseded,"A later valid guidance statement for the same metric, scope, and target period superseded this statement before the outcome.",low,active_cohort,False,revenue_consolidated_fy2024,False,,transcript,NVDA_Q2_2023,,,,
comparison,NVDA,2024,outside anchor-year cohorts,NVDA_Q2_2023,2023,,False,"[""target period not established""]",financial,revenue,Revenue,Revenue,consolidated,We expect Gaming and ProViz revenue to decline sequentially as OEMs and channel partners reduce inventory levels to align with current levels of demand and prepare for our new product generation.,,"{""low"": null, ""high"": null, ""value"": null, ""unit"": null, ""direction"": ""exact"", ""raw"": null}",,,,,Unresolved,no defensible target period,low,explicit_target_appendix,True,revenue_consolidated_unresolved,False,no defensible target period,transcript,NVDA_Q2_2023,,,,
comparison,NVDA,2024,outside anchor-year cohorts,NVDA_Q3_2023,2023,,False,"[""target period not established""]",product or milestone,product_milestone,Product / strategic milestone,Product / strategic milestone,consolidated,"And in automotive, we expect the continued ramp of our Oren design wins.",,"{""low"": null, ""high"": null, ""value"": null, ""unit"": null, ""direction"": ""exact"", ""raw"": null}",,,,,Unresolved,no defensible target period,low,explicit_target_appendix,True,product_milestone_consolidated_unresolved,False,no defensible target period,transcript,NVDA_Q3_2023,,,,
comparison,NVDA,2024,outside anchor-year cohorts,NVDA_Q3_2023,2023,,False,"[""target period not established""]",operating,subscribers,Subscribers / customers,Subscribers / customers,consolidated,"Driver will be available for automakers 25 models with Geely owned automaker, Zika as the first announced customer.",25,"{""low"": 25.0, ""high"": 25.0, ""value"": 25.0, ""unit"": ""number"", ""direction"": ""exact"", ""raw"": ""25""}",,,,,Unresolved,no defensible target period,low,explicit_target_appendix,True,subscribers_consolidated_unresolved,False,no defensible target period,transcript,NVDA_Q3_2023,,,,
comparison,NVDA,2024,outside anchor-year cohorts,NVDA_Q3_2023,2023,,False,"[""target period not established""]",financial,operating_expenses,Operating expenses,Operating expenses,consolidated,GAAP operating expenses are expected to be approximately $2.56 billion.,approximately $2.56 billion,"{""low"": 2560000000.0, ""high"": 2560000000.0, ""value"": 2560000000.0, ""unit"": ""currency"", ""direction"": ""approximately"", ""raw"": ""approximately $2.56 billion""}",,,,,Unresolved,no defensible target period,low,explicit_target_appendix,True,operating_expenses_consolidated_unresolved,False,no defensible target period,transcript,NVDA_Q3_2023,,,,
comparison,NVDA,2024,outside anchor-year cohorts,NVDA_Q3_2023,2023,,False,"[""target period not established""]",financial,revenue_growth,Revenue growth,Revenue growth,consolidated,"In gaming, we expect to resume sequential growth with our revenue still below end demand as we continue to work through the channel inventory correction.",,"{""low"": null, ""high"": null, ""value"": null, ""unit"": null, ""direction"": ""below"", ""raw"": null}",,,,,Unresolved,no defensible target period,low,explicit_target_appendix,True,revenue_growth_consolidated_unresolved,False,no defensible target period,transcript,NVDA_Q3_2023,,,,
comparison,NVDA,2024,outside anchor-year cohorts,NVDA_Q3_2023,2023,,False,"[""target period not established""]",financial,operating_expenses,Operating expenses,Operating expenses,consolidated,Non-GAAP operating expenses are expected to be approximately $1.78 billion.,approximately $1.78 billion,"{""low"": 1780000000.0, ""high"": 1780000000.0, ""value"": 1780000000.0, ""unit"": ""currency"", ""direction"": ""approximately"", ""raw"": ""approximately $1.78 billion""}",,,,,Unresolved,no defensible target period,low,explicit_target_appendix,True,operating_expenses_consolidated_unresolved,False,no defensible target period,transcript,NVDA_Q3_2023,,,,
comparison,NVDA,2024,outside anchor-year cohorts,NVDA_Q3_2023,2023,,False,"[""target period not established""]",financial,revenue,Revenue,Revenue,consolidated,"Revenue is expected to be $6 billion, plus or minus 2%.","$6 billion, plus or minus 2%","{""low"": 5880000000.0, ""high"": 6120000000.0, ""value"": 6000000000.0, ""unit"": ""currency"", ""direction"": ""range"", ""raw"": ""$6 billion, plus or minus 2%""}",,,,,Unresolved,no defensible target period,low,explicit_target_appendix,True,revenue_consolidated_unresolved,False,no defensible target period,transcript,NVDA_Q3_2023,,,,
comparison,NVDA,2024,outside anchor-year cohorts,NVDA_Q3_2023,2023,,False,"[""target period not established""]",financial,revenue,Revenue,Revenue,segment:data_center,"We expect our data center revenue to reflect early production shipments of the A100, offset by continued softness in China.",,"{""low"": null, ""high"": null, ""value"": null, ""unit"": null, ""direction"": ""exact"", ""raw"": null}",,,,,Unresolved,no defensible target period,low,explicit_target_appendix,True,revenue_segment_data_center_unresolved,False,no defensible target period,transcript,NVDA_Q3_2023,,,,
comparison,NVDA,2024,prior-year guidance resolved in anchor year,NVDA_Q4_2023,2023,FY2024,True,"[""NVDA_Q4_2024""]",financial,operating_expenses,Operating expenses,Operating expenses,consolidated,"Full year GAAP operating expenses were up 50%, and non-GAAP operating expenses were up 31%.",50%,"{""low"": 50.0, ""high"": 50.0, ""value"": 50.0, ""unit"": ""percent"", ""direction"": ""exact"", ""raw"": ""50%""}",,,,,Superseded,"A later valid guidance statement for the same metric, scope, and target period superseded this statement before the outcome.",low,active_cohort,False,operating_expenses_consolidated_fy2024,False,,transcript,NVDA_Q4_2023,,,,
comparison,NVDA,2024,prior-year guidance resolved in anchor year,NVDA_Q4_2023,2023,FY2024,True,"[""NVDA_Q4_2024""]",financial,revenue,Revenue,Revenue,consolidated,"Full year revenue was $27 billion, flat from the prior year.",$27 billion,"{""low"": 27000000000.0, ""high"": 27000000000.0, ""value"": 27000000000.0, ""unit"": ""currency"", ""direction"": ""exact"", ""raw"": ""$27 billion""}",,,,,Superseded,"A later valid guidance statement for the same metric, scope, and target period superseded this statement before the outcome.",low,active_cohort,False,revenue_consolidated_fy2024,False,,transcript,NVDA_Q4_2023,,,,
comparison,NVDA,2024,prior-year guidance resolved in anchor year,NVDA_Q4_2023,2023,FY2024,True,"[""NVDA_Q4_2024""]",financial,operating_expenses,Operating expenses,Operating expenses,consolidated,GAAP operating expenses are expected to be approximately $2.53 billion.,approximately $2.53 billion,"{""low"": 2530000000.0, ""high"": 2530000000.0, ""value"": 2530000000.0, ""unit"": ""currency"", ""direction"": ""approximately"", ""raw"": ""approximately $2.53 billion""}",,,,,Superseded,"A later valid guidance statement for the same metric, scope, and target period superseded this statement before the outcome.",low,active_cohort,False,operating_expenses_consolidated_fy2024,False,,transcript,NVDA_Q4_2023,,,,
comparison,NVDA,2024,prior-year guidance resolved in anchor year,NVDA_Q4_2023,2023,FY2024,True,"[""NVDA_Q4_2024""]",financial,operating_expenses,Operating expenses,Operating expenses,consolidated,Non-GAAP operating expenses are expected to be approximately $1.78 billion.,approximately $1.78 billion,"{""low"": 1780000000.0, ""high"": 1780000000.0, ""value"": 1780000000.0, ""unit"": ""currency"", ""direction"": ""approximately"", ""raw"": ""approximately $1.78 billion""}",FY2024,"Operating Expenses Year Ended Jan 28, 2024 Jan 29, 2023 $ Change % Change ($ in millions) Research and development expenses $ 8,675 $ 7,339 $ 1,336 18 % % of net revenue 14.2 % 27.2 % Sales, general and administrative expenses 2,654 2,440 214 9 % % of net revenue 4.4 % 9.1 % Acquisition termination cost — 1,353 (1,353) (100) % % of net revenue — % 5.0 % Total operating expenses $ 11,329 $ 11,132 $ 197 2 % % of net revenue 18.6 % 41.3 % The increase in research and development expenses and sales, general and administrative expenses for fiscal year 2024 was primarily driven by compensation and benefits, including stock-based compensation, reflecting employee growth and compensation increases.","$ 11,329","{""low"": 11329.0, ""high"": 11329.0, ""value"": 11329.0, ""unit"": ""currency"", ""direction"": ""exact"", ""raw"": ""$ 11,329""}",Not Verifiable After Exhaustive Search,"A candidate actual was found, but deterministic comparability checks rejected it: The guidance used approximate language without a defensible tolerance.",medium,active_cohort,False,operating_expenses_consolidated_fy2024,True,"A candidate actual was found, but deterministic comparability checks rejected it: The guidance used approximate language without a defensible tolerance.",transcript,NVDA_Q4_2023,,filing,10-K FY2024 — Item 7. Management's Discussion and Analysis of Financial Condition and Results of Operations,
comparison,NVDA,2024,prior-year guidance resolved in anchor year,NVDA_Q4_2023,2023,FY2024,True,"[""NVDA_Q4_2024""]",financial,revenue,Revenue,Revenue,consolidated,"Revenue is expected to be $6.5 billion, plus or minus 2%.","$6.5 billion, plus or minus 2%","{""low"": 6370000000.0, ""high"": 6630000000.0, ""value"": 6500000000.0, ""unit"": ""currency"", ""direction"": ""range"", ""raw"": ""$6.5 billion, plus or minus 2%""}",FY2024,SEC XBRL Revenue for FY2024: 60922000000 USD,$60922000000,"{""low"": 60922000000.0, ""high"": 60922000000.0, ""value"": 60922000000.0, ""unit"": ""currency"", ""direction"": ""exact"", ""raw"": ""$60922000000""}",Missed,The actual is outside the stated range.,medium,active_cohort,False,revenue_consolidated_fy2024,True,,transcript,NVDA_Q4_2023,,xbrl,XBRL Revenue FY2024,
comparison,NVDA,2024,outside anchor-year cohorts,NVDA_Q4_2023,2023,FY2023,True,[],financial,revenue_growth,Revenue growth,Revenue growth,consolidated,We expect that to be a part of our revenue growth this year.,,"{""low"": null, ""high"": null, ""value"": null, ""unit"": null, ""direction"": ""exact"", ""raw"": null}",,,,,Not Verifiable After Exhaustive Search,"The loaded transcript, filing-section, filing-table, and XBRL search matrix did not contain a defensible actual for the same metric, scope, unit, and target period. Missing evidence is not treated as a miss.",low,explicit_target_appendix,True,revenue_growth_consolidated_fy2023,True,"The loaded transcript, filing-section, filing-table, and XBRL search matrix did not contain a defensible actual for the same metric, scope, unit, and target period. Missing evidence is not treated as a miss.",transcript,NVDA_Q4_2023,,,,
comparison,NVDA,2024,outside anchor-year cohorts,NVDA_Q1_2024,2024,,False,"[""target period not established""]",financial,operating_expenses,Operating expenses,Operating expenses,consolidated,"GAAP and non-GAAP operating expenses are expected to be approximately 2.71 billion and 1.9 billion, respectively.",approximately 2.71 billion,"{""low"": 2710000000.0, ""high"": 2710000000.0, ""value"": 2710000000.0, ""unit"": ""currency"", ""direction"": ""approximately"", ""raw"": ""approximately 2.71 billion""}",,,,,Unresolved,no defensible target period,low,explicit_target_appendix,True,operating_expenses_consolidated_unresolved,False,no defensible target period,transcript,NVDA_Q1_2024,,,,
comparison,NVDA,2024,outside anchor-year cohorts,NVDA_Q1_2024,2024,FY2024,True,"[""NVDA_Q4_2024""]",operating,production,Production,Production,segment:automotive,"Our new design win will extend BYD's use of the DRIVE Orin to its next-generation, high-volume Dynasty and Ocean series of vehicles set to start production in calendar 2024.",2024.,"{""low"": 2024.0, ""high"": 2024.0, ""value"": 2024.0, ""unit"": ""number"", ""direction"": ""exact"", ""raw"": ""2024.""}",,,,,Not Verifiable After Exhaustive Search,"The loaded transcript, filing-section, filing-table, and XBRL search matrix did not contain a defensible actual for the same metric, scope, unit, and target period. Missing evidence is not treated as a miss.",low,explicit_target_appendix,True,production_segment_automotive_fy2024,True,"The loaded transcript, filing-section, filing-table, and XBRL search matrix did not contain a defensible actual for the same metric, scope, unit, and target period. Missing evidence is not treated as a miss.",transcript,NVDA_Q1_2024,,,,
comparison,NVDA,2024,outside anchor-year cohorts,NVDA_Q1_2024,2024,,False,"[""target period not established""]",operating,production,Production,Production,consolidated,"Sequentially, growth moderated as some NAV customers in China are adjusting their production schedules to reflect lower-than-expected demand growth.",,"{""low"": null, ""high"": null, ""value"": null, ""unit"": null, ""direction"": ""exact"", ""raw"": null}",,,,,Unresolved,no defensible target period,low,explicit_target_appendix,True,production_consolidated_unresolved,False,no defensible target period,transcript,NVDA_Q1_2024,,,,
comparison,NVDA,2024,outside anchor-year cohorts,NVDA_Q1_2024,2024,,False,"[""target period not established""]",financial,revenue,Revenue,Revenue,consolidated,"Total revenue is expected to be 11 billion, plus or minus 2%.","11 billion, plus or minus 2%","{""low"": 10780000000.0, ""high"": 11220000000.0, ""value"": 11000000000.0, ""unit"": ""currency"", ""direction"": ""range"", ""raw"": ""11 billion, plus or minus 2%""}",,,,,Unresolved,no defensible target period,low,explicit_target_appendix,True,revenue_consolidated_unresolved,False,no defensible target period,transcript,NVDA_Q1_2024,,,,
comparison,NVDA,2024,outside anchor-year cohorts,NVDA_Q2_2024,2024,Q3 FY2024,True,[],financial,revenue,Revenue,Revenue,consolidated,"For Q3, total revenue is expected to be 16 billion, plus or minus 2%.","16 billion, plus or minus 2%","{""low"": 15680000000.0, ""high"": 16320000000.0, ""value"": 16000000000.0, ""unit"": ""currency"", ""direction"": ""range"", ""raw"": ""16 billion, plus or minus 2%""}",Q3 FY2024,SEC XBRL Revenue for Q3 FY2024: 18120000000 USD,$18120000000,"{""low"": 18120000000.0, ""high"": 18120000000.0, ""value"": 18120000000.0, ""unit"": ""currency"", ""direction"": ""exact"", ""raw"": ""$18120000000""}",Missed,The actual is outside the stated range.,medium,explicit_target_appendix,True,revenue_consolidated_q3_fy2024,True,,transcript,NVDA_Q2_2024,,xbrl,XBRL Revenue Q3 FY2024,
comparison,NVDA,2024,outside anchor-year cohorts,NVDA_Q2_2024,2024,,False,"[""target period not established""]",financial,operating_expenses,Operating expenses,Operating expenses,consolidated,"GAAP and non-GAAP operating expenses are expected to be approximately 2.95 billion and 2 billion, respectively.",approximately 2.95 billion,"{""low"": 2950000000.0, ""high"": 2950000000.0, ""value"": 2950000000.0, ""unit"": ""currency"", ""direction"": ""approximately"", ""raw"": ""approximately 2.95 billion""}",,,,,Unresolved,no defensible target period,low,explicit_target_appendix,True,operating_expenses_consolidated_unresolved,False,no defensible target period,transcript,NVDA_Q2_2024,,,,
comparison,NVDA,2024,outside anchor-year cohorts,NVDA_Q2_2024,2024,,False,"[""target period not established""]",operating,subscribers,Subscribers / customers,Subscribers / customers,consolidated,"Millions of professionals in legal services, sales, customer support, and education will be available to leverage AI systems trained in their fields.",,"{""low"": null, ""high"": null, ""value"": null, ""unit"": null, ""direction"": ""exact"", ""raw"": null}",,,,,Unresolved,no defensible target period,low,explicit_target_appendix,True,subscribers_consolidated_unresolved,False,no defensible target period,transcript,NVDA_Q2_2024,,,,
comparison,NVDA,2024,outside anchor-year cohorts,NVDA_Q2_2024,2024,Q2 FY2024,True,[],financial,revenue,Revenue,Revenue,consolidated,"Our CSPs -- our large CSPs are contributing a little bit more than 50% of our revenue within Q2, and the next largest category will be our consumer internet companies.",more than 50%,"{""low"": 50.0, ""high"": null, ""value"": 50.0, ""unit"": ""percent"", ""direction"": ""above"", ""raw"": ""more than 50%""}",Q2 FY2024,"A large cloud service provider, or CSP, which primarily purchases indirectly through multiple system integrators and distributors, is estimated to represent approximately 22 % and 19 % of total revenue for the second quarter and first half of fiscal year 2024, respectively, and was attributable to our Compute & Networking segment.",approximately 22 %,"{""low"": 22.0, ""high"": 22.0, ""value"": 22.0, ""unit"": ""percent"", ""direction"": ""approximately"", ""raw"": ""approximately 22 %""}",Missed,The actual is below the stated lower threshold.,medium,explicit_target_appendix,True,revenue_consolidated_q2_fy2024,True,,transcript,NVDA_Q2_2024,,filing,10-Q Q3 2023 — ITEM 1. FINANCIAL STATEMENTS (UNAUDITED) — Note 15 - Segment Information,
comparison,NVDA,2024,outside anchor-year cohorts,NVDA_Q2_2024,2024,Q2 FY2024,True,[],financial,revenue_growth,Revenue growth,Revenue growth,consolidated,Record Q2 revenue of 13.51 billion was up 88% sequentially and up 101% year on year and above our outlook of 11 billion.,13.51 billion,"{""low"": 13510000000.0, ""high"": 13510000000.0, ""value"": 13510000000.0, ""unit"": ""currency"", ""direction"": ""exact"", ""raw"": ""13.51 billion""}",,,,,Not Verifiable After Exhaustive Search,"The loaded transcript, filing-section, filing-table, and XBRL search matrix did not contain a defensible actual for the same metric, scope, unit, and target period. Missing evidence is not treated as a miss.",low,explicit_target_appendix,True,revenue_growth_consolidated_q2_fy2024,True,"The loaded transcript, filing-section, filing-table, and XBRL search matrix did not contain a defensible actual for the same metric, scope, unit, and target period. Missing evidence is not treated as a miss.",transcript,NVDA_Q2_2024,,,,
comparison,NVDA,2024,outside anchor-year cohorts,NVDA_Q2_2024,2024,Q2 FY2024,True,[],operating,production,Production,Production,consolidated,"The GH200 Grace Hopper Superchip, which combines our Arm-based Grace CPU with Hopper GPU, entered full production and will be available this quarter in OEM servers.",,"{""low"": null, ""high"": null, ""value"": null, ""unit"": null, ""direction"": ""exact"", ""raw"": null}",,,,,Not Verifiable After Exhaustive Search,"The loaded transcript, filing-section, filing-table, and XBRL search matrix did not contain a defensible actual for the same metric, scope, unit, and target period. Missing evidence is not treated as a miss.",low,explicit_target_appendix,True,production_consolidated_q2_fy2024,True,"The loaded transcript, filing-section, filing-table, and XBRL search matrix did not contain a defensible actual for the same metric, scope, unit, and target period. Missing evidence is not treated as a miss.",transcript,NVDA_Q2_2024,,,,
comparison,NVDA,2024,outside anchor-year cohorts,NVDA_Q2_2024,2024,,False,"[""target period not established""]",operating,subscribers,Subscribers / customers,Subscribers / customers,consolidated,"You know, given your position as the key enabler of AI, the breadth of engagements and the visibility you have into customer projects, I'm curious how confident you are that there will be enough applications or use cases for your customers to generate a reasonable return on their investments.",,"{""low"": null, ""high"": null, ""value"": null, ""unit"": null, ""direction"": ""exact"", ""raw"": null}",,,,,Unresolved,no defensible target period,low,explicit_target_appendix,True,subscribers_consolidated_unresolved,False,no defensible target period,transcript,NVDA_Q2_2024,,,,
comparison,NVDA,2024,anchor-year guidance resolved in following year,NVDA_Q3_2024,2024,FY2025,True,[],capacity or infrastructure,capacity,Capacity,Capacity,consolidated,"All in, we estimate that the combined AI compute capacity of all the supercomputers built on Grace Hopper across the U.S., Europe, and Japan next year will exceed 200 exaflops with more wins to come.",200,"{""low"": 200.0, ""high"": 200.0, ""value"": 200.0, ""unit"": ""number"", ""direction"": ""exact"", ""raw"": ""200""}",,,,,Not Verifiable After Exhaustive Search,"The loaded transcript, filing-section, filing-table, and XBRL search matrix did not contain a defensible actual for the same metric, scope, unit, and target period. Missing evidence is not treated as a miss.",low,active_cohort,False,capacity_consolidated_fy2025,True,"The loaded transcript, filing-section, filing-table, and XBRL search matrix did not contain a defensible actual for the same metric, scope, unit, and target period. Missing evidence is not treated as a miss.",transcript,NVDA_Q3_2024,,,,
comparison,NVDA,2024,outside anchor-year cohorts,NVDA_Q3_2024,2024,Q4 FY2024,True,"[""NVDA_Q4_2024""]",financial,revenue,Revenue,Revenue,consolidated,"Colette mentioned that you'll be introducing regulation-compliant products over the next couple of months, yet the contribution to Q4 revenue should be relatively limited.",,"{""low"": null, ""high"": null, ""value"": null, ""unit"": null, ""direction"": ""above"", ""raw"": null}",,,,,Superseded,"A later valid guidance statement for the same metric, scope, and target period superseded this statement before the outcome.",low,explicit_target_appendix,True,revenue_consolidated_q4_fy2024,False,,transcript,NVDA_Q3_2024,,,,
comparison,NVDA,2024,outside anchor-year cohorts,NVDA_Q3_2024,2024,,False,"[""target period not established""]",financial,operating_expenses,Operating expenses,Operating expenses,consolidated,"GAAP and non-GAAP operating expenses are expected to be approximately $3.17 billion and $2.2 billion, respectively.",approximately $3.17 billion,"{""low"": 3170000000.0, ""high"": 3170000000.0, ""value"": 3170000000.0, ""unit"": ""currency"", ""direction"": ""approximately"", ""raw"": ""approximately $3.17 billion""}",,,,,Unresolved,no defensible target period,low,explicit_target_appendix,True,operating_expenses_consolidated_unresolved,False,no defensible target period,transcript,NVDA_Q3_2024,,,,
comparison,NVDA,2024,outside anchor-year cohorts,NVDA_Q3_2024,2024,Q4 FY2024,True,"[""NVDA_Q4_2024""]",financial,revenue,Revenue,Revenue,consolidated,"However, we don't expect their contribution to be material or meaningful as a percentage of the revenue in Q4.",,"{""low"": null, ""high"": null, ""value"": null, ""unit"": null, ""direction"": ""exact"", ""raw"": null}",Q4 FY2024,These increases were driven by sales of our GeForce RTX 40 Series GPUs and game console SoCs.,40,"{""low"": 40.0, ""high"": 40.0, ""value"": 40.0, ""unit"": ""number"", ""direction"": ""exact"", ""raw"": ""40""}",Not Verifiable After Exhaustive Search,"A candidate actual was found, but deterministic comparability checks rejected it: The evidence is qualitative but does not establish a comparable outcome.",medium,explicit_target_appendix,True,revenue_consolidated_q4_fy2024,True,"A candidate actual was found, but deterministic comparability checks rejected it: The evidence is qualitative but does not establish a comparable outcome.",transcript,NVDA_Q3_2024,,filing,10-Q Q4 2024 — Item 2. Management's Discussion and Analysis of Financial Condition and Results of Operations,
comparison,NVDA,2024,outside anchor-year cohorts,NVDA_Q3_2024,2024,,False,"[""target period not established""]",product or milestone,product_milestone,Product / strategic milestone,Product / strategic milestone,consolidated,"In addition, Microsoft will launch new confidential computing instances based on the H100.",,"{""low"": null, ""high"": null, ""value"": null, ""unit"": null, ""direction"": ""exact"", ""raw"": null}",,,,,Unresolved,no defensible target period,low,explicit_target_appendix,True,product_milestone_consolidated_unresolved,False,no defensible target period,transcript,NVDA_Q3_2024,,,,
comparison,NVDA,2024,outside anchor-year cohorts,NVDA_Q3_2024,2024,,False,"[""target period not established""]",financial,revenue,Revenue,Revenue,consolidated,It is too early to know whether these will be granted for any significant amount of revenue.,,"{""low"": null, ""high"": null, ""value"": null, ""unit"": null, ""direction"": ""exact"", ""raw"": null}",,,,,Unresolved,no defensible target period,low,explicit_target_appendix,True,revenue_consolidated_unresolved,False,no defensible target period,transcript,NVDA_Q3_2024,,,,
comparison,NVDA,2024,anchor-year guidance resolved in following year,NVDA_Q3_2024,2024,FY2025,True,[],financial,revenue_growth,Revenue growth,Revenue growth,consolidated,Revenue of $18.1 million was up 34% sequentially and up more than 200% year on year and well above our outlook of $16 billion.,$18.1 million,"{""low"": 18100000.0, ""high"": 18100000.0, ""value"": 18100000.0, ""unit"": ""currency"", ""direction"": ""exact"", ""raw"": ""$18.1 million""}",,,,,Superseded,"A later valid guidance statement for the same metric, scope, and target period superseded this statement before the outcome.",low,active_cohort,False,revenue_growth_consolidated_fy2025,False,,transcript,NVDA_Q3_2024,,,,
comparison,NVDA,2024,anchor-year guidance resolved in following year,NVDA_Q3_2024,2024,FY2025,True,[],financial,revenue_growth,Revenue growth,Revenue growth,consolidated,"Revenue was $261 million, up 3% sequentially and up 4% year on year, primarily driven by continued growth in self-driving platforms based on NVIDIA drive or an SoC and the ramp of AI cockpit solutions with global OEM customers.",$261 million,"{""low"": 261000000.0, ""high"": 261000000.0, ""value"": 261000000.0, ""unit"": ""currency"", ""direction"": ""exact"", ""raw"": ""$261 million""}",,,,,Superseded,"A later valid guidance statement for the same metric, scope, and target period superseded this statement before the outcome.",low,active_cohort,False,revenue_growth_consolidated_fy2025,False,,transcript,NVDA_Q3_2024,,,,
comparison,NVDA,2024,anchor-year guidance resolved in following year,NVDA_Q3_2024,2024,FY2025,True,[],financial,revenue_growth,Revenue growth,Revenue growth,consolidated,"Starting with data center, the continued ramp of the NVIDIA HGX platform based on our Hopper Tensor Core GPU architecture, along with InfiniBand end-to-end networking drove record revenue of $14.5 billion, up 41% sequentially and up 279% year on year.",$14.5 billion,"{""low"": 14500000000.0, ""high"": 14500000000.0, ""value"": 14500000000.0, ""unit"": ""currency"", ""direction"": ""exact"", ""raw"": ""$14.5 billion""}",FY2025,"Fiscal Year 2025 Summary Year Ended Jan 26, 2025 Jan 28, 2024 Change ($ in millions, except per share data) Revenue $ 130,497 $ 60,922 Up 114% Gross margin 75.0 % 72.7 % Up 2.3 pts Operating expenses $ 16,405 $ 11,329 Up 45% Operating income $ 81,453 $ 32,972 Up 147% Net income $ 72,880 $ 29,760 Up 145% Net income per diluted share $ 2.94 $ 1.19 Up 147% We specialize in markets where our computing platforms can provide tremendous acceleration for applications.","$ 130,497","{""low"": 130497.0, ""high"": 130497.0, ""value"": 130497.0, ""unit"": ""currency"", ""direction"": ""exact"", ""raw"": ""$ 130,497""}",Missed,The actual is below the stated point target.,medium,active_cohort,False,revenue_growth_consolidated_fy2025,True,,transcript,NVDA_Q3_2024,,filing,10-K FY2025 — Item 7. Management's Discussion and Analysis of Financial Condition and Results of Operations,
comparison,NVDA,2024,outside anchor-year cohorts,NVDA_Q3_2024,2024,,False,"[""target period not established""]",financial,revenue,Revenue,Revenue,consolidated,"Total revenue is expected to be $20 billion, plus or minus 2%.","$20 billion, plus or minus 2%","{""low"": 19600000000.0, ""high"": 20400000000.0, ""value"": 20000000000.0, ""unit"": ""currency"", ""direction"": ""range"", ""raw"": ""$20 billion, plus or minus 2%""}",,,,,Unresolved,no defensible target period,low,explicit_target_appendix,True,revenue_consolidated_unresolved,False,no defensible target period,transcript,NVDA_Q3_2024,,,,
comparison,NVDA,2024,outside anchor-year cohorts,NVDA_Q3_2024,2024,,False,"[""target period not established""]",operating,subscribers,Subscribers / customers,Subscribers / customers,consolidated,"We also announced the latest member of the Hopper family, BH 200, which will be the first GPU to offer HBM3E, faster, larger memory to further accelerate generative AI and LLMs.","200,","{""low"": 200.0, ""high"": 200.0, ""value"": 200.0, ""unit"": ""number"", ""direction"": ""exact"", ""raw"": ""200,""}",,,,,Unresolved,no defensible target period,low,explicit_target_appendix,True,subscribers_consolidated_unresolved,False,no defensible target period,transcript,NVDA_Q3_2024,,,,
unpaired_actual,NVDA,2024,,,,,,,,gross_margin,Gross margin,,consolidated,,,,Q1 FY2023,"GAAP gross margin for the first quarter was 65.5% and non-GAAP gross margin was up 67.1%, up 90 basis points from a year ago and up 10 basis points sequentially.",65.5%,,,,,,,,,,,,,transcript,NVDA_Q1_2023,
unpaired_actual,NVDA,2024,,,,,,,,revenue_growth,Revenue growth,,segment:data_center,,,,Q1 FY2023,"Total revenue of $8.3 billion was a record, up 8% sequentially and up 46% year on year.",$8.3 billion,,,,,,,,,,,,,transcript,NVDA_Q1_2023,
unpaired_actual,NVDA,2024,,,,,,,,revenue,Revenue,,segment:pro visualization,,,,Q1 FY2023,Q1 revenue was $622 million was down sequentially 3% and up 67% from a year ago.,$622 million,,,,,,,,,,,,,transcript,NVDA_Q1_2023,
unpaired_actual,NVDA,2024,,,,,,,,revenue,Revenue,,segment:automotive,,,,Q1 FY2023,"Q1 revenue of $138 million, increased 10% sequentially and declined 10% from the year ago quarter.",$138 million,,,,,,,,,,,,,transcript,NVDA_Q1_2023,
unpaired_actual,NVDA,2024,,,,,,,,revenue,Revenue,,segment:data_center,,,,Q1 FY2023,Record revenue of $3.8 billion grew 15% sequentially and accelerated to 83% growth year on year.,$3.8 billion,,,,,,,,,,,,,transcript,NVDA_Q1_2023,
unpaired_actual,NVDA,2024,,,,,,,,revenue_growth,Revenue growth,,consolidated,,,,Q4 FY2023,"Q4 revenue was $6.05 billion, up 2% sequentially, down 21% year on year.",$6.05 billion,,,,,,,,,,,,,transcript,NVDA_Q4_2023,
unpaired_actual,NVDA,2024,,,,,,,,revenue,Revenue,,consolidated,,,,Q4 FY2023,"Full year revenue was $27 billion, flat from the prior year.",$27 billion,,,,,,,,,,,,,transcript,NVDA_Q4_2023,
unpaired_actual,NVDA,2024,,,,,,,,revenue,Revenue,,segment:data_center,,,,Q4 FY2023,Revenue was $3.62 billion was down 6% sequentially and up 11% year on year.,$3.62 billion,,,,,,,,,,,,,transcript,NVDA_Q4_2023,
unpaired_actual,NVDA,2024,,,,,,,,revenue_growth,Revenue growth,,segment:gaming,,,,Q4 FY2023,Gaming revenue of $1.83 billion was up 16% sequentially and down 46% from a year ago.,$1.83 billion,,,,,,,,,,,,,transcript,NVDA_Q4_2023,
unpaired_actual,NVDA,2024,,,,,,,,revenue_growth,Revenue growth,,segment:automotive,,,,Q1 FY2024,"Revenue was 296 million, up 1% sequentially and up 114% from a year ago.",296 million,,,,,,,,,,,,,transcript,NVDA_Q1_2024,
unpaired_actual,NVDA,2024,,,,,,,,headcount,Headcount,,consolidated,,,,Q1 FY2025,"The increases were primarily driven by compensation and benefits, reflecting growth in employees and compensation.",,,,,,,,,,,,,,filing,10-Q Q2 2024 — Item 2. Management's Discussion and Analysis of Financial Condition and Results of Operations,
unpaired_actual,NVDA,2024,,,,,,,,revenue,Revenue,,consolidated,,,,Q1 FY2025,"25 Gaming revenue for the first quarter of fiscal year 2025 was $2.6 billion, up 18% from a year ago and down 8% from the previous quarter.",2.6 billion,,,,,,,,,,,,,filing,10-Q Q2 2024 — Item 2. Management's Discussion and Analysis of Financial Condition and Results of Operations,
unpaired_actual,NVDA,2024,,,,,,,,revenue_growth,Revenue growth,,consolidated,,,,Q2 FY2024,Revenue of 375 million was up 28% sequentially and down 24% year on year.,375 million,,,,,,,,,,,,,transcript,NVDA_Q2_2024,
unpaired_actual,NVDA,2024,,,,,,,,revenue_growth,Revenue growth,,consolidated,,,,Q2 FY2024,Record Q2 revenue of 13.51 billion was up 88% sequentially and up 101% year on year and above our outlook of 11 billion.,13.51 billion,,,,,,,,,,,,,transcript,NVDA_Q2_2024,
unpaired_actual,NVDA,2024,,,,,,,,revenue_growth,Revenue growth,,segment:data_center,,,,Q2 FY2024,Record revenue of 10.32 billion was up 141% sequentially and up 171% year on year.,10.32 billion,,,,,,,,,,,,,transcript,NVDA_Q2_2024,
unpaired_actual,NVDA,2024,,,,,,,,revenue_growth,Revenue growth,,segment:gaming,,,,Q2 FY2024,Gaming revenue of 2.49 billion was up 11% sequentially and 22% year on year.,2.49 billion,,,,,,,,,,,,,transcript,NVDA_Q2_2024,
unpaired_actual,NVDA,2024,,,,,,,,revenue,Revenue,,segment:automotive,,,,Q2 FY2025,"Automotive revenue for the second quarter of fiscal year 2025 was $346 million, up 5% from the previous quarter and up 37% from a year ago.",346 million,,,,,,,,,,,,,filing,10-Q Q3 2024 — Item 2. Management's Discussion and Analysis of Financial Condition and Results of Operations,
unpaired_actual,NVDA,2024,,,,,,,,revenue,Revenue,,segment:data_center,,,,Q2 FY2025,"Market Platform Highlights Data Center revenue for the second quarter of fiscal year 2025 was $26.3 billion, up 16% from the previous quarter and up 154% from a year ago.",26.3 billion,,,,,,,,,,,,,filing,10-Q Q3 2024 — Item 2. Management's Discussion and Analysis of Financial Condition and Results of Operations,
unpaired_actual,NVDA,2024,,,,,,,,revenue,Revenue,,segment:gaming,,,,Q2 FY2025,"Gaming revenue for the second quarter of fiscal year 2025 was $2.9 billion, up 9% from the previous quarter and up 16% from a year ago.",2.9 billion,,,,,,,,,,,,,filing,10-Q Q3 2024 — Item 2. Management's Discussion and Analysis of Financial Condition and Results of Operations,
unpaired_actual,NVDA,2024,,,,,,,,revenue,Revenue,,segment:professional visualization,,,,Q2 FY2025,"Professional Visualization revenue for the second quarter of fiscal year 2025 was $454 million, up 6% from the previous quarter and up 20% from a year ago.",454 million,,,,,,,,,,,,,filing,10-Q Q3 2024 — Item 2. Management's Discussion and Analysis of Financial Condition and Results of Operations,
unpaired_actual,NVDA,2024,,,,,,,,revenue,Revenue,,segment:data_center,,,,Q3 FY2024,"Revenue from Data Center computing grew 133% year-on-year and 195% compared to the first nine months of fiscal year 2024 driven by demand for our Hopper computing platform for training and inferencing of large language models, recommendation engines, and generative AI applications.",133%,,,,,,,,,,,,,filing,10-Q Q4 2024 — Item 2. Management's Discussion and Analysis of Financial Condition and Results of Operations,
unpaired_actual,NVDA,2024,,,,,,,,revenue,Revenue,,segment:data center,,,,Q3 FY2024,"Networking was up 20% year-on-year and 90% compared to the first nine months of fiscal year 2024 driven by Ethernet for AI revenue, which includes Spectrum-X end-to-end ethernet platform.",20%,,,,,,,,,,,,,filing,10-Q Q4 2024 — Item 2. Management's Discussion and Analysis of Financial Condition and Results of Operations,
unpaired_actual,NVDA,2024,,,,,,,,revenue_growth,Revenue growth,,segment:graphics,,,,Q3 FY2025,Graphics revenue – The year over year increase in the third quarter and first nine months of fiscal year 2025 was led by higher sales of our GeForce RTX 40 Series GPUs.,40,,,,,,,,,,,,,filing,10-Q Q4 2024 — Item 2. Management's Discussion and Analysis of Financial Condition and Results of Operations,
unpaired_actual,NVDA,2024,,,,,,,,revenue_growth,Revenue growth,,segment:compute & networking,,,,Q3 FY2025,"The year over year increase in Graphics segment operating income in the third quarter of fiscal year 2025 was primarily driven by growth in revenue, partially offset by an increase of 52% in segment operating expense.",52%,,,,,,,,,,,,,filing,10-Q Q4 2024 — Item 2. Management's Discussion and Analysis of Financial Condition and Results of Operations,
unpaired_actual,NVDA,2024,,,,,,,,revenue_growth,Revenue growth,,segment:graphics,,,,Q3 FY2025,The year over year increase in Graphics segment operating income in the first nine months of fiscal year 2025 was primarily driven by growth in revenue.,,,,,,,,,,,,,,filing,10-Q Q4 2024 — Item 2. Management's Discussion and Analysis of Financial Condition and Results of Operations,
unpaired_actual,NVDA,2024,,,,,,,,revenue,Revenue,,consolidated,,,,Q3 FY2025,"Gross margins increased to 74.6% for the third quarter of fiscal year 2025 compared to 74.0% for the third quarter of fiscal year 2024, due to a higher mix of Data Center revenue.",74.6% for Q3 fiscal year 2025,,,,,,,,,,,,,filing,10-Q Q4 2024 — Item 2. Management's Discussion and Analysis of Financial Condition and Results of Operations,
unpaired_actual,NVDA,2024,,,,,,,,revenue,Revenue,,consolidated,,,,Q3 FY2025,"Gross margins increased to 75.8% for the first nine months of fiscal year 2025 compared to 70.9% for the first nine months of fiscal year 2024, primarily due to higher mix of Data Center revenue.",75.8%,,,,,,,,,,,,,filing,10-Q Q4 2024 — Item 2. Management's Discussion and Analysis of Financial Condition and Results of Operations,
unpaired_actual,NVDA,2024,,,,,,,,revenue,Revenue,,consolidated,,,,Q1 FY2026,"Three Months Ended Apr 27, 2025 Apr 28, 2024 (In millions) Geographic Revenue based upon Customer Billing Location: United States $ 20,739 $ 13,496 Singapore (1) 9,017 4,037 Taiwan 7,158 4,373 China (including Hong Kong) 5,522 2,491 Other 1,626 1,647 Total revenue $ 44,062 $ 26,044 (1) Singapore represented 20 % of the first quarter of fiscal year 2026 total revenue based upon customer billing location.","Total revenue $44,062 million for three months ended April 27, 2025",,,,,,,,,,,,,filing,10-Q Q2 2025 — Item 1. Financial Statements (Unaudited) — Note 13 - Segment Information,
unpaired_actual,NVDA,2024,,,,,,,,revenue,Revenue,,segment:data center,,,,Q1 FY2025,"Sales to two direct customers represented 11 % and 13 % of total revenue for the first quarter of fiscal year 2025, both of which were attributable to the Compute & Networking segment.",11 %,,,,,,,,,,,,,filing,10-Q Q2 2025 — Item 1. Financial Statements (Unaudited) — Note 13 - Segment Information,
unpaired_actual,NVDA,2024,,,,,,,,gross_margin,Gross margin,,consolidated,,,,Q1 FY2026,"First Quarter of Fiscal Year 2026 Summary Three Months Ended Quarter-over-Quarter Change Year-over-Year Change Apr 27, 2025 Jan 26, 2025 Apr 28, 2024 ($ in millions, except per share data) Revenue $ 44,062 $ 39,331 $ 26,044 12 % 69 % Gross margin 60.5 % 73.0 % 78.4 % (12.5) pts (17.9) pts Operating expenses $ 5,030 $ 4,689 $ 3,497 7 % 44 % Operating income $ 21,638 $ 24,034 $ 16,909 (10) % 28 % Net income $ 18,775 $ 22,091 $ 14,881 (15) % 26 % Net income per diluted share $ 0.76 $ 0.89 $ 0.60 (15) % 27 % 23 On April 9, 2025, we were informed by the USG that a license is required for exports of our H20 products into the China market.","Revenue $44,062 million for three months ended April 27, 2025",,,,,,,,,,,,,filing,10-Q Q2 2025 — Item 2. Management's Discussion and Analysis of Financial Condition and Results of Operations,
unpaired_actual,NVDA,2024,,,,,,,,revenue,Revenue,,segment:data_center,,,,Q1 FY2025,"Revenue from Data Center computing grew 76% year-on-year compared to the first quarter of fiscal year 2025, driven by demand for our Blackwell computing platform.",76%,,,,,,,,,,,,,filing,10-Q Q2 2025 — Item 2. Management's Discussion and Analysis of Financial Condition and Results of Operations,
unpaired_actual,NVDA,2024,,,,,,,,revenue,Revenue,,segment:data_center,,,,Q1 FY2025,Revenue from Data Center networking grew 56% year-on-year compared to the first quarter of fiscal year 2025 driven by the growth of NVLink compute fabric in our GB200 systems and continued adoption of Ethernet for AI solutions at cloud service providers and consumer internet companies.,56%,,,,,,,,,,,,,filing,10-Q Q2 2025 — Item 2. Management's Discussion and Analysis of Financial Condition and Results of Operations,
unpaired_actual,NVDA,2024,,,,,,,,revenue_growth,Revenue growth,,segment:data center,,,,Q1 FY2026,Graphics revenue – The year over year increase in the first quarter of fiscal year 2026 was driven by sales of our Blackwell architecture.,,,,,,,,,,,,,,filing,10-Q Q2 2025 — Item 2. Management's Discussion and Analysis of Financial Condition and Results of Operations,
unpaired_actual,NVDA,2024,,,,,,,,revenue_growth,Revenue growth,,segment:pro visualization,,,,Q2 FY2025,Revenue of $454 million was up 6% sequentially and 20% year on year.,Revenue of $454 million for Q2 fiscal year 2025,,,,,,,,,,,,,transcript,NVDA_Q2_2025,
unpaired_actual,NVDA,2024,,,,,,,,revenue_growth,Revenue growth,,segment:automotive,,,,Q2 FY2025,"Revenue was $346 million, up 5% sequentially and up 37% year on year.",Revenue was $346 million for Q2 fiscal year 2025,,,,,,,,,,,,,transcript,NVDA_Q2_2025,
unpaired_actual,NVDA,2024,,,,,,,,revenue_growth,Revenue growth,,consolidated,,,,Q2 FY2025,Revenue of $30 billion was up 15% sequentially and up 122% year on year and well above our outlook of $28 billion.,$30 billion,,,,,,,,,,,,,transcript,NVDA_Q2_2025,
unpaired_actual,NVDA,2024,,,,,,,,revenue_growth,Revenue growth,,segment:data_center,,,,Q2 FY2025,"Data Center revenue of $26.3 billion was a record, up 16% sequentially and up 154% year on year, driven by strong demand for NVIDIA Hopper, GPU computing, and our networking platforms.",$26.3 billion,,,,,,,,,,,,,transcript,NVDA_Q2_2025,
unpaired_actual,NVDA,2024,,,,,,,,revenue,Revenue,,consolidated,,,,Q2 FY2026,"Gross margins decreased to 72.4% for the second quarter of fiscal year 2026 compared to 75.1% for the second quarter of fiscal year 2025, and 66.6% for the first half of fiscal year 2026 compared to 76.6% for the first half of fiscal year 2025, as our Blackwell revenue consists primarily of full-scale datacenter systems compared to Hopper HGX systems last year.",72.4% for Q2 FY2026 and 66.6% for first half FY2026,,,,,,,,,,,,,filing,10-Q Q3 2025 — Item 2. Management's Discussion and Analysis of Financial Condition and Results of Operations,
unpaired_actual,NVDA,2024,,,,,,,,operating_expenses,Operating expenses,,consolidated,,,,Q2 FY2026,"Operating Expenses Three Months Ended Six Months Ended Jul 27, 2025 Jul 28, 2024 $ Change % Change Jul 27, 2025 Jul 28, 2024 $ Change % Change ($ in millions) Research and development expenses $ 4,291 $ 3,090 $ 1,201 39 % $ 8,280 $ 5,810 $ 2,470 43 % Sales, general and administrative expenses 1,122 842 280 33 % 2,163 1,618 545 34 % Total operating expenses $ 5,413 $ 3,932 $ 1,481 38 % $ 10,443 $ 7,428 $ 3,015 41 % The increases in research and development expenses for the second quarter and first half of fiscal year 2026 were primarily driven by a 68% and 69% increase in compute and infrastructure, 30% and 32% increase in compensation and benefits, including stock-based compensation, reflecting employee growth and compensation increases, and a 68% and 116% increase in engineering development costs for new product introductions, respectively.","$ 4,291",,,,,,,,,,,,,filing,10-Q Q3 2025 — Item 2. Management's Discussion and Analysis of Financial Condition and Results of Operations,
unpaired_actual,NVDA,2024,,,,,,,,revenue_growth,Revenue growth,,segment:data_center,,,,Q4 FY2025,"In the fourth quarter, Data Center revenue of $35.6 billion was a record, up 16% sequentially and 93% year on year as the Blackwell ramp commenced and Hopper 200 continued sequential growth.",$35.6 billion,,,,,,,,,,,,,transcript,NVDA_Q4_2025,
unpaired_actual,NVDA,2024,,,,,,,,share_repurchases,Share repurchases,,consolidated,,,,FY2023,Our board of directors increased and extended our share repurchase program to repurchase an additional common stock up to a total of $15 billion through December 2023.,$15 billion,,,,,,,,,,,,,transcript,NVDA_Q1_2023,
unpaired_actual,NVDA,2024,,,,,,,,operating_margin,Operating margin,,consolidated,,,,Q1 FY2023,"GAAP operating margin was 22.5%, impacted by a $1.35 billion acquisition termination charge related to the ARM transaction.",22.5%,,,,,,,,,,,,,transcript,NVDA_Q1_2023,
unpaired_actual,NVDA,2024,,,,,,,,revenue,Revenue,,consolidated,,,,Q1 FY2023,But there were plans and Russia has been a part of our overall company revenue of probably about 2% of our company revenue historically and a little larger percentage when you look at our Gaming business.,about 2%,,,,,,,,,,,,,transcript,NVDA_Q1_2023,
unpaired_actual,NVDA,2024,,,,,,,,operating_margin,Operating margin,,consolidated,,,,FY2023,Non-GAAP operating margin was 47.7%.,47.7%,,,,,,,,,,,,,transcript,NVDA_Q1_2023,
unpaired_actual,NVDA,2024,,,,,,,,revenue_growth,Revenue growth,,consolidated,,,,Q1 FY2023,"And in general, I think previously, you guys were anticipating sequential supply and revenue growth for the business through this entire year.",,,,,,,,,,,,,,transcript,NVDA_Q1_2023,
unpaired_actual,NVDA,2024,,,,,,,,subscribers,Subscribers / customers,,segment:data_center,,,,Q1 FY2023,"Overall, Data Center growth was driven primarily by strong adoption of our A100 GPU for both training and inference with large volume deployments by hyperscale customers and broadening adoption across the vertical industries.",,,,,,,,,,,,,,transcript,NVDA_Q1_2023,
unpaired_actual,NVDA,2024,,,,,,,,subscribers,Subscribers / customers,,consolidated,,,,Q1 FY2023,"In addition, we are seeing a rising wave of customer innovation using large language models that is driven by increased demand for NVIDIA AI and GPU instances in the cloud.",,,,,,,,,,,,,,transcript,NVDA_Q1_2023,
unpaired_actual,NVDA,2024,,,,,,,,subscribers,Subscribers / customers,,consolidated,,,,Q2 FY2023,"Our business could be negatively impacted by decreased demand for computationally powerful but energy intensive products, such as our GPUs, despite their energy efficient design and operation, and/or by increased consumer or customer expectations around the energy efficiency of our products.",,,,,,,,,,,,,,filing,10-Q Q2 2023 — ITEM 1A. RISK FACTORS,
unpaired_actual,NVDA,2024,,,,,,,,revenue,Revenue,,consolidated,,,,Q2 FY2023,"If end demand increases or our finished goods supply availability is concentrated near a quarter end, the system builders and channel partners may have limited ability to increase their credit, which could impact the timing and amount of our revenue.",,,,,,,,,,,,,,filing,10-Q Q2 2023 — ITEM 1A. RISK FACTORS,
unpaired_actual,NVDA,2024,,,,,,,,deliveries,Deliveries,,consolidated,,,,Q2 FY2023,"Revisions to laws or regulations or their interpretation and enforcement could also result in increased taxation, trade sanctions, the imposition of or increase to import duties or tariffs, restrictions and controls on imports or exports, or other retaliatory actions, which could have an adverse effect on our business plans or impact the timing of our shipments.",,,,,,,,,,,,,,filing,10-Q Q2 2023 — ITEM 1A. RISK FACTORS,
unpaired_actual,NVDA,2024,,,,,,,,revenue,Revenue,,segment:data_center,,,,Q2 FY2023,"Additionally, restrictions imposed by the Chinese government on the duration of gaming activities and access to games may adversely affect our Gaming revenue, and increased oversight of digital platform companies may adversely affect our Data Center revenue.",,,,,,,,,,,,,,filing,10-Q Q2 2023 — ITEM 1A. RISK FACTORS,
unpaired_actual,NVDA,2024,,,,,,,,capacity,Capacity,,consolidated,,,,Q2 FY2023,"We have paid premiums and provided deposits to secure future supply and capacity, which have increased our product costs and may continue to do so.",,,,,,,,,,,,,,filing,10-Q Q2 2023 — ITEM 1A. RISK FACTORS,
unpaired_actual,NVDA,2024,,,,,,,,volume_impact,Volume impact,,consolidated,,,,Q2 FY2023,"Many additional factors have caused and/or could in the future cause us to either underestimate or overestimate our customers’ future demand for our products, or otherwise cause a mismatch between supply and demand for our products and impact the timing and volume of our revenue, including: • competing technologies and competitor product releases and announcements; • changes in business and economic conditions resulting in decreased end demand; • sudden or sustained government lockdowns or actions to control case spread of global or local health issues; • rapidly changing technology or customer requirements; • time to market; • new product introductions and transitions resulting in less demand for existing products; • new or unexpected end use cases; 33 • increase in demand for competitive products, including competitive actions; • business decisions made by third parties; • the demand for accelerated or AI-related cloud services, including our own software and AI cloud service offerings; • changes that impact the ecosystem for the architectures underlying our products and technologies; • the demand for our products relating to cryptocurrency mining; or • government actions or changes in governmental policies, such as increased restrictions on gaming usage.",33,,,,,,,,,,,,,filing,10-Q Q2 2023 — ITEM 1A. RISK FACTORS,
unpaired_actual,NVDA,2024,,,,,,,,revenue,Revenue,,consolidated,,,,Q2 FY2023,"This has created and may in the future create increased aftermarket sales of our GPUs, which could negatively impact retail prices for our GPUs and reduce demand for our new GPUs.",,,,,,,,,,,,,,filing,10-Q Q2 2023 — ITEM 1A. RISK FACTORS,
unpaired_actual,NVDA,2024,,,,,,,,gross_margin,Gross margin,,consolidated,,,,Q2 FY2023,"Economic and industry uncertainty or changes, including recession or slowing growth, inflation, changes or uncertainty in fiscal, monetary, or trade policy, disruptions to capital markets and the banking system, currency fluctuations, higher interest rates, tighter credit, lower capital expenditures by businesses, including on IT infrastructure, increases in unemployment, labor shortages, and lower consumer confidence and spending, have in the past and/or could in the future have adverse, wide-ranging effects on our business and financial results, including: 35 • increased costs for wafers, components, logistics, and other supply chain expenses, which have negatively impacted our gross margin and may continue to do so; • increased supply, employee, facilities and infrastructure costs and volatility in the financial markets, which have reduced and may in the future reduce our margins; • decrease in demand for our products, services and technologies and those of our customers, partners or licensees; • the inability of our suppliers to deliver on their supply commitments to us and our customers’ or our licensees’ inability to supply products to customers and/or end users; • limits on our ability to forecast operating results and make business decisions; • the insolvency of key suppliers, distributors, customers, cloud service providers, data center providers, licensing parties, or other third parties we rely on; reduced profitability may also cause some customers to scale back operations, exit businesses, or file for bankruptcy protection and potentially cease operations; lead to mergers, consolidations or strategic alliances among other companies, which could adversely affect our ability to compete effectively; and • increased credit and collectability risks, higher borrowing costs or reduced availability of capital markets, reduced liquidity, adverse impacts on our suppliers, failures of counterparties including financial institutions and insurers, asset impairments, and declines in the value of our financial instruments.",35,,,,,,,,,,,,,filing,10-Q Q2 2023 — ITEM 1A. RISK FACTORS,
unpaired_actual,NVDA,2024,,,,,,,,gross_margin,Gross margin,,consolidated,,,,Q1 FY2024,"Gross Margin Our overall gross margin decreased to 64.6% for the first quarter of fiscal year 2024 from 65.5% for the first quarter of fiscal year 2023, reflecting lower margins of GeForce GPUs within our Graphics segment partially offset by higher margins and increased contribution from compute products within our Compute & Networking segment.",64.6%,,,,,,,,,,,,,filing,10-Q Q2 2023 — ITEM 2. MANAGEMENT’S DISCUSSION AND ANALYSIS OF FINANCIAL CONDITION AND RESULTS OF OPERATIONS,
unpaired_actual,NVDA,2024,,,,,,,,gross_margin,Gross margin,,consolidated,,,,Q1 FY2024,"Compute & Networking - Segment gross margin increased during the first quarter of fiscal year 2024 compared to the first quarter of fiscal year 2023, primarily due to higher margins and increased contribution from compute products.",,,,,,,,,,,,,,filing,10-Q Q2 2023 — ITEM 2. MANAGEMENT’S DISCUSSION AND ANALYSIS OF FINANCIAL CONDITION AND RESULTS OF OPERATIONS,
unpaired_actual,NVDA,2024,,,,,,,,gross_margin,Gross margin,,consolidated,,,,Q1 FY2024,Graphics - Segment gross margin decreased during the first quarter of fiscal year 2024 compared to the first quarter of fiscal year 2023 primarily due to lower margins of GeForce GPUs.,,,,,,,,,,,,,,filing,10-Q Q2 2023 — ITEM 2. MANAGEMENT’S DISCUSSION AND ANALYSIS OF FINANCIAL CONDITION AND RESULTS OF OPERATIONS,
unpaired_actual,NVDA,2024,,,,,,,,operating_expenses,Operating expenses,,consolidated,,,,Q1 FY2024,"Operating Expenses Three Months Ended April 30, 2023 May 1, 2022 $ Change % Change ($ in millions) Research and development expenses $ 1,875 $ 1,618 $ 257 16 % % of net revenue 26 % 20 % Sales, general and administrative expenses 633 592 41 7 % % of net revenue 9 % 7 % Acquisition termination cost — 1,353 (1,353) — % % of net revenue — % 16 % Total operating expenses $ 2,508 $ 3,563 $ (1,055) (30) % % of net revenue 34.9 % 42.9 % The increases in research and development expense and sales, general and administrative expense for the first quarter of fiscal year 2024 were primarily driven by employee growth and associated compensation and benefits.","$ 1,875",,,,,,,,,,,,,filing,10-Q Q2 2023 — ITEM 2. MANAGEMENT’S DISCUSSION AND ANALYSIS OF FINANCIAL CONDITION AND RESULTS OF OPERATIONS,
unpaired_actual,NVDA,2024,,,,,,,,revenue,Revenue,,consolidated,,,,Q1 FY2024,"Cash provided by operating activities increased in the first quarter of fiscal year 2024 compared to the first quarter of fiscal year 2023, primarily due to lower inventory prepayments and changes in inventory, partially offset by lower revenue.",,,,,,,,,,,,,,filing,10-Q Q2 2023 — ITEM 2. MANAGEMENT’S DISCUSSION AND ANALYSIS OF FINANCIAL CONDITION AND RESULTS OF OPERATIONS,
unpaired_actual,NVDA,2024,,,,,,,,gross_margin,Gross margin,,consolidated,,,,Q1 FY2024,"24 First Quarter of Fiscal Year 2024 Summary Three Months Ended April 30, 2023 January 29, 2023 May 1, 2022 Quarter-over-Quarter Change Year-over-Year Change ($ in millions, except per share data) Revenue $ 7,192 $ 6,051 $ 8,288 19 % (13) % Gross margin 64.6 % 63.3 % 65.5 % 1.3 pts (0.9) pts Operating expenses $ 2,508 $ 2,576 $ 3,563 (3) % (30) % Income from operations $ 2,140 $ 1,257 $ 1,868 70 % 15 % Net income $ 2,043 $ 1,414 $ 1,618 44 % 26 % Net income per diluted share $ 0.82 $ 0.57 $ 0.64 44 % 28 % We specialize in markets where our computing platforms can provide tremendous acceleration for applications.",24,,,,,,,,,,,,,filing,10-Q Q2 2023 — ITEM 2. MANAGEMENT’S DISCUSSION AND ANALYSIS OF FINANCIAL CONDITION AND RESULTS OF OPERATIONS,
unpaired_actual,NVDA,2024,,,,,,,,revenue,Revenue,,consolidated,,,,Q1 FY2024,"Revenue for the first quarter of fiscal year 2024 was $7.19 billion, down 13% from a year ago and up 19% sequentially.",$7.19 billion,,,,,,,,,,,,,filing,10-Q Q2 2023 — ITEM 2. MANAGEMENT’S DISCUSSION AND ANALYSIS OF FINANCIAL CONDITION AND RESULTS OF OPERATIONS,
unpaired_actual,NVDA,2024,,,,,,,,product_milestone,Product / strategic milestone,,consolidated,,,,Q2 FY2023,The sequential increase was driven by the ramp of our new GeForce RTX 40 Series GPUs for desktops and laptops based on the Ada Lovelace architecture.,40,,,,,,,,,,,,,filing,10-Q Q2 2023 — ITEM 2. MANAGEMENT’S DISCUSSION AND ANALYSIS OF FINANCIAL CONDITION AND RESULTS OF OPERATIONS,
unpaired_actual,NVDA,2024,,,,,,,,gross_margin,Gross margin,,consolidated,,,,Q2 FY2023,Gross margin declined from a year earlier and increased sequentially.,,,,,,,,,,,,,,filing,10-Q Q2 2023 — ITEM 2. MANAGEMENT’S DISCUSSION AND ANALYSIS OF FINANCIAL CONDITION AND RESULTS OF OPERATIONS,
unpaired_actual,NVDA,2024,,,,,,,,revenue,Revenue,,segment:data_center,,,,Q1 FY2024,"25 Market Platform Highlights Data Center revenue for the first quarter of fiscal year 2024 was $4.28 billion, up 14% from a year ago, led by growing demand for generative AI and large language models using GPUs based on our NVIDIA Hopper and Ampere architectures.",25,,,,,,,,,,,,,filing,10-Q Q2 2023 — ITEM 2. MANAGEMENT’S DISCUSSION AND ANALYSIS OF FINANCIAL CONDITION AND RESULTS OF OPERATIONS,
unpaired_actual,NVDA,2024,,,,,,,,revenue,Revenue,,consolidated,,,,Q1 FY2024,"Gaming revenue for the first quarter of fiscal year 2024 was $2.24 billion, down 38% from a year ago.",$2.24 billion,,,,,,,,,,,,,filing,10-Q Q2 2023 — ITEM 2. MANAGEMENT’S DISCUSSION AND ANALYSIS OF FINANCIAL CONDITION AND RESULTS OF OPERATIONS,
unpaired_actual,NVDA,2024,,,,,,,,revenue,Revenue,,consolidated,,,,Q1 FY2024,"Professional Visualization revenue for the first quarter of fiscal year 2024 was $295 million, down 53% from a year ago, on lower sell-in to partners to help reduce channel inventory levels.",$295 million,,,,,,,,,,,,,filing,10-Q Q2 2023 — ITEM 2. MANAGEMENT’S DISCUSSION AND ANALYSIS OF FINANCIAL CONDITION AND RESULTS OF OPERATIONS,
unpaired_actual,NVDA,2024,,,,,,,,revenue_growth,Revenue growth,,segment:automotive,,,,Q1 FY2024,"Automotive revenue for the first quarter of fiscal year 2024 was $296 million, up 114% from a year ago on growth in sales of self-driving platforms and AI cockpit solutions.",$296 million,,,,,,,,,,,,,filing,10-Q Q2 2023 — ITEM 2. MANAGEMENT’S DISCUSSION AND ANALYSIS OF FINANCIAL CONDITION AND RESULTS OF OPERATIONS,
unpaired_actual,NVDA,2024,,,,,,,,gross_profit,Gross profit,,consolidated,,,,Q2 FY2023,"Three Months Ended April 30, 2023 May 1, 2022 Revenue 100.0 % 100.0 % Cost of revenue 35.4 34.5 Gross profit 64.6 65.5 Operating expenses Research and development 26.1 19.5 Sales, general and administrative 8.8 7.1 Acquisition termination cost — 16.3 Total operating expenses 34.9 42.9 Income from operations 29.7 22.6 Interest income 2.1 0.2 Interest expense (0.9) (0.8) Other, net (0.2) (0.2) Other income (expense), net 1.0 (0.8) Income before income tax 30.7 21.8 Income tax expense 2.3 2.3 Net income 28.4 % 19.5 % Revenue Revenue by Reportable Segments Three Months Ended April 30, 2023 May 1, 2022 $ Change % Change ($ in millions) Compute & Networking $ 4,460 $ 3,672 $ 788 21 % Graphics 2,732 4,616 (1,884) (41) % Total $ 7,192 $ 8,288 $ (1,096) (13) % Compute & Networking - The year-on-year increase was led by growing demand for generative AI and large language models using GPUs based on our Hopper and Ampere architectures.",100.0 %,,,,,,,,,,,,,filing,10-Q Q2 2023 — ITEM 2. MANAGEMENT’S DISCUSSION AND ANALYSIS OF FINANCIAL CONDITION AND RESULTS OF OPERATIONS,
unpaired_actual,NVDA,2024,,,,,,,,revenue,Revenue,,consolidated,,,,Q2 FY2023,Self-driving platforms and AI cockpit solutions revenue also increased from a year ago.,,,,,,,,,,,,,,filing,10-Q Q2 2023 — ITEM 2. MANAGEMENT’S DISCUSSION AND ANALYSIS OF FINANCIAL CONDITION AND RESULTS OF OPERATIONS,
unpaired_actual,NVDA,2024,,,,,,,,share_repurchases,Share repurchases,,consolidated,,,,Q2 FY2023,"Issuer Purchases of Equity Securities On May 23, 2022, our Board of Directors increased and extended our share repurchase program to repurchase additional common stock up to a total of $15 billion through December 2023.",$15 billion,,,,,,,,,,,,,filing,10-Q Q2 2023 — ITEM 2. UNREGISTERED SALES OF EQUITY SECURITIES AND USE OF PROCEEDS,
unpaired_actual,NVDA,2024,,,,,,,,product_milestone,Product / strategic milestone,,consolidated,,,,FY2022,"For a discussion of factors that could affect our future financial results and business, please refer to the disclosure in today's earnings release, our most recent forms 10-K and 10-Q and the reports that we may file on Form 8-K with the Securities and Exchange Commission.",10,,,,,,,,,,,,,transcript,NVDA_Q2_2023,
unpaired_actual,NVDA,2024,,,,,,,,revenue,Revenue,,consolidated,,,,Q2 FY2023,"I guess, Colette, the first angle being, in the release, you guys talked about pulling, I don't know, high-$200 millions of revenue into the July quarter from October, but also with supply chain challenges, maybe some deliveries that were meant for July got pushed back into October.",,,,,,,,,,,,,,transcript,NVDA_Q2_2023,
unpaired_actual,NVDA,2024,,,,,,,,subscribers,Subscribers / customers,,consolidated,,,,Q2 FY2023,"Customers were impacted as well by availability of key third-party other components that we weren't offering, which were slowing down some of their deployments.",,,,,,,,,,,,,,transcript,NVDA_Q2_2023,
unpaired_actual,NVDA,2024,,,,,,,,subscribers,Subscribers / customers,,consolidated,,,,Q2 FY2023,"So what we did in our Q2 orders that couldn't be delivered in Q3, given that some of these supply constraints existed, and we had Q3 demand where we did have supply in Q2, so we worked with customers to optimize that supply and demand.",,,,,,,,,,,,,,transcript,NVDA_Q2_2023,
unpaired_actual,NVDA,2024,,,,,,,,revenue,Revenue,,consolidated,,,,Q2 FY2023,"Total revenue of $6.7 billion was down 19% sequentially and up 3% year on year, below the $8.1 billion outlook we provided on our last earnings call.",$6.7 billion,,,,,,,,,,,,,transcript,NVDA_Q2_2023,
unpaired_actual,NVDA,2024,,,,,,,,revenue,Revenue,,consolidated,,,,Q2 FY2023,"As we had indicated in our pre-announcement press release on August 8, we experienced a shortfall to our expectations driven primarily by weaker Gaming revenue.","8,",,,,,,,,,,,,,transcript,NVDA_Q2_2023,
unpaired_actual,NVDA,2024,,,,,,,,revenue,Revenue,,consolidated,,,,Q2 FY2023,"Revenue of $2.04 billion was down 44% sequentially and down 33% year on year, reflecting challenging market conditions.",$2.04 billion,,,,,,,,,,,,,transcript,NVDA_Q2_2023,
unpaired_actual,NVDA,2024,,,,,,,,revenue,Revenue,,consolidated,,,,Q2 FY2023,The decline in Gaming GPU revenue was sharper than anticipated driven by both lower units and lower ASPs.,,,,,,,,,,,,,,transcript,NVDA_Q2_2023,
unpaired_actual,NVDA,2024,,,,,,,,revenue,Revenue,,consolidated,,,,Q2 FY2023,Revenue of $496 million was down 20% sequentially and down 4% from a year ago.,$496 million,,,,,,,,,,,,,transcript,NVDA_Q2_2023,
unpaired_actual,NVDA,2024,,,,,,,,revenue,Revenue,,consolidated,,,,Q2 FY2023,"A sequential increase in mobile revenue was more than offset by lower desktop revenue, particularly at the high end.",,,,,,,,,,,,,,transcript,NVDA_Q2_2023,
unpaired_actual,NVDA,2024,,,,,,,,revenue,Revenue,,segment:automotive,,,,Q2 FY2023,Revenue of $220 million increased 59% sequentially and 45% from the year ago quarter.,$220 million,,,,,,,,,,,,,transcript,NVDA_Q2_2023,
unpaired_actual,NVDA,2024,,,,,,,,revenue,Revenue,,consolidated,,,,Q2 FY2023,"Strong growth was driven by auto AI solutions, which include AI cockpit and self-driving revenue, with particular strength in self-driving as new energy vehicle design wins ramp into volume.",,,,,,,,,,,,,,transcript,NVDA_Q2_2023,
unpaired_actual,NVDA,2024,,,,,,,,revenue,Revenue,,segment:automotive,,,,Q2 FY2023,We believe Q2 was an inflection point for our Automotive revenue as NVIDIA Orin has great momentum.,,,,,,,,,,,,,,transcript,NVDA_Q2_2023,
unpaired_actual,NVDA,2024,,,,,,,,revenue,Revenue,,segment:data_center,,,,Q2 FY2023,Revenue of $3.81 billion grew 1% sequentially and 61% year on year.,$3.81 billion,,,,,,,,,,,,,transcript,NVDA_Q2_2023,
unpaired_actual,NVDA,2024,,,,,,,,subscribers,Subscribers / customers,,segment:north_america,,,,Q2 FY2023,"Sequentially, sales to North America hyperscale and cloud computing customers increased but were more than offset by lower sales to China hyperscale customers affected by domestic economic conditions.",,,,,,,,,,,,,,transcript,NVDA_Q2_2023,
unpaired_actual,NVDA,2024,,,,,,,,gross_margin,Gross margin,,consolidated,,,,Q2 FY2023,"GAAP gross margin was 43.5%, and non-GAAP gross margin was 45.9%.",43.5%,,,,,,,,,,,,,transcript,NVDA_Q2_2023,
unpaired_actual,NVDA,2024,,,,,,,,headcount,Headcount,,consolidated,,,,Q2 FY2023,"These increases were driven primarily by employee growth costs, as well as increases in salaries to support our employees during this high inflationary environment and engineering development of new products coming to market.",,,,,,,,,,,,,,transcript,NVDA_Q2_2023,
unpaired_actual,NVDA,2024,,,,,,,,revenue,Revenue,,consolidated,,,,Q2 FY2024,"The following table 23 NVIDIA CORPORATION AND SUBSIDIARIES NOTES TO CONDENSED CONSOLIDATED FINANCIAL STATEMENTS (Continued) (Unaudited) summarizes information pertaining to our revenue from customers based on the invoicing address by geographic regions: Three Months Ended Six Months Ended July 30, July 31, July 30, July 31, 2023 2022 2023 2022 (In millions) Revenue: United States $ 6,043 $ 1,988 $ 8,428 $ 3,921 Taiwan 2,839 1,204 4,635 3,981 China (including Hong Kong) 2,740 1,602 4,330 3,683 Other countries 1,885 1,910 3,306 3,407 Total revenue $ 13,507 $ 6,704 $ 20,699 $ 14,992 One data center distributor customer represented approximately 17 % and 13 % of total revenue for the second quarter and first half of fiscal year 2024, respectively, and was attributable to the Compute & Networking segment.",23,,,,,,,,,,,,,filing,10-Q Q3 2023 — ITEM 1. FINANCIAL STATEMENTS (UNAUDITED) — Note 15 - Segment Information,
unpaired_actual,NVDA,2024,,,,,,,,revenue,Revenue,,consolidated,,,,Q2 FY2023,There were no customers with 10% or more of total revenue for the second quarter and first half of fiscal year 2023.,10%,,,,,,,,,,,,,filing,10-Q Q3 2023 — ITEM 1. FINANCIAL STATEMENTS (UNAUDITED) — Note 15 - Segment Information,
unpaired_actual,NVDA,2024,,,,,,,,subscribers,Subscribers / customers,,consolidated,,,,Q3 FY2023,"Additional risks related to acquisitions include, but are not limited to: • difficulty in integrating the technology, systems, products, policies, processes, or operations and integrating and retaining the employees, including key personnel, of the acquired business; • assumption of liabilities and incurring amortization expenses, impairment charges to goodwill or write-downs of acquired assets; 40 • integrating accounting, forecasting and controls, procedures and reporting cycles; • coordinating and integrating operations, particularly in countries in which we do not currently operate; • stock price impact, fines, fees or reputation harm if we are unable to obtain regulatory approval for an acquisition or are otherwise unable to close an acquisition; • potential issuances of debt to finance our acquisitions, resulting in increased debt, increased interest expense, and compliance with debt covenants or other restrictions; • the potential for our acquisitions to result in dilutive issuances of our equity securities; • the potential variability of the amount and form of any performance-based consideration; • negative changes in general economic conditions in the regions or the industries in which we or our target operate; • exposure to additional cybersecurity risks and vulnerabilities; and • impairment of relationships with, or loss of our or our target’s employees, vendors and customers.",40,,,,,,,,,,,,,filing,10-Q Q3 2023 — ITEM 1A. RISK FACTORS,
unpaired_actual,NVDA,2024,,,,,,,,revenue,Revenue,,consolidated,,,,Q2 FY2024,"A large CSP, which primarily purchases indirectly through multiple system integrators and distributors, is estimated to represent approximately 22% and 19% of total revenue for the second quarter and first half of fiscal year 2024, respectively, and was attributable to our Compute & Networking segment.",approximately 22%,,,,,,,,,,,,,filing,10-Q Q3 2023 — ITEM 1A. RISK FACTORS,
unpaired_actual,NVDA,2024,,,,,,,,capacity,Capacity,,consolidated,,,,Q3 FY2023,"In order to meet this demand, we have increased our purchase obligations 36 with existing suppliers, added new suppliers, and entered into prepaid supply and capacity agreements.",36,,,,,,,,,,,,,filing,10-Q Q3 2023 — ITEM 1A. RISK FACTORS,
unpaired_actual,NVDA,2024,,,,,,,,revenue,Revenue,,consolidated,,,,Q2 FY2024,"Our semiconductor wafers are manufactured, assembled, tested and packaged by third parties located outside of the United States, and we generated 55% and 59% of our revenue during the second quarter and first half of fiscal year 2024 from sales outside of the United States, respectively.",55%,,,,,,,,,,,,,filing,10-Q Q3 2023 — ITEM 1A. RISK FACTORS,
unpaired_actual,NVDA,2024,,,,,,,,operating_expenses,Operating expenses,,consolidated,,,,Q2 FY2024,"Operating Expenses Three Months Ended Six Months Ended July 30, 2023 July 31, 2022 $ Change % Change July 30, 2023 July 31, 2022 $ Change % Change ($ in millions) Research and development expenses $ 2,040 $ 1,824 $ 216 12 % $ 3,916 $ 3,443 $ 473 14 % % of net revenue 15.1 % 27.2 % 18.9 % 23.0 % Sales, general and administrative expenses 622 592 30 5 % 1,253 1,183 70 6 % % of net revenue 4.7 % 8.8 % 6.1 % 7.9 % Acquisition termination cost — — — — % — 1,353 (1,353) (100) % % of net revenue — % — % — % 9.0 % Total operating expenses $ 2,662 $ 2,416 $ 246 10 % $ 5,169 $ 5,979 $ (810) (14) % % of net revenue 19.8 % 36.0 % 25.0 % 39.9 % The increases in research and development expenses and sales, general and administrative expenses for the second quarter and first half of fiscal year 2024 were primarily driven by compensation and benefits, including stock-based compensation, reflecting employee growth and compensation increases.","$ 2,040",,,,,,,,,,,,,filing,10-Q Q3 2023 — ITEM 2. MANAGEMENT’S DISCUSSION AND ANALYSIS OF FINANCIAL CONDITION AND RESULTS OF OPERATIONS,
unpaired_actual,NVDA,2024,,,,,,,,revenue,Revenue,,consolidated,,,,Q2 FY2024,"Cash provided by operating activities increased in the first half of fiscal year 2024 compared to the first half of fiscal year 2023, primarily due to higher revenue and lower inventory, partially offset by higher accounts receivable.",,,,,,,,,,,,,,filing,10-Q Q3 2023 — ITEM 2. MANAGEMENT’S DISCUSSION AND ANALYSIS OF FINANCIAL CONDITION AND RESULTS OF OPERATIONS,
unpaired_actual,NVDA,2024,,,,,,,,gross_margin,Gross margin,,consolidated,,,,Q1 FY2024,"26 Second Quarter of Fiscal Year 2024 Summary Three Months Ended July 30, 2023 April 30, 2023 July 31, 2022 Quarter-over-Quarter Change Year-over-Year Change ($ in millions, except per share data) Revenue $ 13,507 $ 7,192 $ 6,704 88 % 101 % Gross margin 70.1 % 64.6 % 43.5 % 5.5 pts 26.6 pts Operating expenses $ 2,662 $ 2,508 $ 2,416 6 % 10 % Operating income $ 6,800 $ 2,140 $ 499 218 % 1,263 % Net income $ 6,188 $ 2,043 $ 656 203 % 843 % Net income per diluted share $ 2.48 $ 0.82 $ 0.26 202 % 854 % We specialize in markets where our computing platforms can provide tremendous acceleration for applications.",26,,,,,,,,,,,,,filing,10-Q Q3 2023 — ITEM 2. MANAGEMENT’S DISCUSSION AND ANALYSIS OF FINANCIAL CONDITION AND RESULTS OF OPERATIONS,
unpaired_actual,NVDA,2024,,,,,,,,revenue,Revenue,,consolidated,,,,Q2 FY2024,"Revenue for the second quarter of fiscal year 2024 was $13.51 billion, up 101% from a year ago and up 88% sequentially.",$13.51 billion,,,,,,,,,,,,,filing,10-Q Q3 2023 — ITEM 2. MANAGEMENT’S DISCUSSION AND ANALYSIS OF FINANCIAL CONDITION AND RESULTS OF OPERATIONS,
unpaired_actual,NVDA,2024,,,,,,,,product_milestone,Product / strategic milestone,,consolidated,,,,Q3 FY2023,"Data Center Compute grew 195% from a year ago and 157% sequentially, largely reflecting the strong ramp of our Hopper-based HGX platform.",195%,,,,,,,,,,,,,filing,10-Q Q3 2023 — ITEM 2. MANAGEMENT’S DISCUSSION AND ANALYSIS OF FINANCIAL CONDITION AND RESULTS OF OPERATIONS,
unpaired_actual,NVDA,2024,,,,,,,,operating_expenses,Operating expenses,,consolidated,,,,Q2 FY2024,"Operating expenses were up 10% from a year ago and up 6% sequentially, primarily driven by compensation and benefits, including stock-based compensation, reflecting growth in employees and compensation increases.",10%,,,,,,,,,,,,,filing,10-Q Q3 2023 — ITEM 2. MANAGEMENT’S DISCUSSION AND ANALYSIS OF FINANCIAL CONDITION AND RESULTS OF OPERATIONS,
unpaired_actual,NVDA,2024,,,,,,,,revenue,Revenue,,segment:data_center,,,,Q2 FY2024,"Market Platform Highlights Data Center revenue for the second quarter of fiscal year 2024 was $10.32 billion, up 171% from a year ago.",$10.32 billion,,,,,,,,,,,,,filing,10-Q Q3 2023 — ITEM 2. MANAGEMENT’S DISCUSSION AND ANALYSIS OF FINANCIAL CONDITION AND RESULTS OF OPERATIONS,
unpaired_actual,NVDA,2024,,,,,,,,revenue,Revenue,,consolidated,,,,Q2 FY2024,"Gaming revenue for the second quarter of fiscal year 2024 was $2.49 billion, up 22% from a year ago.",$2.49 billion,,,,,,,,,,,,,filing,10-Q Q3 2023 — ITEM 2. MANAGEMENT’S DISCUSSION AND ANALYSIS OF FINANCIAL CONDITION AND RESULTS OF OPERATIONS,
unpaired_actual,NVDA,2024,,,,,,,,revenue,Revenue,,consolidated,,,,Q2 FY2024,"Professional Visualization revenue for the second quarter of fiscal year 2024 was $379 million, down 24% from a year ago.",$379 million,,,,,,,,,,,,,filing,10-Q Q3 2023 — ITEM 2. MANAGEMENT’S DISCUSSION AND ANALYSIS OF FINANCIAL CONDITION AND RESULTS OF OPERATIONS,
unpaired_actual,NVDA,2024,,,,,,,,revenue,Revenue,,segment:automotive,,,,Q2 FY2024,"Automotive revenue for the second quarter of fiscal year 2024 was $253 million, up 15% from a year ago.",$253 million,,,,,,,,,,,,,filing,10-Q Q3 2023 — ITEM 2. MANAGEMENT’S DISCUSSION AND ANALYSIS OF FINANCIAL CONDITION AND RESULTS OF OPERATIONS,
unpaired_actual,NVDA,2024,,,,,,,,gross_profit,Gross profit,,consolidated,,,,Q2 FY2024,"Three Months Ended Six Months Ended July 30, 2023 July 31, 2022 July 30, 2023 July 31, 2022 Revenue 100.0 % 100.0 % 100.0 % 100.0 % Cost of revenue 29.9 56.5 31.8 44.3 Gross profit 70.1 43.5 68.2 55.7 Operating expenses Research and development 15.1 27.2 18.9 23.0 Sales, general and administrative 4.7 8.8 6.1 7.9 Acquisition termination cost — — — 9.0 Total operating expenses 19.8 36.0 25.0 39.9 Operating income 50.3 7.5 43.2 15.8 Interest income 1.4 0.7 1.6 0.4 Interest expense (0.5) (1.0) (0.6) (0.9) Other, net 0.4 (0.1) 0.2 (0.1) Other income (expense), net 1.3 (0.4) 1.2 (0.6) Income before income tax 51.6 7.1 44.4 15.2 Income tax expense (benefit) 5.9 (2.7) 4.6 — Net income 45.7 % 9.8 % 39.8 % 15.2 % 28 Revenue Revenue for the second quarter and first half of fiscal year 2024 was $13.51 billion and $20.70 billion, up 101% and 38%, respectively.",100.0 %,,,,,,,,,,,,,filing,10-Q Q3 2023 — ITEM 2. MANAGEMENT’S DISCUSSION AND ANALYSIS OF FINANCIAL CONDITION AND RESULTS OF OPERATIONS,
unpaired_actual,NVDA,2024,,,,,,,,revenue,Revenue,,consolidated,,,,Q2 FY2024,"Revenue by Reportable Segments Three Months Ended Six Months Ended July 30, 2023 July 31, 2022 $ Change % Change July 30, 2023 July 31, 2022 $ Change % Change ($ in millions) Compute & Networking $ 10,402 $ 3,907 $ 6,495 166 % $ 14,862 $ 7,579 $ 7,283 96 % Graphics 3,105 2,797 308 11 % 5,837 7,413 (1,576) (21) % Total $ 13,507 $ 6,704 $ 6,803 101 % $ 20,699 $ 14,992 $ 5,707 38 % Compute & Networking - The increase in the second quarter and first half of fiscal year 2024 compared to the second quarter and first half of fiscal year 2023 was primarily due to higher Data Center revenue.","$ 10,402",,,,,,,,,,,,,filing,10-Q Q3 2023 — ITEM 2. MANAGEMENT’S DISCUSSION AND ANALYSIS OF FINANCIAL CONDITION AND RESULTS OF OPERATIONS,
unpaired_actual,NVDA,2024,,,,,,,,revenue,Revenue,,consolidated,,,,Q2 FY2024,The increase in revenue to the United States for the second quarter and first half of fiscal year 2024 was primarily due to higher U.S.-based Data Center end demand.,,,,,,,,,,,,,,filing,10-Q Q3 2023 — ITEM 2. MANAGEMENT’S DISCUSSION AND ANALYSIS OF FINANCIAL CONDITION AND RESULTS OF OPERATIONS,
unpaired_actual,NVDA,2024,,,,,,,,revenue,Revenue,,segment:data_center,,,,Q2 FY2024,"One data center distributor customer represented approximately 17% and 13% of total revenue for the second quarter and first half of fiscal year 2024, respectively, and was attributable to the Compute & Networking segment.",approximately 17%,,,,,,,,,,,,,filing,10-Q Q3 2023 — ITEM 2. MANAGEMENT’S DISCUSSION AND ANALYSIS OF FINANCIAL CONDITION AND RESULTS OF OPERATIONS,
unpaired_actual,NVDA,2024,,,,,,,,revenue,Revenue,,consolidated,,,,Q2 FY2023,There were no customers with 10% or more of total revenue for the second quarter and first half of fiscal year 2023.,10%,,,,,,,,,,,,,filing,10-Q Q3 2023 — ITEM 2. MANAGEMENT’S DISCUSSION AND ANALYSIS OF FINANCIAL CONDITION AND RESULTS OF OPERATIONS,
unpaired_actual,NVDA,2024,,,,,,,,revenue,Revenue,,consolidated,,,,Q2 FY2024,"A large CSP, which primarily purchases indirectly through multiple system integrators and distributors, is estimated to represent approximately 22% and 19% of total revenue for the second quarter and first half of fiscal year 2024, respectively, and was attributable to our Compute & Networking segment.",approximately 22%,,,,,,,,,,,,,filing,10-Q Q3 2023 — ITEM 2. MANAGEMENT’S DISCUSSION AND ANALYSIS OF FINANCIAL CONDITION AND RESULTS OF OPERATIONS,
unpaired_actual,NVDA,2024,,,,,,,,gross_margin,Gross margin,,consolidated,,,,Q2 FY2024,"Gross Margin Our overall gross margin increased to 70.1% and 68.2% for the second quarter and first half of fiscal year 2024, respectively, from 43.5% and 55.7% for the second quarter and first half of fiscal year 2023, respectively.",70.1%,,,,,,,,,,,,,filing,10-Q Q3 2023 — ITEM 2. MANAGEMENT’S DISCUSSION AND ANALYSIS OF FINANCIAL CONDITION AND RESULTS OF OPERATIONS,
unpaired_actual,NVDA,2024,,,,,,,,revenue,Revenue,,consolidated,,,,Q2 FY2024,"The increase in the second quarter and first half of fiscal year 2024 compared to second quarter and first half of fiscal year 2023 was primarily due to higher revenue from Compute GPUs of 208% and 112%, respectively, and lower inventory provisions.",208%,,,,,,,,,,,,,filing,10-Q Q3 2023 — ITEM 2. MANAGEMENT’S DISCUSSION AND ANALYSIS OF FINANCIAL CONDITION AND RESULTS OF OPERATIONS,
unpaired_actual,NVDA,2024,,,,,,,,gross_margin,Gross margin,,consolidated,,,,Q3 FY2023,GAAP gross margin was 53.6% and and non-GAAP gross margin was 56.1%.,53.6%,,,,,,,,,,,,,transcript,NVDA_Q3_2023,
unpaired_actual,NVDA,2024,,,,,,,,operating_expenses,Operating expenses,,segment:data_center,,,,Q3 FY2023,"Year-on-year, GAAP operating expenses were up 31%, and non-GAAP operating expenses were up 30%, primarily due to higher compensation expenses related to headcount growth and salary increases and higher data center infrastructure expenses.",31%,,,,,,,,,,,,,transcript,NVDA_Q3_2023,
unpaired_actual,NVDA,2024,,,,,,,,operating_expenses,Operating expenses,,segment:data_center,,,,Q3 FY2023,"Sequentially, both GAAP and non-GAAP operating expense growth was in the single-digit percent, and we plan to keep it relatively flat at these levels over the coming quarters.",,,,,,,,,,,,,,transcript,NVDA_Q3_2023,
unpaired_actual,NVDA,2024,,,,,,,,revenue,Revenue,,consolidated,,,,Q3 FY2023,"Q3 revenue was $5.93 billion, down 12% sequentially and down 17% year on year.",$5.93 billion,,,,,,,,,,,,,transcript,NVDA_Q3_2023,
unpaired_actual,NVDA,2024,,,,,,,,revenue,Revenue,,segment:automotive,,,,Q3 FY2023,We delivered record data center and automotive revenue.,,,,,,,,,,,,,,transcript,NVDA_Q3_2023,
unpaired_actual,NVDA,2024,,,,,,,,revenue,Revenue,,consolidated,,,,Q3 FY2023,"Because last quarter, it made sense that you took a charge because revenue was less than you thought, but revenue came in pretty much in line.",,,,,,,,,,,,,,transcript,NVDA_Q3_2023,
unpaired_actual,NVDA,2024,,,,,,,,revenue_growth,Revenue growth,,segment:data_center,,,,Q3 FY2023,Revenue of $3.83 billion was up 1% sequentially and 31% year-on-year.,$3.83 billion,,,,,,,,,,,,,transcript,NVDA_Q3_2023,
unpaired_actual,NVDA,2024,,,,,,,,revenue,Revenue,,segment:data_center,,,,Q3 FY2023,"I guess, Colette, I heard in your script that you had talked about maybe a new way of commenting on or reporting hyperscaler revenue in your data center business.",,,,,,,,,,,,,,transcript,NVDA_Q3_2023,
unpaired_actual,NVDA,2024,,,,,,,,product_milestone,Product / strategic milestone,,consolidated,,,,Q3 FY2023,"And and early signs are, and I'm sure you're also seeing that the ADA launch was a home run.",,,,,,,,,,,,,,transcript,NVDA_Q3_2023,
unpaired_actual,NVDA,2024,,,,,,,,product_milestone,Product / strategic milestone,,consolidated,,,,Q3 FY2023,We achieved an important milestone this quarter with VMware.,,,,,,,,,,,,,,transcript,NVDA_Q3_2023,
unpaired_actual,NVDA,2024,,,,,,,,revenue,Revenue,,consolidated,,,,Q4 FY2023,"Revenue of $1.57 billion was down 23% sequentially and down 51% from a year ago, reflecting lower sell-in to partners to help align channel inventory levels with current demand expectations.",$1.57 billion,,,,,,,,,,,,,transcript,NVDA_Q3_2023,
unpaired_actual,NVDA,2024,,,,,,,,revenue,Revenue,,consolidated,,,,Q4 FY2023,"Moving to Probi Revenue of $200 million was down 60% sequentially and down 65% from a year ago, reflecting lower sell-in to partners to help align channel inventory levels with the current demand expectations.",$200 million,,,,,,,,,,,,,transcript,NVDA_Q3_2023,
unpaired_actual,NVDA,2024,,,,,,,,revenue,Revenue,,segment:automotive,,,,Q3 FY2023,"Revenue of $251 million, increased 14% sequentially and 86% from a year ago.",$251 million,,,,,,,,,,,,,transcript,NVDA_Q3_2023,
unpaired_actual,NVDA,2024,,,,,,,,production,Production,,consolidated,,,,Q3 FY2023,"Growth was driven by an increase in AI automotive solutions as our customers drive or on-based production ramp, continue to scale.",,,,,,,,,,,,,,transcript,NVDA_Q3_2023,
unpaired_actual,NVDA,2024,,,,,,,,revenue,Revenue,,consolidated,,,,Q3 FY2024,These licensing requirements did not have a meaningful impact on our revenue in the third quarter of fiscal year 2024 as they were announced near the end of the fiscal quarter and we had additional demand from customers outside of the named country groups.,,,,,,,,,,,,,,filing,10-Q Q4 2023 — ITEM 2. MANAGEMENT’S DISCUSSION AND ANALYSIS OF FINANCIAL CONDITION AND RESULTS OF OPERATIONS,
unpaired_actual,NVDA,2024,,,,,,,,gross_margin,Gross margin,,consolidated,,,,Q1 FY2024,"Third Quarter of Fiscal Year 2024 Summary Three Months Ended October 29, 2023 July 30, 2023 October 30, 2022 Quarter-over-Quarter Change Year-over-Year Change ($ in millions, except per share data) Revenue $ 18,120 $ 13,507 $ 5,931 34 % 206 % Gross margin 74.0 % 70.1 % 53.6 % 3.9 pts 20.4 pts Operating expenses $ 2,983 $ 2,662 $ 2,576 12 % 16 % Operating income $ 10,417 $ 6,800 $ 601 53 % 1,633 % Net income $ 9,243 $ 6,188 $ 680 49 % 1,259 % Net income per diluted share $ 3.71 $ 2.48 $ 0.27 50 % 1,274 % We specialize in markets where our computing platforms can provide tremendous acceleration for applications.","$ 18,120",,,,,,,,,,,,,filing,10-Q Q4 2023 — ITEM 2. MANAGEMENT’S DISCUSSION AND ANALYSIS OF FINANCIAL CONDITION AND RESULTS OF OPERATIONS,
unpaired_actual,NVDA,2024,,,,,,,,revenue,Revenue,,consolidated,,,,Q3 FY2024,"Revenue for the third quarter of fiscal year 2024 was $18.12 billion, up 206% from a year ago and up 34% sequentially.",$18.12 billion,,,,,,,,,,,,,filing,10-Q Q4 2023 — ITEM 2. MANAGEMENT’S DISCUSSION AND ANALYSIS OF FINANCIAL CONDITION AND RESULTS OF OPERATIONS,
unpaired_actual,NVDA,2024,,,,,,,,product_milestone,Product / strategic milestone,,consolidated,,,,Q4 FY2023,"Data Center compute grew 324% from a year ago and 38% sequentially, largely reflecting the strong ramp of our Hopper GPU architecture-based HGX platform from cloud service providers, or CSPs, including GPU-specialized CSPs; consumer internet companies; and enterprises.",324%,,,,,,,,,,,,,filing,10-Q Q4 2023 — ITEM 2. MANAGEMENT’S DISCUSSION AND ANALYSIS OF FINANCIAL CONDITION AND RESULTS OF OPERATIONS,
unpaired_actual,NVDA,2024,,,,,,,,operating_expenses,Operating expenses,,consolidated,,,,Q3 FY2024,"Operating expenses were up 16% from a year ago and up 12% sequentially, driven by compensation and benefits, including stock-based compensation, primarily reflecting growth in employees and compensation increases.",16%,,,,,,,,,,,,,filing,10-Q Q4 2023 — ITEM 2. MANAGEMENT’S DISCUSSION AND ANALYSIS OF FINANCIAL CONDITION AND RESULTS OF OPERATIONS,
unpaired_actual,NVDA,2024,,,,,,,,revenue,Revenue,,segment:data_center,,,,Q3 FY2024,"Market Platform Highlights Data Center revenue for the third quarter of fiscal year 2024 was $14.51 billion, up 279% from a year ago and up 41% from the previous quarter.",$14.51 billion,,,,,,,,,,,,,filing,10-Q Q4 2023 — ITEM 2. MANAGEMENT’S DISCUSSION AND ANALYSIS OF FINANCIAL CONDITION AND RESULTS OF OPERATIONS,
unpaired_actual,NVDA,2024,,,,,,,,revenue,Revenue,,consolidated,,,,Q3 FY2024,"Gaming revenue for the third quarter of fiscal year 2024 was $2.86 billion, up 81% from a year ago and up 15% from the previous quarter.",$2.86 billion,,,,,,,,,,,,,filing,10-Q Q4 2023 — ITEM 2. MANAGEMENT’S DISCUSSION AND ANALYSIS OF FINANCIAL CONDITION AND RESULTS OF OPERATIONS,
unpaired_actual,NVDA,2024,,,,,,,,revenue,Revenue,,consolidated,,,,Q3 FY2024,"28 Professional Visualization revenue for the third quarter of fiscal year 2024 was $416 million, up 108% from a year ago and up 10% from the previous quarter.",28,,,,,,,,,,,,,filing,10-Q Q4 2023 — ITEM 2. MANAGEMENT’S DISCUSSION AND ANALYSIS OF FINANCIAL CONDITION AND RESULTS OF OPERATIONS,
unpaired_actual,NVDA,2024,,,,,,,,revenue,Revenue,,segment:automotive,,,,Q3 FY2024,"Automotive revenue for the third quarter of fiscal year 2024 was $261 million, up 4% from a year ago and up 3% from the previous quarter.",$261 million,,,,,,,,,,,,,filing,10-Q Q4 2023 — ITEM 2. MANAGEMENT’S DISCUSSION AND ANALYSIS OF FINANCIAL CONDITION AND RESULTS OF OPERATIONS,
unpaired_actual,NVDA,2024,,,,,,,,revenue_growth,Revenue growth,,consolidated,,,,Q4 FY2023,Revenue of $226 million was up 13% sequentially and down 65% from a year ago.,$226 million,,,,,,,,,,,,,transcript,NVDA_Q4_2023,
unpaired_actual,NVDA,2024,,,,,,,,revenue,Revenue,,consolidated,,,,Q4 FY2023,Fiscal year revenue of $1.54 billion was down 27%.,$1.54 billion,,,,,,,,,,,,,transcript,NVDA_Q4_2023,
unpaired_actual,NVDA,2024,,,,,,,,revenue_growth,Revenue growth,,segment:automotive,,,,Q4 FY2023,"Revenue was a record $294 million, up 17% and up 135% from a year ago.",$294 million,,,,,,,,,,,,,transcript,NVDA_Q4_2023,
unpaired_actual,NVDA,2024,,,,,,,,revenue_growth,Revenue growth,,consolidated,,,,Q4 FY2023,Fiscal year revenue of $903 million was up 60%.,$903 million,,,,,,,,,,,,,transcript,NVDA_Q4_2023,
unpaired_actual,NVDA,2024,,,,,,,,gross_margin,Gross margin,,consolidated,,,,Q4 FY2023,"GAAP gross margin was 63.3%, and non-GAAP gross margin was 66.1%.",63.3%,,,,,,,,,,,,,transcript,NVDA_Q4_2023,
unpaired_actual,NVDA,2024,,,,,,,,gross_margin,Gross margin,,consolidated,,,,Q4 FY2023,"Fiscal year GAAP gross margin was 56.9%, and non-GAAP gross margin was 59.2%.",56.9%,,,,,,,,,,,,,transcript,NVDA_Q4_2023,
unpaired_actual,NVDA,2024,,,,,,,,operating_expenses,Operating expenses,,consolidated,,,,Q4 FY2023,"Full year GAAP operating expenses were up 50%, and non-GAAP operating expenses were up 31%.",50%,,,,,,,,,,,,,transcript,NVDA_Q4_2023,
unpaired_actual,NVDA,2024,,,,,,,,revenue_growth,Revenue growth,,consolidated,,,,Q4 FY2023,Fiscal year revenue was $15 billion and up 41%.,$15 billion,,,,,,,,,,,,,transcript,NVDA_Q4_2023,
unpaired_actual,NVDA,2024,,,,,,,,revenue,Revenue,,segment:data_center,,,,Q4 FY2023,"The total data center sequential revenue decline was driven by lower sales in China, which was largely in line with our expectations, reflecting COVID and other domestic issues.",,,,,,,,,,,,,,transcript,NVDA_Q4_2023,
unpaired_actual,NVDA,2024,,,,,,,,revenue,Revenue,,consolidated,,,,Q2 FY2023,"In just the second quarter of its ramp, H100 revenue was already much higher than that of A100, which declined sequentially.",,,,,,,,,,,,,,transcript,NVDA_Q4_2023,
unpaired_actual,NVDA,2024,,,,,,,,production,Production,,consolidated,,,,Q3 FY2023,And this was a time for us to get production level to them in Q3.,,,,,,,,,,,,,,transcript,NVDA_Q4_2023,
unpaired_actual,NVDA,2024,,,,,,,,product_milestone,Product / strategic milestone,,consolidated,,,,Q4 FY2023,So Q4 was an important time for us to see a great ramp of H100 that we saw.,,,,,,,,,,,,,,transcript,NVDA_Q4_2023,
unpaired_actual,NVDA,2024,,,,,,,,revenue,Revenue,,consolidated,,,,Q3 FY2024,"Revenue by Geographic areas were as follows: Three Months Ended Nine Months Ended October 29, October 30, October 29, October 30, 2023 2022 2023 2022 (In millions) Revenue: United States $ 6,302 $ 2,148 $ 14,730 $ 6,069 Taiwan 4,333 1,153 8,968 5,134 China (including Hong Kong) 4,030 1,148 8,360 4,831 Singapore 2,702 536 4,506 1,963 Other countries 753 946 2,255 2,926 Total revenue $ 18,120 $ 5,931 $ 38,819 $ 20,923 Revenue from sales to customers outside of the United States accounted for 65 % and 62 % of total revenue for the third quarter and first nine months of fiscal year 2024, respectively, and 64 % and 71 % of total revenue for the third quarter and first nine months of fiscal year 2023, respectively.","29,",,,,,,,,,,,,,filing,10-Q Q4 2023 — ITEM 1. FINANCIAL STATEMENTS (UNAUDITED) — Note 15 - Segment Information,
unpaired_actual,NVDA,2024,,,,,,,,revenue,Revenue,,consolidated,,,,Q3 FY2024,The increase in revenue to the United States for the third quarter and first nine months of fiscal year 2024 was primarily due to higher U.S.-based Data Center end demand.,,,,,,,,,,,,,,filing,10-Q Q4 2023 — ITEM 1. FINANCIAL STATEMENTS (UNAUDITED) — Note 15 - Segment Information,
unpaired_actual,NVDA,2024,,,,,,,,revenue,Revenue,,consolidated,,,,Q3 FY2024,"Sales to one customer, or Customer A, represented 12 % of total revenue for the third quarter of fiscal year 2024, and sales to a second customer, or Customer B, represented 11 % of total revenue for the first nine months of fiscal year 2024, both of which were attributable to the Compute & Networking segment.",12 %,,,,,,,,,,,,,filing,10-Q Q4 2023 — ITEM 1. FINANCIAL STATEMENTS (UNAUDITED) — Note 15 - Segment Information,
unpaired_actual,NVDA,2024,,,,,,,,revenue,Revenue,,consolidated,,,,Q3 FY2023,"In the first nine months of fiscal year 2023, there were no customers with 10% or more of total revenue.",10%,,,,,,,,,,,,,filing,10-Q Q4 2023 — ITEM 1. FINANCIAL STATEMENTS (UNAUDITED) — Note 15 - Segment Information,
unpaired_actual,NVDA,2024,,,,,,,,subscribers,Subscribers / customers,,consolidated,,,,Q4 FY2023,"Additional risks related to acquisitions include, but are not limited to: • difficulty in integrating the technology, systems, products, policies, processes, or operations and integrating and retaining the employees, including key personnel, of the acquired business; • assumption of liabilities and incurring amortization expenses, impairment charges to goodwill or write-downs of acquired assets; • integrating accounting, forecasting and controls, procedures and reporting cycles; • coordinating and integrating operations, particularly in countries in which we do not currently operate; 40 • stock price impact, fines, fees or reputation harm if we are unable to obtain regulatory approval for an acquisition or are otherwise unable to close an acquisition; • potential issuances of debt to finance our acquisitions, resulting in increased debt, increased interest expense, and compliance with debt covenants or other restrictions; • the potential for our acquisitions to result in dilutive issuances of our equity securities; • the potential variability of the amount and form of any performance-based consideration; • negative changes in general economic conditions in the regions or the industries in which we or our target operate; • exposure to additional cybersecurity risks and vulnerabilities; and • impairment of relationships with, or loss of our or our target’s employees, vendors and customers.",40,,,,,,,,,,,,,filing,10-Q Q4 2023 — ITEM 1A. RISK FACTORS,
unpaired_actual,NVDA,2024,,,,,,,,revenue,Revenue,,consolidated,,,,Q3 FY2024,"Sales to Customer A represented 12% of total revenue for the third quarter of fiscal year 2024, and sales to Customer B represented 11% of total revenue for the first nine months of fiscal year 2024, both of which were attributable to the Compute & Networking segment.",12%,,,,,,,,,,,,,filing,10-Q Q4 2023 — ITEM 1A. RISK FACTORS,
unpaired_actual,NVDA,2024,,,,,,,,volume_impact,Volume impact,,consolidated,,,,Q4 FY2023,"Many additional factors have caused and/or could in the future cause us to either underestimate or overestimate our customers’ future demand for our products, or otherwise cause a mismatch between supply and demand for our products and impact the timing and volume of our revenue, including: • changes in product development cycles and time to market; • competing technologies and competitor product releases and announcements; • changes in business and economic conditions resulting in decreased end demand; • sudden or sustained government lockdowns or actions to control case spread of global or local health issues; • rapidly changing technology or customer requirements; • new product introductions and transitions resulting in less demand for existing products; • new or unexpected end use cases; • increase in demand for competitive products, including competitive actions; 36 • business decisions made by third parties; • the demand for accelerated or AI-related cloud services, including our own software and NVIDIA DGX cloud services; • changes that impact the ecosystem for the architectures underlying our products and technologies; • the demand for our products relating to cryptocurrency mining, our Omniverse platform, third-party large language models and generative AI models; or • government actions or changes in governmental policies, such as export controls or increased restrictions on gaming usage.",36,,,,,,,,,,,,,filing,10-Q Q4 2023 — ITEM 1A. RISK FACTORS,
unpaired_actual,NVDA,2024,,,,,,,,revenue,Revenue,,consolidated,,,,Q3 FY2024,"Our semiconductor wafers are manufactured, assembled, tested and packaged by third parties located outside of the United States, and we generated 65% and 62% of our revenue during the third quarter and first nine months of fiscal year 2024 from sales outside of the United States, respectively.",65%,,,,,,,,,,,,,filing,10-Q Q4 2023 — ITEM 1A. RISK FACTORS,
unpaired_actual,NVDA,2024,,,,,,,,gross_profit,Gross profit,,consolidated,,,,Q3 FY2024,"Three Months Ended Nine Months Ended October 29, 2023 October 30, 2022 October 29, 2023 October 30, 2022 Revenue 100.0 % 100.0 % 100.0 % 100.0 % Cost of revenue 26.0 46.4 29.1 44.9 Gross profit 74.0 53.6 70.9 55.1 Operating expenses Research and development 12.7 32.8 16.0 25.7 Sales, general and administrative 3.8 10.6 5.0 8.7 Acquisition termination cost — — — 6.5 Total operating expenses 16.5 43.4 21.0 40.9 Operating income 57.5 10.2 49.9 14.2 Interest income 1.3 1.5 1.5 0.7 Interest expense (0.3) (1.1) (0.5) (0.9) Other, net (0.4) (0.2) (0.1) (0.1) Other income (expense), net 0.6 0.2 0.9 (0.3) Income before income tax 58.1 10.4 50.8 13.9 Income tax expense (benefit) 7.1 (1.1) 5.8 (0.3) Net income 51.0 % 11.5 % 45.0 % 14.2 % Revenue Revenue for the third quarter and first nine months of fiscal year 2024 was $18.12 billion and $38.82 billion, up 206% and 86%, respectively.",100.0 %,,,,,,,,,,,,,filing,10-Q Q4 2023 — ITEM 2. MANAGEMENT’S DISCUSSION AND ANALYSIS OF FINANCIAL CONDITION AND RESULTS OF OPERATIONS,
unpaired_actual,NVDA,2024,,,,,,,,revenue,Revenue,,consolidated,,,,Q3 FY2024,"29 Revenue by Reportable Segments Three Months Ended Nine Months Ended October 29, 2023 October 30, 2022 $ Change % Change October 29, 2023 October 30, 2022 $ Change % Change ($ in millions) Compute & Networking $ 14,645 $ 3,816 $ 10,829 284 % $ 29,507 $ 11,395 $ 18,112 159 % Graphics 3,475 2,115 1,360 64 % 9,312 9,528 (216) (2) % Total $ 18,120 $ 5,931 $ 12,189 206 % $ 38,819 $ 20,923 $ 17,896 86 % Compute & Networking - The increase in the third quarter and first nine months of fiscal year 2024 compared to the third quarter and first nine months of fiscal year 2023 was due to higher Data Center revenue.",29,,,,,,,,,,,,,filing,10-Q Q4 2023 — ITEM 2. MANAGEMENT’S DISCUSSION AND ANALYSIS OF FINANCIAL CONDITION AND RESULTS OF OPERATIONS,
unpaired_actual,NVDA,2024,,,,,,,,revenue,Revenue,,consolidated,,,,Q3 FY2024,"Sales to Customer A represented 12% of total revenue for the third quarter of fiscal year 2024, and sales to Customer B represented 11% of total revenue for the first nine months of fiscal year 2024, both of which were attributable to the Compute & Networking segment.",12%,,,,,,,,,,,,,filing,10-Q Q4 2023 — ITEM 2. MANAGEMENT’S DISCUSSION AND ANALYSIS OF FINANCIAL CONDITION AND RESULTS OF OPERATIONS,
unpaired_actual,NVDA,2024,,,,,,,,revenue,Revenue,,consolidated,,,,Q3 FY2023,"In the first nine months of fiscal year 2023, there were no customers with 10% or more of total revenue.",10%,,,,,,,,,,,,,filing,10-Q Q4 2023 — ITEM 2. MANAGEMENT’S DISCUSSION AND ANALYSIS OF FINANCIAL CONDITION AND RESULTS OF OPERATIONS,
unpaired_actual,NVDA,2024,,,,,,,,gross_margin,Gross margin,,consolidated,,,,Q3 FY2024,"Gross Margin Our overall gross margin increased to 74.0% and 70.9% for the third quarter and first nine months of fiscal year 2024, respectively, from 53.6% and 55.1% for the third quarter and first nine months of fiscal year 2023, 30 respectively.",74.0%,,,,,,,,,,,,,filing,10-Q Q4 2023 — ITEM 2. MANAGEMENT’S DISCUSSION AND ANALYSIS OF FINANCIAL CONDITION AND RESULTS OF OPERATIONS,
unpaired_actual,NVDA,2024,,,,,,,,revenue_growth,Revenue growth,,consolidated,,,,Q3 FY2024,"The year over year increase in the third quarter and first nine months of fiscal year 2024 was primarily due to improved product mix from Data Center revenue growth of 279% and 156%, respectively, and lower net inventory provisions and related charges.",279%,,,,,,,,,,,,,filing,10-Q Q4 2023 — ITEM 2. MANAGEMENT’S DISCUSSION AND ANALYSIS OF FINANCIAL CONDITION AND RESULTS OF OPERATIONS,
unpaired_actual,NVDA,2024,,,,,,,,gross_margin,Gross margin,,consolidated,,,,Q3 FY2024,The net effect on our gross margin was an unfavorable impact of 2.4% and 2.6% in the third quarter and first nine months of fiscal year 2024.,2.4%,,,,,,,,,,,,,filing,10-Q Q4 2023 — ITEM 2. MANAGEMENT’S DISCUSSION AND ANALYSIS OF FINANCIAL CONDITION AND RESULTS OF OPERATIONS,
unpaired_actual,NVDA,2024,,,,,,,,gross_margin,Gross margin,,consolidated,,,,Q3 FY2023,"The net effect on our gross margin was an unfavorable impact of 11.5% and 9.3% in the third quarter and first nine months of fiscal year 2023, respectively.",11.5%,,,,,,,,,,,,,filing,10-Q Q4 2023 — ITEM 2. MANAGEMENT’S DISCUSSION AND ANALYSIS OF FINANCIAL CONDITION AND RESULTS OF OPERATIONS,
unpaired_actual,NVDA,2024,,,,,,,,operating_expenses,Operating expenses,,consolidated,,,,Q3 FY2024,"Operating Expenses Three Months Ended Nine Months Ended October 29, 2023 October 30, 2022 $ Change % Change October 29, 2023 October 30, 2022 $ Change % Change ($ in millions) Research and development expenses $ 2,294 $ 1,945 $ 349 18 % $ 6,210 $ 5,387 $ 823 15 % % of net revenue 12.7 % 32.8 % 16.0 % 25.7 % Sales, general and administrative expenses 689 631 58 9 % 1,942 1,815 127 7 % % of net revenue 3.8 % 10.6 % 5.0 % 8.7 % Acquisition termination cost — — — — % — 1,353 (1,353) (100) % % of net revenue — % — % — % 6.5 % Total operating expenses $ 2,983 $ 2,576 $ 407 16 % $ 8,152 $ 8,555 $ (403) (5) % % of net revenue 16.5 % 43.4 % 21.0 % 40.9 % The increases in research and development expenses and sales, general and administrative expenses for the third quarter and first nine months of fiscal year 2024 were primarily driven by compensation and benefits, including stock-based compensation, reflecting employee growth and compensation increases.","$ 2,294",,,,,,,,,,,,,filing,10-Q Q4 2023 — ITEM 2. MANAGEMENT’S DISCUSSION AND ANALYSIS OF FINANCIAL CONDITION AND RESULTS OF OPERATIONS,
unpaired_actual,NVDA,2024,,,,,,,,operating_income,Operating income,,consolidated,,,,Q3 FY2024,"31 Operating Income by Reportable Segments Three Months Ended Nine Months Ended October 29, 2023 October 30, 2022 $ Change % Change October 29, 2023 October 30, 2022 $ Change % Change ($ in millions) Compute & Networking $ 10,262 $ 1,086 $ 9,176 845 % $ 19,149 $ 3,509 $ 15,640 446 % Graphics 1,493 606 887 146 % 3,751 3,739 12 — % All Other (1,338) (1,091) (247) 23 % (3,542) (4,280) 738 (17) % Total $ 10,417 $ 601 $ 9,816 1,633 % $ 19,358 $ 2,968 $ 16,390 552 % Compute & Networking – Segment operating income increased during the third quarter and first nine months of fiscal year 2024 compared to the third quarter and first nine months of fiscal year 2023 primarily due to growth in revenue.",31,,,,,,,,,,,,,filing,10-Q Q4 2023 — ITEM 2. MANAGEMENT’S DISCUSSION AND ANALYSIS OF FINANCIAL CONDITION AND RESULTS OF OPERATIONS,
unpaired_actual,NVDA,2024,,,,,,,,headcount,Headcount,,consolidated,,,,FY2023,"As of the end of fiscal year 2023, we had 26,196 employees in 35 countries, 19,532 were engaged in research and development and 6,664 were engaged in sales, marketing, operations, and administrative positions.","26,196",,,,,,,,,,,,,filing,10-K FY2023 — ITEM 1. BUSINESS,
unpaired_actual,NVDA,2024,,,,,,,,stores,Stores / locations,,consolidated,,,,FY2023,The COVID-19 pandemic created expanded hiring opportunities in new geographies and provided increased 12 Table of Contents flexibility for employees to work from locations of their choice.,12,,,,,,,,,,,,,filing,10-K FY2023 — ITEM 1. BUSINESS,
unpaired_actual,NVDA,2024,,,,,,,,headcount,Headcount,,consolidated,,,,FY2023,"As of the end of fiscal year 2023, our global workforce was 80% male, 19% female, and 1% not declared, with 6% of our workforce in the United States composed of Black or African American and Hispanic or Latino employees.",80%,,,,,,,,,,,,,filing,10-K FY2023 — ITEM 1. BUSINESS,
unpaired_actual,NVDA,2024,,,,,,,,capacity,Capacity,,consolidated,,,,FY2023,"As of January 29, 2023, we had a valuation allowance of $ 1.48 billion related to capital loss carryforwards, state, and certain other deferred tax assets that management determined are not likely to be realized due to jurisdictional projections of future taxable income, including capital gains, tax attributes usage limitation by certain jurisdictions, and potential utilization limitations of tax attributes acquired as a result of stock ownership changes.",$ 1.48 billion,,,,,,,,,,,,,filing,10-K FY2023 — ITEM 15. EXHIBIT AND FINANCIAL STATEMENT SCHEDULES,
unpaired_actual,NVDA,2024,,,,,,,,revenue,Revenue,,consolidated,,,,FY2021,Revenue attributable to Mellanox was approximately 10 % for fiscal year 2021.,approximately 10 %,,,,,,,,,,,,,filing,10-K FY2023 — ITEM 15. EXHIBIT AND FINANCIAL STATEMENT SCHEDULES,
unpaired_actual,NVDA,2024,,,,,,,,capacity,Capacity,,consolidated,,,,Q2 FY2023,"The estimated product returns and estimated product warranty activity consisted of the following: Year Ended January 29, January 30, January 31, 2023 2022 2021 (In millions) Balance at beginning of period $ 46 $ 22 $ 15 Additions 145 40 28 Utilization ( 109 ) ( 16 ) ( 21 ) Balance at end of period $ 82 $ 46 $ 22 In the second quarter of fiscal year 2023, we recorded $ 122 million in product warranty liabilities primarily related to a defect identified in a third-party component embedded in certain Data Center products.","29,",,,,,,,,,,,,,filing,10-K FY2023 — ITEM 15. EXHIBIT AND FINANCIAL STATEMENT SCHEDULES,
unpaired_actual,NVDA,2024,,,,,,,,revenue,Revenue,,consolidated,,,,FY2023,"Our semiconductor wafers are manufactured, assembled, tested and packaged by third parties located outside of the United States, and we generated 69% of our revenue during fiscal year 2023 from sales outside of the United States.",69%,,,,,,,,,,,,,filing,10-K FY2023 — ITEM 1A. RISK FACTORS,
unpaired_actual,NVDA,2024,,,,,,,,subscribers,Subscribers / customers,,consolidated,,,,FY2023,"Additional risks related to acquisitions or strategic investments include, but are not limited to: • difficulty in integrating the technology, systems, products, policies, processes, or operations and integrating and retaining the employees, including key personnel, of the acquired business; • diversion of capital and other resources, including management’s attention; • assumption of liabilities and incurring amortization expenses, impairment charges to goodwill or write-downs of acquired assets; • integrating accounting, forecasting and controls, procedures and reporting cycles; • coordinating and integrating operations, particularly in countries in which we do not currently operate; • difficulty in realizing a satisfactory return and uncertainties to realize the benefits of an acquisition or strategic investment, if at all; • difficulty or inability in obtaining governmental, regulatory approval or restrictions or other consents and approvals or financing; • stock price impact, fines, fees or reputation harm if we are unable to obtain regulatory approval for an acquisition or are otherwise unable to close an acquisition; • legal proceedings initiated as a result of an acquisition or investment; • potential issuances of debt to finance our acquisitions, resulting in increased debt, increased interest expense, and compliance with debt covenants or other restrictions; • the potential for our acquisitions to result in dilutive issuances of our equity securities; • the potential variability of the amount and form of any performance-based consideration; 25 Table of Contents • negative changes in general economic conditions in the regions or the industries in which we or our target operate; • exposure to additional cybersecurity risks and vulnerabilities; • potential failure of our due diligence processes to identify significant issues with the assets or company in which we are investing or are acquiring; and • impairment of relationships with, or loss of our or our target’s employees, vendors and customers.",25,,,,,,,,,,,,,filing,10-K FY2023 — ITEM 1A. RISK FACTORS,
unpaired_actual,NVDA,2024,,,,,,,,volume_impact,Volume impact,,consolidated,,,,FY2023,"Demand for our products is based on many factors in addition to the lead times described above that have caused and/or could in the future cause us to either underestimate or overestimate our customers’ future demand for our products, or otherwise cause a mismatch between supply and demand for our products and impact the timing and volume of our revenue, including: • competing technologies and competitor product releases and announcements; • changes in business and economic conditions resulting in decreased end demand; • sudden or sustained government lockdowns or actions to control case spread of COVID-19 or other global or local health issues; • rapidly changing technology or customer requirements; • time to market; 18 Table of Contents • new product introductions and transitions resulting in less demand for existing products; • new or unexpected end use cases; • increase in demand for competitive products, including competitive actions; • business decisions made by third parties; • the demand for accelerated or AI-related cloud services, including our own software and AI cloud service offerings; • the demand for cryptocurrency mining; or • government actions or changes in governmental policies, such as increased restrictions on gaming usage.",18,,,,,,,,,,,,,filing,10-K FY2023 — ITEM 1A. RISK FACTORS,
unpaired_actual,NVDA,2024,,,,,,,,revenue,Revenue,,consolidated,,,,FY2023,The risk of these impacts has increased as our purchase obligations and prepaids have grown and become a greater portion of our total supply while our 19 Table of Contents revenue has sequentially declined.,19,,,,,,,,,,,,,filing,10-K FY2023 — ITEM 1A. RISK FACTORS,
unpaired_actual,NVDA,2024,,,,,,,,revenue,Revenue,,consolidated,,,,FY2023,"Changes to cryptocurrency standards and processes including, but not limited to, the recently implemented Ethereum 2.0 merge may decrease the usage of GPUs for Ethereum mining as well as create increased aftermarket sales of our GPUs, which could negatively impact retail prices for our GPUs and reduce demand for our new GPUs.",2.0,,,,,,,,,,,,,filing,10-K FY2023 — ITEM 1A. RISK FACTORS,
unpaired_actual,NVDA,2024,,,,,,,,share_repurchases,Share repurchases,,consolidated,,,,FY2023,"Issuer Purchases of Equity Securities On May 23, 2022, our Board of Directors increased and extended our share repurchase program to repurchase additional common stock up to a total of $15 billion through December 2023.",$15 billion,,,,,,,,,,,,,filing,"10-K FY2023 — ITEM 5. MARKET FOR REGISTRANT’S COMMON EQUITY, RELATED STOCKHOLDER MATTERS AND ISSUER PURCHASES OF EQUITY SECURITIES",
unpaired_actual,NVDA,2024,,,,,,,,gross_profit,Gross profit,,consolidated,,,,FY2023,"Year Ended January 29, 2023 January 30, 2022 Revenue 100.0 % 100.0 % Cost of revenue 43.1 35.1 Gross profit 56.9 64.9 Operating expenses Research and development 27.2 19.6 Sales, general and administrative 9.1 8.0 Acquisition termination cost 5.0 — Total operating expenses 41.3 27.6 Income from operations 15.6 37.3 Interest income 1.0 0.1 Interest expense (1.0) (0.9) Other, net (0.1) 0.4 Other income (expense), net (0.1) (0.4) Income before income tax 15.5 36.9 Income tax expense (benefit) (0.7) 0.7 Net income 16.2 % 36.2 % 41 Table of Contents Revenue Revenue by Reportable Segments Year Ended January 29, 2023 January 30, 2022 $ Change % Change ($ in millions) Compute & Networking $ 15,068 $ 11,046 $ 4,022 36 % Graphics 11,906 15,868 (3,962) (25) % Total $ 26,974 $ 26,914 $ 60 — % Compute & Networking - The year-on-year increase was led by growth from hyperscale customers and also reflects purchases made by several CSP partners to support multi-year cloud service agreements for our new NVIDIA AI cloud service offerings and our research and development activities.",100.0 %,,,,,,,,,,,,,filing,10-K FY2023 — ITEM 7. MANAGEMENT’S DISCUSSION AND ANALYSIS OF FINANCIAL CONDITION AND RESULTS OF OPERATIONS,
unpaired_actual,NVDA,2024,,,,,,,,gross_margin,Gross margin,,consolidated,,,,FY2023,"Compute & Networking - The gross margin of our Compute & Networking segment decreased during fiscal year 2023 when compared to fiscal year 2022, primarily due to inventory provisions.",,,,,,,,,,,,,,filing,10-K FY2023 — ITEM 7. MANAGEMENT’S DISCUSSION AND ANALYSIS OF FINANCIAL CONDITION AND RESULTS OF OPERATIONS,
unpaired_actual,NVDA,2024,,,,,,,,gross_margin,Gross margin,,consolidated,,,,FY2023,"Graphics - The gross margin of our Graphics segment decreased during fiscal year 2023 when compared to fiscal year 2022, primarily due to inventory and related provisions and lower margins of GeForce GPUs.",,,,,,,,,,,,,,filing,10-K FY2023 — ITEM 7. MANAGEMENT’S DISCUSSION AND ANALYSIS OF FINANCIAL CONDITION AND RESULTS OF OPERATIONS,
unpaired_actual,NVDA,2024,,,,,,,,operating_expenses,Operating expenses,,consolidated,,,,FY2023,"42 Table of Contents Operating Expenses Year Ended January 29, 2023 January 30, 2022 $ Change % Change ($ in millions) Research and development expenses $ 7,339 $ 5,268 $ 2,071 39 % % of revenue 27.2 % 19.6 % Sales, general and administrative expenses 2,440 2,166 274 13 % % of revenue 9.1 % 8.0 % Acquisition termination cost 1,353 — 1,353 100 % % of revenue 5.0 % — % Total operating expenses $ 11,132 $ 7,434 $ 3,698 50 % % of revenue 41.3 % 27.6 % The increase in research and development expense for fiscal year 2023 was primarily driven by increased compensation, employee growth, engineering development costs, and data center infrastructure.",42,,,,,,,,,,,,,filing,10-K FY2023 — ITEM 7. MANAGEMENT’S DISCUSSION AND ANALYSIS OF FINANCIAL CONDITION AND RESULTS OF OPERATIONS,
unpaired_actual,NVDA,2024,,,,,,,,headcount,Headcount,,consolidated,,,,FY2023,"The increase in sales, general and administrative expense for fiscal year 2023 was primarily driven by increased compensation and employee growth.",,,,,,,,,,,,,,filing,10-K FY2023 — ITEM 7. MANAGEMENT’S DISCUSSION AND ANALYSIS OF FINANCIAL CONDITION AND RESULTS OF OPERATIONS,
unpaired_actual,NVDA,2024,,,,,,,,profitability_timing,Profitability timing,,consolidated,,,,FY2023,"The decrease in our effective tax rate in fiscal year 2023 as compared to fiscal year 2022 was primarily due to increased tax benefits of the FDII deduction, stock-based compensation, and the U.S. federal research tax credit, relative to lower profitability.",,,,,,,,,,,,,,filing,10-K FY2023 — ITEM 7. MANAGEMENT’S DISCUSSION AND ANALYSIS OF FINANCIAL CONDITION AND RESULTS OF OPERATIONS,
unpaired_actual,NVDA,2024,,,,,,,,gross_margin,Gross margin,,consolidated,,,,FY2023,"Fiscal Year 2023 Summary Year Ended January 29, 2023 January 30, 2022 Change ($ in millions, except per share data) Revenue $ 26,974 $ 26,914 — % Gross margin 56.9 % 64.9 % Down 8.0 pts Operating expenses $ 11,132 $ 7,434 Up 50% Income from operations $ 4,224 $ 10,041 Down 58% Net income $ 4,368 $ 9,752 Down 55% Net income per diluted share $ 1.74 $ 3.85 Down 55% We specialize in markets where our computing platforms can provide tremendous acceleration for applications.","$ 26,974",,,,,,,,,,,,,filing,10-K FY2023 — ITEM 7. MANAGEMENT’S DISCUSSION AND ANALYSIS OF FINANCIAL CONDITION AND RESULTS OF OPERATIONS,
unpaired_actual,NVDA,2024,,,,,,,,revenue,Revenue,,consolidated,,,,FY2023,"Revenue for fiscal year 2023 revenue was $26.97 billion, flat compared with a year ago.",$26.97 billion,,,,,,,,,,,,,filing,10-K FY2023 — ITEM 7. MANAGEMENT’S DISCUSSION AND ANALYSIS OF FINANCIAL CONDITION AND RESULTS OF OPERATIONS,
unpaired_actual,NVDA,2024,,,,,,,,revenue,Revenue,,consolidated,,,,FY2023,CMP revenue was nominal in fiscal year 2023 and $550 million in fiscal year 2022.,$550 million,,,,,,,,,,,,,filing,10-K FY2023 — ITEM 7. MANAGEMENT’S DISCUSSION AND ANALYSIS OF FINANCIAL CONDITION AND RESULTS OF OPERATIONS,
unpaired_actual,NVDA,2024,,,,,,,,gross_margin,Gross margin,,consolidated,,,,FY2023,"Gross margin for fiscal year 2023 declined from a year ago, driven by $2.17 billion of inventory charges largely relating to excess supply of NVIDIA Ampere architecture Gaming and Data Center products as compared to the demand expectations for these products, particularly for the expected demand in China.",$2.17 billion,,,,,,,,,,,,,filing,10-K FY2023 — ITEM 7. MANAGEMENT’S DISCUSSION AND ANALYSIS OF FINANCIAL CONDITION AND RESULTS OF OPERATIONS,
unpaired_actual,NVDA,2024,,,,,,,,revenue_growth,Revenue growth,,segment:data_center,,,,FY2023,"Market Platform Highlights Data Center revenue for fiscal year 2023 was $15.01 billion, up 41% from fiscal year 2022.",$15.01 billion,,,,,,,,,,,,,filing,10-K FY2023 — ITEM 7. MANAGEMENT’S DISCUSSION AND ANALYSIS OF FINANCIAL CONDITION AND RESULTS OF OPERATIONS,
unpaired_actual,NVDA,2024,,,,,,,,revenue,Revenue,,consolidated,,,,FY2023,"Gaming revenue for fiscal year 2023 was $9.07 billion, down 27% from fiscal year 2022.",$9.07 billion,,,,,,,,,,,,,filing,10-K FY2023 — ITEM 7. MANAGEMENT’S DISCUSSION AND ANALYSIS OF FINANCIAL CONDITION AND RESULTS OF OPERATIONS,
unpaired_actual,NVDA,2024,,,,,,,,revenue,Revenue,,consolidated,,,,FY2023,"Professional Visualization revenue for fiscal year 2023 was $1.54 billion, down 27% from fiscal year 2022.",$1.54 billion,,,,,,,,,,,,,filing,10-K FY2023 — ITEM 7. MANAGEMENT’S DISCUSSION AND ANALYSIS OF FINANCIAL CONDITION AND RESULTS OF OPERATIONS,
unpaired_actual,NVDA,2024,,,,,,,,product_milestone,Product / strategic milestone,,consolidated,,,,Q1 FY2024,Our strong year-on-year growth was driven by the ramp of the NVIDIA DRIVE Orin across a number of new energy vehicles.,,,,,,,,,,,,,,transcript,NVDA_Q1_2024,
unpaired_actual,NVDA,2024,,,,,,,,operating_expenses,Operating expenses,,consolidated,,,,Q1 FY2024,"Sequentially, GAAP operating expenses were down 3%, and non-GAAP operating expenses were down 1%.",3%,,,,,,,,,,,,,transcript,NVDA_Q1_2024,
unpaired_actual,NVDA,2024,,,,,,,,product_milestone,Product / strategic milestone,,consolidated,,,,FY2023,"For a discussion of factors that could affect our future financial results and business, please refer to the disclosure in today's earnings release, our most recent Forms 10-K and 10-Q and the reports that we may file on Form 8-K with the Securities and Exchange Commission.",10,,,,,,,,,,,,,transcript,NVDA_Q1_2024,
unpaired_actual,NVDA,2024,,,,,,,,production,Production,,consolidated,,,,Q1 FY2024,"The -- remember, we were in full production of both Ampere and Hopper when the ChatGPT moment came.",,,,,,,,,,,,,,transcript,NVDA_Q1_2024,
unpaired_actual,NVDA,2024,,,,,,,,production,Production,,consolidated,,,,Q1 FY2024,"And so, we were already in full production.",,,,,,,,,,,,,,transcript,NVDA_Q1_2024,
unpaired_actual,NVDA,2024,,,,,,,,production,Production,,segment:data_center,,,,Q1 FY2024,"And so, we were already in full production when that moment came.",,,,,,,,,,,,,,transcript,NVDA_Q1_2024,
unpaired_actual,NVDA,2024,,,,,,,,revenue_growth,Revenue growth,,consolidated,,,,Q1 FY2024,"Q1 revenue was 7.19 billion, up 19% sequentially and down 13% year on year.",7.19 billion,,,,,,,,,,,,,transcript,NVDA_Q1_2024,
unpaired_actual,NVDA,2024,,,,,,,,revenue_growth,Revenue growth,,consolidated,,,,Q1 FY2024,Strong sequential growth was driven by record data center revenue with our gaming and professional visualization platforms emerging from channel inventory corrections.,,,,,,,,,,,,,,transcript,NVDA_Q1_2024,
unpaired_actual,NVDA,2024,,,,,,,,revenue_growth,Revenue growth,,segment:data_center,,,,Q1 FY2024,Record revenue of 4.28 billion was up 18% sequentially and up 14% year on year on strong growth of our accelerated computing platform worldwide.,4.28 billion,,,,,,,,,,,,,transcript,NVDA_Q1_2024,
unpaired_actual,NVDA,2024,,,,,,,,product_milestone,Product / strategic milestone,,consolidated,,,,Q1 FY2024,"Multiple CSPs announced the availability of H100 on their platforms, including private previews at Microsoft Azure, Google Cloud, and Oracle Cloud Infrastructure, upcoming offerings at AWS and general availability at emerging GPU specialized cloud providers like CoreWeave and Lambda.",,,,,,,,,,,,,,transcript,NVDA_Q1_2024,
unpaired_actual,NVDA,2024,,,,,,,,production,Production,,consolidated,,,,Q1 FY2024,"For example, Meta has now deployed its H100-powered brand Teton AI supercomputer for its AI production and research teams.",,,,,,,,,,,,,,transcript,NVDA_Q1_2024,
unpaired_actual,NVDA,2024,,,,,,,,revenue_growth,Revenue growth,,consolidated,,,,Q1 FY2024,Gaming revenue of 2.24 billion was up 22% sequentially and down 38% year on year.,2.24 billion,,,,,,,,,,,,,transcript,NVDA_Q1_2024,
unpaired_actual,NVDA,2024,,,,,,,,revenue_growth,Revenue growth,,consolidated,,,,Q1 FY2024,Strong sequential growth was driven by sales of the 40 Series GeForce RTX GPUs for both notebooks and desktops.,40,,,,,,,,,,,,,transcript,NVDA_Q1_2024,
unpaired_actual,NVDA,2024,,,,,,,,revenue_growth,Revenue growth,,consolidated,,,,Q1 FY2024,Revenue of 295 million was up 31% sequentially and down 53% year on year.,295 million,,,,,,,,,,,,,transcript,NVDA_Q1_2024,
unpaired_actual,NVDA,2024,,,,,,,,revenue,Revenue,,consolidated,,,,Q1 FY2025,"Revenue by geographic areas was as follows: Three Months Ended Apr 28, 2024 Apr 30, 2023 (In millions) Revenue: United States $ 13,496 $ 2,385 Taiwan 4,373 1,796 Singapore 4,037 762 China (including Hong Kong) 2,491 1,590 Other countries 1,647 659 Total revenue $ 26,044 $ 7,192 The increase in revenue to the United States for the first quarter of fiscal year 2025 was primarily due to higher U.S.-based Compute & Networking segment demand.","$ 13,496",,,,,,,,,,,,,filing,10-Q Q2 2024 — Item 1. Financial Statements (Unaudited) — Note 14 - Segment Information,
unpaired_actual,NVDA,2024,,,,,,,,revenue,Revenue,,consolidated,,,,Q1 FY2025,"Sales to one direct customer, Customer A, represented 13 % of total revenue and sales to a second direct customer, Customer B, represented 11 % of total revenue for the first quarter of fiscal year 2025, both of which were attributable to the Compute & Networking segment.",13 %,,,,,,,,,,,,,filing,10-Q Q2 2024 — Item 1. Financial Statements (Unaudited) — Note 14 - Segment Information,
unpaired_actual,NVDA,2024,,,,,,,,deliveries,Deliveries,,consolidated,,,,Q2 FY2024,"Revisions to laws or regulations or their interpretation and enforcement could also result in increased taxation, trade sanctions, the imposition of or increase to import duties or tariffs, restrictions and controls on imports or exports, or other retaliatory actions, which could have an adverse effect on our business plans or impact the timing of our shipments.",,,,,,,,,,,,,,filing,10-Q Q2 2024 — Item 1A. Risk Factors,
unpaired_actual,NVDA,2024,,,,,,,,capacity,Capacity,,consolidated,,,,Q2 FY2024,"We have paid premiums and provided deposits to secure future supply and capacity, which have increased our product costs and may continue to do so.",,,,,,,,,,,,,,filing,10-Q Q2 2024 — Item 1A. Risk Factors,
unpaired_actual,NVDA,2024,,,,,,,,revenue,Revenue,,segment:data_center,,,,Q2 FY2024,"Additionally, restrictions imposed by the Chinese government on the duration of gaming activities and access to games may adversely affect our Gaming revenue, and increased oversight of digital platform companies may adversely affect our Data Center revenue.",,,,,,,,,,,,,,filing,10-Q Q2 2024 — Item 1A. Risk Factors,
unpaired_actual,NVDA,2024,,,,,,,,volume_impact,Volume impact,,consolidated,,,,Q1 FY2025,"Many additional factors have caused and/or could in the future cause us to either underestimate or overestimate our customers’ future demand for our products, or otherwise cause a mismatch between supply and demand for our products and impact the timing and volume of our revenue, including: • changes in product development cycles and time to market; • competing technologies and competitor product releases, announcements or other actions; • changes in business and economic conditions; • sudden or sustained government lockdowns or public health issues; • rapidly changing technology or customer requirements; • the availability of sufficient data center capacity and energy for customers to procure; • new product introductions and transitions resulting in less demand for existing products; • new or unexpected end-use cases; • increase in demand for competitive products ; • business decisions made by third parties; • the demand for accelerated computing or AI-related cloud services; • changes that impact the ecosystem for the architectures underlying our products and technologies; • the demand for our products; or • government actions or changes in governmental policies, such as export controls or increased restrictions on gaming usage.",,,,,,,,,,,,,,filing,10-Q Q2 2024 — Item 1A. Risk Factors,
unpaired_actual,NVDA,2024,,,,,,,,capacity,Capacity,,consolidated,,,,Q2 FY2024,We have previously increased our supply and capacity purchases with existing suppliers with planned receipts later this year.,,,,,,,,,,,,,,filing,10-Q Q2 2024 — Item 1A. Risk Factors,
unpaired_actual,NVDA,2024,,,,,,,,revenue,Revenue,,consolidated,,,,Q2 FY2024,"This has created and may in the future create increased aftermarket sales of our GPUs, which could negatively impact retail prices for our GPUs and reduce demand for our new GPUs.",,,,,,,,,,,,,,filing,10-Q Q2 2024 — Item 1A. Risk Factors,
unpaired_actual,NVDA,2024,,,,,,,,revenue,Revenue,,consolidated,,,,Q1 FY2025,"Our semiconductor wafers are manufactured, assembled, tested and packaged by third parties located outside of the United States, and we generated 48% of our revenue during the first quarter in fiscal year 2025 from sales outside the United States.",48%,,,,,,,,,,,,,filing,10-Q Q2 2024 — Item 1A. Risk Factors,
unpaired_actual,NVDA,2024,,,,,,,,revenue,Revenue,,consolidated,,,,Q2 FY2024,"If end demand increases or our finished goods supply availability is concentrated near a quarter end, the system integrators, distributors and channel partners may have limited ability to increase their credit, which could impact the timing and amount of our revenue.",,,,,,,,,,,,,,filing,10-Q Q2 2024 — Item 1A. Risk Factors,
unpaired_actual,NVDA,2024,,,,,,,,revenue,Revenue,,consolidated,,,,Q1 FY2025,"Professional Visualization revenue for the first quarter of fiscal year 2025 was $427 million, up 45% from a year ago and down 8% from the previous quarter.",$427 million,,,,,,,,,,,,,filing,10-Q Q2 2024 — Item 2. Management's Discussion and Analysis of Financial Condition and Results of Operations,
unpaired_actual,NVDA,2024,,,,,,,,revenue,Revenue,,segment:automotive,,,,Q1 FY2025,"Automotive revenue for the first quarter of fiscal year 2025 was $329 million, up 11% from a year ago and up 17% from the previous quarter.",$329 million,,,,,,,,,,,,,filing,10-Q Q2 2024 — Item 2. Management's Discussion and Analysis of Financial Condition and Results of Operations,
unpaired_actual,NVDA,2024,,,,,,,,revenue_growth,Revenue growth,,consolidated,,,,Q2 FY2024,"Three Months Ended Apr 28, 2024 Apr 30, 2023 Revenue 100.0 % 100.0 % Cost of revenue 21.6 35.4 Gross profit 78.4 64.6 Operating expenses Research and development 10.4 26.1 Sales, general and administrative 3.0 8.8 Total operating expenses 13.4 34.9 Operating income 65.0 29.7 Interest income 1.4 2.1 Interest expense (0.2) (0.9) Other, net 0.3 (0.2) Other income (expense), net 1.5 1.0 Income before income tax 66.5 30.7 Income tax expense 9.2 2.3 Net income 57.3 % 28.4 % Revenue Revenue by Reportable Segments Three Months Ended Apr 28, 2024 Apr 30, 2023 $ Change % Change ($ in millions) Compute & Networking $ 22,675 $ 4,460 $ 18,215 408 % Graphics 3,369 2,732 637 23 % Total $ 26,044 $ 7,192 $ 18,852 262 % 26 Operating Income by Reportable Segments Three Months Ended Apr 28, 2024 Apr 30, 2023 $ Change % Change ($ in millions) Compute & Networking $ 17,047 $ 2,160 $ 14,887 689 % Graphics 1,241 1,046 195 19 % All Other (1,379) (1,066) (313) 29 % Total $ 16,909 $ 2,140 $ 14,769 690 % Compute & Networking revenue – The year-on-year increase was due to higher Data Center revenue.",100.0 %,,,,,,,,,,,,,filing,10-Q Q2 2024 — Item 2. Management's Discussion and Analysis of Financial Condition and Results of Operations,
unpaired_actual,NVDA,2024,,,,,,,,revenue_growth,Revenue growth,,consolidated,,,,Q2 FY2024,Graphics revenue – The year-on-year increase of 18% was led by higher demand for Gaming.,18%,,,,,,,,,,,,,filing,10-Q Q2 2024 — Item 2. Management's Discussion and Analysis of Financial Condition and Results of Operations,
unpaired_actual,NVDA,2024,,,,,,,,operating_income,Operating income,,consolidated,,,,Q2 FY2024,Reportable segment operating income – The year-on-year increase in Compute & Networking and Graphics operating income was driven by higher revenue.,,,,,,,,,,,,,,filing,10-Q Q2 2024 — Item 2. Management's Discussion and Analysis of Financial Condition and Results of Operations,
unpaired_actual,NVDA,2024,,,,,,,,revenue,Revenue,,consolidated,,,,Q1 FY2025,"Sales to one direct customer, Customer A, represented 13% of total revenue and sales to a second direct customer, Customer B, represented 11% of total revenue for the first quarter of fiscal year 2025, both of which were attributable to the Compute & Networking segment.",13%,,,,,,,,,,,,,filing,10-Q Q2 2024 — Item 2. Management's Discussion and Analysis of Financial Condition and Results of Operations,
unpaired_actual,NVDA,2024,,,,,,,,revenue,Revenue,,consolidated,,,,Q1 FY2024,There was no direct customer that represented 10% or more of total revenue for the first quarter of fiscal year 2024.,10%,,,,,,,,,,,,,filing,10-Q Q2 2024 — Item 2. Management's Discussion and Analysis of Financial Condition and Results of Operations,
unpaired_actual,NVDA,2024,,,,,,,,gross_margin,Gross margin,,consolidated,,,,Q1 FY2025,Our overall gross margin increased to 78.4% for the first quarter of fiscal year 2025 from 64.6% for the first quarter of fiscal year 2024.,78.4%,,,,,,,,,,,,,filing,10-Q Q2 2024 — Item 2. Management's Discussion and Analysis of Financial Condition and Results of Operations,
unpaired_actual,NVDA,2024,,,,,,,,revenue_growth,Revenue growth,,consolidated,,,,Q1 FY2025,The year over year increase was primarily due to strong Data Center revenue growth of 427%.,427%,,,,,,,,,,,,,filing,10-Q Q2 2024 — Item 2. Management's Discussion and Analysis of Financial Condition and Results of Operations,
unpaired_actual,NVDA,2024,,,,,,,,operating_expenses,Operating expenses,,consolidated,,,,Q1 FY2025,"27 Operating Expenses Three Months Ended Apr 28, 2024 Apr 30, 2023 $ Change % Change ($ in millions) Research and development expenses $ 2,720 $ 1,875 $ 845 45 % % of net revenue 10.4 % 26.1 % Sales, general and administrative expenses 777 633 144 23 % % of net revenue 3.0 % 8.8 % Total operating expenses $ 3,497 $ 2,508 $ 989 39 % % of net revenue 13.4 % 34.9 % The increases in research and development expenses for the first quarter of fiscal year 2025 were primarily driven by a $482 million increase in compensation and benefits, including stock-based compensation, reflecting employee growth and compensation increases, and a $242 million increase in compute and infrastructure investments.",27,,,,,,,,,,,,,filing,10-Q Q2 2024 — Item 2. Management's Discussion and Analysis of Financial Condition and Results of Operations,
unpaired_actual,NVDA,2024,,,,,,,,headcount,Headcount,,consolidated,,,,Q1 FY2025,"The increase in sales, general and administrative expenses for the first quarter of fiscal year 2025 was primarily driven by compensation and benefits, including stock-based compensation, reflecting employee growth and compensation increases.",,,,,,,,,,,,,,filing,10-Q Q2 2024 — Item 2. Management's Discussion and Analysis of Financial Condition and Results of Operations,
unpaired_actual,NVDA,2024,,,,,,,,revenue_growth,Revenue growth,,consolidated,,,,Q1 FY2025,Cash provided by operating activities increased in the first quarter of fiscal year 2025 compared to the first quarter of fiscal year 2024 due to growth in revenue.,,,,,,,,,,,,,,filing,10-Q Q2 2024 — Item 2. Management's Discussion and Analysis of Financial Condition and Results of Operations,
unpaired_actual,NVDA,2024,,,,,,,,capacity,Capacity,,consolidated,,,,Q2 FY2024,We have previously increased our supply and capacity purchases with existing suppliers with planned receipts later this year.,,,,,,,,,,,,,,filing,10-Q Q2 2024 — Item 2. Management's Discussion and Analysis of Financial Condition and Results of Operations,
unpaired_actual,NVDA,2024,,,,,,,,gross_margin,Gross margin,,consolidated,,,,Q1 FY2025,"First Quarter of Fiscal Year 2025 Summary Three Months Ended Quarter-over-Quarter Change Year-over-Year Change Apr 28, 2024 Jan 28, 2024 Apr 30, 2023 ($ in millions, except per share data) Revenue $ 26,044 $ 22,103 $ 7,192 18 % 262 % Gross margin 78.4 % 76.0 % 64.6 % 2.4 pts 13.8 pts Operating expenses $ 3,497 $ 3,176 $ 2,508 10 % 39 % Operating income $ 16,909 $ 13,615 $ 2,140 24 % 690 % Net income $ 14,881 $ 12,285 $ 2,043 21 % 628 % Net income per diluted share $ 5.98 $ 4.93 $ 0.82 21 % 629 % We specialize in markets where our computing platforms can provide tremendous acceleration for applications.","$ 26,044",,,,,,,,,,,,,filing,10-Q Q2 2024 — Item 2. Management's Discussion and Analysis of Financial Condition and Results of Operations,
unpaired_actual,NVDA,2024,,,,,,,,revenue_growth,Revenue growth,,segment:data_center,,,,Q2 FY2024,Gross margin for the first quarter increased significantly from a year ago on strong Data Center revenue growth primarily driven by our Hopper GPU computing platform.,,,,,,,,,,,,,,filing,10-Q Q2 2024 — Item 2. Management's Discussion and Analysis of Financial Condition and Results of Operations,
unpaired_actual,NVDA,2024,,,,,,,,revenue,Revenue,,segment:data_center,,,,Q1 FY2025,"Market Platform Highlights Data Center revenue for the first quarter of fiscal year 2025 was $22.6 billion, up 427% from a year ago and up 23% from the previous quarter.",$22.6 billion,,,,,,,,,,,,,filing,10-Q Q2 2024 — Item 2. Management's Discussion and Analysis of Financial Condition and Results of Operations,
unpaired_actual,NVDA,2024,,,,,,,,revenue_growth,Revenue growth,,segment:automotive,,,,Q2 FY2024,"Revenue was 253 million, down 15% sequentially and up 15% year on year.",253 million,,,,,,,,,,,,,transcript,NVDA_Q2_2024,
unpaired_actual,NVDA,2024,,,,,,,,product_milestone,Product / strategic milestone,,consolidated,,,,Q2 FY2024,Solid year-on-year growth was driven by the ramp of self-driving platforms based on NVIDIA DRIVE Orin SoC with a number of new energy vehicle makers.,,,,,,,,,,,,,,transcript,NVDA_Q2_2024,
unpaired_actual,NVDA,2024,,,,,,,,gross_margin,Gross margin,,consolidated,,,,Q2 FY2024,GAAP gross margins expanded to 70.1% and non-GAAP gross margin to 71.2% driven by higher data center sales.,70.1%,,,,,,,,,,,,,transcript,NVDA_Q2_2024,
unpaired_actual,NVDA,2024,,,,,,,,operating_expenses,Operating expenses,,consolidated,,,,Q2 FY2024,"Sequential GAAP operating expenses were up 6%, and non-GAAP operating expenses were up 5%, primarily reflecting increased compensation and benefits.",6%,,,,,,,,,,,,,transcript,NVDA_Q2_2024,
unpaired_actual,NVDA,2024,,,,,,,,revenue,Revenue,,consolidated,,,,Q2 FY2024,"But again, the largest driver of our revenue within this last quarter was definitely the HGX system.",,,,,,,,,,,,,,transcript,NVDA_Q2_2024,
unpaired_actual,NVDA,2024,,,,,,,,revenue,Revenue,,segment:data_center,,,,Q2 FY2024,"Colette, I think, last quarter, you had said CSPs were about 40% of your data center revenue; consumer internet, 30%; enterprise, 30%.",about 40%,,,,,,,,,,,,,transcript,NVDA_Q2_2024,
unpaired_actual,NVDA,2024,,,,,,,,capital_investment,Capital investment,,segment:data_center,,,,FY2025,"By geography, data center growth was strongest in the U.S. as customers direct their capital investments to AI and accelerated computing.",,,,,,,,,,,,,,transcript,NVDA_Q2_2024,
unpaired_actual,NVDA,2024,,,,,,,,revenue,Revenue,,segment:data_center,,,,Q2 FY2024,"China's demand was within the historical range of 20% to 25% of our data center revenue, including compute and networking solutions.",20%,,,,,,,,,,,,,transcript,NVDA_Q2_2024,
unpaired_actual,NVDA,2024,,,,,,,,subscribers,Subscribers / customers,,consolidated,,,,Q2 FY2024,"Growth was fueled by GeForce RTX 40 series GPUs for laptops and desktops, and customer demand was solid and consistent with seasonality.",40,,,,,,,,,,,,,transcript,NVDA_Q2_2024,
unpaired_actual,NVDA,2024,,,,,,,,revenue,Revenue,,consolidated,,,,Q2 FY2024,"Sales to direct customers which represented 10% or more of total revenue, all of which were primarily attributable to the Compute & Networking segment, are presented in the following table: Three Months Ended Six Months Ended Jul 28, 2024 Jul 28, 2024 Customer A 14 % 14 % Customer B 11 % * Customer C 11 % * Customer D 10 % 10 % Customer E * 10 % * Less than 10% of total revenue One customer represented approximately 17 % and 13 % of total revenue for the second quarter and first half of fiscal year 2024, respectively, and was attributable to the Compute & Networking segment.",10%,,,,,,,,,,,,,filing,10-Q Q3 2024 — Item 1. Financial Statements (Unaudited) — Note 14 - Segment Information,
unpaired_actual,NVDA,2024,,,,,,,,capacity,Capacity,,consolidated,,,,Q3 FY2024,"We have paid premiums and provided deposits to secure future supply and capacity, which have increased our product costs and may continue to do so.",,,,,,,,,,,,,,filing,10-Q Q3 2024 — Item 1A. Risk Factors,
unpaired_actual,NVDA,2024,,,,,,,,revenue,Revenue,,segment:data_center,,,,Q3 FY2024,"Additionally, restrictions imposed by the Chinese government on the duration of gaming activities and access to games may adversely affect our Gaming revenue, and increased oversight of digital platform companies may adversely affect our Data Center revenue.",,,,,,,,,,,,,,filing,10-Q Q3 2024 — Item 1A. Risk Factors,
unpaired_actual,NVDA,2024,,,,,,,,volume_impact,Volume impact,,consolidated,,,,Q3 FY2024,"Many additional factors have caused and/or could in the future cause us to either underestimate or overestimate our customers’ future demand for our products, or otherwise cause a mismatch between supply and demand for our products and impact the timing and volume of our revenue, including: • changes in product development cycles and time to market; • competing technologies and competitor product releases, announcements or other actions; • changes in business and economic conditions; • sudden or sustained government lockdowns or public health issues; • rapidly changing technology or customer requirements; • the availability of sufficient data center capacity or energy for customers to procure; • new product introductions and transitions resulting in less demand for existing products; • new or unexpected end-use cases; • increase in demand for competitive products; • business decisions made by third parties; • the demand for accelerated computing, AI-related cloud services, or large language models; 34 • changes that impact the ecosystem for the architectures underlying our products and technologies; • the demand for our products; or • government actions or changes in governmental policies, such as export controls or increased restrictions on gaming usage.",34,,,,,,,,,,,,,filing,10-Q Q3 2024 — Item 1A. Risk Factors,
unpaired_actual,NVDA,2024,,,,,,,,production,Production,,consolidated,,,,Q3 FY2024,"The increased purchase volumes and integration of new suppliers and contract manufacturers into our supply chain may create more complexity in managing multiple suppliers with variations in production planning, execution and logistics.",,,,,,,,,,,,,,filing,10-Q Q3 2024 — Item 1A. Risk Factors,
unpaired_actual,NVDA,2024,,,,,,,,revenue,Revenue,,consolidated,,,,Q2 FY2025,"Sales to direct Customers, A, B, C and D represented 14%,11%, 11% and 10% of total revenue, respectively, for the second quarter of fiscal year 2025, all of which were primarily attributable to the Compute & Networking segment.",14%,,,,,,,,,,,,,filing,10-Q Q3 2024 — Item 1A. Risk Factors,
unpaired_actual,NVDA,2024,,,,,,,,revenue_growth,Revenue growth,,consolidated,,,,Q2 FY2025,"Three Months Ended Six Months Ended Jul 28, 2024 Jul 30, 2023 Jul 28, 2024 Jul 30, 2023 Revenue 100.0 % 100.0 % 100.0 % 100.0 % Cost of revenue 24.9 29.9 23.4 31.8 Gross profit 75.1 70.1 76.6 68.2 Operating expenses Research and development 10.3 15.1 10.4 18.9 Sales, general and administrative 2.8 4.7 2.9 6.1 Total operating expenses 13.1 19.8 13.3 25.0 Operating income 62.0 50.3 63.3 43.2 Interest income 1.5 1.4 1.4 1.6 Interest expense (0.2) (0.5) (0.2) (0.6) Other, net 0.6 0.4 0.5 0.2 Other income (expense), net 1.9 1.3 1.7 1.2 Income before income tax 63.9 51.6 65.0 44.4 Income tax expense 8.7 5.9 8.9 4.6 Net income 55.2 % 45.7 % 56.1 % 39.8 % Revenue Revenue by Reportable Segments Three Months Ended Six Months Ended Jul 28, 2024 Jul 30, 2023 $ Change % Change Jul 28, 2024 Jul 30, 2023 $ Change % Change ($ in millions) Compute & Networking $ 26,446 $ 10,402 $ 16,044 154 % $ 49,121 $ 14,862 $ 34,259 231 % Graphics 3,594 3,105 489 16 % 6,963 5,837 1,126 19 % Total $ 30,040 $ 13,507 $ 16,533 122 % $ 56,084 $ 20,699 $ 35,385 171 % Operating Income by Reportable Segments Three Months Ended Six Months Ended Jul 28, 2024 Jul 30, 2023 $ Change % Change Jul 28, 2024 Jul 30, 2023 $ Change % Change ($ in millions) Compute & Networking $ 18,848 $ 6,728 $ 12,120 180 % $ 35,896 $ 8,887 $ 27,009 304 % Graphics 1,369 1,211 158 13 % $ 2,609 2,258 351 16 % All Other (1,575) (1,139) (436) 38 % $ (2,954) (2,204) (750) 34 % Total $ 18,642 $ 6,800 $ 11,842 174 % $ 35,551 $ 8,941 $ 26,610 298 % Compute & Networking revenue – The increase in the second quarter and first half of fiscal year 2025 compared to the second quarter and first half of fiscal year 2024 was due to strength in Data Center computing and networking for accelerated computing and AI solutions.",100.0 %,,,,,,,,,,,,,filing,10-Q Q3 2024 — Item 2. Management's Discussion and Analysis of Financial Condition and Results of Operations,
unpaired_actual,NVDA,2024,,,,,,,,revenue,Revenue,,consolidated,,,,Q2 FY2024,"Revenue from GPU computing grew 166% year-on-year and 257% compared to the first half of fiscal year 2024, was driven by demand for our Hopper GPU architecture computing platform for training and inferencing of large language models, recommendation engines, and generative AI applications.",166%,,,,,,,,,,,,,filing,10-Q Q3 2024 — Item 2. Management's Discussion and Analysis of Financial Condition and Results of Operations,
unpaired_actual,NVDA,2024,,,,,,,,revenue_growth,Revenue growth,,consolidated,,,,Q2 FY2025,28 Graphics revenue – The increase in the second quarter and first half of fiscal year 2025 compared to the second quarter and first half of fiscal year 2024 was led by higher sales of our GeForce RTX 40 Series GPUs.,28,,,,,,,,,,,,,filing,10-Q Q3 2024 — Item 2. Management's Discussion and Analysis of Financial Condition and Results of Operations,
unpaired_actual,NVDA,2024,,,,,,,,operating_income,Operating income,,consolidated,,,,Q2 FY2025,Reportable segment operating income – The increase in the second quarter and first half of fiscal year 2025 compared to the second quarter and first half of fiscal year 2024 in Compute & Networking and Graphics operating income was driven by higher revenue.,,,,,,,,,,,,,,filing,10-Q Q3 2024 — Item 2. Management's Discussion and Analysis of Financial Condition and Results of Operations,
unpaired_actual,NVDA,2024,,,,,,,,headcount,Headcount,,consolidated,,,,Q2 FY2025,All Other operating loss – The increase in the second quarter and first half of fiscal year 2025 compared to the second quarter and first half of fiscal year 2024 was due to an increase in stock-based compensation expense reflecting employee growth and compensation increases.,,,,,,,,,,,,,,filing,10-Q Q3 2024 — Item 2. Management's Discussion and Analysis of Financial Condition and Results of Operations,
unpaired_actual,NVDA,2024,,,,,,,,revenue,Revenue,,consolidated,,,,Q2 FY2025,"Sales to direct customers which represented 10% or more of total revenue, all of which were primarily attributable to the Compute & Networking segment, are presented in the following table: Three Months Ended Six Months Ended Jul 28, 2024 Jul 28, 2024 Customer A 14 % 14 % Customer B 11 % * Customer C 11 % * Customer D 10 % 10 % Customer E * 10 % * Less than 10% of total revenue For the second quarter of fiscal year 2025, two indirect customers which primarily purchase our products through system integrators and distributors, including through Customer B and Customer E, are estimated to each represent 10% or more of total revenue attributable to the Compute & Networking segment.",10%,,,,,,,,,,,,,filing,10-Q Q3 2024 — Item 2. Management's Discussion and Analysis of Financial Condition and Results of Operations,
unpaired_actual,NVDA,2024,,,,,,,,gross_margin,Gross margin,,consolidated,,,,Q2 FY2025,"Our overall gross margin increased to 75.1% and 76.6% for the second quarter and first half of fiscal year 2025, respectively, from 70.1% and 68.2% for the second quarter and first half of fiscal year 2024, respectively.",75.1%,,,,,,,,,,,,,filing,10-Q Q3 2024 — Item 2. Management's Discussion and Analysis of Financial Condition and Results of Operations,
unpaired_actual,NVDA,2024,,,,,,,,revenue_growth,Revenue growth,,consolidated,,,,Q2 FY2025,"The increases in the second quarter and first half of fiscal year 2025 compared to the second quarter and first half of fiscal year 2024 were primarily due to strong Data Center revenue growth of 154% and 234% for the second quarter and first half of 2025, respectively.",154%,,,,,,,,,,,,,filing,10-Q Q3 2024 — Item 2. Management's Discussion and Analysis of Financial Condition and Results of Operations,
unpaired_actual,NVDA,2024,,,,,,,,gross_margin,Gross margin,,consolidated,,,,Q2 FY2025,"The net effect on our 29 gross margin was an unfavorable impact of 2.7% and 2.0% in the second quarter and first half of fiscal year 2025, respectively.",29,,,,,,,,,,,,,filing,10-Q Q3 2024 — Item 2. Management's Discussion and Analysis of Financial Condition and Results of Operations,
unpaired_actual,NVDA,2024,,,,,,,,gross_margin,Gross margin,,consolidated,,,,Q2 FY2024,"The net effect on our gross margin was an unfavorable impact of 3.6% and 2.8% in the second quarter and first half of fiscal year 2024, respectively.",3.6%,,,,,,,,,,,,,filing,10-Q Q3 2024 — Item 2. Management's Discussion and Analysis of Financial Condition and Results of Operations,
unpaired_actual,NVDA,2024,,,,,,,,operating_expenses,Operating expenses,,consolidated,,,,Q2 FY2025,"Operating Expenses Three Months Ended Six Months Ended Jul 28, 2024 Jul 30, 2023 $ Change % Change Jul 28, 2024 Jul 30, 2023 $ Change % Change ($ in millions) Research and development expenses $ 3,090 $ 2,040 $ 1,050 51 % $ 5,810 $ 3,916 $ 1,894 48 % % of net revenue 10.3 % 15.1 % 10.4 % 18.9 % Sales, general and administrative expenses 842 622 220 35 % 1,618 1,253 365 29 % % of net revenue 2.8 % 4.7 % 2.9 % 6.1 % Total operating expenses $ 3,932 $ 2,662 $ 1,270 48 % $ 7,428 $ 5,169 $ 2,259 44 % % of net revenue 13.1 % 19.8 % 13.3 % 25.0 % The increases in research and development expenses for the second quarter and first half of fiscal year 2025 were driven by 35% and 34% increase in compensation and benefits, including stock-based compensation, reflecting employee growth and compensation increases, and 118% and 117% increase in compute and infrastructure investments, respectively.","$ 3,090",,,,,,,,,,,,,filing,10-Q Q3 2024 — Item 2. Management's Discussion and Analysis of Financial Condition and Results of Operations,
unpaired_actual,NVDA,2024,,,,,,,,headcount,Headcount,,consolidated,,,,Q2 FY2025,"The increases in sales, general and administrative expenses for the second quarter and first half of fiscal year 2025 was primarily driven by compensation and benefits, including stock-based compensation, reflecting employee growth and compensation increases.",,,,,,,,,,,,,,filing,10-Q Q3 2024 — Item 2. Management's Discussion and Analysis of Financial Condition and Results of Operations,
unpaired_actual,NVDA,2024,,,,,,,,revenue_growth,Revenue growth,,consolidated,,,,Q2 FY2025,"Cash provided by operating activities increased in the first half of fiscal year 2025 compared to the first half of fiscal year 2024 due to growth in revenue, partially offset by higher tax payments.",,,,,,,,,,,,,,filing,10-Q Q3 2024 — Item 2. Management's Discussion and Analysis of Financial Condition and Results of Operations,
unpaired_actual,NVDA,2024,,,,,,,,revenue_growth,Revenue growth,,consolidated,,,,Q2 FY2025,"Recent Developments, Future Objectives and Challenges Demand and Supply Revenue growth in the second quarter of fiscal year 2025 was driven by data center compute platforms and networking for accelerated computing and AI solutions.",,,,,,,,,,,,,,filing,10-Q Q3 2024 — Item 2. Management's Discussion and Analysis of Financial Condition and Results of Operations,
unpaired_actual,NVDA,2024,,,,,,,,revenue,Revenue,,segment:data_center,,,,Q2 FY2025,Our Data Center revenue in China grew sequentially in the second quarter of fiscal year 2025 and is a significant contributor to our Data Center revenue.,,,,,,,,,,,,,,filing,10-Q Q3 2024 — Item 2. Management's Discussion and Analysis of Financial Condition and Results of Operations,
unpaired_actual,NVDA,2024,,,,,,,,gross_margin,Gross margin,,consolidated,,,,Q1 FY2025,"Second Quarter of Fiscal Year 2025 Summary Three Months Ended Quarter-over-Quarter Change Year-over-Year Change Jul 28, 2024 Apr 28, 2024 Jul 30, 2023 ($ in millions, except per share data) Revenue $ 30,040 $ 26,044 $ 13,507 15 % 122 % Gross margin 75.1 % 78.4 % 70.1 % (3.3) pts 5.0 pts Operating expenses $ 3,932 $ 3,497 $ 2,662 12 % 48 % Operating income $ 18,642 $ 16,909 $ 6,800 10 % 174 % Net income $ 16,599 $ 14,881 $ 6,188 12 % 168 % Net income per diluted share $ 0.67 $ 0.60 $ 0.25 12 % 168 % We specialize in markets where our computing platforms can provide tremendous acceleration for applications.","$ 30,040",,,,,,,,,,,,,filing,10-Q Q3 2024 — Item 2. Management's Discussion and Analysis of Financial Condition and Results of Operations,
unpaired_actual,NVDA,2024,,,,,,,,subscribers,Subscribers / customers,,consolidated,,,,Q3 FY2024,"Our latest DGX Cloud customer announcement was this morning as part of an AI research collaboration with Gentech, the biotechnology Pioneer also plans to use our Bionemo-LLM framework to help accelerate and optimize their AI drug discovery platform.",,,,,,,,,,,,,,transcript,NVDA_Q3_2024,
unpaired_actual,NVDA,2024,,,,,,,,revenue_growth,Revenue growth,,consolidated,,,,Q3 FY2024,"Gaming revenue of $2.86 billion was up 15% sequentially and up more than 80% year on year, with strong demand in the important back-to-school shopping season, with NVIDIA RTX retracing and AI technologies now available at price points as low as $299.",$2.86 billion,,,,,,,,,,,,,transcript,NVDA_Q3_2024,
unpaired_actual,NVDA,2024,,,,,,,,revenue_growth,Revenue growth,,consolidated,,,,Q3 FY2024,Revenue of $416 million was up 10% sequentially and up 108% year on year.,$416 million,,,,,,,,,,,,,transcript,NVDA_Q3_2024,
unpaired_actual,NVDA,2024,,,,,,,,revenue_growth,Revenue growth,,segment:automotive,,,,Q3 FY2024,"Revenue was $261 million, up 3% sequentially and up 4% year on year, primarily driven by continued growth in self-driving platforms based on NVIDIA drive or an SoC and the ramp of AI cockpit solutions with global OEM customers.",$261 million,,,,,,,,,,,,,transcript,NVDA_Q3_2024,
unpaired_actual,NVDA,2024,,,,,,,,operating_expenses,Operating expenses,,consolidated,,,,Q4 FY2024,"Sequentially, GAAP operating expenses were up 12% and non-GAAP operating expenses were up 10%, primarily reflecting increased compensation benefits.",12%,,,,,,,,,,,,,transcript,NVDA_Q3_2024,
unpaired_actual,NVDA,2024,,,,,,,,revenue_growth,Revenue growth,,consolidated,,,,Q3 FY2024,Revenue of $18.1 million was up 34% sequentially and up more than 200% year on year and well above our outlook of $16 billion.,$18.1 million,,,,,,,,,,,,,transcript,NVDA_Q3_2024,
unpaired_actual,NVDA,2024,,,,,,,,revenue,Revenue,,consolidated,,,,Q3 FY2024,"From a product perspective, the vast majority of revenue in Q3 was driven by the NVIDIA HGX platform based on our Hopper GPU architecture with lower contribution from the prior generation Ampere GPU architecture.",,,,,,,,,,,,,,transcript,NVDA_Q3_2024,
unpaired_actual,NVDA,2024,,,,,,,,revenue,Revenue,,consolidated,,,,Q3 FY2024,"This was also the first revenue quarter of our GH 200 Grace Hopper Secret chip, which combines our ARM-based Grace GPU with a Hopper GPU.",200,,,,,,,,,,,,,transcript,NVDA_Q3_2024,
unpaired_actual,NVDA,2024,,,,,,,,subscribers,Subscribers / customers,,consolidated,,,,Q3 FY2024,"Combined, TensorRT LLM and H200 increased performance or reduced cost by 4x in just one year with our customers changing their stock.",,,,,,,,,,,,,,transcript,NVDA_Q3_2024,
unpaired_actual,NVDA,2024,,,,,,,,revenue,Revenue,,consolidated,,,,Q3 FY2024,"Sales to one direct customer represented 12 % of total revenue for the third quarter of fiscal year 2024, and sales to a second direct customer represented 11 % of total revenue for the first nine months of fiscal year 2024, both of which were attributable to the Compute & Networking segment.",12 %,,,,,,,,,,,,,filing,10-Q Q4 2024 — Item 1. Financial Statements (Unaudited) — Note 14 - Segment Information,
unpaired_actual,NVDA,2024,,,,,,,,capacity,Capacity,,consolidated,,,,Q4 FY2024,"We have paid premiums and provided deposits to secure future supply and capacity, which have increased our product costs and may continue to do so.",,,,,,,,,,,,,,filing,10-Q Q4 2024 — Item 1A. Risk Factors,
unpaired_actual,NVDA,2024,,,,,,,,revenue,Revenue,,segment:data_center,,,,Q4 FY2024,"Additionally, restrictions imposed by the Chinese government on the duration of gaming activities and access to games may adversely affect our Gaming revenue, and increased oversight of digital platform companies may adversely affect our Data Center revenue.",,,,,,,,,,,,,,filing,10-Q Q4 2024 — Item 1A. Risk Factors,
unpaired_actual,NVDA,2024,,,,,,,,volume_impact,Volume impact,,consolidated,,,,FY2026,"Many additional factors have caused and/or could in the future cause us to either underestimate or overestimate our customers’ future demand for our products, or otherwise cause a mismatch between supply and demand for our products and impact the timing and volume of our revenue, including: • changes in product development cycles and time to market; • competing technologies and competitor product releases, announcements or other actions; • changes in business and economic conditions; • sudden or sustained government lockdowns or public health issues; • rapidly changing technology or customer requirements; • the availability of sufficient data center capacity or energy for customers to procure; • new product introductions and transitions resulting in less demand for existing products; • new or unexpected end-use cases; • increase in demand for competitive products; • business decisions made by third parties; 34 • the demand for accelerated computing, AI-related cloud services, or large language models; • changes that impact the ecosystem for the architectures underlying our products and technologies; • the demand for our products; or • government actions or changes in governmental policies, such as export controls or increased restrictions on gaming usage.",34,,,,,,,,,,,,,filing,10-Q Q4 2024 — Item 1A. Risk Factors,
unpaired_actual,NVDA,2024,,,,,,,,production,Production,,consolidated,,,,Q4 FY2024,"The increased purchase volumes and integration of new suppliers and contract manufacturers into our supply chain may create more complexity in managing multiple suppliers with variations in production planning, execution and logistics.",,,,,,,,,,,,,,filing,10-Q Q4 2024 — Item 1A. Risk Factors,
unpaired_actual,NVDA,2024,,,,,,,,revenue_growth,Revenue growth,,consolidated,,,,Q3 FY2025,Reportable segment operating income – The year over year increase in Compute & Networking segment operating income in the third quarter and first nine months of fiscal year 2025 was primarily driven by growth in data center revenue.,,,,,,,,,,,,,,filing,10-Q Q4 2024 — Item 2. Management's Discussion and Analysis of Financial Condition and Results of Operations,
unpaired_actual,NVDA,2024,,,,,,,,headcount,Headcount,,consolidated,,,,Q3 FY2025,All Other operating loss – The year over year increase in the third quarter and first nine months of fiscal year 2025 was due to an increase in stock-based compensation expense reflecting employee growth and compensation increases.,,,,,,,,,,,,,,filing,10-Q Q4 2024 — Item 2. Management's Discussion and Analysis of Financial Condition and Results of Operations,
unpaired_actual,NVDA,2024,,,,,,,,gross_margin,Gross margin,,consolidated,,,,Q3 FY2025,"The net effect on our gross margin was an unfavorable impact of 2.2% and 2.0% in the third quarter and first nine months of fiscal year 2025, respectively.",2.2%,,,,,,,,,,,,,filing,10-Q Q4 2024 — Item 2. Management's Discussion and Analysis of Financial Condition and Results of Operations,
unpaired_actual,NVDA,2024,,,,,,,,gross_margin,Gross margin,,consolidated,,,,Q3 FY2024,"The net effect on our gross margin was an unfavorable impact of 2.4% and 2.6% in the third quarter and first nine months of fiscal year 2024, respectively.",2.4%,,,,,,,,,,,,,filing,10-Q Q4 2024 — Item 2. Management's Discussion and Analysis of Financial Condition and Results of Operations,
unpaired_actual,NVDA,2024,,,,,,,,operating_expenses,Operating expenses,,consolidated,,,,Q3 FY2025,"Operating Expenses Three Months Ended Nine Months Ended Oct 27, 2024 Oct 29, 2023 $ Change % Change Oct 27, 2024 Oct 29, 2023 $ Change % Change ($ in millions) Research and development expenses $ 3,390 $ 2,294 $ 1,096 48 % $ 9,200 $ 6,210 $ 2,990 48 % % of net revenue 9.7 % 12.7 % 10.1 % 16.0 % Sales, general and administrative expenses 897 689 208 30 % 2,516 1,942 574 30 % % of net revenue 2.6 % 3.8 % 2.8 % 5.0 % Total operating expenses $ 4,287 $ 2,983 $ 1,304 44 % $ 11,716 $ 8,152 $ 3,564 44 % % of net revenue 12.3 % 16.5 % 12.9 % 21.0 % The increases in research and development expenses for the third quarter and first nine months of fiscal year 2025 were driven by a 29% and 32% increase in compensation and benefits, including stock-based compensation, reflecting employee growth and compensation increases, a 107% and 113% increase in compute and infrastructure, and a 317% and 209% increase in engineering development costs for new product introductions, respectively.","$ 3,390",,,,,,,,,,,,,filing,10-Q Q4 2024 — Item 2. Management's Discussion and Analysis of Financial Condition and Results of Operations,
unpaired_actual,NVDA,2024,,,,,,,,headcount,Headcount,,consolidated,,,,Q3 FY2025,"The increases in sales, general and administrative expenses for the third quarter and first nine months of fiscal year 2025 were primarily driven by compensation and benefits, including stock-based compensation, reflecting employee growth and compensation increases.",,,,,,,,,,,,,,filing,10-Q Q4 2024 — Item 2. Management's Discussion and Analysis of Financial Condition and Results of Operations,
unpaired_actual,NVDA,2024,,,,,,,,revenue_growth,Revenue growth,,consolidated,,,,Q3 FY2025,"30 Cash provided by operating activities increased in the first nine months of fiscal year 2025 compared to the first nine months of fiscal year 2024 due to growth in revenue, partially offset by advanced payments on supply agreements.",30,,,,,,,,,,,,,filing,10-Q Q4 2024 — Item 2. Management's Discussion and Analysis of Financial Condition and Results of Operations,
unpaired_actual,NVDA,2024,,,,,,,,revenue_growth,Revenue growth,,consolidated,,,,Q3 FY2025,"Recent Developments, Future Objectives and Challenges Demand and Supply Revenue growth in the third quarter of fiscal year 2025 was driven by data center compute and networking platforms for accelerated computing and AI solutions.",,,,,,,,,,,,,,filing,10-Q Q4 2024 — Item 2. Management's Discussion and Analysis of Financial Condition and Results of Operations,
unpaired_actual,NVDA,2024,,,,,,,,revenue,Revenue,,segment:data_center,,,,Q3 FY2025,Our Data Center revenue in China grew sequentially in the third quarter of fiscal year 2025.,,,,,,,,,,,,,,filing,10-Q Q4 2024 — Item 2. Management's Discussion and Analysis of Financial Condition and Results of Operations,
unpaired_actual,NVDA,2024,,,,,,,,gross_margin,Gross margin,,consolidated,,,,Q1 FY2025,"Third Quarter of Fiscal Year 2025 Summary Three Months Ended Quarter-over-Quarter Change Year-over-Year Change Oct 27, 2024 Jul 28, 2024 Oct 29, 2023 ($ in millions, except per share data) Revenue $ 35,082 $ 30,040 $ 18,120 17 % 94 % Gross margin 74.6 % 75.1 % 74.0 % (0.5) pts 0.6 pts Operating expenses $ 4,287 $ 3,932 $ 2,983 9 % 44 % Operating income $ 21,869 $ 18,642 $ 10,417 17 % 110 % Net income $ 19,309 $ 16,599 $ 9,243 16 % 109 % Net income per diluted share $ 0.78 $ 0.67 $ 0.37 16 % 111 % We specialize in markets where our computing platforms can provide tremendous acceleration for applications.","$ 35,082",,,,,,,,,,,,,filing,10-Q Q4 2024 — Item 2. Management's Discussion and Analysis of Financial Condition and Results of Operations,
unpaired_actual,NVDA,2024,,,,,,,,operating_expenses,Operating expenses,,consolidated,,,,Q4 FY2024,"26 Operating expenses were up 44% from a year ago and up 9% sequentially, driven by higher compensation and benefits expenses due to employee growth and compensation increases.",26,,,,,,,,,,,,,filing,10-Q Q4 2024 — Item 2. Management's Discussion and Analysis of Financial Condition and Results of Operations,
unpaired_actual,NVDA,2024,,,,,,,,revenue_growth,Revenue growth,,consolidated,,,,Q3 FY2025,"Three Months Ended Nine Months Ended Oct 27, 2024 Oct 29, 2023 Oct 27, 2024 Oct 29, 2023 Revenue 100.0 % 100.0 % 100.0 % 100.0 % Cost of revenue 25.4 26.0 24.2 29.1 Gross profit 74.6 74.0 75.8 70.9 Operating expenses Research and development 9.7 12.7 10.1 16.0 Sales, general and administrative 2.6 3.8 2.8 5.0 Total operating expenses 12.3 16.5 12.9 21.0 Operating income 62.3 57.5 62.9 49.9 Interest income 1.3 1.3 1.4 1.5 Interest expense (0.2) (0.3) (0.2) (0.5) Other, net 0.1 (0.4) 0.3 (0.1) Other income (expense), net 1.2 0.6 1.5 0.9 Income before income tax 63.5 58.1 64.4 50.8 Income tax expense 8.6 7.1 8.8 5.8 Net income 54.9 % 51.0 % 55.6 % 45.0 % Revenue Revenue by Reportable Segments Three Months Ended Nine Months Ended Oct 27, 2024 Oct 29, 2023 $ Change % Change Oct 27, 2024 Oct 29, 2023 $ Change % Change ($ in millions) Compute & Networking $ 31,036 $ 14,645 $ 16,391 112 % $ 80,157 $ 29,507 $ 50,650 172 % Graphics 4,046 3,475 571 16 % 11,009 9,312 1,697 18 % Total $ 35,082 $ 18,120 $ 16,962 94 % $ 91,166 $ 38,819 $ 52,347 135 % 27 Operating Income by Reportable Segments Three Months Ended Nine Months Ended Oct 27, 2024 Oct 29, 2023 $ Change % Change Oct 27, 2024 Oct 29, 2023 $ Change % Change ($ in millions) Compute & Networking $ 22,081 $ 10,262 $ 11,819 115 % $ 57,977 $ 19,149 $ 38,828 203 % Graphics 1,502 1,493 9 1 % $ 4,111 3,751 360 10 % All Other (1,714) (1,338) (376) 28 % $ (4,669) (3,542) (1,127) 32 % Total $ 21,869 $ 10,417 $ 11,452 110 % $ 57,419 $ 19,358 $ 38,061 197 % Compute & Networking revenue – The year over year increase in the third quarter and first nine months of fiscal year 2025 was due to strength in Data Center computing for accelerated computing and AI solutions.",100.0 %,,,,,,,,,,,,,filing,10-Q Q4 2024 — Item 2. Management's Discussion and Analysis of Financial Condition and Results of Operations,
unpaired_actual,NVDA,2024,,,,,,,,headcount,Headcount,,consolidated,,,,FY2024,"As of the end of fiscal year 2024, we had approximately 29,600 employees in 36 countries, 22,200 were engaged in research and development and 7,400 were engaged in sales, marketing, operations, and administrative positions.","approximately 29,600",,,,,,,,,,,,,filing,10-K FY2024 — Item 1. Business,
unpaired_actual,NVDA,2024,,,,,,,,headcount,Headcount,,consolidated,,,,FY2024,"As of the end of fiscal year 2024, our global workforce was 79% male, 20% female, and 1% not declared, with 6% of our workforce in the United States composed of Black or African American and Hispanic or Latino employees.",79%,,,,,,,,,,,,,filing,10-K FY2024 — Item 1. Business,
unpaired_actual,NVDA,2024,,,,,,,,revenue,Revenue,,consolidated,,,,FY2024,The increase in revenue to the United States for fiscal year 2024 was primarily due to higher U.S.-based Compute & Networking segment demand.,,,,,,,,,,,,,,filing,10-K FY2024 — Item 15. Exhibit and Financial Statement Schedules,
unpaired_actual,NVDA,2024,,,,,,,,revenue,Revenue,,consolidated,,,,FY2024,"Sales to one customer represented 13 % of total revenue for fiscal year 2024, which was attributable to the Compute & Networking segment.",13 %,,,,,,,,,,,,,filing,10-K FY2024 — Item 15. Exhibit and Financial Statement Schedules,
unpaired_actual,NVDA,2024,,,,,,,,operating_income,Operating income,,consolidated,,,,FY2024,"The effect of this change for the fiscal year ended January 28, 2024 was a benefit of $ 33 million and $ 102 million for cost of revenue and operating expenses, respectively, which resulted in an increase in operating income of $ 135 million and net income of $ 114 million after tax, or $ 0.05 per both basic and diluted share.",$ 33 million,,,,,,,,,,,,,filing,10-K FY2024 — Item 15. Exhibit and Financial Statement Schedules,
unpaired_actual,NVDA,2024,,,,,,,,revenue,Revenue,,consolidated,,,,FY2024,"This has created and may in the future create increased aftermarket sales of our 17 Table of Contents GPUs, which could negatively impact retail prices for our GPUs and reduce demand for our new GPUs.",17,,,,,,,,,,,,,filing,10-K FY2024 — Item 1A. Risk Factors,
unpaired_actual,NVDA,2024,,,,,,,,revenue,Revenue,,consolidated,,,,FY2024,"Our semiconductor wafers are manufactured, assembled, tested and packaged by third parties located outside of the United States, and we generated 56% of our revenue in fiscal year 2024 from sales outside of the United States.",56%,,,,,,,,,,,,,filing,10-K FY2024 — Item 1A. Risk Factors,
unpaired_actual,NVDA,2024,,,,,,,,revenue,Revenue,,segment:data_center,,,,FY2024,Our sales to China decreased as a percentage of total Data Center revenue from 19% in fiscal year 2023 to 14% in fiscal year 2024.,19%,,,,,,,,,,,,,filing,10-K FY2024 — Item 1A. Risk Factors,
unpaired_actual,NVDA,2024,,,,,,,,revenue,Revenue,,consolidated,,,,FY2024,"Sales to one customer, Customer A, represented 13% of total revenue for fiscal year 2024, which was attributable to the Compute & Networking segment.",13%,,,,,,,,,,,,,filing,10-K FY2024 — Item 1A. Risk Factors,
unpaired_actual,NVDA,2024,,,,,,,,capacity,Capacity,,consolidated,,,,FY2024,Our purchase commitments and obligations for inventory and manufacturing capacity at the end of fiscal year 2024 were impacted by shortening lead times for certain components.,,,,,,,,,,,,,,filing,10-K FY2024 — Item 1A. Risk Factors,
unpaired_actual,NVDA,2024,,,,,,,,gross_margin,Gross margin,,consolidated,,,,FY2024,The net effect on our gross margin from inventory provisions and sales of items previously written down was an unfavorable impact of 2.7% in fiscal year 2024 and 7.5% in fiscal year 2023.,2.7%,,,,,,,,,,,,,filing,10-K FY2024 — Item 7. Management's Discussion and Analysis of Financial Condition and Results of Operations,
unpaired_actual,NVDA,2024,,,,,,,,capacity,Capacity,,consolidated,,,,FY2024,Our purchase commitments and obligations for inventory and manufacturing capacity at the end of fiscal year 2024 were impacted by shortening lead times for certain components.,,,,,,,,,,,,,,filing,10-K FY2024 — Item 7. Management's Discussion and Analysis of Financial Condition and Results of Operations,
unpaired_actual,NVDA,2024,,,,,,,,operating_income,Operating income,,consolidated,,,,FY2024,"The estimated effect of this change for fiscal year 2024 was a benefit of $33 million and $102 million for cost of revenue and operating expenses, respectively, which resulted in an increase in operating income of $135 million and net income of $114 million after tax, or $0.05 per both basic and diluted share.",$33 million,,,,,,,,,,,,,filing,10-K FY2024 — Item 7. Management's Discussion and Analysis of Financial Condition and Results of Operations,
unpaired_actual,NVDA,2024,,,,,,,,revenue_growth,Revenue growth,,consolidated,,,,FY2024,"Year Ended Jan 28, 2024 Jan 29, 2023 Revenue 100.0 % 100.0 % Cost of revenue 27.3 43.1 Gross profit 72.7 56.9 Operating expenses Research and development 14.2 27.2 Sales, general and administrative 4.4 9.1 Acquisition termination cost — 5.0 Total operating expenses 18.6 41.3 Operating income 54.1 15.6 Interest income 1.4 1.0 Interest expense (0.4) (1.0) Other, net 0.4 (0.1) Other income (expense), net 1.4 (0.1) Income before income tax 55.5 15.5 Income tax expense (benefit) 6.6 (0.7) Net income 48.9 % 16.2 % Reportable Segments Revenue by Reportable Segments Year Ended Jan 28, 2024 Jan 29, 2023 $ Change % Change ($ in millions) Compute & Networking $ 47,405 $ 15,068 $ 32,337 215 % Graphics 13,517 11,906 1,611 14 % Total $ 60,922 $ 26,974 $ 33,948 126 % Operating Income by Reportable Segments Year Ended Jan 28, 2024 Jan 29, 2023 $ Change % Change ($ in millions) Compute & Networking $ 32,016 $ 5,083 $ 26,933 530 % Graphics 5,846 4,552 1,294 28 % All Other (4,890) (5,411) 521 (10) % Total $ 32,972 $ 4,224 $ 28,748 681 % Compute & Networking revenue – The year-on-year increase was due to higher Data Center revenue.",100.0 %,,,,,,,,,,,,,filing,10-K FY2024 — Item 7. Management's Discussion and Analysis of Financial Condition and Results of Operations,
unpaired_actual,NVDA,2024,,,,,,,,revenue_growth,Revenue growth,,consolidated,,,,FY2024,Graphics revenue – The year-on-year increase was led by growth in Gaming of 15% driven by higher sell-in to partners following the normalization of channel inventory levels.,15%,,,,,,,,,,,,,filing,10-K FY2024 — Item 7. Management's Discussion and Analysis of Financial Condition and Results of Operations,
unpaired_actual,NVDA,2024,,,,,,,,revenue,Revenue,,consolidated,,,,FY2024,"Sales to one customer, Customer A, represented 13% of total revenue for fiscal year 2024, which was attributable to the Compute & Networking segment.",13%,,,,,,,,,,,,,filing,10-K FY2024 — Item 7. Management's Discussion and Analysis of Financial Condition and Results of Operations,
unpaired_actual,NVDA,2024,,,,,,,,gross_margin,Gross margin,,consolidated,,,,FY2024,Our overall gross margin increased to 72.7% in fiscal year 2024 from 56.9% in fiscal year 2023.,72.7%,,,,,,,,,,,,,filing,10-K FY2024 — Item 7. Management's Discussion and Analysis of Financial Condition and Results of Operations,
unpaired_actual,NVDA,2024,,,,,,,,revenue_growth,Revenue growth,,consolidated,,,,FY2024,The year over year increase was primarily due to strong Data Center revenue growth of 217% and lower net inventory provisions as a percentage of revenue.,217%,,,,,,,,,,,,,filing,10-K FY2024 — Item 7. Management's Discussion and Analysis of Financial Condition and Results of Operations,
unpaired_actual,NVDA,2024,,,,,,,,revenue,Revenue,,consolidated,,,,Q3 FY2024,"During the third quarter of fiscal year 2024, the Internal Revenue Service, or IRS, audit of our federal income tax returns for fiscal years 2018 and 2019 was resolved.",,,,,,,,,,,,,,filing,10-K FY2024 — Item 7. Management's Discussion and Analysis of Financial Condition and Results of Operations,
unpaired_actual,NVDA,2024,,,,,,,,revenue_growth,Revenue growth,,consolidated,,,,FY2024,"Cash provided by operating activities increased in fiscal year 2024 compared to fiscal year 2023, due to growth in revenue.",,,,,,,,,,,,,,filing,10-K FY2024 — Item 7. Management's Discussion and Analysis of Financial Condition and Results of Operations,
unpaired_actual,NVDA,2024,,,,,,,,revenue,Revenue,,segment:data_center,,,,FY2024,Our sales to China decreased as a percentage of total Data Center revenue from 19% in fiscal year 2023 to 14% in fiscal year 2024.,19%,,,,,,,,,,,,,filing,10-K FY2024 — Item 7. Management's Discussion and Analysis of Financial Condition and Results of Operations,
unpaired_actual,NVDA,2024,,,,,,,,revenue_growth,Revenue growth,,consolidated,,,,FY2024,"35 Table of Contents Fiscal Year 2024 Summary Year Ended Jan 28, 2024 Jan 29, 2023 Change ($ in millions, except per share data) Revenue $ 60,922 $ 26,974 Up 126% Gross margin 72.7 % 56.9 % Up 15.8 pts Operating expenses $ 11,329 $ 11,132 Up 2% Operating income $ 32,972 $ 4,224 Up 681% Net income $ 29,760 $ 4,368 Up 581% Net income per diluted share $ 11.93 $ 1.74 Up 586% We specialize in markets where our computing platforms can provide tremendous acceleration for applications.",35,,,,,,,,,,,,,filing,10-K FY2024 — Item 7. Management's Discussion and Analysis of Financial Condition and Results of Operations,
unpaired_actual,NVDA,2024,,,,,,,,revenue_growth,Revenue growth,,consolidated,,,,FY2024,"Revenue for fiscal year 2024 was $60.9 billion, up 126% from a year ago.",$60.9 billion,,,,,,,,,,,,,filing,10-K FY2024 — Item 7. Management's Discussion and Analysis of Financial Condition and Results of Operations,
unpaired_actual,NVDA,2024,,,,,,,,revenue_growth,Revenue growth,,segment:data_center,,,,FY2024,Data Center revenue for fiscal year 2024 was up 217%.,217%,,,,,,,,,,,,,filing,10-K FY2024 — Item 7. Management's Discussion and Analysis of Financial Condition and Results of Operations,
unpaired_actual,NVDA,2024,,,,,,,,revenue_growth,Revenue growth,,segment:data_center,,,,FY2024,Data Center compute revenue was up 244% in the fiscal year.,244%,,,,,,,,,,,,,filing,10-K FY2024 — Item 7. Management's Discussion and Analysis of Financial Condition and Results of Operations,
unpaired_actual,NVDA,2024,,,,,,,,revenue_growth,Revenue growth,,consolidated,,,,FY2024,Networking revenue was up 133% in the fiscal year.,133%,,,,,,,,,,,,,filing,10-K FY2024 — Item 7. Management's Discussion and Analysis of Financial Condition and Results of Operations,
unpaired_actual,NVDA,2024,,,,,,,,product_milestone,Product / strategic milestone,,consolidated,,,,Q1 FY2025,"Blackwell will be available in over 100 OEM and ODM systems at launch, more than double the number of Hoppers launched and representing every major computer maker in the world.",100,,,,,,,,,,,,,transcript,NVDA_Q1_2025,
unpaired_actual,NVDA,2024,,,,,,,,revenue,Revenue,,consolidated,,,,Q1 FY2025,"Gaming revenue of $2.65 billion was down 8% sequentially and up 18% year on year, consistent with our outlook for a seasonal decline.",$2.65 billion,,,,,,,,,,,,,transcript,NVDA_Q1_2025,
unpaired_actual,NVDA,2024,,,,,,,,revenue,Revenue,,consolidated,,,,Q1 FY2025,"Moving to ProViz, revenue of $427 million was down 8% sequentially and up 45% year on year.",$427 million,,,,,,,,,,,,,transcript,NVDA_Q1_2025,
unpaired_actual,NVDA,2024,,,,,,,,revenue_growth,Revenue growth,,segment:automotive,,,,Q1 FY2025,"Revenue was $329 million, up 17% sequentially and up 11% year on year.",$329 million,,,,,,,,,,,,,transcript,NVDA_Q1_2025,
unpaired_actual,NVDA,2024,,,,,,,,subscribers,Subscribers / customers,,consolidated,,,,Q1 FY2025,Sequential growth was driven by the ramp of AI Cockpit solutions with global OEM customers and strength in our self-driving platforms.,,,,,,,,,,,,,,transcript,NVDA_Q1_2025,
unpaired_actual,NVDA,2024,,,,,,,,operating_expenses,Operating expenses,,consolidated,,,,Q4 FY2025,"Sequentially, GAAP operating expenses were up 10% and non-GAAP operating expenses were up 13%, primarily reflecting higher compensation-related costs and increased compute and infrastructure investments.",10%,,,,,,,,,,,,,transcript,NVDA_Q1_2025,
unpaired_actual,NVDA,2024,,,,,,,,revenue_growth,Revenue growth,,consolidated,,,,Q1 FY2025,Revenue of $26 billion was up 18% sequentially and up 262% year on year and well above our outlook of $24 billion.,$26 billion,,,,,,,,,,,,,transcript,NVDA_Q1_2025,
unpaired_actual,NVDA,2024,,,,,,,,revenue_growth,Revenue growth,,segment:data_center,,,,Q1 FY2025,"Data Center revenue of $22.6 billion was a record, up 23% sequentially and up 427% year on year, driven by continued strong demand for the NVIDIA Hopper GPU computing platform.",$22.6 billion,,,,,,,,,,,,,transcript,NVDA_Q1_2025,
unpaired_actual,NVDA,2024,,,,,,,,revenue,Revenue,,consolidated,,,,Q1 FY2025,Compute revenue grew more than 5x and networking revenue more than 3x from last year.,,,,,,,,,,,,,,transcript,NVDA_Q1_2025,
unpaired_actual,NVDA,2024,,,,,,,,subscribers,Subscribers / customers,,segment:data_center,,,,Q1 FY2025,"Strong sequential Data Center growth was driven by all customer types, led by enterprise and consumer Internet companies.",,,,,,,,,,,,,,transcript,NVDA_Q1_2025,
unpaired_actual,NVDA,2024,,,,,,,,capacity,Capacity,,consolidated,,,,Q1 FY2025,"And I believe the argument was that they could adapt to different workloads, get higher utilization, drive cost of compute cycle down.",,,,,,,,,,,,,,transcript,NVDA_Q1_2025,
unpaired_actual,NVDA,2024,,,,,,,,revenue,Revenue,,consolidated,,,,Q1 FY2025,"From a product perspective, the vast majority of compute revenue was driven by our Hopper GPU architecture.",,,,,,,,,,,,,,transcript,NVDA_Q1_2025,
unpaired_actual,NVDA,2024,,,,,,,,revenue,Revenue,,consolidated,,,,Q1 FY2026,"Sales to one direct customer, Customer A, represented 16 % of total revenue and sales to a second direct customer, Customer B, represented 14 % of total revenue for the first quarter of fiscal year 2026, both of which were attributable to the Compute & Networking segment.",16 %,,,,,,,,,,,,,filing,10-Q Q2 2025 — Item 1. Financial Statements (Unaudited) — Note 13 - Segment Information,
unpaired_actual,NVDA,2024,,,,,,,,production,Production,,consolidated,,,,Q2 FY2025,"If we underestimate demand, and our foundry partners and contract manufacturers are unable to increase production or provide sufficient supply, we may not be able to meet increased 30 customer demand in a timely manner, or at all.",30,,,,,,,,,,,,,filing,10-Q Q2 2025 — Item 1A. Risk Factors,
unpaired_actual,NVDA,2024,,,,,,,,revenue,Revenue,,segment:data_center,,,,Q2 FY2025,"Additionally, restrictions imposed by the Chinese government on the duration of gaming activities and access to games may adversely affect our Gaming revenue, and increased oversight of digital platform companies may adversely affect our Data Center revenue.",,,,,,,,,,,,,,filing,10-Q Q2 2025 — Item 1A. Risk Factors,
unpaired_actual,NVDA,2024,,,,,,,,volume_impact,Volume impact,,consolidated,,,,Q2 FY2025,"Factors that have caused and/or could in the future cause us to underestimate or overestimate demand, and impact the timing and volume of our revenue, include: • changes in product development cycles and time to market; • competing technologies and competitor product releases, announcements or other actions; • changes in business and economic conditions; • sudden or sustained government lockdowns or public health issues; • rapidly changing technology or customer requirements; • the availability of sufficient data center capacity or energy for customers to procure; • new product introductions and transitions resulting in less demand for existing products; • new or unexpected end-use cases; • increase in demand for competitive products; • changes in end-user demand; • purchasing decisions made, and inventory levels held by, distributors, ODMs, OEMs, system integrators, other channel partners and other third parties; • the ability of developers, end customers and other third parties to build, enhance, and maintain accelerated computing applications that leverage our platforms; • the availability of third-party content on our platforms, such as GeForce NOW; • the demand for accelerated computing, AI-related cloud services, or large language models; • changes that impact the ecosystem for the architectures underlying our products and technologies; • government actions or changes in governmental policies, such as export controls, increased restrictions on gaming usage, or tariffs; and • our customers' ability to invest in AI infrastructure.",,,,,,,,,,,,,,filing,10-Q Q2 2025 — Item 1A. Risk Factors,
unpaired_actual,NVDA,2024,,,,,,,,production,Production,,consolidated,,,,Q2 FY2025,"The increased purchase volumes and integration of new suppliers and contract manufacturers into our supply chain creates 31 more complexity in managing multiple suppliers with variations in production planning, execution and logistics.",31,,,,,,,,,,,,,filing,10-Q Q2 2025 — Item 1A. Risk Factors,
unpaired_actual,NVDA,2024,,,,,,,,product_milestone,Product / strategic milestone,,consolidated,,,,Q1 FY2026,"Gross margins decreased to 60.5% for the first quarter of fiscal year 2026 compared to 78.4% for the first quarter of fiscal year 2025, primarily due to a $4.5 billion charge associated with H20 excess inventory and purchase obligations and the initial ramp of more sophisticated systems within Data Center.",60.5%,,,,,,,,,,,,,filing,10-Q Q2 2025 — Item 2. Management's Discussion and Analysis of Financial Condition and Results of Operations,
unpaired_actual,NVDA,2024,,,,,,,,operating_expenses,Operating expenses,,consolidated,,,,Q1 FY2026,"26 Operating Expenses Three Months Ended Apr 27, 2025 Apr 28, 2024 $ Change % Change ($ in millions) Research and development expenses $ 3,989 $ 2,720 $ 1,269 47 % Sales, general and administrative expenses 1,041 777 264 34 % Total operating expenses $ 5,030 $ 3,497 $ 1,533 44 % The increase in research and development expenses for the first quarter of fiscal year 2026 was driven by a 34% increase in compensation and benefits, including stock-based compensation, reflecting employee growth and compensation increases, a 70% increase in compute and infrastructure, and a 182% increase in engineering development costs for new product introductions.",26,,,,,,,,,,,,,filing,10-Q Q2 2025 — Item 2. Management's Discussion and Analysis of Financial Condition and Results of Operations,
unpaired_actual,NVDA,2024,,,,,,,,headcount,Headcount,,consolidated,,,,Q1 FY2026,"The increase in sales, general and administrative expenses for the first quarter of fiscal year 2026 were primarily driven by compensation and benefits, including stock-based compensation, reflecting employee growth and compensation increases.",,,,,,,,,,,,,,filing,10-Q Q2 2025 — Item 2. Management's Discussion and Analysis of Financial Condition and Results of Operations,
unpaired_actual,NVDA,2024,,,,,,,,revenue,Revenue,,consolidated,,,,Q1 FY2026,"Cash provided by operating activities increased in the first quarter of fiscal year 2026 compared to the first quarter of fiscal year 2025, due to higher revenue and timing of cash collections.",,,,,,,,,,,,,,filing,10-Q Q2 2025 — Item 2. Management's Discussion and Analysis of Financial Condition and Results of Operations,
unpaired_actual,NVDA,2024,,,,,,,,revenue_growth,Revenue growth,,consolidated,,,,Q1 FY2026,"Recent Developments, Future Objectives and Challenges Revenue growth in the first quarter of fiscal year 2026 was driven by data center compute and networking platforms for accelerated computing and AI solutions.",,,,,,,,,,,,,,filing,10-Q Q2 2025 — Item 2. Management's Discussion and Analysis of Financial Condition and Results of Operations,
unpaired_actual,NVDA,2024,,,,,,,,revenue,Revenue,,consolidated,,,,Q1 FY2026,Sales of our H20 products were $4.6 billion for the first quarter of fiscal year 2026 prior to the new export licensing requirements.,$4.6 billion,,,,,,,,,,,,,filing,10-Q Q2 2025 — Item 2. Management's Discussion and Analysis of Financial Condition and Results of Operations,
unpaired_actual,NVDA,2024,,,,,,,,gross_margin,Gross margin,,consolidated,,,,Q2 FY2025,"Gross margin decreased from a year ago and sequentially, primarily due to a $4.5 billion charge associated with H20 excess inventory and purchase obligations and the initial ramp of more sophisticated systems within Data Center.",$4.5 billion,,,,,,,,,,,,,filing,10-Q Q2 2025 — Item 2. Management's Discussion and Analysis of Financial Condition and Results of Operations,
unpaired_actual,NVDA,2024,,,,,,,,revenue_growth,Revenue growth,,consolidated,,,,Q1 FY2026,"Three Months Ended Apr 27, 2025 Apr 28, 2024 Revenue 100.0 % 100.0 % Cost of revenue 39.5 21.6 Gross profit 60.5 78.4 Operating expenses Research and development 9.1 10.4 Sales, general and administrative 2.4 3.0 Total operating expenses 11.5 13.4 Operating income 49.0 65.0 Interest income 1.2 1.4 Interest expense (0.1) (0.2) Other income (expense), net (0.4) 0.3 Total other income (expense), net 0.7 1.5 Income before income tax 49.7 66.5 Income tax expense 7.1 9.2 Net income 42.6 % 57.3 % Revenue by Reportable Segments Three Months Ended Apr 27, 2025 Apr 28, 2024 $ Change % Change ($ in millions) Compute & Networking $ 39,589 $ 22,675 $ 16,914 75 % Graphics 4,473 3,369 1,104 33 % Total $ 44,062 $ 26,044 $ 18,018 69 % Operating Income by Reportable Segments Three Months Ended Apr 27, 2025 Apr 28, 2024 $ Change % Change ($ in millions) Compute & Networking $ 22,054 $ 17,047 $ 5,007 29 % Graphics 1,640 1,241 399 32 % All Other (2,056) (1,379) (677) 49 % Total $ 21,638 $ 16,909 $ 4,729 28 % Compute & Networking revenue – The year over year increase in the first quarter of fiscal year 2026 was driven by demand for our accelerated computing platform used for large language models, recommendation engines, and generative and agentic AI applications.",100.0 %,,,,,,,,,,,,,filing,10-Q Q2 2025 — Item 2. Management's Discussion and Analysis of Financial Condition and Results of Operations,
unpaired_actual,NVDA,2024,,,,,,,,revenue_growth,Revenue growth,,consolidated,,,,Q1 FY2026,"25 Reportable segment operating income – The year over year increase in Compute & Networking segment operating income in the first quarter of fiscal year 2026 was driven by growth in revenue, partially offset by a $4.5 billion charge associated with H20 excess inventory and purchase obligations.",25,,,,,,,,,,,,,filing,10-Q Q2 2025 — Item 2. Management's Discussion and Analysis of Financial Condition and Results of Operations,
unpaired_actual,NVDA,2024,,,,,,,,revenue_growth,Revenue growth,,consolidated,,,,Q1 FY2026,The year over year increase in Graphics segment operating income in the first quarter of fiscal year 2026 was driven by growth in revenue.,,,,,,,,,,,,,,filing,10-Q Q2 2025 — Item 2. Management's Discussion and Analysis of Financial Condition and Results of Operations,
unpaired_actual,NVDA,2024,,,,,,,,headcount,Headcount,,consolidated,,,,Q1 FY2026,All Other operating loss – The year over year increase in the first quarter of fiscal year 2026 was due to an increase in stock-based compensation expense reflecting employee growth.,,,,,,,,,,,,,,filing,10-Q Q2 2025 — Item 2. Management's Discussion and Analysis of Financial Condition and Results of Operations,
unpaired_actual,NVDA,2024,,,,,,,,revenue,Revenue,,consolidated,,,,Q1 FY2026,"Direct Customers – Sales to one direct customer, Customer A, represented 16% of total revenue and sales to a second direct customer, Customer B, represented 14% of total revenue for the first quarter of fiscal year 2026, both of which were attributable to the Compute & Networking segment.",16%,,,,,,,,,,,,,filing,10-Q Q2 2025 — Item 2. Management's Discussion and Analysis of Financial Condition and Results of Operations,
unpaired_actual,NVDA,2024,,,,,,,,revenue,Revenue,,consolidated,,,,Q1 FY2025,"Sales to two direct customers represented 11% and 13% of total revenue for the first quarter of fiscal year 2025, both of which were attributable to the Compute & Networking segment.",11%,,,,,,,,,,,,,filing,10-Q Q2 2025 — Item 2. Management's Discussion and Analysis of Financial Condition and Results of Operations,
unpaired_actual,NVDA,2024,,,,,,,,subscribers,Subscribers / customers,,consolidated,,,,Q2 FY2025,Year-on-year growth was driven by the new customer ramp in self-driving platforms and increased demand for AI cockpit solutions.,,,,,,,,,,,,,,transcript,NVDA_Q2_2025,
unpaired_actual,NVDA,2024,,,,,,,,dividend,Dividend,,consolidated,,,,Q2 FY2025,Cash flow from operations was $14.5 billion.,$14.5 billion,,,,,,,,,,,,,transcript,NVDA_Q2_2025,
unpaired_actual,NVDA,2024,,,,,,,,revenue,Revenue,,consolidated,,,,Q2 FY2025,Compute revenue grew more than 2.5x.,,,,,,,,,,,,,,transcript,NVDA_Q2_2025,
unpaired_actual,NVDA,2024,,,,,,,,stores,Stores / locations,,consolidated,,,,Q2 FY2025,"So, for your own services, for your own stores, for your own user-generated content, social media platforms, for your own services, generative AI is also a fast ROI.",,,,,,,,,,,,,,transcript,NVDA_Q2_2025,
unpaired_actual,NVDA,2024,,,,,,,,revenue,Revenue,,consolidated,,,,Q2 FY2025,Networking revenue grew more than 2x from the last year.,,,,,,,,,,,,,,transcript,NVDA_Q2_2025,
unpaired_actual,NVDA,2024,,,,,,,,revenue,Revenue,,segment:data_center,,,,Q2 FY2025,Our Data Center revenue in China grew sequentially in Q2 and a significant contributor to our Data Center revenue.,,,,,,,,,,,,,,transcript,NVDA_Q2_2025,
unpaired_actual,NVDA,2024,,,,,,,,revenue,Revenue,,consolidated,,,,FY2026,Networking revenue increased 16% sequentially.,16%,,,,,,,,,,,,,transcript,NVDA_Q2_2025,
unpaired_actual,NVDA,2024,,,,,,,,revenue,Revenue,,consolidated,,,,Q2 FY2025,Gaming revenue of $2.88 billion increased 9% sequentially and 16% year on year.,$2.88 billion,,,,,,,,,,,,,transcript,NVDA_Q2_2025,
unpaired_actual,NVDA,2024,,,,,,,,revenue,Revenue,,consolidated,,,,Q2 FY2026,"Three Months Ended Six Months Ended Jul 27, 2025 Jul 28, 2024 Jul 27, 2025 Jul 28, 2024 (In millions) Geographic Revenue based upon Customer Billing Location: United States $ 23,470 $ 13,022 $ 44,209 $ 26,518 Singapore (1) 10,156 5,622 19,173 9,659 Taiwan 8,529 5,740 15,687 10,113 China (including Hong Kong) 2,769 3,667 8,291 6,158 Other 1,819 1,989 3,445 3,636 Total revenue $ 46,743 $ 30,040 $ 90,805 $ 56,084 (1) Singapore represented 22 %, and 21 % of the second quarter and first half of fiscal year 2026 total revenue based upon customer billing location, respectively.","$ 23,470",,,,,,,,,,,,,filing,10-Q Q3 2025 — Item 1. Financial Statements (Unaudited) — Note 13 - Segment Information,
unpaired_actual,NVDA,2024,,,,,,,,revenue,Revenue,,segment:data_center,,,,Q2 FY2026,Over 99 % of controlled Data Center compute revenue billed to Singapore was for orders from U.S.-based customers for the second quarter and first half of fiscal year 2026.,99 %,,,,,,,,,,,,,filing,10-Q Q3 2025 — Item 1. Financial Statements (Unaudited) — Note 13 - Segment Information,
unpaired_actual,NVDA,2024,,,,,,,,revenue,Revenue,,consolidated,,,,Q2 FY2026,"For the second quarter of fiscal year 2026, sales to one direct customer, Customer A, represented 23 % of total revenue; and sales to a second direct customer, Customer B, represented 16 % of total revenue, respectively, both of which were attributable to the Compute & Networking segment.",23 %,,,,,,,,,,,,,filing,10-Q Q3 2025 — Item 1. Financial Statements (Unaudited) — Note 13 - Segment Information,
unpaired_actual,NVDA,2024,,,,,,,,revenue,Revenue,,consolidated,,,,Q2 FY2026,"For the first half of fiscal year 2026, sales to one direct customer, Customer A, represented 20 % of total revenue; and sales to a second direct customer, Customer B, represented 15 % of total revenue, respectively, both of which were attributable to the Compute & Networking segment.",20 %,,,,,,,,,,,,,filing,10-Q Q3 2025 — Item 1. Financial Statements (Unaudited) — Note 13 - Segment Information,
unpaired_actual,NVDA,2024,,,,,,,,revenue,Revenue,,consolidated,,,,Q2 FY2025,"Sales to four direct customers represented 14 %, 11 %, 11 %, and 10 % of revenue for the second quarter, and sales to three direct customers represented 14 %, 10 %, and 10 % of revenue for the first half, of fiscal year 2025, all of which were attributable to the Compute & Networking segment.",14 %,,,,,,,,,,,,,filing,10-Q Q3 2025 — Item 1. Financial Statements (Unaudited) — Note 13 - Segment Information,
unpaired_actual,NVDA,2024,,,,,,,,revenue,Revenue,,consolidated,,,,Q3 FY2025,"USG officials have expressed an expectation that the USG will receive 15% of the revenue generated from licensed H20 sales, but to date, the USG has not published a regulation codifying such requirement.",15%,,,,,,,,,,,,,filing,10-Q Q3 2025 — Item 1A. Risk Factors,
unpaired_actual,NVDA,2024,,,,,,,,gross_margin,Gross margin,,consolidated,,,,Q2 FY2026,Gross margin for the first half of fiscal year 2026 was also impacted by a $4.5 billion charge associated with H20 excess inventory and purchase obligations.,$4.5 billion,,,,,,,,,,,,,filing,10-Q Q3 2025 — Item 2. Management's Discussion and Analysis of Financial Condition and Results of Operations,
unpaired_actual,NVDA,2024,,,,,,,,gross_margin,Gross margin,,consolidated,,,,Q2 FY2026,"The net effect on our gross margin was an unfavorable impact of 1.1% and 5.9% in the second quarter and first half of fiscal year 2026, respectively.",1.1%,,,,,,,,,,,,,filing,10-Q Q3 2025 — Item 2. Management's Discussion and Analysis of Financial Condition and Results of Operations,
unpaired_actual,NVDA,2024,,,,,,,,gross_margin,Gross margin,,consolidated,,,,Q2 FY2025,"The net effect on our gross margin was an unfavorable impact of 2.7% and 2.0% in the second quarter and first half of fiscal year 2025, respectively.",2.7%,,,,,,,,,,,,,filing,10-Q Q3 2025 — Item 2. Management's Discussion and Analysis of Financial Condition and Results of Operations,
unpaired_actual,NVDA,2024,,,,,,,,headcount,Headcount,,consolidated,,,,Q2 FY2026,"The increases in sales, general and administrative expenses for the second quarter and first half of fiscal year 2026 were primarily driven by compensation and benefits, including stock-based compensation, reflecting employee growth and compensation increases.",,,,,,,,,,,,,,filing,10-Q Q3 2025 — Item 2. Management's Discussion and Analysis of Financial Condition and Results of Operations,
unpaired_actual,NVDA,2024,,,,,,,,revenue,Revenue,,consolidated,,,,Q2 FY2026,Cash provided by operating activities increased in the first half of fiscal year 2026 compared to the first half of fiscal year 2025 due to higher revenue.,,,,,,,,,,,,,,filing,10-Q Q3 2025 — Item 2. Management's Discussion and Analysis of Financial Condition and Results of Operations,
unpaired_actual,NVDA,2024,,,,,,,,revenue_growth,Revenue growth,,consolidated,,,,Q2 FY2026,"Recent Developments, Future Objectives and Challenges Revenue growth in the second quarter and the first half of fiscal year 2026 was driven by data center compute and networking platforms for accelerated computing and AI solutions.",,,,,,,,,,,,,,filing,10-Q Q3 2025 — Item 2. Management's Discussion and Analysis of Financial Condition and Results of Operations,
unpaired_actual,NVDA,2024,,,,,,,,revenue,Revenue,,consolidated,,,,Q3 FY2025,"USG officials have expressed an expectation that the USG will receive 15% of the revenue generated from licensed H20 sales, but to date, the USG has not published a regulation codifying such requirement.",15%,,,,,,,,,,,,,filing,10-Q Q3 2025 — Item 2. Management's Discussion and Analysis of Financial Condition and Results of Operations,
unpaired_actual,NVDA,2024,,,,,,,,revenue,Revenue,,consolidated,,,,Q3 FY2025,"This could result in revenue volatility, quality or production issues, increased 24 inventory provisions, warranty costs, or product delays.",24,,,,,,,,,,,,,filing,10-Q Q3 2025 — Item 2. Management's Discussion and Analysis of Financial Condition and Results of Operations,
unpaired_actual,NVDA,2024,,,,,,,,gross_margin,Gross margin,,consolidated,,,,Q1 FY2026,"Second Quarter of Fiscal Year 2026 Summary Three Months Ended Quarter-over-Quarter Change Year-over-Year Change Jul 27, 2025 Apr 27, 2025 Jul 28, 2024 ($ in millions, except per share data) Revenue $ 46,743 $ 44,062 $ 30,040 6 % 56 % Gross margin 72.4 % 60.5 % 75.1 % 11.9 pts (2.7) pts Operating expenses $ 5,413 $ 5,030 $ 3,932 8 % 38 % Operating income $ 28,440 $ 21,638 $ 18,642 31 % 53 % Net income $ 26,422 $ 18,775 $ 16,599 41 % 59 % Net income per diluted share $ 1.08 $ 0.76 $ 0.67 42 % 61 % We benefited from a $180 million release of previously reserved H20 inventory related to the sale of approximately $650 million of H20 to an unrestricted customer outside of China.","$ 46,743",,,,,,,,,,,,,filing,10-Q Q3 2025 — Item 2. Management's Discussion and Analysis of Financial Condition and Results of Operations,
unpaired_actual,NVDA,2024,,,,,,,,subscribers,Subscribers / customers,,consolidated,,,,Q2 FY2026,There were no H20 sales to China-based customers in the second quarter of fiscal year 2026.,,,,,,,,,,,,,,filing,10-Q Q3 2025 — Item 2. Management's Discussion and Analysis of Financial Condition and Results of Operations,
unpaired_actual,NVDA,2024,,,,,,,,product_milestone,Product / strategic milestone,,consolidated,,,,Q3 FY2025,"We continue to ramp our Blackwell architecture, which grew 17% sequentially, including our newest architecture, Blackwell Ultra.",17%,,,,,,,,,,,,,filing,10-Q Q3 2025 — Item 2. Management's Discussion and Analysis of Financial Condition and Results of Operations,
unpaired_actual,NVDA,2024,,,,,,,,revenue,Revenue,,consolidated,,,,Q3 FY2025,"Sequentially, compute revenue declined 1%, driven by a $4.0 billion reduction in H20 sales.",1%,,,,,,,,,,,,,filing,10-Q Q3 2025 — Item 2. Management's Discussion and Analysis of Financial Condition and Results of Operations,
unpaired_actual,NVDA,2024,,,,,,,,revenue_growth,Revenue growth,,consolidated,,,,Q3 FY2025,"Networking revenue was $7.3 billion, up 98% from a year ago and up 46% sequentially, driven by the growth of NVLink compute fabric for GB200 and GB300 systems, the ramp of XDR InfiniBand products, and adoption of Ethernet for AI solutions at cloud service providers and consumer internet companies.",$7.3 billion,,,,,,,,,,,,,filing,10-Q Q3 2025 — Item 2. Management's Discussion and Analysis of Financial Condition and Results of Operations,
unpaired_actual,NVDA,2024,,,,,,,,revenue_growth,Revenue growth,,consolidated,,,,Q3 FY2025,"Gaming revenue was up 49% from a year ago and up 14% sequentially, with strong sales and increased supply of our Blackwell product.",49%,,,,,,,,,,,,,filing,10-Q Q3 2025 — Item 2. Management's Discussion and Analysis of Financial Condition and Results of Operations,
unpaired_actual,NVDA,2024,,,,,,,,gross_margin,Gross margin,,consolidated,,,,Q3 FY2025,Gross margin increased sequentially as the prior quarter included a $4.5 billion charge associated with H20 excess inventory and purchase obligations.,$4.5 billion,,,,,,,,,,,,,filing,10-Q Q3 2025 — Item 2. Management's Discussion and Analysis of Financial Condition and Results of Operations,
unpaired_actual,NVDA,2024,,,,,,,,revenue_growth,Revenue growth,,consolidated,,,,Q2 FY2026,"Three Months Ended Six Months Ended Jul 27, 2025 Jul 28, 2024 Jul 27, 2025 Jul 28, 2024 Revenue 100.0 % 100.0 % 100.0 % 100.0 % Cost of revenue 27.6 24.9 33.4 23.4 Gross profit 72.4 75.1 66.6 76.6 Operating expenses Research and development 9.2 10.3 9.1 10.4 Sales, general and administrative 2.4 2.8 2.4 2.9 Total operating expenses 11.6 13.1 11.5 13.3 Operating income 60.8 62.0 55.1 63.3 Interest income 1.3 1.5 1.2 1.4 Interest expense (0.1) (0.2) (0.1) (0.2) Other income (expense), net 4.8 0.6 2.3 0.5 Total other income (expense), net 6.0 1.9 3.4 1.7 Income before income tax 66.8 63.9 58.5 65.0 Income tax expense 10.2 8.7 8.7 8.9 Net income 56.6 % 55.2 % 49.8 % 56.1 % 26 Revenue by Reportable Segments Three Months Ended Six Months Ended Jul 27, 2025 Jul 28, 2024 $ Change % Change Jul 27, 2025 Jul 28, 2024 $ Change % Change ($ in millions) Compute & Networking $ 41,331 $ 26,446 $ 14,885 56 % $ 80,920 $ 49,121 $ 31,799 65 % Graphics 5,412 3,594 1,818 51 % 9,885 6,963 2,922 42 % Total $ 46,743 $ 30,040 $ 16,703 56 % $ 90,805 $ 56,084 $ 34,721 62 % Operating Income by Reportable Segments Three Months Ended Six Months Ended Jul 27, 2025 Jul 28, 2024 $ Change % Change Jul 27, 2025 Jul 28, 2024 $ Change % Change ($ in millions) Compute & Networking $ 28,363 $ 18,848 $ 9,515 50 % $ 50,417 $ 35,896 $ 14,521 40 % Graphics 2,242 1,369 873 64 % $ 3,882 2,609 1,273 49 % Total $ 30,605 $ 20,217 $ 10,388 51 % $ 54,299 $ 38,505 $ 15,794 41 % Compute & Networking revenue – The year over year increase in the second quarter and first half of fiscal year 2026 was driven by demand for our accelerated computing platform used for large language models, recommendation engines, and generative and agentic AI applications.",100.0 %,,,,,,,,,,,,,filing,10-Q Q3 2025 — Item 2. Management's Discussion and Analysis of Financial Condition and Results of Operations,
unpaired_actual,NVDA,2024,,,,,,,,revenue,Revenue,,segment:data_center,,,,Q2 FY2025,"Revenue from Data Center computing grew 62% year-on-year compared to the first half of fiscal year 2025, driven by demand for our Blackwell computing platform.",62%,,,,,,,,,,,,,filing,10-Q Q3 2025 — Item 2. Management's Discussion and Analysis of Financial Condition and Results of Operations,
unpaired_actual,NVDA,2024,,,,,,,,revenue,Revenue,,segment:data_center,,,,Q2 FY2025,"Revenue from Data Center networking grew 79% year-on-year compared to the first half of fiscal year 2025 driven by the growth of NVLink compute fabric for GB200 and GB300 systems, the ramp of XDR InfiniBand products, and adoption of Ethernet for AI solutions at cloud service providers and consumer internet companies.",79%,,,,,,,,,,,,,filing,10-Q Q3 2025 — Item 2. Management's Discussion and Analysis of Financial Condition and Results of Operations,
unpaired_actual,NVDA,2024,,,,,,,,revenue,Revenue,,consolidated,,,,Q3 FY2025,Gaming revenue of $3.3 billion increased 14% sequentially and 15% year on year.,$3.3 billion,,,,,,,,,,,,,transcript,NVDA_Q3_2025,
unpaired_actual,NVDA,2024,,,,,,,,revenue,Revenue,,consolidated,,,,Q3 FY2025,"Q3 was a great quarter for Gaming with notebook, console, and desktop revenue all growing sequentially and year on year.",,,,,,,,,,,,,,transcript,NVDA_Q3_2025,
unpaired_actual,NVDA,2024,,,,,,,,revenue_growth,Revenue growth,,consolidated,,,,Q3 FY2025,Revenue of $486 million was up 7% sequentially and 17% year on year.,$486 million,,,,,,,,,,,,,transcript,NVDA_Q3_2025,
unpaired_actual,NVDA,2024,,,,,,,,revenue_growth,Revenue growth,,segment:automotive,,,,Q3 FY2025,"Revenue was a record $449 million, up 30% sequentially and up 72% year on year.",$449 million,,,,,,,,,,,,,transcript,NVDA_Q3_2025,
unpaired_actual,NVDA,2024,,,,,,,,gross_margin,Gross margin,,consolidated,,,,Q3 FY2025,"GAAP gross margin was 74.6% and non-GAAP gross margin was 75%, down sequentially, primarily driven by a mix shift of the H100 systems to more complex and higher-cost systems within data center.",74.6%,,,,,,,,,,,,,transcript,NVDA_Q3_2025,
unpaired_actual,NVDA,2024,,,,,,,,operating_expenses,Operating expenses,,segment:data_center,,,,Q3 FY2025,"Sequentially, GAAP operating expenses and non-GAAP operating expenses were up 9% due to higher compute, infrastructure, and engineering development costs for new product introductions.",9%,,,,,,,,,,,,,transcript,NVDA_Q3_2025,
unpaired_actual,NVDA,2024,,,,,,,,revenue,Revenue,,consolidated,,,,Q3 FY2025,"On Gaming, although sell-through was strong in Q3, we expect fourth-quarter revenue to decline sequentially due to supply constraints.",,,,,,,,,,,,,,transcript,NVDA_Q3_2025,
unpaired_actual,NVDA,2024,,,,,,,,product_milestone,Product / strategic milestone,,consolidated,,,,Q3 FY2025,"And so, the component supply chain necessary to ramp at this scale, you have to go back and take a look at how much Blackwell we shipped last quarter, which was zero.",,,,,,,,,,,,,,transcript,NVDA_Q3_2025,
unpaired_actual,NVDA,2024,,,,,,,,revenue_growth,Revenue growth,,consolidated,,,,Q3 FY2025,Revenue of $35.1 billion was up 17% sequentially and up 94% year on year and well above our outlook of $32.5 billion.,$35.1 billion,,,,,,,,,,,,,transcript,NVDA_Q3_2025,
unpaired_actual,NVDA,2024,,,,,,,,revenue,Revenue,,consolidated,,,,Q3 FY2025,"NVIDIA Hopper demand is exceptional, and sequentially, NVIDIA H200 sales increased significantly to double-digit billions, the fastest prod ramp in our company's history.",,,,,,,,,,,,,,transcript,NVDA_Q3_2025,
unpaired_actual,NVDA,2024,,,,,,,,revenue,Revenue,,segment:data_center,,,,Q3 FY2025,Cloud service providers were approximately half of our data center sales with revenue increasing more than 2x year on year.,,,,,,,,,,,,,,transcript,NVDA_Q3_2025,
unpaired_actual,NVDA,2024,,,,,,,,revenue,Revenue,,consolidated,,,,Q3 FY2025,Networking revenue increased 20% year on year.,20%,,,,,,,,,,,,,transcript,NVDA_Q3_2025,
unpaired_actual,NVDA,2024,,,,,,,,revenue,Revenue,,consolidated,,,,Q4 FY2025,"Though networking revenue was sequentially down, networking demand is strong and growing, and we anticipate sequential growth in Q4.",,,,,,,,,,,,,,transcript,NVDA_Q3_2025,
unpaired_actual,NVDA,2024,,,,,,,,revenue,Revenue,,consolidated,,,,Q3 FY2025,NVIDIA Spectrum-X Ethernet for AI revenue increased over 3x year on year.,,,,,,,,,,,,,,transcript,NVDA_Q3_2025,
unpaired_actual,NVDA,2024,,,,,,,,revenue,Revenue,,consolidated,,,,Q3 FY2026,"For the third quarter of fiscal year 2026, four direct customers with sales greater than 10% of total revenue included: Customer A at 22 %, Customer B at 15 %, Customer C at 13 %, and Customer D at 11 %, which were attributable to the Compute & Networking segment.",10%,,,,,,,,,,,,,filing,10-Q Q4 2025 — Item 1. Financial Statements (Unaudited) — Note 13 - Segment Information,
unpaired_actual,NVDA,2024,,,,,,,,revenue,Revenue,,consolidated,,,,Q3 FY2026,"For the first nine months of fiscal year 2026, sales to two direct customers represented 21 % and 13 % of total revenue, respectively, both of which were attributable to the Compute & Networking segment.",21 %,,,,,,,,,,,,,filing,10-Q Q4 2025 — Item 1. Financial Statements (Unaudited) — Note 13 - Segment Information,
unpaired_actual,NVDA,2024,,,,,,,,revenue,Revenue,,consolidated,,,,Q3 FY2025,"For the third quarter of fiscal year 2025, sales to three direct customers each represented 12 % of total revenue, which were attributable to the Compute & Networking segment.",12 %,,,,,,,,,,,,,filing,10-Q Q4 2025 — Item 1. Financial Statements (Unaudited) — Note 13 - Segment Information,
unpaired_actual,NVDA,2024,,,,,,,,revenue,Revenue,,consolidated,,,,Q3 FY2025,"For the first nine months of fiscal year 2025, sales to three direct customers represented 12 %, 11 %, and 11 % of total revenue, which were attributable to the Compute & Networking segment.",12 %,,,,,,,,,,,,,filing,10-Q Q4 2025 — Item 1. Financial Statements (Unaudited) — Note 13 - Segment Information,
unpaired_actual,NVDA,2024,,,,,,,,revenue,Revenue,,consolidated,,,,Q4 FY2025,"USG officials have expressed an expectation that the USG will receive 15% or more of the revenue generated from licensed sales of our products, but to date, the USG has not published a regulation codifying such requirement.",15%,,,,,,,,,,,,,filing,10-Q Q4 2025 — Item 1A. Risk Factors,
unpaired_actual,NVDA,2024,,,,,,,,volume_impact,Volume impact,,consolidated,,,,Q4 FY2025,"Factors that have caused and/or could in the future cause us to underestimate or overestimate demand, and impact the timing and volume of our revenue, include: • changes in product development cycles and time to market; • competing technologies and competitor product releases, announcements or other actions; • changes in business and economic conditions; • sudden or sustained government lockdowns or public health issues; • rapidly changing technology or customer requirements; • the availability of sufficient data center capacity or energy for customers to procure; • new product introductions and transitions resulting in less demand for existing products; • new or unexpected end-use cases; • increase in demand for competitive products; • changes in end-user demand; • purchasing decisions made, and inventory levels held by, distributors, ODMs, OEMs, system integrators, other channel partners and other third parties; • the ability of developers, end customers and other third parties to build, enhance, and maintain accelerated computing applications that leverage our platforms; • the demand for accelerated computing, AI-related cloud services, or large language models; 34 • changes that impact the ecosystem for the architectures underlying our products and technologies; • government actions or changes in governmental policies, such as export controls, increased restrictions on gaming usage, or tariffs • our customers’ and partners’ ability to secure capital and energy and to build complex datacenter infrastructure timely; and • the availability of third-party content on our platforms, such as GeForce NOW.",34,,,,,,,,,,,,,filing,10-Q Q4 2025 — Item 1A. Risk Factors,
unpaired_actual,NVDA,2024,,,,,,,,gross_margin,Gross margin,,consolidated,,,,Q3 FY2026,Gross margin for the first nine months of fiscal year 2026 was also impacted by a $4.5 billion charge associated with H20 excess inventory and purchase obligations.,$4.5 billion,,,,,,,,,,,,,filing,10-Q Q4 2025 — Item 2. Management's Discussion and Analysis of Financial Condition and Results of Operations,
unpaired_actual,NVDA,2024,,,,,,,,gross_margin,Gross margin,,consolidated,,,,Q3 FY2026,"The net effect on our gross margin was an unfavorable impact of 0.1% and 3.7% in the third quarter and first nine months of fiscal year 2026, respectively.",0.1%,,,,,,,,,,,,,filing,10-Q Q4 2025 — Item 2. Management's Discussion and Analysis of Financial Condition and Results of Operations,
unpaired_actual,NVDA,2024,,,,,,,,gross_margin,Gross margin,,consolidated,,,,Q3 FY2025,"The net effect on our gross margin was an unfavorable impact of 2.2% and 2.0% in the third quarter and first nine months of fiscal year 2025, respectively.",2.2%,,,,,,,,,,,,,filing,10-Q Q4 2025 — Item 2. Management's Discussion and Analysis of Financial Condition and Results of Operations,
unpaired_actual,NVDA,2024,,,,,,,,operating_expenses,Operating expenses,,consolidated,,,,Q3 FY2026,"Operating Expenses Three Months Ended Nine Months Ended Oct 26, 2025 Oct 27, 2024 $ Change % Change Oct 26, 2025 Oct 27, 2024 $ Change % Change ($ in millions) Research and development expenses $ 4,705 $ 3,390 $ 1,315 39 % $ 12,985 $ 9,200 $ 3,785 41 % Sales, general and administrative expenses 1,134 897 237 26 % 3,297 2,516 781 31 % Total operating expenses $ 5,839 $ 4,287 $ 1,552 36 % $ 16,282 $ 11,716 $ 4,566 39 % The increases in research and development expenses for the third quarter and first nine months of fiscal year 2026 were primarily driven by a 27% and 30% increase in compensation and benefits, including stock-based compensation, reflecting employee growth and compensation increases, and an 83% and 75% increase in compute and infrastructure, respectively.","$ 4,705",,,,,,,,,,,,,filing,10-Q Q4 2025 — Item 2. Management's Discussion and Analysis of Financial Condition and Results of Operations,
unpaired_actual,NVDA,2024,,,,,,,,headcount,Headcount,,consolidated,,,,Q3 FY2026,"The increases in sales, general and administrative expenses for the third quarter and first nine months of fiscal year 2026 were primarily driven by compensation and benefits, including stock-based compensation, reflecting employee growth and compensation increases.",,,,,,,,,,,,,,filing,10-Q Q4 2025 — Item 2. Management's Discussion and Analysis of Financial Condition and Results of Operations,
unpaired_actual,NVDA,2024,,,,,,,,revenue,Revenue,,consolidated,,,,Q3 FY2026,Cash provided by operating activities increased in the first nine months of fiscal year 2026 compared to the first nine months of fiscal year 2025 due to higher revenue.,,,,,,,,,,,,,,filing,10-Q Q4 2025 — Item 2. Management's Discussion and Analysis of Financial Condition and Results of Operations,
unpaired_actual,NVDA,2024,,,,,,,,revenue,Revenue,,consolidated,,,,Q4 FY2025,"USG officials have expressed an expectation that the USG will receive 15% or more of the revenue generated from licensed sales of our products, but to date, the USG has not published a regulation codifying such requirement.",15%,,,,,,,,,,,,,filing,10-Q Q4 2025 — Item 2. Management's Discussion and Analysis of Financial Condition and Results of Operations,
unpaired_actual,NVDA,2024,,,,,,,,revenue_growth,Revenue growth,,consolidated,,,,Q1 FY2026,"Third Quarter of Fiscal Year 2026 Summary Three Months Ended Quarter-over-Quarter Change Year-over-Year Change Oct 26, 2025 Jul 27, 2025 Oct 27, 2024 ($ in millions, except per share data) Revenue $ 57,006 $ 46,743 $ 35,082 22 % 62 % Gross margin 73.4 % 72.4 % 74.6 % 1.0 pts (1.2) pts Operating expenses $ 5,839 $ 5,413 $ 4,287 8 % 36 % Operating income $ 36,010 $ 28,440 $ 21,869 27 % 65 % Net income $ 31,910 $ 26,422 $ 19,309 21 % 65 % Net income per diluted share $ 1.30 $ 1.08 $ 0.78 20 % 67 % Revenue was $57.0 billion, up 62% from a year ago and up 22% sequentially.","$ 57,006",,,,,,,,,,,,,filing,10-Q Q4 2025 — Item 2. Management's Discussion and Analysis of Financial Condition and Results of Operations,
unpaired_actual,NVDA,2024,,,,,,,,revenue,Revenue,,consolidated,,,,Q3 FY2026,H20 sales were insignificant in the third quarter of fiscal year 2026.,,,,,,,,,,,,,,filing,10-Q Q4 2025 — Item 2. Management's Discussion and Analysis of Financial Condition and Results of Operations,
unpaired_actual,NVDA,2024,,,,,,,,revenue_growth,Revenue growth,,consolidated,,,,Q4 FY2025,"Professional Visualization revenue was up 56% from a year ago and up 26% sequentially, driven by the launch of our new DGX Spark as well as the growth of Blackwell sales.",56%,,,,,,,,,,,,,filing,10-Q Q4 2025 — Item 2. Management's Discussion and Analysis of Financial Condition and Results of Operations,
unpaired_actual,NVDA,2024,,,,,,,,revenue_growth,Revenue growth,,consolidated,,,,Q3 FY2026,"Three Months Ended Nine Months Ended Oct 26, 2025 Oct 27, 2024 Oct 26, 2025 Oct 27, 2024 Revenue 100.0 % 100.0 % 100.0 % 100.0 % Cost of revenue 26.6 25.4 30.7 24.2 Gross profit 73.4 74.6 69.3 75.8 Operating expenses Research and development 8.3 9.7 8.8 10.1 Sales, general and administrative 2.0 2.6 2.2 2.8 Total operating expenses 10.3 12.3 11.0 12.9 Operating income 63.1 62.3 58.3 62.9 Interest income 1.1 1.3 1.2 1.4 Interest expense (0.1) (0.2) (0.1) (0.2) Other income, net 2.4 0.1 2.3 0.3 Total other income, net 3.4 1.2 3.4 1.5 Income before income tax 66.5 63.5 61.7 64.4 Income tax expense 10.6 8.6 9.4 8.8 Net income 55.9 % 54.9 % 52.3 % 55.6 % 27 Revenue by Reportable Segments Three Months Ended Nine Months Ended Oct 26, 2025 Oct 27, 2024 $ Change % Change Oct 26, 2025 Oct 27, 2024 $ Change % Change ($ in millions) Compute & Networking $ 50,908 $ 31,036 $ 19,872 64 % $ 131,828 $ 80,157 $ 51,671 64 % Graphics 6,098 4,046 2,052 51 % 15,983 11,009 4,974 45 % Total $ 57,006 $ 35,082 $ 21,924 62 % $ 147,811 $ 91,166 $ 56,645 62 % Operating Income by Reportable Segments Three Months Ended Nine Months Ended Oct 26, 2025 Oct 27, 2024 $ Change % Change Oct 26, 2025 Oct 27, 2024 $ Change % Change ($ in millions) Compute & Networking $ 35,721 $ 22,081 $ 13,640 62 % $ 86,139 $ 57,977 $ 28,162 49 % Graphics 2,546 1,502 1,044 70 % $ 6,428 4,111 2,317 56 % Total $ 38,267 $ 23,583 $ 14,684 62 % $ 92,567 $ 62,088 $ 30,479 49 % Compute & Networking revenue – The year over year increase in the third quarter and first nine months of fiscal year 2026 was driven by three platform shifts –accelerated computing, powerful AI models, and agentic applications.",100.0 %,,,,,,,,,,,,,filing,10-Q Q4 2025 — Item 2. Management's Discussion and Analysis of Financial Condition and Results of Operations,
unpaired_actual,NVDA,2024,,,,,,,,revenue,Revenue,,segment:data_center,,,,Q3 FY2025,"Revenue from Data Center computing grew 59% year-on-year compared to the first nine months of fiscal year 2025, driven by demand for our Blackwell computing platform.",59%,,,,,,,,,,,,,filing,10-Q Q4 2025 — Item 2. Management's Discussion and Analysis of Financial Condition and Results of Operations,
unpaired_actual,NVDA,2024,,,,,,,,revenue,Revenue,,segment:data_center,,,,Q3 FY2025,"Revenue from Data Center networking grew 105% year-on-year compared to the first nine months of fiscal year 2025 driven by the introduction and continued growth of NVLink compute fabric for GB200 and GB300 systems, the growth of XDR InfiniBand products, and adoption of Ethernet for AI solutions.",105%,,,,,,,,,,,,,filing,10-Q Q4 2025 — Item 2. Management's Discussion and Analysis of Financial Condition and Results of Operations,
unpaired_actual,NVDA,2024,,,,,,,,revenue_growth,Revenue growth,,consolidated,,,,Q3 FY2026,Graphics revenue – The year over year increase in the third quarter and first nine months of fiscal year 2026 was driven by sales of our Blackwell architecture.,,,,,,,,,,,,,,filing,10-Q Q4 2025 — Item 2. Management's Discussion and Analysis of Financial Condition and Results of Operations,
unpaired_actual,NVDA,2024,,,,,,,,revenue_growth,Revenue growth,,consolidated,,,,Q3 FY2026,Reportable segment operating income – The year over year increase in Compute & Networking segment operating income in the third quarter of fiscal year 2026 was driven by growth in revenue.,,,,,,,,,,,,,,filing,10-Q Q4 2025 — Item 2. Management's Discussion and Analysis of Financial Condition and Results of Operations,
unpaired_actual,NVDA,2024,,,,,,,,revenue_growth,Revenue growth,,consolidated,,,,Q3 FY2026,"The year over year increase in Compute & Networking segment operating income in the first nine months of fiscal year 2026 was driven by the growth in revenue, partially offset by a $4.5 billion charge associated with H20 excess inventory and purchase obligations in the first quarter of fiscal year 2026.",$4.5 billion,,,,,,,,,,,,,filing,10-Q Q4 2025 — Item 2. Management's Discussion and Analysis of Financial Condition and Results of Operations,
unpaired_actual,NVDA,2024,,,,,,,,revenue_growth,Revenue growth,,consolidated,,,,Q3 FY2026,The year over year increase in Graphics segment operating income in the third quarter and first nine months of fiscal year 2026 was driven by the growth in revenue.,,,,,,,,,,,,,,filing,10-Q Q4 2025 — Item 2. Management's Discussion and Analysis of Financial Condition and Results of Operations,
unpaired_actual,NVDA,2024,,,,,,,,revenue,Revenue,,consolidated,,,,Q3 FY2026,"Direct Customers – For the third quarter of fiscal year 2026, four direct customers with sales greater than 10% of total revenue included: Customer A at 22%, Customer B at 15%, Customer C at 13%, and Customer D at 11%, which were attributable to the Compute & Networking segment.",10%,,,,,,,,,,,,,filing,10-Q Q4 2025 — Item 2. Management's Discussion and Analysis of Financial Condition and Results of Operations,
unpaired_actual,NVDA,2024,,,,,,,,revenue,Revenue,,consolidated,,,,Q3 FY2026,"For the first nine months of fiscal year 2026, sales to two direct customers represented 21% and 13% of total revenue, respectively, both of which were attributable to the Compute & Networking segment.",21%,,,,,,,,,,,,,filing,10-Q Q4 2025 — Item 2. Management's Discussion and Analysis of Financial Condition and Results of Operations,
unpaired_actual,NVDA,2024,,,,,,,,revenue,Revenue,,consolidated,,,,Q3 FY2025,"For the third quarter of fiscal year 2025, sales to three direct customers each represented 12% of total revenue, which were attributable to the Compute & Networking segment.",12%,,,,,,,,,,,,,filing,10-Q Q4 2025 — Item 2. Management's Discussion and Analysis of Financial Condition and Results of Operations,
unpaired_actual,NVDA,2024,,,,,,,,revenue,Revenue,,consolidated,,,,Q3 FY2025,"For the first nine months of fiscal year 2025, sales to three direct customers represented 12%, 11%, and 11% of total revenue, which were attributable to the Compute & Networking segment.",12%,,,,,,,,,,,,,filing,10-Q Q4 2025 — Item 2. Management's Discussion and Analysis of Financial Condition and Results of Operations,
unpaired_actual,NVDA,2024,,,,,,,,revenue,Revenue,,consolidated,,,,Q4 FY2025,Gaming revenue of $2.5 billion decreased 22% sequentially and 11% year on year.,$2.5 billion,,,,,,,,,,,,,transcript,NVDA_Q4_2025,
unpaired_actual,NVDA,2024,,,,,,,,revenue,Revenue,,consolidated,,,,Q4 FY2025,"Full-year revenue of $11.4 billion increased 9% year on year, and demand remains strong throughout the holiday.",$11.4 billion,,,,,,,,,,,,,transcript,NVDA_Q4_2025,
unpaired_actual,NVDA,2024,,,,,,,,deliveries,Deliveries,,consolidated,,,,Q4 FY2025,"However, Q4 shipments were impacted by supply constraints.",,,,,,,,,,,,,,transcript,NVDA_Q4_2025,
unpaired_actual,NVDA,2024,,,,,,,,revenue_growth,Revenue growth,,consolidated,,,,Q4 FY2025,Revenue of $511 million was up 5% sequentially and 10% year on year.,$511 million,,,,,,,,,,,,,transcript,NVDA_Q4_2025,
unpaired_actual,NVDA,2024,,,,,,,,revenue,Revenue,,consolidated,,,,Q4 FY2025,Full-year revenue of $1.9 billion increased 21% year on year.,$1.9 billion,,,,,,,,,,,,,transcript,NVDA_Q4_2025,
unpaired_actual,NVDA,2024,,,,,,,,revenue,Revenue,,consolidated,,,,Q4 FY2025,Full-year revenue of $1.7 billion increased 5% year on year.,$1.7 billion,,,,,,,,,,,,,transcript,NVDA_Q4_2025,
unpaired_actual,NVDA,2024,,,,,,,,product_milestone,Product / strategic milestone,,consolidated,,,,Q4 FY2025,"Strong growth was driven by the continued ramp in autonomous vehicles, including cars and robotaxis.",,,,,,,,,,,,,,transcript,NVDA_Q4_2025,
unpaired_actual,NVDA,2024,,,,,,,,gross_margin,Gross margin,,consolidated,,,,Q4 FY2025,GAAP gross margin was 73% and non-GAAP gross margin was 73.5% and down sequentially as expected with our first deliveries of the Blackwell architecture.,73%,,,,,,,,,,,,,transcript,NVDA_Q4_2025,
unpaired_actual,NVDA,2024,,,,,,,,revenue_growth,Revenue growth,,consolidated,,,,Q4 FY2025,Revenue of $39.3 billion was up 12% sequentially and up 78% year on year and above our outlook of $37.5 billion.,$39.3 billion,,,,,,,,,,,,,transcript,NVDA_Q4_2025,
unpaired_actual,NVDA,2024,,,,,,,,revenue,Revenue,,segment:data_center,,,,Q4 FY2025,and these sales increased nearly 2x year on year.,,,,,,,,,,,,,,transcript,NVDA_Q4_2025,
unpaired_actual,NVDA,2024,,,,,,,,revenue,Revenue,,segment:data_center,,,,Q4 FY2025,"Regional cloud hosting NVIDIA GPUs increased as a percentage of data center revenue, reflecting continued AI factory build-outs globally and rapidly rising demand for AI reasoning models and agents.",,,,,,,,,,,,,,transcript,NVDA_Q4_2025,
unpaired_actual,NVDA,2024,,,,,,,,revenue,Revenue,,consolidated,,,,Q4 FY2025,"Consumer Internet revenue grew 3x year on year, driven by an expanding set of generative AI and deep learning use cases.",,,,,,,,,,,,,,transcript,NVDA_Q4_2025,
unpaired_actual,NVDA,2024,,,,,,,,revenue,Revenue,,consolidated,,,,Q4 FY2025,"Enterprise revenue increased nearly 2x year on accelerating demand for model fine-tuning, RAG, and agentic AI workflows, and GPU-accelerated data processing.",,,,,,,,,,,,,,transcript,NVDA_Q4_2025,
unpaired_actual,NVDA,2024,,,,,,,,revenue_growth,Revenue growth,,segment:data_center,,,,Q4 FY2025,"From a geographic perspective, sequential growth in our Data Center revenue was strongest in the U.S., driven by the initial ramp up Blackwell.",,,,,,,,,,,,,,transcript,NVDA_Q4_2025,
unpaired_actual,NVDA,2024,,,,,,,,revenue,Revenue,,consolidated,,,,Q4 FY2025,Networking revenue declined 3% sequentially.,3%,,,,,,,,,,,,,transcript,NVDA_Q4_2025,
unpaired_actual,NVDA,2024,,,,,,,,revenue_growth,Revenue growth,,consolidated,,,,Q1 FY2025,Spectrum-X and NVLink Switch revenue increased and represents a major new growth vector.,,,,,,,,,,,,,,transcript,NVDA_Q4_2025,
unpaired_actual,NVDA,2024,,,,,,,,headcount,Headcount,,consolidated,,,,FY2025,"As of the end of fiscal year 2025, we had approximately 36,000 employees in 38 countries; 27,100 were engaged in research and development and 8,900 were engaged in sales, marketing, operations, and administrative positions.","approximately 36,000",,,,,,,,,,,,,filing,10-K FY2025 — Item 1. Business,
unpaired_actual,NVDA,2024,,,,,,,,headcount,Headcount,,consolidated,,,,FY2025,"As of the end of fiscal year 2025, our global workforce was 78% male, 21% female, and 1% not declared, with 6% of our workforce in the United States composed of Black or African American and Hispanic or Latino employees.",78%,,,,,,,,,,,,,filing,10-K FY2025 — Item 1. Business,
unpaired_actual,NVDA,2024,,,,,,,,revenue,Revenue,,consolidated,,,,FY2025,"Year Ended Jan 26, 2025 Jan 28, 2024 Jan 29, 2023 Geographic Revenue based upon Customer Billing Location: (In millions) United States $ 61,257 $ 26,966 $ 8,292 Singapore (1) 23,684 6,831 2,288 Taiwan 20,573 13,405 6,986 China (including Hong Kong) 17,108 10,306 5,785 Other 7,875 3,414 3,623 Total revenue $ 130,497 $ 60,922 $ 26,974 (1) Singapore represented 18 % of fiscal year 2025 total revenue based upon customer billing location.","$ 61,257",,,,,,,,,,,,,filing,10-K FY2025 — Item 15. Exhibits and Financial Statement Schedules,
unpaired_actual,NVDA,2024,,,,,,,,revenue,Revenue,,consolidated,,,,FY2025,Shipments to Singapore were less than 2 % of fiscal year 2025 total revenue.,2 %,,,,,,,,,,,,,filing,10-K FY2025 — Item 15. Exhibits and Financial Statement Schedules,
unpaired_actual,NVDA,2024,,,,,,,,revenue,Revenue,,consolidated,,,,FY2025,The increase in revenue to the United States for fiscal years 2025 and 2024 was primarily due to higher U.S.-based Compute & Networking segment demand.,,,,,,,,,,,,,,filing,10-K FY2025 — Item 15. Exhibits and Financial Statement Schedules,
unpaired_actual,NVDA,2024,,,,,,,,gross_margin,Gross margin,,consolidated,,,,FY2025,"Economic and industry uncertainty or changes, including recession or slowing growth, inflation, changes or uncertainty in fiscal, monetary, or trade policy, disruptions to capital markets and the banking system, currency fluctuations, higher interest rates, tighter credit, lower capital expenditures by businesses, including on IT infrastructure, increases in unemployment, labor shortages, and lower consumer confidence and spending, global supply chain constraints, and global economic and geopolitical developments, including the implementation of tariffs by the USG or other governments, have in the past and/or could in the future have adverse, wide-ranging effects on our business and financial results, including: • increased costs for wafers, components, logistics, and other supply chain expenses, which have negatively impacted our gross margin in the past and may do so in the future; • increased supply, employee, facilities and infrastructure costs and volatility in the financial markets, which have reduced and may in the future reduce our margins; • decrease in demand for our products, services and technologies and those of our customers, partners or licensees; • the inability of our suppliers to deliver on their supply commitments to us and our customers’ or our licensees’ inability to supply products to customers and/or end users; • limits on our ability to forecast operating results and make business decisions; 19 Table of Contents • the insolvency of key suppliers, distributors, customers, CSPs, data center providers, licensing parties or other third parties we rely on; • reduced profitability of customers, which may cause them to scale back operations, exit businesses, file for bankruptcy protection and potentially cease operations, or lead to mergers, consolidations or strategic alliances among other companies, which could adversely affect our ability to compete effectively; and • increased credit and collectability risks, higher borrowing costs or reduced availability of capital markets, reduced liquidity, adverse impacts on our customers and suppliers, failures of counterparties, including financial institutions and insurers, asset impairments, and declines in the value of our financial instruments.",19,,,,,,,,,,,,,filing,10-K FY2025 — Item 1A. Risk Factors,
unpaired_actual,NVDA,2024,,,,,,,,revenue,Revenue,,consolidated,,,,FY2025,"Our semiconductor wafers are manufactured, assembled, tested and packaged by third parties located outside of the United States, and we generated 53% of our revenue in fiscal year 2025 from sales outside the United States.",53%,,,,,,,,,,,,,filing,10-K FY2025 — Item 1A. Risk Factors,
unpaired_actual,NVDA,2024,,,,,,,,revenue,Revenue,,consolidated,,,,FY2025,"Sales to direct Customers A, B and C represented 12%, 11% and 11% of total revenue, respectively, for fiscal year 2025, all of which were primarily attributable to the Compute & Networking segment.",12%,,,,,,,,,,,,,filing,10-K FY2025 — Item 1A. Risk Factors,
unpaired_actual,NVDA,2024,,,,,,,,revenue,Revenue,,segment:data_center,,,,FY2025,"28 Table of Contents Additionally, restrictions imposed by the Chinese government on the duration of gaming activities and access to games may adversely affect our Gaming revenue, and increased oversight of digital platform companies may adversely affect our Data Center revenue.",28,,,,,,,,,,,,,filing,10-K FY2025 — Item 1A. Risk Factors,
unpaired_actual,NVDA,2024,,,,,,,,volume_impact,Volume impact,,consolidated,,,,FY2025,"Factors that have caused and/or could in the future cause us to underestimate or overestimate demand, and impact the timing and volume of our revenue, include: • changes in product development cycles and time to market; • competing technologies and competitor product releases, announcements or other actions; • changes in business and economic conditions; • sudden or sustained government lockdowns or public health issues; • rapidly changing technology or customer requirements; • the availability of sufficient data center capacity or energy for customers to procure; • new product introductions and transitions resulting in less demand for existing products; • new or unexpected end-use cases; • increase in demand for competitive products; • changes in end-user demand; 16 Table of Contents • purchasing decisions made, and inventory levels held by, distributors, ODMs, OEMs, system integrators, other channel partners and other third parties; • the ability of developers, end customers and other third parties to build, enhance, and maintain accelerated computing applications that leverage our platforms; • the availability of third-party content on our platforms, such as GeForce NOW; • the demand for accelerated computing, AI-related cloud services, or large language models; • changes that impact the ecosystem for the architectures underlying our products and technologies; • government actions or changes in governmental policies, such as export controls, increased restrictions on gaming usage, or tariffs; and • our customers' ability to invest in AI infrastructure.",16,,,,,,,,,,,,,filing,10-K FY2025 — Item 1A. Risk Factors,
unpaired_actual,NVDA,2024,,,,,,,,revenue_growth,Revenue growth,,consolidated,,,,FY2025,"Year Ended Jan 26, 2025 Jan 28, 2024 Revenue 100.0 % 100.0 % Cost of revenue 25.0 27.3 Gross profit 75.0 72.7 Operating expenses Research and development 9.9 14.2 Sales, general and administrative 2.7 4.4 Total operating expenses 12.6 18.6 Operating income 62.4 54.1 Interest income 1.4 1.4 Interest expense (0.2) (0.4) Other, net 0.8 0.4 Other income (expense), net 2.0 1.4 Income before income tax 64.4 55.5 Income tax expense 8.6 6.6 Net income 55.8 % 48.9 % 40 Table of Contents Reportable Segments Revenue by Reportable Segments Year Ended Jan 26, 2025 Jan 28, 2024 $ Change % Change ($ in millions) Compute & Networking $ 116,193 $ 47,405 $ 68,788 145 % Graphics 14,304 13,517 787 6 % Total $ 130,497 $ 60,922 $ 69,575 114 % Operating Income by Reportable Segments Year Ended Jan 26, 2025 Jan 28, 2024 $ Change % Change ($ in millions) Compute & Networking $ 82,875 $ 32,016 $ 50,859 159 % Graphics 5,085 5,846 (761) (13) % All Other (6,507) (4,890) (1,617) 33 % Total $ 81,453 $ 32,972 $ 48,481 147 % Compute & Networking revenue – The year over year increase was due to strong demand for our accelerated computing and AI solutions.",100.0 %,,,,,,,,,,,,,filing,10-K FY2025 — Item 7. Management's Discussion and Analysis of Financial Condition and Results of Operations,
unpaired_actual,NVDA,2024,,,,,,,,revenue_growth,Revenue growth,,consolidated,,,,FY2025,Graphics revenue – The year over year increase was driven by sales of our GeForce RTX 40 Series GPUs.,40,,,,,,,,,,,,,filing,10-K FY2025 — Item 7. Management's Discussion and Analysis of Financial Condition and Results of Operations,
unpaired_actual,NVDA,2024,,,,,,,,revenue_growth,Revenue growth,,consolidated,,,,FY2025,"The year over year decrease in Graphics segment operating income was driven by an increase of 44% in segment operating expenses, partially offset by growth in revenue.",44%,,,,,,,,,,,,,filing,10-K FY2025 — Item 7. Management's Discussion and Analysis of Financial Condition and Results of Operations,
unpaired_actual,NVDA,2024,,,,,,,,operating_expenses,Operating expenses,,consolidated,,,,FY2025,"Operating Expenses Year Ended Jan 26, 2025 Jan 28, 2024 $ Change % Change ($ in millions) Research and development expenses $ 12,914 $ 8,675 $ 4,239 49 % % of net revenue 9.9 % 14.2 % Sales, general and administrative expenses 3,491 2,654 837 32 % % of net revenue 2.7 % 4.4 % Total operating expenses $ 16,405 $ 11,329 $ 5,076 45 % % of net revenue 12.6 % 18.6 % The increases in research and development expenses for fiscal year 2025 were driven by a 32% increase in compensation and benefits, including stock-based compensation, reflecting employee growth and compensation increases, a 100% increase in compute and infrastructure, and a 234% increase in engineering development costs for new product introductions.","$ 12,914",,,,,,,,,,,,,filing,10-K FY2025 — Item 7. Management's Discussion and Analysis of Financial Condition and Results of Operations,
unpaired_actual,NVDA,2024,,,,,,,,headcount,Headcount,,consolidated,,,,FY2025,"The increases in sales, general and administrative expenses for fiscal year 2025 were primarily driven by compensation and benefits, including stock-based compensation, reflecting employee growth and compensation increases.",,,,,,,,,,,,,,filing,10-K FY2025 — Item 7. Management's Discussion and Analysis of Financial Condition and Results of Operations,
unpaired_actual,NVDA,2024,,,,,,,,revenue_growth,Revenue growth,,consolidated,,,,FY2025,"43 Table of Contents Cash provided by operating activities increased in fiscal year 2025 compared to fiscal year 2024, due to growth in revenue.",43,,,,,,,,,,,,,filing,10-K FY2025 — Item 7. Management's Discussion and Analysis of Financial Condition and Results of Operations,
unpaired_actual,NVDA,2024,,,,,,,,revenue,Revenue,,segment:data_center,,,,FY2025,Our Data Center revenue in China grew in fiscal year 2025.,,,,,,,,,,,,,,filing,10-K FY2025 — Item 7. Management's Discussion and Analysis of Financial Condition and Results of Operations,
unpaired_actual,NVDA,2024,,,,,,,,revenue_growth,Revenue growth,,consolidated,,,,FY2025,"Revenue for fiscal year 2025 was $130.5 billion, up 114% from a year ago.",$130.5 billion,,,,,,,,,,,,,filing,10-K FY2025 — Item 7. Management's Discussion and Analysis of Financial Condition and Results of Operations,
unpaired_actual,NVDA,2024,,,,,,,,revenue_growth,Revenue growth,,segment:data_center,,,,FY2025,Data Center revenue for fiscal year 2025 was up 142% from a year ago.,142%,,,,,,,,,,,,,filing,10-K FY2025 — Item 7. Management's Discussion and Analysis of Financial Condition and Results of Operations,
unpaired_actual,NVDA,2024,,,,,,,,revenue_growth,Revenue growth,,consolidated,,,,FY2025,"Gaming revenue for fiscal year 2025 was up 9% from a year ago, driven by sales of our GeForce RTX 40 Series GPUs.",9%,,,,,,,,,,,,,filing,10-K FY2025 — Item 7. Management's Discussion and Analysis of Financial Condition and Results of Operations,
unpaired_actual,NVDA,2024,,,,,,,,revenue_growth,Revenue growth,,consolidated,,,,FY2025,"Professional Visualization revenue for fiscal year 2025 was up 21% from a year ago, driven by the continued ramp of Ada RTX GPU workstations for use cases such as generative AI-powered design, simulation, and engineering.",21%,,,,,,,,,,,,,filing,10-K FY2025 — Item 7. Management's Discussion and Analysis of Financial Condition and Results of Operations,
unpaired_actual,NVDA,2024,,,,,,,,revenue_growth,Revenue growth,,segment:automotive,,,,FY2025,"Automotive revenue for fiscal year 2025 was up 55% from a year ago, driven by sales of our self-driving platforms.",55%,,,,,,,,,,,,,filing,10-K FY2025 — Item 7. Management's Discussion and Analysis of Financial Condition and Results of Operations,
unpaired_actual,NVDA,2024,,,,,,,,gross_margin,Gross margin,,consolidated,,,,FY2025,Gross margin increased in fiscal year 2025 driven by a higher mix of Data Center revenue.,,,,,,,,,,,,,,filing,10-K FY2025 — Item 7. Management's Discussion and Analysis of Financial Condition and Results of Operations,
unpaired_actual,NVDA,2024,,,,,,,,operating_expenses,Operating expenses,,consolidated,,,,FY2025,"Operating expenses for fiscal year 2025 were up 45% from a year ago, driven by higher compensation and benefits expenses due to employee growth and compensation increases, and engineering development, compute and infrastructure costs for new product introductions.",45%,,,,,,,,,,,,,filing,10-K FY2025 — Item 7. Management's Discussion and Analysis of Financial Condition and Results of Operations,
unpaired_actual,NVDA,2024,,,,,,,,revenue_growth,Revenue growth,,consolidated,,,,FY2025,"Recent Developments, Future Objectives and Challenges Demand and Supply Revenue growth in fiscal year 2025 was driven by data center compute and networking platforms for accelerated computing and AI solutions.",,,,,,,,,,,,,,filing,10-K FY2025 — Item 7. Management's Discussion and Analysis of Financial Condition and Results of Operations,
unpaired_actual,NVDA,2024,,,,,,,,revenue,Revenue,,consolidated,,,,Q1 FY2023,SEC XBRL Revenue for Q1 FY2023: 8288000000 USD,$8288000000,,,,,,,,,,,,,xbrl,XBRL Revenue Q1 FY2023,
unpaired_actual,NVDA,2024,,,,,,,,gross_profit,Gross profit,,consolidated,,,,Q1 FY2023,SEC XBRL Gross Profit for Q1 FY2023: 5431000000 USD,$5431000000,,,,,,,,,,,,,xbrl,XBRL Gross Profit Q1 FY2023,
unpaired_actual,NVDA,2024,,,,,,,,operating_income,Operating income,,consolidated,,,,Q1 FY2023,SEC XBRL Operating Income for Q1 FY2023: 1868000000 USD,$1868000000,,,,,,,,,,,,,xbrl,XBRL Operating Income Q1 FY2023,
unpaired_actual,NVDA,2024,,,,,,,,net_income,Net Income,,consolidated,,,,Q1 FY2023,SEC XBRL Net Income for Q1 FY2023: 1618000000 USD,$1618000000,,,,,,,,,,,,,xbrl,XBRL Net Income Q1 FY2023,
unpaired_actual,NVDA,2024,,,,,,,,eps,Diluted EPS,,consolidated,,,,Q1 FY2023,SEC XBRL Diluted EPS for Q1 FY2023: 0.64 USD/share,$0.64,,,,,,,,,,,,,xbrl,XBRL Diluted EPS Q1 FY2023,
unpaired_actual,NVDA,2024,,,,,,,,operating_cash_flow,Operating Cash Flow,,consolidated,,,,Q1 FY2023,SEC XBRL Operating Cash Flow for Q1 FY2023: 1731000000 USD,$1731000000,,,,,,,,,,,,,xbrl,XBRL Operating Cash Flow Q1 FY2023,
unpaired_actual,NVDA,2024,,,,,,,,gross_margin,Gross margin,,consolidated,,,,Q1 FY2023,SEC XBRL derived Gross margin for Q1 FY2023: 65.5285% (5431000000 / 8288000000),65.5285%,,,,,,,,,,,,,xbrl,XBRL Gross margin Q1 FY2023,
unpaired_actual,NVDA,2024,,,,,,,,operating_margin,Operating margin,,consolidated,,,,Q1 FY2023,SEC XBRL derived Operating margin for Q1 FY2023: 22.5386% (1868000000 / 8288000000),22.5386%,,,,,,,,,,,,,xbrl,XBRL Operating margin Q1 FY2023,
unpaired_actual,NVDA,2024,,,,,,,,revenue,Revenue,,consolidated,,,,Q2 FY2023,SEC XBRL Revenue for Q2 FY2023: 6704000000 USD,$6704000000,,,,,,,,,,,,,xbrl,XBRL Revenue Q2 FY2023,
unpaired_actual,NVDA,2024,,,,,,,,gross_profit,Gross profit,,consolidated,,,,Q2 FY2023,SEC XBRL Gross Profit for Q2 FY2023: 2915000000 USD,$2915000000,,,,,,,,,,,,,xbrl,XBRL Gross Profit Q2 FY2023,
unpaired_actual,NVDA,2024,,,,,,,,operating_income,Operating income,,consolidated,,,,Q2 FY2023,SEC XBRL Operating Income for Q2 FY2023: 499000000 USD,$499000000,,,,,,,,,,,,,xbrl,XBRL Operating Income Q2 FY2023,
unpaired_actual,NVDA,2024,,,,,,,,net_income,Net Income,,consolidated,,,,Q2 FY2023,SEC XBRL Net Income for Q2 FY2023: 656000000 USD,$656000000,,,,,,,,,,,,,xbrl,XBRL Net Income Q2 FY2023,
unpaired_actual,NVDA,2024,,,,,,,,eps,Diluted EPS,,consolidated,,,,Q2 FY2023,SEC XBRL Diluted EPS for Q2 FY2023: 0.26 USD/share,$0.26,,,,,,,,,,,,,xbrl,XBRL Diluted EPS Q2 FY2023,
unpaired_actual,NVDA,2024,,,,,,,,operating_cash_flow,Operating Cash Flow,,consolidated,,,,Q2 FY2023,SEC XBRL Operating Cash Flow for Q2 FY2023: 1270000000 USD,$1270000000,,,,,,,,,,,,,xbrl,XBRL Operating Cash Flow Q2 FY2023,
unpaired_actual,NVDA,2024,,,,,,,,gross_margin,Gross margin,,consolidated,,,,Q2 FY2023,SEC XBRL derived Gross margin for Q2 FY2023: 43.4815% (2915000000 / 6704000000),43.4815%,,,,,,,,,,,,,xbrl,XBRL Gross margin Q2 FY2023,
unpaired_actual,NVDA,2024,,,,,,,,operating_margin,Operating margin,,consolidated,,,,Q2 FY2023,SEC XBRL derived Operating margin for Q2 FY2023: 7.4433% (499000000 / 6704000000),7.4433%,,,,,,,,,,,,,xbrl,XBRL Operating margin Q2 FY2023,
unpaired_actual,NVDA,2024,,,,,,,,revenue,Revenue,,consolidated,,,,Q3 FY2023,SEC XBRL Revenue for Q3 FY2023: 5931000000 USD,$5931000000,,,,,,,,,,,,,xbrl,XBRL Revenue Q3 FY2023,
unpaired_actual,NVDA,2024,,,,,,,,gross_profit,Gross profit,,consolidated,,,,Q3 FY2023,SEC XBRL Gross Profit for Q3 FY2023: 3177000000 USD,$3177000000,,,,,,,,,,,,,xbrl,XBRL Gross Profit Q3 FY2023,
unpaired_actual,NVDA,2024,,,,,,,,operating_income,Operating income,,consolidated,,,,Q3 FY2023,SEC XBRL Operating Income for Q3 FY2023: 601000000 USD,$601000000,,,,,,,,,,,,,xbrl,XBRL Operating Income Q3 FY2023,
unpaired_actual,NVDA,2024,,,,,,,,net_income,Net Income,,consolidated,,,,Q3 FY2023,SEC XBRL Net Income for Q3 FY2023: 680000000 USD,$680000000,,,,,,,,,,,,,xbrl,XBRL Net Income Q3 FY2023,
unpaired_actual,NVDA,2024,,,,,,,,eps,Diluted EPS,,consolidated,,,,Q3 FY2023,SEC XBRL Diluted EPS for Q3 FY2023: 0.27 USD/share,$0.27,,,,,,,,,,,,,xbrl,XBRL Diluted EPS Q3 FY2023,
unpaired_actual,NVDA,2024,,,,,,,,operating_cash_flow,Operating Cash Flow,,consolidated,,,,Q3 FY2023,SEC XBRL Operating Cash Flow for Q3 FY2023: 392000000 USD,$392000000,,,,,,,,,,,,,xbrl,XBRL Operating Cash Flow Q3 FY2023,
unpaired_actual,NVDA,2024,,,,,,,,gross_margin,Gross margin,,consolidated,,,,Q3 FY2023,SEC XBRL derived Gross margin for Q3 FY2023: 53.5660% (3177000000 / 5931000000),53.5660%,,,,,,,,,,,,,xbrl,XBRL Gross margin Q3 FY2023,
unpaired_actual,NVDA,2024,,,,,,,,operating_margin,Operating margin,,consolidated,,,,Q3 FY2023,SEC XBRL derived Operating margin for Q3 FY2023: 10.1332% (601000000 / 5931000000),10.1332%,,,,,,,,,,,,,xbrl,XBRL Operating margin Q3 FY2023,
unpaired_actual,NVDA,2024,,,,,,,,revenue,Revenue,,consolidated,,,,FY2023,SEC XBRL Revenue for FY2023: 26974000000 USD,$26974000000,,,,,,,,,,,,,xbrl,XBRL Revenue FY2023,
unpaired_actual,NVDA,2024,,,,,,,,gross_profit,Gross profit,,consolidated,,,,FY2023,SEC XBRL Gross Profit for FY2023: 15356000000 USD,$15356000000,,,,,,,,,,,,,xbrl,XBRL Gross Profit FY2023,
unpaired_actual,NVDA,2024,,,,,,,,operating_income,Operating income,,consolidated,,,,FY2023,SEC XBRL Operating Income for FY2023: 4224000000 USD,$4224000000,,,,,,,,,,,,,xbrl,XBRL Operating Income FY2023,
unpaired_actual,NVDA,2024,,,,,,,,net_income,Net Income,,consolidated,,,,FY2023,SEC XBRL Net Income for FY2023: 4368000000 USD,$4368000000,,,,,,,,,,,,,xbrl,XBRL Net Income FY2023,
unpaired_actual,NVDA,2024,,,,,,,,eps,Diluted EPS,,consolidated,,,,FY2023,SEC XBRL Diluted EPS for FY2023: 0.17 USD/share,$0.17,,,,,,,,,,,,,xbrl,XBRL Diluted EPS FY2023,
unpaired_actual,NVDA,2024,,,,,,,,operating_cash_flow,Operating Cash Flow,,consolidated,,,,FY2023,SEC XBRL Operating Cash Flow for FY2023: 5641000000 USD,$5641000000,,,,,,,,,,,,,xbrl,XBRL Operating Cash Flow FY2023,
unpaired_actual,NVDA,2024,,,,,,,,gross_margin,Gross margin,,consolidated,,,,FY2023,SEC XBRL derived Gross margin for FY2023: 56.9289% (15356000000 / 26974000000),56.9289%,,,,,,,,,,,,,xbrl,XBRL Gross margin FY2023,
unpaired_actual,NVDA,2024,,,,,,,,operating_margin,Operating margin,,consolidated,,,,FY2023,SEC XBRL derived Operating margin for FY2023: 15.6595% (4224000000 / 26974000000),15.6595%,,,,,,,,,,,,,xbrl,XBRL Operating margin FY2023,
unpaired_actual,NVDA,2024,,,,,,,,revenue,Revenue,,consolidated,,,,Q1 FY2024,SEC XBRL Revenue for Q1 FY2024: 7192000000 USD,$7192000000,,,,,,,,,,,,,xbrl,XBRL Revenue Q1 FY2024,
unpaired_actual,NVDA,2024,,,,,,,,gross_profit,Gross profit,,consolidated,,,,Q1 FY2024,SEC XBRL Gross Profit for Q1 FY2024: 4648000000 USD,$4648000000,,,,,,,,,,,,,xbrl,XBRL Gross Profit Q1 FY2024,
unpaired_actual,NVDA,2024,,,,,,,,operating_income,Operating income,,consolidated,,,,Q1 FY2024,SEC XBRL Operating Income for Q1 FY2024: 2140000000 USD,$2140000000,,,,,,,,,,,,,xbrl,XBRL Operating Income Q1 FY2024,
unpaired_actual,NVDA,2024,,,,,,,,net_income,Net Income,,consolidated,,,,Q1 FY2024,SEC XBRL Net Income for Q1 FY2024: 2043000000 USD,$2043000000,,,,,,,,,,,,,xbrl,XBRL Net Income Q1 FY2024,
unpaired_actual,NVDA,2024,,,,,,,,eps,Diluted EPS,,consolidated,,,,Q1 FY2024,SEC XBRL Diluted EPS for Q1 FY2024: 0.82 USD/share,$0.82,,,,,,,,,,,,,xbrl,XBRL Diluted EPS Q1 FY2024,
unpaired_actual,NVDA,2024,,,,,,,,operating_cash_flow,Operating Cash Flow,,consolidated,,,,Q1 FY2024,SEC XBRL Operating Cash Flow for Q1 FY2024: 2911000000 USD,$2911000000,,,,,,,,,,,,,xbrl,XBRL Operating Cash Flow Q1 FY2024,
unpaired_actual,NVDA,2024,,,,,,,,gross_margin,Gross margin,,consolidated,,,,Q1 FY2024,SEC XBRL derived Gross margin for Q1 FY2024: 64.6274% (4648000000 / 7192000000),64.6274%,,,,,,,,,,,,,xbrl,XBRL Gross margin Q1 FY2024,
unpaired_actual,NVDA,2024,,,,,,,,operating_margin,Operating margin,,consolidated,,,,Q1 FY2024,SEC XBRL derived Operating margin for Q1 FY2024: 29.7553% (2140000000 / 7192000000),29.7553%,,,,,,,,,,,,,xbrl,XBRL Operating margin Q1 FY2024,
unpaired_actual,NVDA,2024,,,,,,,,revenue,Revenue,,consolidated,,,,Q2 FY2024,SEC XBRL Revenue for Q2 FY2024: 13507000000 USD,$13507000000,,,,,,,,,,,,,xbrl,XBRL Revenue Q2 FY2024,
unpaired_actual,NVDA,2024,,,,,,,,gross_profit,Gross profit,,consolidated,,,,Q2 FY2024,SEC XBRL Gross Profit for Q2 FY2024: 9462000000 USD,$9462000000,,,,,,,,,,,,,xbrl,XBRL Gross Profit Q2 FY2024,
unpaired_actual,NVDA,2024,,,,,,,,operating_income,Operating income,,consolidated,,,,Q2 FY2024,SEC XBRL Operating Income for Q2 FY2024: 6800000000 USD,$6800000000,,,,,,,,,,,,,xbrl,XBRL Operating Income Q2 FY2024,
unpaired_actual,NVDA,2024,,,,,,,,net_income,Net Income,,consolidated,,,,Q2 FY2024,SEC XBRL Net Income for Q2 FY2024: 6188000000 USD,$6188000000,,,,,,,,,,,,,xbrl,XBRL Net Income Q2 FY2024,
unpaired_actual,NVDA,2024,,,,,,,,eps,Diluted EPS,,consolidated,,,,Q2 FY2024,SEC XBRL Diluted EPS for Q2 FY2024: 0.25 USD/share,$0.25,,,,,,,,,,,,,xbrl,XBRL Diluted EPS Q2 FY2024,
unpaired_actual,NVDA,2024,,,,,,,,operating_cash_flow,Operating Cash Flow,,consolidated,,,,Q2 FY2024,SEC XBRL Operating Cash Flow for Q2 FY2024: 6348000000 USD,$6348000000,,,,,,,,,,,,,xbrl,XBRL Operating Cash Flow Q2 FY2024,
unpaired_actual,NVDA,2024,,,,,,,,gross_margin,Gross margin,,consolidated,,,,Q2 FY2024,SEC XBRL derived Gross margin for Q2 FY2024: 70.0526% (9462000000 / 13507000000),70.0526%,,,,,,,,,,,,,xbrl,XBRL Gross margin Q2 FY2024,
unpaired_actual,NVDA,2024,,,,,,,,operating_margin,Operating margin,,consolidated,,,,Q2 FY2024,SEC XBRL derived Operating margin for Q2 FY2024: 50.3443% (6800000000 / 13507000000),50.3443%,,,,,,,,,,,,,xbrl,XBRL Operating margin Q2 FY2024,
unpaired_actual,NVDA,2024,,,,,,,,gross_profit,Gross profit,,consolidated,,,,Q3 FY2024,SEC XBRL Gross Profit for Q3 FY2024: 13400000000 USD,$13400000000,,,,,,,,,,,,,xbrl,XBRL Gross Profit Q3 FY2024,
unpaired_actual,NVDA,2024,,,,,,,,operating_income,Operating income,,consolidated,,,,Q3 FY2024,SEC XBRL Operating Income for Q3 FY2024: 10417000000 USD,$10417000000,,,,,,,,,,,,,xbrl,XBRL Operating Income Q3 FY2024,
unpaired_actual,NVDA,2024,,,,,,,,net_income,Net Income,,consolidated,,,,Q3 FY2024,SEC XBRL Net Income for Q3 FY2024: 9243000000 USD,$9243000000,,,,,,,,,,,,,xbrl,XBRL Net Income Q3 FY2024,
unpaired_actual,NVDA,2024,,,,,,,,eps,Diluted EPS,,consolidated,,,,Q3 FY2024,SEC XBRL Diluted EPS for Q3 FY2024: 0.37 USD/share,$0.37,,,,,,,,,,,,,xbrl,XBRL Diluted EPS Q3 FY2024,
unpaired_actual,NVDA,2024,,,,,,,,operating_cash_flow,Operating Cash Flow,,consolidated,,,,Q3 FY2024,SEC XBRL Operating Cash Flow for Q3 FY2024: 7332000000 USD,$7332000000,,,,,,,,,,,,,xbrl,XBRL Operating Cash Flow Q3 FY2024,
unpaired_actual,NVDA,2024,,,,,,,,gross_margin,Gross margin,,consolidated,,,,Q3 FY2024,SEC XBRL derived Gross margin for Q3 FY2024: 73.9514% (13400000000 / 18120000000),73.9514%,,,,,,,,,,,,,xbrl,XBRL Gross margin Q3 FY2024,
unpaired_actual,NVDA,2024,,,,,,,,operating_margin,Operating margin,,consolidated,,,,Q3 FY2024,SEC XBRL derived Operating margin for Q3 FY2024: 57.4890% (10417000000 / 18120000000),57.4890%,,,,,,,,,,,,,xbrl,XBRL Operating margin Q3 FY2024,
unpaired_actual,NVDA,2024,,,,,,,,gross_profit,Gross profit,,consolidated,,,,FY2024,SEC XBRL Gross Profit for FY2024: 44301000000 USD,$44301000000,,,,,,,,,,,,,xbrl,XBRL Gross Profit FY2024,
unpaired_actual,NVDA,2024,,,,,,,,operating_income,Operating income,,consolidated,,,,FY2024,SEC XBRL Operating Income for FY2024: 32972000000 USD,$32972000000,,,,,,,,,,,,,xbrl,XBRL Operating Income FY2024,
unpaired_actual,NVDA,2024,,,,,,,,net_income,Net Income,,consolidated,,,,FY2024,SEC XBRL Net Income for FY2024: 29760000000 USD,$29760000000,,,,,,,,,,,,,xbrl,XBRL Net Income FY2024,
unpaired_actual,NVDA,2024,,,,,,,,eps,Diluted EPS,,consolidated,,,,FY2024,SEC XBRL Diluted EPS for FY2024: 1.19 USD/share,$1.19,,,,,,,,,,,,,xbrl,XBRL Diluted EPS FY2024,
unpaired_actual,NVDA,2024,,,,,,,,operating_cash_flow,Operating Cash Flow,,consolidated,,,,FY2024,SEC XBRL Operating Cash Flow for FY2024: 28090000000 USD,$28090000000,,,,,,,,,,,,,xbrl,XBRL Operating Cash Flow FY2024,
unpaired_actual,NVDA,2024,,,,,,,,gross_margin,Gross margin,,consolidated,,,,FY2024,SEC XBRL derived Gross margin for FY2024: 72.7176% (44301000000 / 60922000000),72.7176%,,,,,,,,,,,,,xbrl,XBRL Gross margin FY2024,
unpaired_actual,NVDA,2024,,,,,,,,operating_margin,Operating margin,,consolidated,,,,FY2024,SEC XBRL derived Operating margin for FY2024: 54.1217% (32972000000 / 60922000000),54.1217%,,,,,,,,,,,,,xbrl,XBRL Operating margin FY2024,
unpaired_actual,NVDA,2024,,,,,,,,revenue,Revenue,,consolidated,,,,Q1 FY2025,SEC XBRL Revenue for Q1 FY2025: 26044000000 USD,$26044000000,,,,,,,,,,,,,xbrl,XBRL Revenue Q1 FY2025,
unpaired_actual,NVDA,2024,,,,,,,,gross_profit,Gross profit,,consolidated,,,,Q1 FY2025,SEC XBRL Gross Profit for Q1 FY2025: 20406000000 USD,$20406000000,,,,,,,,,,,,,xbrl,XBRL Gross Profit Q1 FY2025,
unpaired_actual,NVDA,2024,,,,,,,,operating_income,Operating income,,consolidated,,,,Q1 FY2025,SEC XBRL Operating Income for Q1 FY2025: 16909000000 USD,$16909000000,,,,,,,,,,,,,xbrl,XBRL Operating Income Q1 FY2025,
unpaired_actual,NVDA,2024,,,,,,,,net_income,Net Income,,consolidated,,,,Q1 FY2025,SEC XBRL Net Income for Q1 FY2025: 14881000000 USD,$14881000000,,,,,,,,,,,,,xbrl,XBRL Net Income Q1 FY2025,
unpaired_actual,NVDA,2024,,,,,,,,eps,Diluted EPS,,consolidated,,,,Q1 FY2025,SEC XBRL Diluted EPS for Q1 FY2025: 0.6 USD/share,$0.6,,,,,,,,,,,,,xbrl,XBRL Diluted EPS Q1 FY2025,
unpaired_actual,NVDA,2024,,,,,,,,operating_cash_flow,Operating Cash Flow,,consolidated,,,,Q1 FY2025,SEC XBRL Operating Cash Flow for Q1 FY2025: 15345000000 USD,$15345000000,,,,,,,,,,,,,xbrl,XBRL Operating Cash Flow Q1 FY2025,
unpaired_actual,NVDA,2024,,,,,,,,gross_margin,Gross margin,,consolidated,,,,Q1 FY2025,SEC XBRL derived Gross margin for Q1 FY2025: 78.3520% (20406000000 / 26044000000),78.3520%,,,,,,,,,,,,,xbrl,XBRL Gross margin Q1 FY2025,
unpaired_actual,NVDA,2024,,,,,,,,operating_margin,Operating margin,,consolidated,,,,Q1 FY2025,SEC XBRL derived Operating margin for Q1 FY2025: 64.9247% (16909000000 / 26044000000),64.9247%,,,,,,,,,,,,,xbrl,XBRL Operating margin Q1 FY2025,
unpaired_actual,NVDA,2024,,,,,,,,revenue,Revenue,,consolidated,,,,Q2 FY2025,SEC XBRL Revenue for Q2 FY2025: 30040000000 USD,$30040000000,,,,,,,,,,,,,xbrl,XBRL Revenue Q2 FY2025,
unpaired_actual,NVDA,2024,,,,,,,,gross_profit,Gross profit,,consolidated,,,,Q2 FY2025,SEC XBRL Gross Profit for Q2 FY2025: 22574000000 USD,$22574000000,,,,,,,,,,,,,xbrl,XBRL Gross Profit Q2 FY2025,
unpaired_actual,NVDA,2024,,,,,,,,operating_income,Operating income,,consolidated,,,,Q2 FY2025,SEC XBRL Operating Income for Q2 FY2025: 18642000000 USD,$18642000000,,,,,,,,,,,,,xbrl,XBRL Operating Income Q2 FY2025,
unpaired_actual,NVDA,2024,,,,,,,,net_income,Net Income,,consolidated,,,,Q2 FY2025,SEC XBRL Net Income for Q2 FY2025: 16599000000 USD,$16599000000,,,,,,,,,,,,,xbrl,XBRL Net Income Q2 FY2025,
unpaired_actual,NVDA,2024,,,,,,,,eps,Diluted EPS,,consolidated,,,,Q2 FY2025,SEC XBRL Diluted EPS for Q2 FY2025: 0.67 USD/share,$0.67,,,,,,,,,,,,,xbrl,XBRL Diluted EPS Q2 FY2025,
unpaired_actual,NVDA,2024,,,,,,,,operating_cash_flow,Operating Cash Flow,,consolidated,,,,Q2 FY2025,SEC XBRL Operating Cash Flow for Q2 FY2025: 14488000000 USD,$14488000000,,,,,,,,,,,,,xbrl,XBRL Operating Cash Flow Q2 FY2025,
unpaired_actual,NVDA,2024,,,,,,,,gross_margin,Gross margin,,consolidated,,,,Q2 FY2025,SEC XBRL derived Gross margin for Q2 FY2025: 75.1465% (22574000000 / 30040000000),75.1465%,,,,,,,,,,,,,xbrl,XBRL Gross margin Q2 FY2025,
unpaired_actual,NVDA,2024,,,,,,,,operating_margin,Operating margin,,consolidated,,,,Q2 FY2025,SEC XBRL derived Operating margin for Q2 FY2025: 62.0573% (18642000000 / 30040000000),62.0573%,,,,,,,,,,,,,xbrl,XBRL Operating margin Q2 FY2025,
unpaired_actual,NVDA,2024,,,,,,,,revenue,Revenue,,consolidated,,,,Q3 FY2025,SEC XBRL Revenue for Q3 FY2025: 35082000000 USD,$35082000000,,,,,,,,,,,,,xbrl,XBRL Revenue Q3 FY2025,
unpaired_actual,NVDA,2024,,,,,,,,gross_profit,Gross profit,,consolidated,,,,Q3 FY2025,SEC XBRL Gross Profit for Q3 FY2025: 26156000000 USD,$26156000000,,,,,,,,,,,,,xbrl,XBRL Gross Profit Q3 FY2025,
unpaired_actual,NVDA,2024,,,,,,,,operating_income,Operating income,,consolidated,,,,Q3 FY2025,SEC XBRL Operating Income for Q3 FY2025: 21869000000 USD,$21869000000,,,,,,,,,,,,,xbrl,XBRL Operating Income Q3 FY2025,
unpaired_actual,NVDA,2024,,,,,,,,net_income,Net Income,,consolidated,,,,Q3 FY2025,SEC XBRL Net Income for Q3 FY2025: 19309000000 USD,$19309000000,,,,,,,,,,,,,xbrl,XBRL Net Income Q3 FY2025,
unpaired_actual,NVDA,2024,,,,,,,,eps,Diluted EPS,,consolidated,,,,Q3 FY2025,SEC XBRL Diluted EPS for Q3 FY2025: 0.78 USD/share,$0.78,,,,,,,,,,,,,xbrl,XBRL Diluted EPS Q3 FY2025,
unpaired_actual,NVDA,2024,,,,,,,,operating_cash_flow,Operating Cash Flow,,consolidated,,,,Q3 FY2025,SEC XBRL Operating Cash Flow for Q3 FY2025: 17627000000 USD,$17627000000,,,,,,,,,,,,,xbrl,XBRL Operating Cash Flow Q3 FY2025,
unpaired_actual,NVDA,2024,,,,,,,,gross_margin,Gross margin,,consolidated,,,,Q3 FY2025,SEC XBRL derived Gross margin for Q3 FY2025: 74.5568% (26156000000 / 35082000000),74.5568%,,,,,,,,,,,,,xbrl,XBRL Gross margin Q3 FY2025,
unpaired_actual,NVDA,2024,,,,,,,,operating_margin,Operating margin,,consolidated,,,,Q3 FY2025,SEC XBRL derived Operating margin for Q3 FY2025: 62.3368% (21869000000 / 35082000000),62.3368%,,,,,,,,,,,,,xbrl,XBRL Operating margin Q3 FY2025,
unpaired_actual,NVDA,2024,,,,,,,,revenue,Revenue,,consolidated,,,,FY2025,SEC XBRL Revenue for FY2025: 130497000000 USD,$130497000000,,,,,,,,,,,,,xbrl,XBRL Revenue FY2025,
unpaired_actual,NVDA,2024,,,,,,,,gross_profit,Gross profit,,consolidated,,,,FY2025,SEC XBRL Gross Profit for FY2025: 97858000000 USD,$97858000000,,,,,,,,,,,,,xbrl,XBRL Gross Profit FY2025,
unpaired_actual,NVDA,2024,,,,,,,,operating_income,Operating income,,consolidated,,,,FY2025,SEC XBRL Operating Income for FY2025: 81453000000 USD,$81453000000,,,,,,,,,,,,,xbrl,XBRL Operating Income FY2025,
unpaired_actual,NVDA,2024,,,,,,,,net_income,Net Income,,consolidated,,,,FY2025,SEC XBRL Net Income for FY2025: 72880000000 USD,$72880000000,,,,,,,,,,,,,xbrl,XBRL Net Income FY2025,
unpaired_actual,NVDA,2024,,,,,,,,eps,Diluted EPS,,consolidated,,,,FY2025,SEC XBRL Diluted EPS for FY2025: 2.94 USD/share,$2.94,,,,,,,,,,,,,xbrl,XBRL Diluted EPS FY2025,
unpaired_actual,NVDA,2024,,,,,,,,operating_cash_flow,Operating Cash Flow,,consolidated,,,,FY2025,SEC XBRL Operating Cash Flow for FY2025: 64089000000 USD,$64089000000,,,,,,,,,,,,,xbrl,XBRL Operating Cash Flow FY2025,
unpaired_actual,NVDA,2024,,,,,,,,gross_margin,Gross margin,,consolidated,,,,FY2025,SEC XBRL derived Gross margin for FY2025: 74.9887% (97858000000 / 130497000000),74.9887%,,,,,,,,,,,,,xbrl,XBRL Gross margin FY2025,
unpaired_actual,NVDA,2024,,,,,,,,operating_margin,Operating margin,,consolidated,,,,FY2025,SEC XBRL derived Operating margin for FY2025: 62.4175% (81453000000 / 130497000000),62.4175%,,,,,,,,,,,,,xbrl,XBRL Operating margin FY2025,
