record_type,ticker,anchor_year,cohort,guidance_issued_period,guidance_issued_year,target_period,target_coverage_complete,target_coverage_missing_sources,guidance_category,metric_key,metric_label,metric_label_original,business_scope,guidance_text,guidance_value_raw,guidance_value_normalized,actual_period,actual_text,actual_value_raw,actual_value_normalized,verdict,explanation,confidence,comparison_scope,is_out_of_cohort,revision_group,is_primary_guidance,unresolved_reason,guidance_source_type,guidance_source_label,guidance_source_url,actual_source_type,actual_source_label,actual_source_url
comparison,VST,2021,outside anchor-year cohorts,VST_Q1_2020,2020,Q2 FY2020,True,[],financial,net_debt_to_adjusted_ebitda,Net debt to adjusted EBITDA,Dividend per Share,consolidated,"Despite the low levels where our stock has been trading in recent months, our investors and stakeholders remain supportive of our commitment to advance toward our long-term leverage target of approximately 2.5 times net debt to EBITDA.",approximately 2.5,"{""low"": 2.5, ""high"": 2.5, ""value"": 2.5, ""unit"": ""number"", ""direction"": ""approximately"", ""raw"": ""approximately 2.5""}",,,,,Not Verifiable After Exhaustive Search,"The loaded transcript, filing-section, filing-table, and XBRL search matrix did not contain a defensible actual for the same metric, scope, unit, and target period. Missing evidence is not treated as a miss.",low,explicit_target_appendix,True,net_debt_to_adjusted_ebitda_consolidated_q2_fy2020,True,"The loaded transcript, filing-section, filing-table, and XBRL search matrix did not contain a defensible actual for the same metric, scope, unit, and target period. Missing evidence is not treated as a miss.",transcript,VST_Q1_2020,,,,
comparison,VST,2021,prior-year guidance resolved in anchor year,VST_Q1_2020,2020,FY2021,True,"[""VST_Q4_2021""]",financial,adjusted_ebitda,Adjusted EBITDA,Adjusted EBITDA,consolidated,"Importantly, this means that even in our most punitive modeled case, we still expect we will be able to deliver approximately $3.1 billion or more of adjusted EBITDA from our ongoing operations in 2021.",approximately $3.1 billion or more,"{""low"": 3100000000.0, ""high"": 3100000000.0, ""value"": 3100000000.0, ""unit"": ""currency"", ""direction"": ""approximately"", ""raw"": ""approximately $3.1 billion or more""}",,,,,Superseded,"A later valid guidance statement for the same metric, scope, and target period superseded this statement before the outcome.",low,active_cohort,False,adjusted_ebitda_consolidated_fy2021,False,,transcript,VST_Q1_2020,,,,
comparison,VST,2021,outside anchor-year cohorts,VST_Q1_2020,2020,Q1 FY2020,True,[],financial,adjusted_ebitda,Adjusted EBITDA,Adjusted EBITDA,consolidated,"In total, we had a strong first quarter, and we are tracking strong for the full year with the expectation that our 2020 ongoing operations adjusted EBITDA will be well within the range of the $3.285 billion to $3.585 billion, which is yet another example of the resiliency of the integrated model.",$3.285 billion to $3.585 billion,"{""low"": 3285000000.0, ""high"": 3585000000.0, ""value"": 3285000000.0, ""unit"": ""currency"", ""direction"": ""range"", ""raw"": ""$3.285 billion to $3.585 billion""}",,,,,Not Verifiable After Exhaustive Search,"The loaded transcript, filing-section, filing-table, and XBRL search matrix did not contain a defensible actual for the same metric, scope, unit, and target period. Missing evidence is not treated as a miss.",low,explicit_target_appendix,True,adjusted_ebitda_consolidated_q1_fy2020,True,"The loaded transcript, filing-section, filing-table, and XBRL search matrix did not contain a defensible actual for the same metric, scope, unit, and target period. Missing evidence is not treated as a miss.",transcript,VST_Q1_2020,,,,
comparison,VST,2021,prior-year guidance resolved in anchor year,VST_Q1_2020,2020,FY2021,True,"[""VST_Q4_2021""]",financial,adjusted_free_cash_flow,Adjusted free cash flow,Adjusted Free Cash Flow Before Growth,consolidated,"With an expected 65% to 70% free cash flow conversion ratio, this would translate to more than $2 billion of adjusted free cash flow before growth, meaning that even in a recession created by an extremely low probability pandemic tail event, we expect to maintain very strong liquidity.",more than $2 billion,"{""low"": 2000000000.0, ""high"": null, ""value"": 2000000000.0, ""unit"": ""currency"", ""direction"": ""above"", ""raw"": ""more than $2 billion""}",,,,,Superseded,"A later valid guidance statement for the same metric, scope, and target period superseded this statement before the outcome.",low,active_cohort,False,adjusted_free_cash_flow_consolidated_fy2021,False,,transcript,VST_Q1_2020,,,,
comparison,VST,2021,prior-year guidance resolved in anchor year,VST_Q2_2020,2020,FY2021,True,"[""VST_Q4_2021""]",financial,forward_price,Forward price / curve,Adjusted EBITDA,consolidated,"Even though forward curves for the summer 2021 peak have recently followed the lows of approximately $80 per megawatt hour, we do not believe this is where the 2021 forward curve will ultimately settle as we have seen this pattern play out in each of the past three years.",approximately $80,"{""low"": 80.0, ""high"": 80.0, ""value"": 80.0, ""unit"": ""currency"", ""direction"": ""approximately"", ""raw"": ""approximately $80""}",,,,,Not Verifiable After Exhaustive Search,"The loaded transcript, filing-section, filing-table, and XBRL search matrix did not contain a defensible actual for the same metric, scope, unit, and target period. Missing evidence is not treated as a miss.",low,active_cohort,False,forward_price_consolidated_fy2021,True,"The loaded transcript, filing-section, filing-table, and XBRL search matrix did not contain a defensible actual for the same metric, scope, unit, and target period. Missing evidence is not treated as a miss.",transcript,VST_Q2_2020,,,,
comparison,VST,2021,outside anchor-year cohorts,VST_Q2_2020,2020,Q3 FY2020,True,[],financial,dividend,Dividend,Dividend per Share,consolidated,"Last week, we also announced that our Board of Directors approved our third quarter dividend of $0.135 or $0.54 per share on an annual basis, which represents an 8% increase from the annual dividend we paid in 2019.",$0.135 per quarter or $0.54 per share annually,"{""low"": 0.135, ""high"": 0.135, ""value"": 0.135, ""unit"": ""currency"", ""direction"": ""exact"", ""raw"": ""$0.135 per quarter or $0.54 per share annually""}",,,,,Not Verifiable After Exhaustive Search,"The loaded transcript, filing-section, filing-table, and XBRL search matrix did not contain a defensible actual for the same metric, scope, unit, and target period. Missing evidence is not treated as a miss.",low,explicit_target_appendix,True,dividend_consolidated_q3_fy2020,True,"The loaded transcript, filing-section, filing-table, and XBRL search matrix did not contain a defensible actual for the same metric, scope, unit, and target period. Missing evidence is not treated as a miss.",transcript,VST_Q2_2020,,,,
comparison,VST,2021,prior-year guidance resolved in anchor year,VST_Q2_2020,2020,FY2021,True,"[""VST_Q4_2021""]",financial,adjusted_ebitda,Adjusted EBITDA,Adjusted EBITDA,consolidated,Vistra's fundamental point of view continues to suggest that our 2021 ongoing operations adjusted EBITDA could track in line with or potentially slightly lower than the 2020 guidance midpoint.,2021,"{""low"": 2021.0, ""high"": 2021.0, ""value"": 2021.0, ""unit"": ""number"", ""direction"": ""exact"", ""raw"": ""2021""}",,,,,Not Verifiable After Exhaustive Search,"The loaded transcript, filing-section, filing-table, and XBRL search matrix did not contain a defensible actual for the same metric, scope, unit, and target period. Missing evidence is not treated as a miss.",low,active_cohort,False,adjusted_ebitda_consolidated_fy2021,True,"The loaded transcript, filing-section, filing-table, and XBRL search matrix did not contain a defensible actual for the same metric, scope, unit, and target period. Missing evidence is not treated as a miss.",transcript,VST_Q2_2020,,,,
comparison,VST,2021,outside anchor-year cohorts,VST_Q3_2020,2020,FY2020,True,[],financial,adjusted_ebitda,Adjusted EBITDA,Incremental adjusted EBITDA from OP initiatives,consolidated,"As a reminder, our program is on track to deliver an incremental $100 million of adjusted EBITDA in 2020 as compared to 2019 with the benefits of our OP program combined with the Dynegy, Crius and Ambit synergies projected to reach an annual run rate of nearly $700 million by year-end.",$100 million,"{""low"": 100000000.0, ""high"": 100000000.0, ""value"": 100000000.0, ""unit"": ""currency"", ""direction"": ""exact"", ""raw"": ""$100 million""}",,,,,Superseded,"A later valid guidance statement for the same metric, scope, and target period superseded this statement before the outcome.",low,explicit_target_appendix,True,adjusted_ebitda_consolidated_fy2020,False,,transcript,VST_Q3_2020,,,,
comparison,VST,2021,outside anchor-year cohorts,VST_Q3_2020,2020,FY2022,True,"[""VST_Q4_2022""]",financial,dividend,Dividend,Annual dividend per share,consolidated,"As it relates to the dividend, it is our intention to increase our dividend by approximately 8% in 2021, at the high end of our expected 6% to 8% annual growth rate.",approximately 8%,"{""low"": 8.0, ""high"": 8.0, ""value"": 8.0, ""unit"": ""percent"", ""direction"": ""approximately"", ""raw"": ""approximately 8%""}",,,,,Superseded,"A later valid guidance statement for the same metric, scope, and target period superseded this statement before the outcome.",low,explicit_target_appendix,True,dividend_consolidated_fy2022,False,,transcript,VST_Q3_2020,,,,
comparison,VST,2021,outside anchor-year cohorts,VST_Q3_2020,2020,FY2040,False,"[""VST_Q4_2040"", ""10-K FY2040""]",financial,adjusted_ebitda,Adjusted EBITDA,Adjusted EBITDA from carbon-free operations,segment:energy,"By 2040, we estimate at least 70% to 80% of our adjusted EBITDA will come from our carbon-free operations, including retail, nuclear, renewable and energy storage.",70% to 80%,"{""low"": 70.0, ""high"": 80.0, ""value"": 70.0, ""unit"": ""percent"", ""direction"": ""range"", ""raw"": ""70% to 80%""}",,,,,Coverage Incomplete,"The target period is not fully covered by the loaded source corpus. Missing expected evidence sources: VST_Q4_2040, 10-K FY2040. This item remains open and is not scored.",low,explicit_target_appendix,True,adjusted_ebitda_segment_energy_fy2040,True,"The target period is not fully covered by the loaded source corpus. Missing expected evidence sources: VST_Q4_2040, 10-K FY2040. This item remains open and is not scored.",transcript,VST_Q3_2020,,,,
comparison,VST,2021,outside anchor-year cohorts,VST_Q3_2020,2020,FY2020,True,[],financial,adjusted_free_cash_flow,Adjusted free cash flow,Adjusted EBITDA to adjusted free cash flow before growth conversion ratio,consolidated,"Importantly, our financial guidance implies an adjusted EBITDA to adjusted free cash flow before growth conversion ratio of approximately 69% for the year, which supports our recently announced capital allocation plan and the anticipated significant return of capital to our financial stakeholders.",approximately 69%,"{""low"": 69.0, ""high"": 69.0, ""value"": 69.0, ""unit"": ""percent"", ""direction"": ""approximately"", ""raw"": ""approximately 69%""}",,,,,Not Verifiable After Exhaustive Search,"The loaded transcript, filing-section, filing-table, and XBRL search matrix did not contain a defensible actual for the same metric, scope, unit, and target period. Missing evidence is not treated as a miss.",low,explicit_target_appendix,True,adjusted_free_cash_flow_consolidated_fy2020,True,"The loaded transcript, filing-section, filing-table, and XBRL search matrix did not contain a defensible actual for the same metric, scope, unit, and target period. Missing evidence is not treated as a miss.",transcript,VST_Q3_2020,,,,
comparison,VST,2021,prior-year guidance resolved in anchor year,VST_Q3_2020,2020,FY2021,True,"[""VST_Q4_2021""]",financial,adjusted_ebitda,Adjusted EBITDA,Retail EBITDA,segment:retail,"In 2018 and 2019, our retail EBITDA averaged approximately $825 million and we are currently on track to exceed our recently raised 2020 guidance midpoint of $955 million, with our 2021 adjusted EBITDA projected at nearly $1 billion.",nearly $1 billion,"{""low"": 1000000000.0, ""high"": 1000000000.0, ""value"": 1000000000.0, ""unit"": ""currency"", ""direction"": ""exact"", ""raw"": ""nearly $1 billion""}",,,,,Not Verifiable After Exhaustive Search,"The loaded transcript, filing-section, filing-table, and XBRL search matrix did not contain a defensible actual for the same metric, scope, unit, and target period. Missing evidence is not treated as a miss.",low,active_cohort,False,adjusted_ebitda_segment_retail_fy2021,True,"The loaded transcript, filing-section, filing-table, and XBRL search matrix did not contain a defensible actual for the same metric, scope, unit, and target period. Missing evidence is not treated as a miss.",transcript,VST_Q3_2020,,,,
comparison,VST,2021,outside anchor-year cohorts,VST_Q3_2020,2020,FY2020,True,[],financial,adjusted_ebitda,Adjusted EBITDA,COVID-19 impact on adjusted EBITDA,consolidated,"In May, we estimated that COVID-19 could potentially be a negative driver of our 2020 adjusted EBITDA of approximately $70 million due to anticipated higher bad debt expense and the anticipated impact of lower volumes on our financial results.",approximately $70 million,"{""low"": 70000000.0, ""high"": 70000000.0, ""value"": 70000000.0, ""unit"": ""currency"", ""direction"": ""approximately"", ""raw"": ""approximately $70 million""}",FY2020,"$3.77 billion of EBITDA and almost $2.6 billion in free cash flow before growth, almost a 70% conversion ratio.",$3.77 billion,"{""low"": 3770000000.0, ""high"": 3770000000.0, ""value"": 3770000000.0, ""unit"": ""currency"", ""direction"": ""exact"", ""raw"": ""$3.77 billion""}",Not Verifiable After Exhaustive Search,"A candidate actual was found, but deterministic comparability checks rejected it: The guidance used approximate language without a defensible tolerance.",high,explicit_target_appendix,True,adjusted_ebitda_consolidated_fy2020,True,"A candidate actual was found, but deterministic comparability checks rejected it: The guidance used approximate language without a defensible tolerance.",transcript,VST_Q3_2020,,transcript,VST_Q4_2020,
comparison,VST,2021,outside anchor-year cohorts,VST_Q3_2020,2020,FY2030,False,"[""VST_Q4_2030"", ""10-K FY2030""]",financial,adjusted_ebitda,Adjusted EBITDA,Adjusted EBITDA from carbon-free operations,segment:retail,"In fact, by 2030, we project that more than half of our adjusted EBITDA will be derived from our carbon-free operations, with 90% of our adjusted EBITDA coming from our Retail business and low to zero-carbon generating assets.",90%,"{""low"": 90.0, ""high"": 90.0, ""value"": 90.0, ""unit"": ""percent"", ""direction"": ""exact"", ""raw"": ""90%""}",,,,,Coverage Incomplete,"The target period is not fully covered by the loaded source corpus. Missing expected evidence sources: VST_Q4_2030, 10-K FY2030. This item remains open and is not scored.",low,explicit_target_appendix,True,adjusted_ebitda_segment_retail_fy2030,True,"The target period is not fully covered by the loaded source corpus. Missing expected evidence sources: VST_Q4_2030, 10-K FY2030. This item remains open and is not scored.",transcript,VST_Q3_2020,,,,
comparison,VST,2021,outside anchor-year cohorts,VST_Q3_2020,2020,FY2022,True,"[""VST_Q4_2022""]",financial,dividend,Dividend,Incremental debt reduction,consolidated,"In furtherance of our commitment to maintaining a strong balance sheet, our capital allocation plan for 2021 and '22 calls for incremental debt reduction of approximately $550 million over the 2-year period, while the bulk of our free cash flow of more than $2 billion is expected to be returned to our shareholders through dividends and share repurchases.",$550 million,"{""low"": 550000000.0, ""high"": 550000000.0, ""value"": 550000000.0, ""unit"": ""currency"", ""direction"": ""exact"", ""raw"": ""$550 million""}",,,,,Superseded,"A later valid guidance statement for the same metric, scope, and target period superseded this statement before the outcome.",low,explicit_target_appendix,True,dividend_consolidated_fy2022,False,,transcript,VST_Q3_2020,,,,
comparison,VST,2021,prior-year guidance resolved in anchor year,VST_Q3_2020,2020,FY2021,True,"[""VST_Q4_2021""]",financial,share_repurchases,Share repurchases,Share repurchase program,consolidated,Our recently announced $1.5 billion share repurchase program begins on January 1 of next year and replaces any repurchase authority that remains outstanding under our existing programs as of the end of this year.,$1.5 billion,"{""low"": 1500000000.0, ""high"": 1500000000.0, ""value"": 1500000000.0, ""unit"": ""currency"", ""direction"": ""exact"", ""raw"": ""$1.5 billion""}",FY2021,"As of March 31, 2021, approximately $ 1.325 billion was available for additional repurchases under the Share Repurchase Program.",approximately $ 1.325 billion,"{""low"": 1325000000.0, ""high"": 1325000000.0, ""value"": 1325000000.0, ""unit"": ""currency"", ""direction"": ""approximately"", ""raw"": ""approximately $ 1.325 billion""}",Missed,The actual is below the stated point target.,high,active_cohort,False,share_repurchases_consolidated_fy2021,True,,transcript,VST_Q3_2020,,filing,10-Q Q1 2021 — Item 1. FINANCIAL STATEMENTS — Consolidated Financial Statements,
comparison,VST,2021,outside anchor-year cohorts,VST_Q3_2020,2020,Q4 FY2020,True,[],financial,profitability_timing,Profitability timing,Retail customer acquisition,segment:retail,"The transaction will expand Vistra's retail footprint in the attractive Texas market, where we currently derive 95% of our retail profitability.",95%,"{""low"": 95.0, ""high"": 95.0, ""value"": 95.0, ""unit"": ""percent"", ""direction"": ""exact"", ""raw"": ""95%""}",,,,,Not Verifiable After Exhaustive Search,"The loaded transcript, filing-section, filing-table, and XBRL search matrix did not contain a defensible actual for the same metric, scope, unit, and target period. Missing evidence is not treated as a miss.",low,explicit_target_appendix,True,profitability_timing_segment_retail_q4_fy2020,True,"The loaded transcript, filing-section, filing-table, and XBRL search matrix did not contain a defensible actual for the same metric, scope, unit, and target period. Missing evidence is not treated as a miss.",transcript,VST_Q3_2020,,,,
comparison,VST,2021,prior-year guidance resolved in anchor year,VST_Q3_2020,2020,FY2021,True,"[""VST_Q4_2021""]",financial,adjusted_free_cash_flow,Adjusted free cash flow,2021 adjusted EBITDA guidance,consolidated,"Today, we are also reaffirming our 2021 guidance ranges for both ongoing operations adjusted EBITDA and ongoing operations adjusted free cash flow before growth, which we initiated during our virtual Investor event in September.",2021,"{""low"": 2021.0, ""high"": 2021.0, ""value"": 2021.0, ""unit"": ""number"", ""direction"": ""exact"", ""raw"": ""2021""}",,,,,Superseded,"A later valid guidance statement for the same metric, scope, and target period superseded this statement before the outcome.",low,active_cohort,False,adjusted_free_cash_flow_consolidated_fy2021,False,,transcript,VST_Q3_2020,,,,
comparison,VST,2021,outside anchor-year cohorts,VST_Q3_2020,2020,Q4 FY2020,True,[],financial,adjusted_ebitda,Adjusted EBITDA,2020 adjusted EBITDA guidance,consolidated,"Today, we are reaffirming our recently raised 2020 guidance ranges as set forth on Slide 6, though assuming we once again successfully execute in the fourth quarter, we are expecting another adjusted EBITDA guided midpoint beat[Phonetic].","6,","{""low"": 6.0, ""high"": 6.0, ""value"": 6.0, ""unit"": ""number"", ""direction"": ""exact"", ""raw"": ""6,""}",,,,,Not Verifiable After Exhaustive Search,"The loaded transcript, filing-section, filing-table, and XBRL search matrix did not contain a defensible actual for the same metric, scope, unit, and target period. Missing evidence is not treated as a miss.",low,explicit_target_appendix,True,adjusted_ebitda_consolidated_q4_fy2020,True,"The loaded transcript, filing-section, filing-table, and XBRL search matrix did not contain a defensible actual for the same metric, scope, unit, and target period. Missing evidence is not treated as a miss.",transcript,VST_Q3_2020,,,,
comparison,VST,2021,outside anchor-year cohorts,VST_Q2_2021,2021,FY2021,True,"[""VST_Q4_2021""]",financial,adjusted_free_cash_flow,Adjusted free cash flow,2021 ongoing operations adjusted EBITDA guidance,consolidated,"As a result, we are reaffirming our 2021 guidance ranges for both Ongoing Operations adjusted EBITDA and Ongoing Operations adjusted free cash flow before growth as set forth on Slide 6.",6.,"{""low"": 6.0, ""high"": 6.0, ""value"": 6.0, ""unit"": ""number"", ""direction"": ""exact"", ""raw"": ""6.""}",,,,,Not Verifiable After Exhaustive Search,"The loaded transcript, filing-section, filing-table, and XBRL search matrix did not contain a defensible actual for the same metric, scope, unit, and target period. Missing evidence is not treated as a miss.",low,explicit_target_appendix,True,adjusted_free_cash_flow_consolidated_fy2021,True,"The loaded transcript, filing-section, filing-table, and XBRL search matrix did not contain a defensible actual for the same metric, scope, unit, and target period. Missing evidence is not treated as a miss.",transcript,VST_Q2_2021,,,,
comparison,VST,2021,anchor-year guidance resolved in following year,VST_Q2_2021,2021,FY2022,True,"[""VST_Q4_2022""]",financial,adjusted_ebitda,Adjusted EBITDA,Long-term adjusted EBITDA,consolidated,"In fact, with our long-term view that we will be able to generate $3 billion or more of adjusted EBITDA, with 60% to 70% conversion of free cash flow on an annual basis, we could repurchase our entire market cap in roughly five years, if we were to allocate all of this capital to share buybacks.",$3 billion or more,"{""low"": 3000000000.0, ""high"": 3000000000.0, ""value"": 3000000000.0, ""unit"": ""currency"", ""direction"": ""exact"", ""raw"": ""$3 billion or more""}",,,,,Superseded,"A later valid guidance statement for the same metric, scope, and target period superseded this statement before the outcome.",low,active_cohort,False,adjusted_ebitda_consolidated_fy2022,False,,transcript,VST_Q2_2021,,,,
comparison,VST,2021,anchor-year guidance resolved in following year,VST_Q2_2021,2021,FY2022,True,"[""VST_Q4_2022""]",financial,adjusted_ebitda,Adjusted EBITDA,2022 ongoing operations adjusted EBITDA guidance,consolidated,"In fact, without the impact of Uri, we expect we would have been reaffirming our pre-yearly guidance today, which had an adjusted EBITDA from ongoing operations midpoint of $3.275 billion.",$3.275 billion,"{""low"": 3275000000.0, ""high"": 3275000000.0, ""value"": 3275000000.0, ""unit"": ""currency"", ""direction"": ""exact"", ""raw"": ""$3.275 billion""}",,,,,Superseded,"A later valid guidance statement for the same metric, scope, and target period superseded this statement before the outcome.",low,active_cohort,False,adjusted_ebitda_consolidated_fy2022,False,,transcript,VST_Q2_2021,,,,
comparison,VST,2021,outside anchor-year cohorts,VST_Q2_2021,2021,FY2021,True,"[""VST_Q4_2021""]",financial,capital_investment,Capital investment,Capital allocation plan,consolidated,"Steve, we had in our Investor Day, we had talked about a capital allocation plan that would put over $600 million into '21.",$600 million,"{""low"": 600000000.0, ""high"": 600000000.0, ""value"": 600000000.0, ""unit"": ""currency"", ""direction"": ""exact"", ""raw"": ""$600 million""}",FY2021,SEC XBRL Capital Expenditures for FY2021: 1033000000 USD,$1033000000,"{""low"": 1033000000.0, ""high"": 1033000000.0, ""value"": 1033000000.0, ""unit"": ""currency"", ""direction"": ""exact"", ""raw"": ""$1033000000""}",Exceeded,The actual is above the stated point target.,high,explicit_target_appendix,True,capital_investment_consolidated_fy2021,True,,transcript,VST_Q2_2021,,xbrl,XBRL Capital Expenditures FY2021,
comparison,VST,2021,anchor-year guidance resolved in following year,VST_Q3_2021,2021,FY2022,True,"[""VST_Q4_2022""]",financial,adjusted_ebitda,Adjusted EBITDA,Annual Average Cash Yield on Stock,consolidated,"And our current share price, these share repurchases, and dividend programs are projected to result in an annual average cash yield on the stock of an attractive 15%, as always, we are also committed to a strong balance sheet, we expect we will retire another approximately $1.5 billion of corporate level debt by the end of next year and up to $3 billion by 2026 with projections of debt to EBITDA in the mid to high twos during this timeframe for the Vistra base business.",15%,"{""low"": 15.0, ""high"": 15.0, ""value"": 15.0, ""unit"": ""percent"", ""direction"": ""exact"", ""raw"": ""15%""}",,,,,Not Verifiable After Exhaustive Search,"The loaded transcript, filing-section, filing-table, and XBRL search matrix did not contain a defensible actual for the same metric, scope, unit, and target period. Missing evidence is not treated as a miss.",low,active_cohort,False,adjusted_ebitda_consolidated_fy2022,True,"The loaded transcript, filing-section, filing-table, and XBRL search matrix did not contain a defensible actual for the same metric, scope, unit, and target period. Missing evidence is not treated as a miss.",transcript,VST_Q3_2021,,,,
comparison,VST,2021,outside anchor-year cohorts,VST_Q3_2021,2021,,False,"[""target period not established""]",financial,net_debt_to_adjusted_ebitda,Net debt to adjusted EBITDA,Net Debt to Adjusted EBITDA Leverage Ratio,consolidated,"As outlined on slide 15, we believe our current leverage in the range of approximately 3 to 3.5 times net debt to adjusted EBITDA is a leverage level that will afford us the same level of financial strength, we believe we will be able to maintain our leverage in this range in the near term and reach the mid to high twos over the next 5 years.",3 to 3.5 times near term; mid to high twos over next 5 years,"{""low"": 3.0, ""high"": 3.0, ""value"": 3.0, ""unit"": ""number"", ""direction"": ""approximately"", ""raw"": ""3 to 3.5 times near term; mid to high twos over next 5 years""}",,,,,Unresolved,no defensible target period,low,explicit_target_appendix,True,net_debt_to_adjusted_ebitda_consolidated_unresolved,False,no defensible target period,transcript,VST_Q3_2021,,,,
comparison,VST,2021,outside anchor-year cohorts,VST_Q3_2021,2021,FY2026,False,"[""VST_Q4_2026"", ""10-K FY2026""]",financial,capital_investment,Capital investment,Return of Capital to Common Stockholders,consolidated,"As we set forth on the next slide, our long-term capital allocation plan reflects these strategic priorities, Vistra's long-term capital allocation plan reflects an anticipated return of capital of at least $7.5 billion to its common stockholders through year-end 2026 while simultaneously reducing our corporate level leverage and accelerating our Vistra's zero growth pipeline.",at least 7.5 billion,"{""low"": 7500000000.0, ""high"": null, ""value"": 7500000000.0, ""unit"": ""currency"", ""direction"": ""at_least"", ""raw"": ""at least 7.5 billion""}",,,,,Coverage Incomplete,"The target period is not fully covered by the loaded source corpus. Missing expected evidence sources: VST_Q4_2026, 10-K FY2026. This item remains open and is not scored.",low,explicit_target_appendix,True,capital_investment_consolidated_fy2026,True,"The target period is not fully covered by the loaded source corpus. Missing expected evidence sources: VST_Q4_2026, 10-K FY2026. This item remains open and is not scored.",transcript,VST_Q3_2021,,,,
comparison,VST,2021,outside anchor-year cohorts,VST_Q3_2021,2021,FY2026,False,"[""VST_Q4_2026"", ""10-K FY2026""]",financial,capital_investment,Capital investment,Renewable and Battery Storage Portfolio Size,segment:vistra's zero,"Slide 10, outlines the sources and uses for the long-term capital allocation plan that I just laid out.","10,","{""low"": 10.0, ""high"": 10.0, ""value"": 10.0, ""unit"": ""number"", ""direction"": ""exact"", ""raw"": ""10,""}",,,,,Coverage Incomplete,"The target period is not fully covered by the loaded source corpus. Missing expected evidence sources: VST_Q4_2026, 10-K FY2026. This item remains open and is not scored.",low,explicit_target_appendix,True,capital_investment_segment_vistra_s_zero_fy2026,True,"The target period is not fully covered by the loaded source corpus. Missing expected evidence sources: VST_Q4_2026, 10-K FY2026. This item remains open and is not scored.",transcript,VST_Q3_2021,,,,
comparison,VST,2021,anchor-year guidance resolved in following year,VST_Q3_2021,2021,FY2022,True,"[""VST_Q4_2022""]",financial,share_repurchases,Share repurchases,Share Repurchase Program,consolidated,"So on the buyback, we have, we are looking at a number of alternatives, we have not settled on the method that we're going to use hopefully coming out of this earnings call will be very aggressive with the buyback program in order to be able to implement the 2 billion by the end of 2022.",2 billion,"{""low"": 2000000000.0, ""high"": 2000000000.0, ""value"": 2000000000.0, ""unit"": ""currency"", ""direction"": ""exact"", ""raw"": ""2 billion""}",,,,,Not Verifiable After Exhaustive Search,"The loaded transcript, filing-section, filing-table, and XBRL search matrix did not contain a defensible actual for the same metric, scope, unit, and target period. Missing evidence is not treated as a miss.",low,active_cohort,False,share_repurchases_consolidated_fy2022,True,"The loaded transcript, filing-section, filing-table, and XBRL search matrix did not contain a defensible actual for the same metric, scope, unit, and target period. Missing evidence is not treated as a miss.",transcript,VST_Q3_2021,,,,
comparison,VST,2021,anchor-year guidance resolved in following year,VST_Q3_2021,2021,FY2022,True,"[""VST_Q4_2022""]",financial,adjusted_free_cash_flow,Adjusted free cash flow,Ongoing Operations Adjusted EBITDA,consolidated,"So turning to slide 7, Vistra is initiating its 2022 guidance today forecasting Ongoing Operations Adjusted EBITDA in the range of $2.81 billion -$3.31 billion with ongoing operations, adjusted free cash flow before growth in the range of $2.07 to $2.57 billion.","7,","{""low"": 7.0, ""high"": 7.0, ""value"": 7.0, ""unit"": ""number"", ""direction"": ""exact"", ""raw"": ""7,""}",,,,,Not Verifiable After Exhaustive Search,"The loaded transcript, filing-section, filing-table, and XBRL search matrix did not contain a defensible actual for the same metric, scope, unit, and target period. Missing evidence is not treated as a miss.",low,active_cohort,False,adjusted_free_cash_flow_consolidated_fy2022,True,"The loaded transcript, filing-section, filing-table, and XBRL search matrix did not contain a defensible actual for the same metric, scope, unit, and target period. Missing evidence is not treated as a miss.",transcript,VST_Q3_2021,,,,
comparison,VST,2021,anchor-year guidance resolved in following year,VST_Q3_2021,2021,FY2022,True,"[""VST_Q4_2022""]",financial,dividend,Dividend,Common Dividend Allocation,consolidated,"We are also reinforcing our commitment to paying a meaningful and growing dividend rather than identifying a target annual growth rate for our dividend, management expects that it will subject to Board approval at the appropriate time allocate $300 million per year toward its common dividend.",300 million per year,"{""low"": 300000000.0, ""high"": 300000000.0, ""value"": 300000000.0, ""unit"": ""currency"", ""direction"": ""exact"", ""raw"": ""300 million per year""}",FY2022,"Our debt could have negative consequences for our financial condition including: • increasing our vulnerability to general economic and industry conditions; • requiring a significant portion of our cash flows from operations to be dedicated to the payment of principal and interest on our indebtedness, therefore reducing our ability to pay dividends to holders of our common stock or to fund our operations, capital expenditures and future business opportunities; • limiting our ability to enter into long-term power sales or fuel purchases which require credit support; • limiting our ability to fund operations or future acquisitions; • limiting our ability to repurchase shares under the share repurchase program; • restricting our ability to make distributions or pay dividends with respect to our capital stock and the ability of our subsidiaries to make distributions to us, in light of restricted payment and other financial covenants in our credit facilities and other financing agreements; • inhibiting the growth of our stock price; • exposing us to the risk of increased interest rates because certain of our borrowings, including borrowings under the Vistra Operations Credit Facilities, are at variable rates of interest, only a portion of which are hedged; • limiting our ability to obtain additional financing for working capital including collateral postings, capital expenditures, debt service requirements, acquisitions and general corporate or other purposes; and • limiting our ability to adjust to changing market conditions and placing us at a competitive disadvantage compared to our competitors who may have less debt.",,"{""low"": null, ""high"": null, ""value"": null, ""unit"": null, ""direction"": ""between"", ""raw"": null}",Not Verifiable After Exhaustive Search,"A candidate actual was found, but deterministic comparability checks rejected it: The evidence is qualitative but does not establish a comparable outcome.",high,active_cohort,False,dividend_consolidated_fy2022,True,"A candidate actual was found, but deterministic comparability checks rejected it: The evidence is qualitative but does not establish a comparable outcome.",transcript,VST_Q3_2021,,filing,10-K FY2022 — Item 1A. RISK FACTORS,
comparison,VST,2021,outside anchor-year cohorts,VST_Q3_2021,2021,,False,"[""target period not established""]",financial,adjusted_free_cash_flow,Adjusted free cash flow,Illustrative Adjusted EBITDA Guidance,consolidated,We continue to believe that Vistra will be able to convert a majority of its adjusted EBITDA to adjusted free cash flow before growth.,,"{""low"": null, ""high"": null, ""value"": null, ""unit"": null, ""direction"": ""exact"", ""raw"": null}",,,,,Unresolved,no defensible target period,low,explicit_target_appendix,True,adjusted_free_cash_flow_consolidated_unresolved,False,no defensible target period,transcript,VST_Q3_2021,,,,
comparison,VST,2021,outside anchor-year cohorts,VST_Q3_2021,2021,FY2026,False,"[""VST_Q4_2026"", ""10-K FY2026""]",financial,share_repurchases,Share repurchases,Annual Share Repurchases,consolidated,We then expect we will allocate approximately $1 billion per year toward share repurchases from 2023 through 2026 for a total of $6 billion in 5 years.,approximately 1 billion per year,"{""low"": 1000000000.0, ""high"": 1000000000.0, ""value"": 1000000000.0, ""unit"": ""currency"", ""direction"": ""approximately"", ""raw"": ""approximately 1 billion per year""}",,,,,Coverage Incomplete,"The target period is not fully covered by the loaded source corpus. Missing expected evidence sources: VST_Q4_2026, 10-K FY2026. This item remains open and is not scored.",low,explicit_target_appendix,True,share_repurchases_consolidated_fy2026,True,"The target period is not fully covered by the loaded source corpus. Missing expected evidence sources: VST_Q4_2026, 10-K FY2026. This item remains open and is not scored.",transcript,VST_Q3_2021,,,,
unpaired_actual,VST,2021,,,,,,,,adjusted_ebitda,Adjusted EBITDA,,consolidated,,,,Q1 FY2020,"Vistra delivered first-quarter 2020 adjusted EBITDA from ongoing operations of $850 million, results that exceeded management expectations for the quarter.",$850 million,,,,,,,,,,,,,transcript,VST_Q1_2020,
unpaired_actual,VST,2021,,,,,,,,adjusted_ebitda,Adjusted EBITDA,,consolidated,,,,FY2020,"Vistra delivered year-to-date adjusted EBITDA from ongoing operations of $2,964 million, results that are tracking ahead of management expectations for the period and solidly above 2019 results by nearly 15%, further evidence of the resiliency of the integrated model.","Vistra delivered year-to-date adjusted EBITDA from ongoing operations of $2,964 million",,,,,,,,,,,,,transcript,VST_Q3_2020,
unpaired_actual,VST,2021,,,,,,,,adjusted_ebitda,Adjusted EBITDA,,consolidated,,,,FY2020,"Net income increased by $430 million to $433 million and Adjusted EBITDA increased by $109 million to $572 million in the nine months ended September 30, 2020 compared to the nine months ended September 30, 2019.",$109 million,,,,,,,,,,,,,filing,10-Q Q3 2020 — Item 2. MANAGEMENT'S DISCUSSION AND ANALYSIS OF FINANCIAL CONDITION AND RESULTS OF OPERATIONS,
unpaired_actual,VST,2021,,,,,,,,dividend,Dividend,,consolidated,,,,FY2020,"74 Table of Contents Available Liquidity The following table summarizes changes in available liquidity for the nine months ended September 30, 2020: September 30, 2020 December 31, 2019 Change Cash and cash equivalents $ 500 $ 300 $ 200 Vistra Operations Credit Facilities — Revolving Credit Facility 2,057 1,426 631 Total available liquidity $ 2,557 $ 1,726 $ 831 The $831 million increase in available liquidity for the nine months ended September 30, 2020 was primarily driven by cash from operations, repayments of cash borrowings under the Revolving Credit Facility and a reduction in letters of credit outstanding under the Revolving Credit Facility reflecting the issuance of $166 million of letters of credit under the new Secured LOC Facilities, partially offset by $838 million of capital expenditures (including LTSA prepayments, nuclear fuel and development and growth expenditures), $747 million principal amount of outstanding Vistra senior unsecured notes redeemed in 2020, $100 million of term loans under the Vistra Operations Credit Facility repaid in March 2020, $81 million principal amount of outstanding of 8.000% senior notes redeemed in January 2020 and $198 million in dividends paid to shareholders.",74,,,,,,,,,,,,,filing,10-Q Q3 2020 — Item 2. MANAGEMENT'S DISCUSSION AND ANALYSIS OF FINANCIAL CONDITION AND RESULTS OF OPERATIONS,
unpaired_actual,VST,2021,,,,,,,,adjusted_ebitda,Adjusted EBITDA,,segment:retail,,,,FY2020,Our retail business was exceptional getting close to almost $1 billion of EBITDA.,close to $1 billion,,,,,,,,,,,,,transcript,VST_Q4_2020,
unpaired_actual,VST,2021,,,,,,,,capacity,Capacity,,consolidated,,,,FY2020,"Our full year 2020 retail results were $176 billion higher than our full year 2019 results, driven by the acquisitions of Crius and Ambit, plus stronger comp margin performance, partially offset by milder weather.",$176 million,,,,,,,,,,,,,transcript,VST_Q4_2020,
unpaired_actual,VST,2021,,,,,,,,subscribers,Subscribers / customers,,segment:generation,,,,FY2020,"In addition to these strong financial results, our retail business grew its residential customer count in Texas year-over-year, reflecting strong performance by our legacy brands, while our generation business once again executed with commercial availability of over 95%.",95%,,,,,,,,,,,,,transcript,VST_Q4_2020,
unpaired_actual,VST,2021,,,,,,,,product_milestone,Product / strategic milestone,,segment:generation,,,,FY2020,"On the liquidity side, as of year end 2020, Vistra had total available liquidity of approximately $2.4 billion, which was primarily comprised of cash and availability under its revolving credit facility.",approximately $2.4 billion,,,,,,,,,,,,,transcript,VST_Q4_2020,
unpaired_actual,VST,2021,,,,,,,,net_debt_to_adjusted_ebitda,Net debt to adjusted EBITDA,,consolidated,,,,FY2021,We can close with Slide 17.,17.,,,,,,,,,,,,,transcript,VST_Q4_2020,
unpaired_actual,VST,2021,,,,,,,,net_debt_to_adjusted_ebitda,Net debt to adjusted EBITDA,,consolidated,,,,FY2021,"As of February 23, we've repurchased approximately 5.9 million shares at an average price of $21.15.","23,",,,,,,,,,,,,,transcript,VST_Q4_2020,
unpaired_actual,VST,2021,,,,,,,,adjusted_ebitda,Adjusted EBITDA,,consolidated,,,,Q2 FY2021,"Excluding the second quarter impacts from winter storm Uri related to bill credits and higher fuel costs, this delivered adjusted EBITDA from ongoing operations of $909 million, comparable to its very strong second quarter 2020 financial results.",$909 million,,,,,,,,,,,,,transcript,VST_Q2_2021,
unpaired_actual,VST,2021,,,,,,,,adjusted_ebitda,Adjusted EBITDA,,segment:retail,,,,Q3 FY2021,"Jim Burke -- President, and Chief Financial Officer Thank you, Curt, as shown on slide 12, Vistra delivered strong financial results during the quarter with adjusted EBITDA from ongoing operations of $1.177 billion results that are comparable to our 3rd quarter 2020 financial results, period over period our retail segment results were $205 million higher than 3rd quarter 2020 driven by the realization of our self-help initiatives and the lower cost of goods sold in 2021.",$1.177 billion,,,,,,,,,,,,,transcript,VST_Q3_2021,
unpaired_actual,VST,2021,,,,,,,,operating_income,Operating income,,consolidated,,,,Q1 FY2020,"VISTRA ENERGY CORP. CONDENSED CONSOLIDATED STATEMENTS OF OPERATIONS (Unaudited) (Millions of Dollars, Except Per Share Amounts) Three Months Ended March 31, 2020 2019 Operating revenues (Note 5) $ 2,858 $ 2,923 Fuel, purchased power costs and delivery fees ( 1,333 ) ( 1,461 ) Operating costs ( 379 ) ( 385 ) Depreciation and amortization ( 419 ) ( 405 ) Selling, general and administrative expenses ( 252 ) ( 182 ) Impairment of long-lived assets (Note 18) ( 84 ) — Operating income 391 490 Other income (Note 18) 7 25 Other deductions (Note 18) ( 31 ) ( 2 ) Interest expense and related charges (Note 18) ( 300 ) ( 222 ) Impacts of Tax Receivable Agreement (Note 8) ( 8 ) 3 Equity in earnings of unconsolidated investment 3 7 Income before income taxes 62 301 Income tax expense (Note 7) ( 17 ) ( 77 ) Net income $ 45 $ 224 Net loss attributable to noncontrolling interest 11 1 Net income attributable to Vistra Energy $ 56 $ 225 Weighted average shares of common stock outstanding: Basic 487,944,564 502,367,299 Diluted 490,638,626 509,139,988 Net income per weighted average share of common stock outstanding: Basic $ 0.11 $ 0.45 Diluted $ 0.11 $ 0.44 See Notes to the Condensed Consolidated Financial Statements.",5,,,,,,,,,,,,,filing,10-Q Q1 2020 — Item 1. FINANCIAL STATEMENTS — Consolidated Financial Statements,
unpaired_actual,VST,2021,,,,,,,,revenue,Revenue,,consolidated,,,,Q1 FY2020,"Three Months Ended March 31, 2019 Retail ERCOT PJM NY/NE MISO Asset Closure CAISO/Eliminations Consolidated Revenue from contracts with customers: Retail energy charge in ERCOT $ 1,025 $ — $ — $ — $ — $ — $ — $ 1,025 Retail energy charge in Northeast/Midwest 348 — — — — — — 348 Wholesale generation revenue from ISO/RTO — 247 221 195 72 67 73 875 Capacity revenue from ISO/RTO — — 67 80 10 3 — 160 Revenue from other wholesale contracts — 44 72 7 15 1 3 142 Total revenue from contracts with customers 1,373 291 360 282 97 71 76 2,550 Other revenues: Intangible amortization ( 9 ) — — ( 2 ) ( 5 ) — 1 ( 15 ) Hedging and other revenues (a) 22 158 91 49 13 14 41 388 Affiliate sales — 505 254 15 64 — ( 838 ) — Total other revenues 13 663 345 62 72 14 ( 796 ) 373 Total revenues $ 1,386 $ 954 $ 705 $ 344 $ 169 $ 85 $ ( 720 ) $ 2,923 ____________ (a) Includes $ 158 million of unrealized net gains from mark-to-market valuations of commodity positions.","$ 1,025",,,,,,,,,,,,,filing,10-Q Q1 2020 — Item 1. FINANCIAL STATEMENTS — Consolidated Financial Statements,
unpaired_actual,VST,2021,,,,,,,,capacity,Capacity,,consolidated,,,,Q1 FY2020,We also recorded a $ 32 million impairment to a capacity contract which was linked in part to the Joppa/EEI facility and therefore determined to have a significant decrease in estimated useful life.,$ 32 million,,,,,,,,,,,,,filing,10-Q Q1 2020 — Item 1. FINANCIAL STATEMENTS — Consolidated Financial Statements,
unpaired_actual,VST,2021,,,,,,,,bad_debt_expense,Bad debt expense,,consolidated,,,,Q1 FY2020,"Allowance for Uncollectible Accounts Receivable Three Months Ended March 31, 2020 2019 Allowance for uncollectible accounts receivable at beginning of period (a) $ 42 $ 19 Increase for bad debt expense 26 15 Decrease for account write-offs ( 28 ) ( 15 ) Allowance for uncollectible accounts receivable at end of period $ 40 $ 19 ____________ (a) Includes a $ 6 million increase recorded due to the adoption of ASU 2016-13, Financial Instruments—Credit Losses (see Note 1).",$ 42,,,,,,,,,,,,,filing,10-Q Q1 2020 — Item 1. FINANCIAL STATEMENTS — Consolidated Financial Statements,
unpaired_actual,VST,2021,,,,,,,,deliveries,Deliveries,,consolidated,,,,Q1 FY2020,"Income and expense, including gains and losses associated with the trust fund assets and the decommissioning liability are offset by a corresponding change in a regulatory asset/liability (currently a regulatory asset reported in other noncurrent assets) that will ultimately be settled through changes in Oncor's delivery fees rates.",,,,,,,,,,,,,,filing,10-Q Q1 2020 — Item 1. FINANCIAL STATEMENTS — Consolidated Financial Statements,
unpaired_actual,VST,2021,,,,,,,,revenue,Revenue,,consolidated,,,,Q1 FY2020,"Three Months Ended March 31, 2020 2019 Proceeds from sales of securities $ 75 $ 78 Investments in securities $ ( 80 ) $ ( 83 ) 39 Table of Contents Property, Plant and Equipment March 31, 2020 December 31, 2019 Power generation and structures $ 15,285 $ 15,205 Land 623 622 Office and other equipment 169 164 Total 16,077 15,991 Less accumulated depreciation ( 2,862 ) ( 2,553 ) Net of accumulated depreciation 13,215 13,438 Finance lease right-of-use assets 58 59 Nuclear fuel (net of accumulated amortization of $ 236 million and $ 216 million) 200 197 Construction work in progress 345 220 Property, plant and equipment — net $ 13,818 $ 13,914 Depreciation expenses totaled $ 328 million and $ 335 million for three months ended March 31, 2020 and 2019, respectively .",$ 75,,,,,,,,,,,,,filing,10-Q Q1 2020 — Item 1. FINANCIAL STATEMENTS — Consolidated Financial Statements,
unpaired_actual,VST,2021,,,,,,,,deliveries,Deliveries,,consolidated,,,,Q1 FY2020,"Since the costs to ultimately decommission that plant are recoverable through the regulatory rate making process as part of Oncor's delivery fees, a corresponding regulatory asset has been recorded to our condensed consolidated balance sheet of $ 42 million in other noncurrent assets.",$ 42 million,,,,,,,,,,,,,filing,10-Q Q1 2020 — Item 1. FINANCIAL STATEMENTS — Consolidated Financial Statements,
unpaired_actual,VST,2021,,,,,,,,subscribers,Subscribers / customers,,consolidated,,,,Q1 FY2020,• Acquired retail customer relationship was valued based on discounted cash flow analysis of acquired customers and estimated attrition rates (Level 3).,3,,,,,,,,,,,,,filing,10-Q Q1 2020 — Item 1. FINANCIAL STATEMENTS — Consolidated Financial Statements,
unpaired_actual,VST,2021,,,,,,,,revenue,Revenue,,consolidated,,,,Q1 FY2020,"The Merger was intended to qualify as a tax-free reorganization under the Internal Revenue Code, as amended, so that none of Vistra Energy, Dynegy or any of the Dynegy stockholders would recognize any gain or loss in the transaction, except that Dynegy stockholders could recognize a gain or loss with respect to cash received in lieu of fractional shares of Vistra Energy's common stock.",,,,,,,,,,,,,,filing,10-Q Q1 2020 — Item 1. FINANCIAL STATEMENTS — Consolidated Financial Statements,
unpaired_actual,VST,2021,,,,,,,,capacity,Capacity,,consolidated,,,,Q1 FY2020,"In April 2020, the project received necessary approvals from EBCE and from Pacific Gas and Electric Company (PG&E), and the contract was amended to increase the capacity of the planned development to a 36.25 MW battery ESS.",36.25,,,,,,,,,,,,,filing,10-Q Q1 2020 — Item 1. FINANCIAL STATEMENTS — Consolidated Financial Statements,
unpaired_actual,VST,2021,,,,,,,,subscribers,Subscribers / customers,,consolidated,,,,Q1 FY2020,"However, COVID-19 or another pandemic could have material and adverse effects on our results of operations, financial condition and cash flows due to, among other factors, a protracted slowdown of broad sectors of the economy, changes in demand or supply for commodities, significant changes in legislation or regulatory policy to address the pandemic (including moratoriums or conditions or disconnections and limits or restrictions or late fees), reduced demand for electricity (particularly from commercial and industrial customers), increased late or uncollectible customer payments, and the inability of the Company's contractors, suppliers, and other business partners to fulfill their contractual obligations.",,,,,,,,,,,,,,filing,10-Q Q1 2020 — Item 1A. RISK FACTORS,
unpaired_actual,VST,2021,,,,,,,,adjusted_ebitda,Adjusted EBITDA,,consolidated,,,,Q1 FY2020,"Three Months Ended March 31, 2020 Compared to 2019 Higher margin due to the addition of Crius acquired in July 2019 and Ambit acquired in November 2019 $ 101 Other driven by higher SG&A expense and bad debt expense (47) Change in Adjusted EBITDA $ 54 Change in depreciation and amortization expenses driven by Crius/Ambit intangibles (21) Favorable impact of lower unrealized net losses on hedging activities 43 Lower transition and merger and other expenses 4 Change in net income $ 80 51 Table of Contents Generation — Three Months Ended March 31, 2020 Compared to Three Months Ended March 31, 2019 Three Months Ended March 31, ERCOT PJM NY/NE MISO 2020 2019 2020 2019 2020 2019 2020 2019 Operating revenues: Electricity sales $ 265 $ 359 $ 229 $ 325 $ 72 $ 250 $ 70 $ 141 Capacity — — 14 67 26 80 5 10 Sales to affiliates 398 358 325 222 157 15 72 43 Rolloff of unrealized net gains (losses) representing positions settled in the current period (41) (32) 16 (9) (2) (20) (15) (16) Unrealized net gains (losses) on hedging activities 175 122 22 68 22 21 16 9 Unrealized net gains (losses) on hedging activities with affiliates 69 147 42 32 10 — (2) (14) Other revenues — — — — — (2) (4) (4) Operating revenues 866 954 648 705 285 344 142 169 Fuel, purchased power costs and delivery fees: Fuel for generation facilities and purchased power costs (215) (319) (256) (316) (160) (232) (64) (97) Fuel for generation facilities and purchased power costs from affiliates 2 — (2) — (1) — 1 — Unrealized (gains) losses from hedging activities (22) 14 (14) — (9) 5 (9) 7 Ancillary and other costs (35) (28) (5) — (5) (2) (2) (2) Fuel, purchased power costs and delivery fees (270) (333) (277) (316) (175) (229) (74) (92) Net income (loss) $ 258 $ 301 $ 118 $ 162 $ 15 $ 21 $ (79) $ 21 Adjusted EBITDA $ 217 $ 204 $ 218 $ 201 $ 60 $ 86 $ 28 $ 57 Production volumes (GWh): Natural gas facilities 8,864 8,391 9,430 9,519 3,718 4,953 Lignite and coal facilities 5,563 6,980 2,826 4,940 2,868 4,680 Nuclear facilities 5,224 4,618 Solar/Battery facilities 79 86 Capacity factors: CCGT facilities 51.0 % 48.9 % 72.2 % 73.7 % 36.4 % 48.5 % Lignite and coal facilities 57.2 % 71.8 % 37.6 % 65.7 % 41.7 % 68.0 % Nuclear facilities 105.1 % 93.0 % Weather - percent of normal (a): Heating degree days 78.0 % 109.5 % 82.4 % 100.3 % 84.2 % 100.7 % 84.0 % 100.4 % Market pricing: Average ERCOT North power price ($/MWh) $ 19.39 $ 24.41 Average NYMEX Henry Hub natural gas price ($/MMBTU) $ 1.88 $ 2.89 52 Table of Contents Three Months Ended March 31, ERCOT PJM NY/NE MISO 2020 2019 2020 2019 2020 2019 2020 2019 Average Market On-Peak Power Prices ($MWh) (b): PJM West Hub $ 22.50 $ 33.94 AEP Dayton Hub $ 22.38 $ 32.67 NYISO Zone C $ 18.33 $ 33.90 Massachusetts Hub $ 24.59 $ 47.79 Indiana Hub $ 24.65 $ 33.96 Northern Illinois Hub $ 21.23 $ 29.92 Average natural gas price (c): TetcoM3 ($/MMBtu) $ 1.77 $ 3.33 Algonquin Citygates ($/MMBtu) $ 2.22 $ 5.09 ____________ (a) Reflects cooling degree days or heating degree days for the region based on Weather Services International (WSI) data.",$ 101,,,,,,,,,,,,,filing,10-Q Q1 2020 — Item 2. MANAGEMENT'S DISCUSSION AND ANALYSIS OF FINANCIAL CONDITION AND RESULTS OF OPERATIONS,
unpaired_actual,VST,2021,,,,,,,,adjusted_ebitda,Adjusted EBITDA,,consolidated,,,,Q1 FY2020,"The following table presents changes in net income (loss) and Adjusted EBITDA for the three months ended March 31, 2020 compared to the three months ended March 31, 2019.",,,,,,,,,,,,,,filing,10-Q Q1 2020 — Item 2. MANAGEMENT'S DISCUSSION AND ANALYSIS OF FINANCIAL CONDITION AND RESULTS OF OPERATIONS,
unpaired_actual,VST,2021,,,,,,,,revenue,Revenue,,consolidated,,,,Q1 FY2020,"Three Months Ended March 31, 2020 Compared to 2019 ERCOT PJM NY/NE MISO Favorable/(unfavorable) change in revenue net of fuel $ 39 $ 16 $ (22) $ (16) Favorable/(unfavorable) change in other operating costs (10) 8 2 (8) Unfavorable change in selling.",$ 39,,,,,,,,,,,,,filing,10-Q Q1 2020 — Item 2. MANAGEMENT'S DISCUSSION AND ANALYSIS OF FINANCIAL CONDITION AND RESULTS OF OPERATIONS,
unpaired_actual,VST,2021,,,,,,,,share_repurchases,Share repurchases,,consolidated,,,,Q1 FY2020,"The change was primarily driven by: • cash tender offers to purchase $1.193 billion of senior unsecured notes assumed in the Merger in 2019; • $350 million increase in net short-term borrowings under the Revolving Credit Facility in 2020; • $248 million in cash paid for share repurchases in 2019, and • $59 million decrease in debt tender offer and other financing fees in 2020 compared to 2019, partially offset by: • the issuance of $1.3 billion principal amount of Vistra Operations 5.625% senior notes due 2027 in 2019; • $100 million of term loans under the Vistra Operations Credit Facility repaid in March 2020, and • $81 million principal amount of outstanding of 8.000% senior unsecured notes due 2025 redeemed in January 2020.",$1.193 billion,,,,,,,,,,,,,filing,10-Q Q1 2020 — Item 2. MANAGEMENT'S DISCUSSION AND ANALYSIS OF FINANCIAL CONDITION AND RESULTS OF OPERATIONS,
unpaired_actual,VST,2021,,,,,,,,dividend,Dividend,,consolidated,,,,Q1 FY2020,"56 Table of Contents Available Liquidity The following table summarizes changes in available liquidity for the three months ended March 31, 2020: March 31, 2020 December 31, 2019 Change Cash and cash equivalents $ 717 $ 300 $ 417 Vistra Operations Credit Facilities — Revolving Credit Facility 1,117 1,426 (309) Total available liquidity $ 1,834 $ 1,726 $ 108 The $108 million increase in available liquidity in the three months ended March 31, 2020 was primarily driven by cash from operations, partially offset by $261 million of capital expenditures (including LTSA prepayments, nuclear fuel and development and growth expenditures), $100 million of term loans under the Vistra Operations Credit Facility repaid in March 2020, $81 million principal amount of outstanding of 8.000% senior unsecured notes due 2025 redeemed in January 2020 and $66 million in dividends paid to shareholders.",56,,,,,,,,,,,,,filing,10-Q Q1 2020 — Item 2. MANAGEMENT'S DISCUSSION AND ANALYSIS OF FINANCIAL CONDITION AND RESULTS OF OPERATIONS,
unpaired_actual,VST,2021,,,,,,,,adjusted_ebitda,Adjusted EBITDA,,consolidated,,,,Q1 FY2020,"Net income increased by $80 million to $95 million and Adjusted EBITDA increased by $54 million to $311 million in the three months ended March 31, 2020 compared to the three months ended March 31, 2019.",$80 million,,,,,,,,,,,,,filing,10-Q Q1 2020 — Item 2. MANAGEMENT'S DISCUSSION AND ANALYSIS OF FINANCIAL CONDITION AND RESULTS OF OPERATIONS,
unpaired_actual,VST,2021,,,,,,,,share_repurchases,Share repurchases,,consolidated,,,,Q1 FY2020,"The actual timing, number and value of shares repurchased under the share repurchase program or otherwise will be determined at our discretion and will depend on a number of factors, including our capital allocation priorities, the market price of our stock, general market and economic conditions, applicable legal requirements and compliance with the terms of our debt agreements and the Tax Matters Agreement.",,,,,,,,,,,,,,filing,10-Q Q1 2020 — Item 2. UNREGISTERED SALES OF EQUITY SECURITIES AND USE OF PROCEEDS,
unpaired_actual,VST,2021,,,,,,,,revenue,Revenue,,segment:generation,,,,Q1 FY2020,"The positive year-over-year variance for our ongoing operations was driven by the acquisitions of Crius and Ambit, partially offset by lower results in our MISO and New York, New England generation segments, driven primarily by lower capacity revenue.",,,,,,,,,,,,,,transcript,VST_Q1_2020,
unpaired_actual,VST,2021,,,,,,,,capacity,Capacity,,consolidated,,,,Q1 FY2020,"19 Table of Contents Other Long-Term Debt Forward Capacity Agreements — On the Merger Date, the Company assumed the obligation of Dynegy's agreements under which a portion of the PJM capacity that cleared for Planning Years 2018-2019, 2019-2020 and 2020-2021 was sold to a financial institution (Forward Capacity Agreements).",19,,,,,,,,,,,,,filing,10-Q Q1 2020 — Item 1. FINANCIAL STATEMENTS — Consolidated Financial Statements,
unpaired_actual,VST,2021,,,,,,,,revenue,Revenue,,consolidated,,,,Q1 FY2020,"Use of Estimates Preparation of financial statements requires estimates and assumptions about future events that affect the reporting of assets and liabilities at the balance sheet dates and the reported amounts of revenue and expense, including fair value measurements, estimates of expected obligations, judgments related to the potential timing of events and other estimates.",,,,,,,,,,,,,,filing,10-Q Q1 2020 — Item 1. FINANCIAL STATEMENTS — Consolidated Financial Statements,
unpaired_actual,VST,2021,,,,,,,,capital_investment,Capital investment,,consolidated,,,,Q1 FY2020,"The actual timing, number and value of shares repurchased under the Program or otherwise will be determined at our discretion and will depend on a number of factors, including our capital allocation priorities, the market price of our stock, general market and economic conditions, applicable legal requirements and compliance with the terms of our debt agreements and the Tax Matters Agreement.",,,,,,,,,,,,,,filing,10-Q Q1 2020 — Item 1. FINANCIAL STATEMENTS — Consolidated Financial Statements,
unpaired_actual,VST,2021,,,,,,,,operating_income,Operating income,,consolidated,,,,Q2 FY2020,"VISTRA CORP. CONDENSED CONSOLIDATED STATEMENTS OF OPERATIONS (Unaudited) (Millions of Dollars, Except Per Share Amounts) Three Months Ended June 30, Six Months Ended June 30, 2020 2019 2020 2019 Operating revenues (Note 5) $ 2,509 $ 2,832 $ 5,367 $ 5,755 Fuel, purchased power costs and delivery fees ( 1,029 ) ( 1,139 ) ( 2,362 ) ( 2,600 ) Operating costs ( 412 ) ( 370 ) ( 792 ) ( 755 ) Depreciation and amortization ( 455 ) ( 384 ) ( 875 ) ( 790 ) Selling, general and administrative expenses ( 236 ) ( 210 ) ( 488 ) ( 392 ) Impairment of long-lived assets (Note 18) — — ( 84 ) — Operating income 377 729 766 1,218 Other income (Note 18) 5 13 12 39 Other deductions (Note 18) ( 4 ) ( 2 ) ( 35 ) ( 5 ) Interest expense and related charges (Note 18) ( 141 ) ( 274 ) ( 440 ) ( 495 ) Impacts of Tax Receivable Agreement (Note 8) ( 6 ) 33 ( 14 ) 36 Equity in earnings of unconsolidated investment 1 3 4 10 Income before income taxes 232 502 293 803 Income tax expense (Note 7) ( 68 ) ( 148 ) ( 84 ) ( 225 ) Net income $ 164 $ 354 $ 209 $ 578 Net loss attributable to noncontrolling interest 2 2 13 3 Net income attributable to Vistra $ 166 $ 356 $ 222 $ 581 Weighted average shares of common stock outstanding: Basic 488,680,442 499,778,235 488,312,503 499,213,522 Diluted 490,468,735 507,500,383 490,709,932 507,248,920 Net income per weighted average share of common stock outstanding: Basic $ 0.34 $ 0.71 $ 0.45 $ 1.16 Diluted $ 0.34 $ 0.70 $ 0.45 $ 1.15 See Notes to the Condensed Consolidated Financial Statements.","30,",,,,,,,,,,,,,filing,10-Q Q2 2020 — Item 1. FINANCIAL STATEMENTS — Consolidated Financial Statements,
unpaired_actual,VST,2021,,,,,,,,revenue,Revenue,,consolidated,,,,Q2 FY2020,"REVENUE The following tables disaggregate our revenue by major source: Three Months Ended June 30, 2020 Retail ERCOT PJM NY/NE MISO Asset Closure CAISO/Eliminations Consolidated Revenue from contracts with customers: Retail energy charge in ERCOT $ 1,411 $ — $ — $ — $ — $ — $ — $ 1,411 Retail energy charge in Northeast/Midwest 540 — — — — — — 540 Wholesale generation revenue from ISO/RTO — 76 71 16 3 — 13 179 Capacity revenue from ISO/RTO — — 15 10 4 — — 29 Revenue from other wholesale contracts — 63 137 26 54 — 21 301 Total revenue from contracts with customers 1,951 139 223 52 61 — 34 2,460 Other revenues: Intangible amortization ( 5 ) — — — ( 7 ) — — ( 12 ) Hedging and other revenues (a) 10 62 ( 6 ) ( 10 ) ( 6 ) — 11 61 Affiliate sales — 664 195 89 73 — ( 1,021 ) — Total other revenues 5 726 189 79 60 — ( 1,010 ) 49 Total revenues $ 1,956 $ 865 $ 412 $ 131 $ 121 $ — $ ( 976 ) $ 2,509 ____________ (a) Includes $ 69 million of unrealized net losses from mark-to-market valuations of commodity positions.","$ 1,411",,,,,,,,,,,,,filing,10-Q Q2 2020 — Item 1. FINANCIAL STATEMENTS — Consolidated Financial Statements,
unpaired_actual,VST,2021,,,,,,,,revenue,Revenue,,consolidated,,,,Q2 FY2020,"10 Table of Contents Three Months Ended June 30, 2019 Retail ERCOT PJM NY/NE MISO Asset Closure CAISO/Eliminations Consolidated Revenue from contracts with customers: Retail energy charge in ERCOT $ 1,091 $ — $ — $ — $ — $ — $ — $ 1,091 Retail energy charge in Northeast/Midwest 315 — — — — — — 315 Wholesale generation revenue from ISO/RTO — 188 130 81 33 43 22 497 Capacity revenue from ISO/RTO — — 53 72 8 3 — 136 Revenue from other wholesale contracts — 52 87 6 40 1 4 190 Total revenue from contracts with customers 1,406 240 270 159 81 47 26 2,229 Other revenues: Intangible amortization ( 10 ) — — ( 1 ) ( 4 ) — 1 ( 14 ) Hedging and other revenues (a) 25 404 81 61 15 11 20 617 Affiliate sales — 1,027 335 35 96 — ( 1,493 ) — Total other revenues 15 1,431 416 95 107 11 ( 1,472 ) 603 Total revenues $ 1,421 $ 1,671 $ 686 $ 254 $ 188 $ 58 $ ( 1,446 ) $ 2,832 ____________ (a) Includes $ 538 million of unrealized net gains from mark-to-market valuations of commodity positions.",10,,,,,,,,,,,,,filing,10-Q Q2 2020 — Item 1. FINANCIAL STATEMENTS — Consolidated Financial Statements,
unpaired_actual,VST,2021,,,,,,,,revenue,Revenue,,consolidated,,,,Q2 FY2020,"Six Months Ended June 30, 2020 Retail ERCOT PJM NY/NE MISO Asset Closure CAISO/Eliminations Consolidated Revenue from contracts with customers: Retail energy charge in ERCOT $ 2,665 $ — $ — $ — $ — $ — $ — $ 2,665 Retail energy charge in Northeast/Midwest 1,180 — — — — — — 1,180 Wholesale generation revenue from ISO/RTO — 174 148 58 17 — 46 443 Capacity revenue from ISO/RTO — — 30 35 9 — — 74 Revenue from other wholesale contracts — 113 288 38 103 — 25 567 Total revenue from contracts with customers 3,845 287 466 131 129 — 71 4,929 Other revenues: Intangible amortization ( 8 ) — — — ( 11 ) — — ( 19 ) Hedging and other revenues (a) 27 313 32 29 2 — 54 457 Affiliate sales — 1,131 562 257 143 — ( 2,093 ) — Total other revenues 19 1,444 594 286 134 — ( 2,039 ) 438 Total revenues $ 3,864 $ 1,731 $ 1,060 $ 417 $ 263 $ — $ ( 1,968 ) $ 5,367 ____________ (a) Includes $ 131 million of unrealized net gains from mark-to-market valuations of commodity positions.","$ 2,665",,,,,,,,,,,,,filing,10-Q Q2 2020 — Item 1. FINANCIAL STATEMENTS — Consolidated Financial Statements,
unpaired_actual,VST,2021,,,,,,,,revenue,Revenue,,consolidated,,,,Q2 FY2020,"11 Table of Contents Six Months Ended June 30, 2019 Retail ERCOT PJM NY/NE MISO Asset Closure CAISO/Eliminations Consolidated Revenue from contracts with customers: Retail energy charge in ERCOT $ 2,116 $ — $ — $ — $ — $ — $ — $ 2,116 Retail energy charge in Northeast/Midwest 663 — — — — — — 663 Wholesale generation revenue from ISO/RTO — 435 351 276 104 110 95 1,371 Capacity revenue from ISO/RTO — — 120 152 18 6 — 296 Revenue from other wholesale contracts — 97 159 12 55 2 6 331 Total revenue from contracts with customers 2,779 532 630 440 177 118 101 4,777 Other revenues: Intangible amortization ( 19 ) — — ( 3 ) ( 9 ) — 2 ( 29 ) Hedging and other revenues (a) 46 562 171 113 29 25 61 1,007 Affiliate sales — 1,531 590 49 160 — ( 2,330 ) — Total other revenues 27 2,093 761 159 180 25 ( 2,267 ) 978 Total revenues $ 2,806 $ 2,625 $ 1,391 $ 599 $ 357 $ 143 $ ( 2,166 ) $ 5,755 ____________ (a) Includes $ 697 million of unrealized net gains from mark-to-market valuations of commodity positions.",11,,,,,,,,,,,,,filing,10-Q Q2 2020 — Item 1. FINANCIAL STATEMENTS — Consolidated Financial Statements,
unpaired_actual,VST,2021,,,,,,,,deliveries,Deliveries,,consolidated,,,,Q2 FY2020,"13 Table of Contents Identifiable intangible liabilities are comprised of the following: Identifiable Intangible Liability June 30, 2020 December 31, 2019 Contractual service agreements $ 127 $ 110 Purchase and sale of power and capacity 92 100 Fuel and transportation purchase contracts 75 76 Total identifiable intangible liabilities $ 294 $ 286 Expense related to finite-lived identifiable intangible assets and liabilities (including the classification in the condensed consolidated statements of operations) consisted of: Identifiable Intangible Assets and Liabilities Condensed Consolidated Statements of Operations Three Months Ended June 30, Six Months Ended June 30, 2020 2019 2020 2019 Retail customer relationship Depreciation and amortization $ 77 $ 55 $ 151 $ 111 Software and other technology-related assets Depreciation and amortization 21 15 38 29 Retail and wholesale contracts/purchase and sale/fuel and transportation contracts Operating revenues/fuel, purchased power costs and delivery fees 13 12 15 24 Other identifiable intangible assets Operating revenues/fuel, purchased power costs and delivery fees/depreciation and amortization 44 15 96 39 Total intangible asset expense (a) $ 155 $ 97 $ 300 $ 203 ____________ (a) Amounts recorded in depreciation and amortization totaled $ 99 million and $ 72 million for the three months ended June 30, 2020 and 2019, respectively, and $ 190 million and $ 141 million for the six months ended June 30, 2020 and 2019, respectively.",13,,,,,,,,,,,,,filing,10-Q Q2 2020 — Item 1. FINANCIAL STATEMENTS — Consolidated Financial Statements,
unpaired_actual,VST,2021,,,,,,,,dividend,Dividend,,consolidated,,,,Q2 FY2020,"1 Table of Contents VISTRA CORP. CONDENSED CONSOLIDATED STATEMENTS OF CASH FLOWS (Unaudited) (Millions of Dollars) Six Months Ended June 30, 2020 2019 Cash flows — operating activities: Net income $ 209 $ 578 Adjustments to reconcile net income to cash provided by operating activities: Depreciation and amortization 1,022 886 Deferred income tax expense, net 73 217 Impairment of long-lived assets (Note 18) 84 — Loss on disposal of investment in NELP (Note 18) 29 — Unrealized net gain from mark-to-market valuations of commodities ( 123 ) ( 703 ) Unrealized net loss from mark-to-market valuations of interest rate swaps 192 199 Asset retirement obligation accretion expense 23 27 Impacts of Tax Receivable Agreement (Note 8) 14 ( 36 ) Stock-based compensation 30 24 Other, net 55 73 Changes in operating assets and liabilities: Margin deposits, net 58 112 Accrued interest ( 6 ) 6 Accrued taxes ( 59 ) ( 67 ) Accrued employee incentive ( 70 ) ( 72 ) Other operating assets and liabilities ( 222 ) ( 362 ) Cash provided by operating activities 1,309 882 Cash flows — investing activities: Capital expenditures, including nuclear fuel purchases and LTSA prepayments ( 588 ) ( 303 ) Proceeds from sales of nuclear decommissioning trust fund securities (Note 18) 224 292 Investments in nuclear decommissioning trust fund securities (Note 18) ( 234 ) ( 302 ) Proceeds from sales of environmental allowances 88 31 Purchases of environmental allowances ( 173 ) ( 138 ) Other, net 30 21 Cash used in investing activities ( 653 ) ( 399 ) Cash flows — financing activities: Issuances of long-term debt (Note 11) — 4,600 Repayments/repurchases of debt (Note 11) ( 756 ) ( 4,137 ) Net borrowings under accounts receivable securitization program (Note 10) — 91 Borrowings under Revolving Credit Facility (Note 11) 925 — Repayments under Revolving Credit Facility (Note 11) ( 725 ) — Stock repurchase (Note 13) — ( 457 ) Dividends paid to stockholders (Note 13) ( 132 ) ( 120 ) Debt tender offer and other financing fees (Note 11) ( 10 ) ( 146 ) Other, net — ( 1 ) Cash used in financing activities ( 698 ) ( 170 ) Net change in cash, cash equivalents and restricted cash ( 42 ) 313 Cash, cash equivalents and restricted cash — beginning balance 475 693 Cash, cash equivalents and restricted cash — ending balance $ 433 $ 1,006 See Notes to the Condensed Consolidated Financial Statements.",1,,,,,,,,,,,,,filing,10-Q Q2 2020 — Item 1. FINANCIAL STATEMENTS — Consolidated Financial Statements,
unpaired_actual,VST,2021,,,,,,,,capacity,Capacity,,consolidated,,,,Q2 FY2020,"Facility includes a $ 2.35 billion letter of credit sub-facility, of which $ 888 million of letters of credit were outstanding at June 30, 2020 and which reduce our available capacity.",$ 2.35 billion,,,,,,,,,,,,,filing,10-Q Q2 2020 — Item 1. FINANCIAL STATEMENTS — Consolidated Financial Statements,
unpaired_actual,VST,2021,,,,,,,,capacity,Capacity,,consolidated,,,,Q2 FY2020,"22 Table of Contents Other Long-Term Debt Forward Capacity Agreements — On the Merger Date, the Company assumed the obligation of Dynegy's agreements under which a portion of the PJM capacity that cleared for Planning Years 2018-2019, 2019-2020 and 2020-2021 was sold to a financial institution (Forward Capacity Agreements).",22,,,,,,,,,,,,,filing,10-Q Q2 2020 — Item 1. FINANCIAL STATEMENTS — Consolidated Financial Statements,
unpaired_actual,VST,2021,,,,,,,,revenue,Revenue,,consolidated,,,,Q2 FY2020,"Use of Estimates Preparation of financial statements requires estimates and assumptions about future events that affect the reporting of assets and liabilities at the balance sheet dates and the reported amounts of revenue and expense, including fair value measurements, estimates of expected obligations, judgments related to the potential timing of events and other estimates.",,,,,,,,,,,,,,filing,10-Q Q2 2020 — Item 1. FINANCIAL STATEMENTS — Consolidated Financial Statements,
unpaired_actual,VST,2021,,,,,,,,capital_investment,Capital investment,,consolidated,,,,Q2 FY2020,"The actual timing, number and value of shares repurchased under the Program or otherwise will be determined at our discretion and will depend on a number of factors, including our capital allocation priorities, the market price of our stock, general market and economic conditions, applicable legal requirements and compliance with the terms of our debt agreements and the Tax Matters Agreement.",,,,,,,,,,,,,,filing,10-Q Q2 2020 — Item 1. FINANCIAL STATEMENTS — Consolidated Financial Statements,
unpaired_actual,VST,2021,,,,,,,,bad_debt_expense,Bad debt expense,,consolidated,,,,Q2 FY2020,"Allowance for Uncollectible Accounts Receivable Six Months Ended June 30, 2020 2019 Allowance for uncollectible accounts receivable at beginning of period (a) $ 42 $ 19 Increase for bad debt expense 45 29 Decrease for account write-offs ( 49 ) ( 31 ) Allowance for uncollectible accounts receivable at end of period $ 38 $ 17 ____________ (a) Includes a $ 6 million increase recorded due to the adoption of ASU 2016-13, Financial Instruments—Credit Losses (see Note 1).",$ 42,,,,,,,,,,,,,filing,10-Q Q2 2020 — Item 1. FINANCIAL STATEMENTS — Consolidated Financial Statements,
unpaired_actual,VST,2021,,,,,,,,deliveries,Deliveries,,consolidated,,,,Q2 FY2020,"Income and expense, including gains and losses associated with the trust fund assets and the decommissioning liability are offset by a corresponding change in a regulatory asset/liability (currently a regulatory asset reported in other noncurrent assets) that will ultimately be settled through changes in Oncor's delivery fees rates.",,,,,,,,,,,,,,filing,10-Q Q2 2020 — Item 1. FINANCIAL STATEMENTS — Consolidated Financial Statements,
unpaired_actual,VST,2021,,,,,,,,capacity,Capacity,,consolidated,,,,Q2 FY2020,"In April 2020, the project received necessary approvals from EBCE and from Pacific Gas and Electric Company (PG&E), and the contract was amended to increase the capacity of the planned development to a 36.25 MW battery ESS.",36.25,,,,,,,,,,,,,filing,10-Q Q2 2020 — Item 1. FINANCIAL STATEMENTS — Consolidated Financial Statements,
unpaired_actual,VST,2021,,,,,,,,subscribers,Subscribers / customers,,consolidated,,,,Q2 FY2020,"However, COVID-19 or another pandemic could have material and adverse effects on our results of operations, financial condition and cash flows due to, among other factors, a protracted slowdown of broad sectors of the economy, changes in demand or supply for commodities, significant changes in legislation or regulatory policy to address the pandemic (including moratoriums or conditions or disconnections and limits or restrictions or late fees), reduced demand for electricity (particularly from commercial and industrial customers), increased late or uncollectible customer payments, and the inability of the Company's contractors, suppliers, and other business partners to fulfill their contractual obligations.",,,,,,,,,,,,,,filing,10-Q Q2 2020 — Item 1A. RISK FACTORS,
unpaired_actual,VST,2021,,,,,,,,adjusted_ebitda,Adjusted EBITDA,,consolidated,,,,Q2 FY2020,"59 Table of Contents Net income increased by $814 million to $229 million and Adjusted EBITDA increased by $108 million to $401 million in the three months ended June 30, 2020 compared to the three months ended June 30, 2019.",59,,,,,,,,,,,,,filing,10-Q Q2 2020 — Item 2. MANAGEMENT'S DISCUSSION AND ANALYSIS OF FINANCIAL CONDITION AND RESULTS OF OPERATIONS,
unpaired_actual,VST,2021,,,,,,,,adjusted_ebitda,Adjusted EBITDA,,consolidated,,,,Q2 FY2020,"Net income increased by $894 million to $323 million and Adjusted EBITDA increased by $162 million to $712 million in the six months ended June 30, 2020 compared to the six months ended June 30, 2019.",$894 million,,,,,,,,,,,,,filing,10-Q Q2 2020 — Item 2. MANAGEMENT'S DISCUSSION AND ANALYSIS OF FINANCIAL CONDITION AND RESULTS OF OPERATIONS,
unpaired_actual,VST,2021,,,,,,,,adjusted_ebitda,Adjusted EBITDA,,consolidated,,,,Q2 FY2020,"general and administrative expenses (3) — (1) (7) Other (7) (1) (3) 1 Change in Adjusted EBITDA $ 104 $ 16 $ (19) $ (8) Favorable/(unfavorable) change in depreciation and amortization 4 (31) (9) (6) Change in unrealized net (gains)/losses on hedging activities (857) (230) (65) (79) Fresh start/purchase accounting impacts (7) (10) (6) (5) Transition and merger expenses 9 1 1 17 Other (including interest) (10) 5 1 3 Change in Net income (loss) $ (757) $ (249) $ (97) $ (78) The change in ERCOT segment results was driven by improved realized margin through hedging activities and plant optimization efforts, partially offset by higher operating costs, lower insurance reimbursement and lower unrealized gains.",3,,,,,,,,,,,,,filing,10-Q Q2 2020 — Item 2. MANAGEMENT'S DISCUSSION AND ANALYSIS OF FINANCIAL CONDITION AND RESULTS OF OPERATIONS,
unpaired_actual,VST,2021,,,,,,,,revenue,Revenue,,consolidated,,,,Q2 FY2020,"The change in PJM segment results was driven by lower unrealized hedging gains, lower capacity revenue and increased depreciation expense, partially offset by improved realized margin through hedging activities and plant optimization efforts.",,,,,,,,,,,,,,filing,10-Q Q2 2020 — Item 2. MANAGEMENT'S DISCUSSION AND ANALYSIS OF FINANCIAL CONDITION AND RESULTS OF OPERATIONS,
unpaired_actual,VST,2021,,,,,,,,revenue,Revenue,,consolidated,,,,Q2 FY2020,"The change in NY/NE segment results was driven by lower capacity revenue and higher unrealized losses, partially offset by improved realized margin through hedging activities and plant optimization efforts.",,,,,,,,,,,,,,filing,10-Q Q2 2020 — Item 2. MANAGEMENT'S DISCUSSION AND ANALYSIS OF FINANCIAL CONDITION AND RESULTS OF OPERATIONS,
unpaired_actual,VST,2021,,,,,,,,share_repurchases,Share repurchases,,consolidated,,,,Q2 FY2020,"The change was primarily driven by: • the issuance of $4.6 billion principal amount of Vistra Operations senior secured and unsecured notes in 2019; • $500 million principal amount of outstanding of 5.875% senior notes redeemed in June 2020; • $100 million of term loans under the Vistra Operations Credit Facility repaid in March 2020, and • $81 million principal amount of outstanding of 8.000% senior notes redeemed in January 2020, partially offset by: • cash tender offers to purchase approximately $2.0 billion of senior unsecured notes assumed in the Merger in 2019; • repayment of approximately $2.0 billion of term loans under the Vistra Operations Credit Facilities in 2019; • $457 million in cash paid for share repurchases in 2019; • $200 million increase in net short-term borrowings under the Revolving Credit Facility in 2020, and • $136 million decrease in debt tender offer and other financing fees in 2020 compared to 2019.",$4.6 billion,,,,,,,,,,,,,filing,10-Q Q2 2020 — Item 2. MANAGEMENT'S DISCUSSION AND ANALYSIS OF FINANCIAL CONDITION AND RESULTS OF OPERATIONS,
unpaired_actual,VST,2021,,,,,,,,share_repurchases,Share repurchases,,consolidated,,,,Q2 FY2020,"The actual timing, number and value of shares repurchased under the Share Repurchase Program or otherwise will be determined at our discretion and will depend on a number of factors, including our capital allocation priorities, the market price of our stock, general market and economic conditions, applicable legal requirements and compliance with the terms of our debt agreements and the Tax Matters Agreement.",,,,,,,,,,,,,,filing,10-Q Q2 2020 — Item 2. UNREGISTERED SALES OF EQUITY SECURITIES AND USE OF PROCEEDS,
unpaired_actual,VST,2021,,,,,,,,headcount,Headcount,,consolidated,,,,Q2 FY2020,"In addition to the listening sessions, which were a new initiative for Vistra in the second quarter, we also continue to prioritize the safety of our employees and contractors through the COVID-19 pandemic, while ensuring a reliable electricity supply.",,,,,,,,,,,,,,transcript,VST_Q2_2020,
unpaired_actual,VST,2021,,,,,,,,headcount,Headcount,,consolidated,,,,Q2 FY2020,"In the first half of the year, we shipped our employees and their families more than 5,000 facial coverings to help keep them safe in the public spaces and also sent nearly 30,000 masks to organizations in our local communities, including hospitals.","more than 5,000",,,,,,,,,,,,,transcript,VST_Q2_2020,
unpaired_actual,VST,2021,,,,,,,,capacity,Capacity,,consolidated,,,,Q2 FY2020,"In addition, we increased the capacity of our Oakland project by more than 80%.",more than 80%,,,,,,,,,,,,,transcript,VST_Q2_2020,
unpaired_actual,VST,2021,,,,,,,,adjusted_ebitda,Adjusted EBITDA,,consolidated,,,,Q2 FY2020,"As shown on slide 12, Vistra delivered another strong quarter, with adjusted EBITDA from ongoing operations of $929 million, which was $212 million higher than the same period in 2019.","12,",,,,,,,,,,,,,transcript,VST_Q2_2020,
unpaired_actual,VST,2021,,,,,,,,adjusted_ebitda,Adjusted EBITDA,,consolidated,,,,Q2 FY2020,"As a reminder, due to the retirement of four coal plants in our MISO segment in the fourth quarter of 2019 and the associated movement of the financial results of those plants into the Asset Closure segment, our 2019 results have been recast, increasing ongoing operations adjusted EBITDA by $9 million in the first quarter of 2019 and $10 million in the second quarter of 2019.",$9 million,,,,,,,,,,,,,transcript,VST_Q2_2020,
unpaired_actual,VST,2021,,,,,,,,adjusted_ebitda,Adjusted EBITDA,,consolidated,,,,Q2 FY2020,"In the second quarter, Vistra delivered adjusted EBITDA from ongoing operations of $929 million, which is 30% above second quarter 2019 results.",$929 million,,,,,,,,,,,,,transcript,VST_Q2_2020,
unpaired_actual,VST,2021,,,,,,,,subscribers,Subscribers / customers,,consolidated,,,,Q2 FY2020,"Specifically, our retail team grew customer counts in the second quarter in all five of our ERCOT residential retail brands, all while earning all-time highs in our post-interaction customer surveys, reflecting our team's laser focus on maintaining superior customer service levels during this pandemic.",,,,,,,,,,,,,,transcript,VST_Q2_2020,
unpaired_actual,VST,2021,,,,,,,,subscribers,Subscribers / customers,,consolidated,,,,Q2 FY2020,So I'm presuming other regions saw customer accounts come in and maybe that was partly sort of intentional.,,,,,,,,,,,,,,transcript,VST_Q2_2020,
unpaired_actual,VST,2021,,,,,,,,adjusted_ebitda,Adjusted EBITDA,,consolidated,,,,Q2 FY2020,"Vistra delivered year-to-date adjusted EBITDA from ongoing operations of $1.779 billion, results that are tracking ahead of expectations for the period and solidly above 2019 results by more than 15%, further evidence of the resiliency of the integrated model.",$1.779 billion,,,,,,,,,,,,,transcript,VST_Q2_2020,
unpaired_actual,VST,2021,,,,,,,,adjusted_ebitda,Adjusted EBITDA,,consolidated,,,,Q2 FY2020,"We also, I think, if you remember, Jonathan, we said that we had stressed down further than that, and we were within 10% of EBITDA.",10%,,,,,,,,,,,,,transcript,VST_Q2_2020,
unpaired_actual,VST,2021,,,,,,,,headcount,Headcount,,consolidated,,,,Q2 FY2020,"The stories our employees shared about the challenges they continue to face most outside of the office, but some within our own walls, simply because of the color of their skin, were sobering.",,,,,,,,,,,,,,transcript,VST_Q2_2020,
unpaired_actual,VST,2021,,,,,,,,headcount,Headcount,,consolidated,,,,Q2 FY2020,"The feedback we received during these sessions was invaluable, helping us to identify pockets of issues we must address to unlock the full potential of our employees in our company.",,,,,,,,,,,,,,transcript,VST_Q2_2020,
unpaired_actual,VST,2021,,,,,,,,hedge_ratio,Hedge ratio,,consolidated,,,,Q3 FY2020,"56 Table of Contents Power Price, Natural Gas Price and Market Heat Rate Exposure Estimated hedging levels for generation volumes in our Texas, East, West and Sunset segments at September 30, 2020 were as follows: 2020 2021 Nuclear/Renewable/Coal Generation: Texas 100 % 86 % Sunset 100 % 92 % Gas Generation: Texas 100 % 63 % East 98 % 83 % West 100 % 93 % The following sensitivity table provides approximate estimates of the potential impact of movements in power prices and spark spreads (the difference between the power revenue and fuel expense of natural gas-fired generation as calculated using an assumed heat rate of 7.2 MMBtu/MWh) on realized pretax earnings (in millions) taking into account the hedge positions noted above for the periods presented.",56,,,,,,,,,,,,,filing,10-Q Q3 2020 — Item 2. MANAGEMENT'S DISCUSSION AND ANALYSIS OF FINANCIAL CONDITION AND RESULTS OF OPERATIONS,
unpaired_actual,VST,2021,,,,,,,,operating_income,Operating income,,consolidated,,,,Q3 FY2020,"57 Table of Contents RESULTS OF OPERATIONS Consolidated Financial Results — Three and Nine Months Ended September 30, 2020 Compared to Three and Nine Months Ended September 30, 2019 Three Months Ended September 30, Favorable (Unfavorable) $ Change Nine Months Ended September 30, Favorable (Unfavorable) $ Change 2020 2019 2020 2019 Operating revenues $ 3,552 $ 3,194 $ 358 $ 8,919 $ 8,949 $ (30) Fuel, purchased power costs and delivery fees (1,469) (1,687) 218 (3,832) (4,287) 455 Operating costs (457) (397) (60) (1,249) (1,153) (96) Depreciation and amortization (410) (424) 14 (1,284) (1,213) (71) Selling, general and administrative expenses (268) (246) (22) (755) (637) (118) Impairment of long-lived assets (272) — (272) (356) — (356) Operating income 676 440 236 1,443 1,659 (216) Other income 8 6 2 19 45 (26) Other deductions — (4) 4 (35) (9) (26) Interest expense and related charges (101) (224) 123 (541) (720) 179 Impacts of Tax Receivable Agreement 58 (62) 120 44 (26) 70 Equity in earnings of unconsolidated investment — 3 (3) 4 13 (9) Income before income taxes 641 159 482 934 962 (28) Income tax expense (199) (45) (154) (283) (270) (13) Net income $ 442 $ 114 $ 328 $ 651 $ 692 $ (41) Three Months Ended September 30, 2020 Retail Texas East West Sunset Asset Closure Eliminations / Corporate and Other Vistra Consolidated Operating revenues $ 2,521 $ 1,591 $ 644 $ 84 $ 250 $ — $ (1,538) $ 3,552 Fuel, purchased power costs and delivery fees (2,119) (346) (295) (38) (209) — 1,538 (1,469) Operating costs (35) (185) (54) (8) (128) (47) — (457) Depreciation and amortization (67) (117) (181) (5) (13) (10) (17) (410) Selling, general and administrative expenses (190) (18) (12) (8) (15) (8) (17) (268) Impairment of long-lived assets — — — — (272) — — (272) Operating income (loss) 110 925 102 25 (387) (65) (34) 676 Other income 1 1 — 1 — 5 — 8 Other deductions — (3) — — 3 — — — Interest expense and related charges (2) 2 (2) 3 (1) — (101) (101) Impacts of Tax Receivable Agreement — — — — — — 58 58 Income (loss) before income taxes 109 925 100 29 (385) (60) (77) 641 Income tax expense — — — — — — (199) (199) Net income (loss) $ 109 $ 925 $ 100 $ 29 $ (385) $ (60) $ (276) $ 442 58 Table of Contents Three Months Ended September 30, 2019 Retail Texas East West Sunset Asset Closure Eliminations / Corporate and Other Vistra Consolidated Operating revenues $ 2,207 $ 731 $ 553 $ 95 $ 227 $ 74 $ (693) $ 3,194 Fuel, purchased power costs and delivery fees (1,358) (429) (299) (40) (197) (57) 693 (1,687) Operating costs (22) (166) (49) (6) (96) (58) — (397) Depreciation and amortization (86) (126) (170) (5) (21) — (16) (424) Selling, general and administrative expenses (160) (21) (21) (3) (9) (12) (20) (246) Operating income (loss) 581 (11) 14 41 (96) (53) (36) 440 Other income — 1 — — 1 1 3 6 Other deductions — (2) — — — (2) — (4) Interest expense and related charges (8) 2 (3) — (2) — (213) (224) Impacts of Tax Receivable Agreement — — — — — — (62) (62) Equity in earnings of unconsolidated investment — — 3 — — — — 3 Income (loss) before income taxes 573 (10) 14 41 (97) (54) (308) 159 Income tax expense — — — — — — (45) (45) Net income (loss) $ 573 $ (10) $ 14 $ 41 $ (97) $ (54) $ (353) $ 114 Our operating segments delivered strong operating performance with a disciplined focus on cost management, while generating and selling essential electricity in a safe and reliable manner during a period of significant economic disruption.",57,,,,,,,,,,,,,filing,10-Q Q3 2020 — Item 2. MANAGEMENT'S DISCUSSION AND ANALYSIS OF FINANCIAL CONDITION AND RESULTS OF OPERATIONS,
unpaired_actual,VST,2021,,,,,,,,operating_income,Operating income,,consolidated,,,,Q3 FY2020,"Nine Months Ended September 30, 2020 Retail Texas East West Sunset Asset Closure Eliminations / Corporate and Other Vistra Consolidated Operating revenues $ 6,385 $ 3,323 $ 1,845 $ 211 $ 788 $ — $ (3,633) $ 8,919 Fuel, purchased power costs and delivery fees (5,133) (840) (897) (115) (480) — 3,633 (3,832) Operating costs (94) (577) (192) (22) (298) (65) (1) (1,249) Depreciation and amortization (229) (370) (540) (14) (73) (10) (48) (1,284) Selling, general and administrative expenses (489) (58) (66) (18) (52) (20) (52) (755) Impairment of long-lived assets — — — — (356) — — (356) Operating income (loss) 440 1,478 150 42 (471) (95) (101) 1,443 Other income 1 5 1 1 4 6 1 19 Other deductions — (7) (30) — 4 (2) — (35) Interest expense and related charges (8) 6 (6) 6 (2) — (537) (541) Impacts of Tax Receivable Agreement — — — — — — 44 44 Equity in earnings of unconsolidated investment — — 4 — — — — 4 Income (loss) before income taxes 433 1,482 119 49 (465) (91) (593) 934 Income tax expense — — — — — — (283) (283) Net income (loss) $ 433 $ 1,482 $ 119 $ 49 $ (465) $ (91) $ (876) $ 651 60 Table of Contents Nine Months Ended September 30, 2019 Retail Texas East West Sunset Asset Closure Eliminations / Corporate and Other Vistra Consolidated Operating revenues $ 5,014 $ 3,356 $ 2,033 $ 259 $ 1,093 $ 217 $ (3,023) $ 8,949 Fuel, purchased power costs and delivery fees (4,383) (1,062) (1,036) (131) (540) (158) 3,023 (4,287) Operating costs (44) (525) (170) (22) (263) (129) — (1,153) Depreciation and amortization (204) (385) (506) (14) (59) — (45) (1,213) Selling, general and administrative expenses (364) (60) (61) (13) (65) (33) (41) (637) Operating income (loss) 19 1,324 260 79 166 (103) (86) 1,659 Other income — 21 — — 5 2 17 45 Other deductions — (6) — — — (2) (1) (9) Interest expense and related charges (16) 7 (10) — (5) — (696) (720) Impacts of Tax Receivable Agreement — — — — — — (26) (26) Equity in earnings of unconsolidated investment — — 13 — — — — 13 Income (loss) before income taxes 3 1,346 263 79 166 (103) (792) 962 Income tax benefit — — — — — — (270) (270) Net income (loss) $ 3 $ 1,346 $ 263 $ 79 $ 166 $ (103) $ (1,062) $ 692 Our operating segments delivered strong operating performance with a disciplined focus on cost management, while generating and selling essential electricity in a safe and reliable manner during a period of significant economic disruption.","$ 6,385",,,,,,,,,,,,,filing,10-Q Q3 2020 — Item 2. MANAGEMENT'S DISCUSSION AND ANALYSIS OF FINANCIAL CONDITION AND RESULTS OF OPERATIONS,
unpaired_actual,VST,2021,,,,,,,,share_repurchases,Share repurchases,,consolidated,,,,Q3 FY2020,"Total Number of Shares Purchased Average Price Paid per Share Total Number of Shares Purchased as Part of a Publicly Announced Program Maximum Dollar Amount of Shares that may yet be Purchased under the Program (in millions) July 1 - July 31, 2020 — $ — — $ 332 August 1 - August 31, 2020 — $ — — $ 332 September 1 - September 30, 2020 — $ — — $ 332 For the quarter ended September 30, 2020 — $ — — $ 332 In September 2020, we announced that the Board had authorized a new share repurchase program (Share Repurchase Program) under which up to $1.5 billion of our outstanding common stock may be repurchased.",1,,,,,,,,,,,,,filing,10-Q Q3 2020 — Item 2. UNREGISTERED SALES OF EQUITY SECURITIES AND USE OF PROCEEDS,
unpaired_actual,VST,2021,,,,,,,,share_repurchases,Share repurchases,,consolidated,,,,Q3 FY2020,"At September 30, 2020, $332 million was available for additional repurchases under the Prior Share Repurchase Program.",$332 million,,,,,,,,,,,,,filing,10-Q Q3 2020 — Item 2. UNREGISTERED SALES OF EQUITY SECURITIES AND USE OF PROCEEDS,
unpaired_actual,VST,2021,,,,,,,,adjusted_ebitda,Adjusted EBITDA,,segment:retail,,,,Q3 FY2020,"We also took a company that was 70% coal and transformed it by retiring 16,000 megawatts of coal, adding natural gas renewables and battery generation and growing our Retail business by over 3 million customers, all while significantly reducing cost, improving generation performance and expanding our EBITDA at highly attractive returns, which we highlighted at our investor event.",70%,,,,,,,,,,,,,transcript,VST_Q3_2020,
unpaired_actual,VST,2021,,,,,,,,adjusted_ebitda,Adjusted EBITDA,,segment:retail,,,,Q3 FY2020,"As many of you who have been following Vistra for some time might recall, Vistra's Retail business has been a stable contributor of EBITDA since the retail market in Texas opened fully to competition in 2008.",2008.,,,,,,,,,,,,,transcript,VST_Q3_2020,
unpaired_actual,VST,2021,,,,,,,,adjusted_ebitda,Adjusted EBITDA,,segment:retail,,,,Q3 FY2020,"And over the period from 2008 to 2017, we generated an average of approximately $800 million of EBITDA annually even in the face of a number of volatile power price cycles, including the extremely hot summer of 2011 and the polar vortex of 2014.",approximately $800 million,,,,,,,,,,,,,transcript,VST_Q3_2020,
unpaired_actual,VST,2021,,,,,,,,subscribers,Subscribers / customers,,consolidated,,,,Q3 FY2020,"Vistra's customer counts grew to nearly 5 million, and our total delivered load grew to approximately 95 terawatt hours.",5 million,,,,,,,,,,,,,transcript,VST_Q3_2020,
unpaired_actual,VST,2021,,,,,,,,bad_debt_expense,Bad debt expense,,consolidated,,,,Q3 FY2020,"We now expect the impact from COVID-19 to reflect only $10 million to $15 million of higher bad debt expense in 2020, as lower business volumes during the year have been largely offset by higher residential volumes due to increased usage from the work-from-home population.",$10 million,,,,,,,,,,,,,transcript,VST_Q3_2020,
unpaired_actual,VST,2021,,,,,,,,adjusted_ebitda,Adjusted EBITDA,,segment:generation,,,,Q3 FY2020,"Ongoing operations delivered adjusted EBITDA of $1,185 million, which was $108 million higher than the same period in 2019, with our Retail segment down $53 million, and our generation segments up a collective $161 million.","$1,185 million",,,,,,,,,,,,,transcript,VST_Q3_2020,
unpaired_actual,VST,2021,,,,,,,,capital_investment,Capital investment,,consolidated,,,,Q3 FY2020,"It was just 5 weeks ago when we last connected with you at our virtual investor event, where we laid out our capital allocation plans for the next 2 years and provided additional details regarding our planned portfolio transformation.",5,,,,,,,,,,,,,transcript,VST_Q3_2020,
unpaired_actual,VST,2021,,,,,,,,adjusted_ebitda,Adjusted EBITDA,,consolidated,,,,Q3 FY2020,"In the third quarter, Vistra delivered adjusted EBITDA from ongoing operations of $1,185 million, which is 10% above third quarter 2019 results despite operating through a pandemic in 2020.","$1,185 million",,,,,,,,,,,,,transcript,VST_Q3_2020,
unpaired_actual,VST,2021,,,,,,,,adjusted_free_cash_flow,Adjusted free cash flow,,consolidated,,,,Q3 FY2020,It was a strong performance through the first part of the year that led Vistra to raise its 2020 ongoing operations adjusted EBITDA and adjusted free cash flow before growth guidance midpoint by $150 million and $165 million respectively in September.,$150 million,,,,,,,,,,,,,transcript,VST_Q3_2020,
unpaired_actual,VST,2021,,,,,,,,free_cash_flow,Free cash flow,,consolidated,,,,Q3 FY2020,We have been able to significantly exceed our original free cash flow before growth guidance midpoint and achieve this high conversion ratio even with the early receipt in 2019 of nearly $95 million of alternative minimum tax refunds that were projected in our 2020 guidance.,$95 million,,,,,,,,,,,,,transcript,VST_Q3_2020,
unpaired_actual,VST,2021,,,,,,,,capacity,Capacity,,consolidated,,,,Q3 FY2020,The contract was amended to increase the capacity of the planned development to a 36.25 MW battery ESS.,36.25,,,,,,,,,,,,,filing,10-Q Q3 2020 — Item 1. FINANCIAL STATEMENTS — Consolidated Financial Statements,
unpaired_actual,VST,2021,,,,,,,,product_milestone,Product / strategic milestone,,consolidated,,,,Q3 FY2020,"During the three and nine months ended September 30, 2019, we recorded an increase of $ 48 million and a decrease of $ 19 million, respectively, to the carrying value of the TRA obligation as a result of adjustments to the timing of forecasted taxable income and state apportionment due to the expansion of Vistra's state income tax profile, including the Dynegy and Crius acquisitions.",$ 48 million,,,,,,,,,,,,,filing,10-Q Q3 2020 — Item 1. FINANCIAL STATEMENTS — Consolidated Financial Statements,
unpaired_actual,VST,2021,,,,,,,,capacity,Capacity,,consolidated,,,,Q3 FY2020,"Other Long-Term Debt Forward Capacity Agreements — On the Merger Date, the Company assumed the obligation of Dynegy's agreements under which a portion of the PJM capacity that cleared for Planning Years 2018-2019, 2019-2020 and 2020-2021 was sold to a financial institution (Forward Capacity Agreements).",,,,,,,,,,,,,,filing,10-Q Q3 2020 — Item 1. FINANCIAL STATEMENTS — Consolidated Financial Statements,
unpaired_actual,VST,2021,,,,,,,,revenue,Revenue,,consolidated,,,,Q3 FY2020,"Use of Estimates Preparation of financial statements requires estimates and assumptions about future events that affect the reporting of assets and liabilities at the balance sheet dates and the reported amounts of revenue and expense, including fair value measurements, estimates of expected obligations, judgments related to the potential timing of events and other estimates.",,,,,,,,,,,,,,filing,10-Q Q3 2020 — Item 1. FINANCIAL STATEMENTS — Consolidated Financial Statements,
unpaired_actual,VST,2021,,,,,,,,bad_debt_expense,Bad debt expense,,consolidated,,,,Q3 FY2020,"48 Table of Contents Allowance for Uncollectible Accounts Receivable Nine Months Ended September 30, 2020 2019 Allowance for uncollectible accounts receivable at beginning of period (a) $ 42 $ 19 Increase for bad debt expense 85 56 Decrease for account write-offs ( 69 ) ( 43 ) Allowance for uncollectible accounts receivable at end of period $ 58 $ 32 ____________ (a) Includes a $ 6 million increase recorded due to the adoption of ASU 2016-13, Financial Instruments—Credit Losses (see Note 1).",48,,,,,,,,,,,,,filing,10-Q Q3 2020 — Item 1. FINANCIAL STATEMENTS — Consolidated Financial Statements,
unpaired_actual,VST,2021,,,,,,,,deliveries,Deliveries,,consolidated,,,,Q3 FY2020,"Income and expense, including gains and losses associated with the trust fund assets and the decommissioning liability are offset by a corresponding change in a regulatory asset/liability (currently a regulatory asset reported in other noncurrent assets) that will ultimately be settled through changes in Oncor's delivery fees rates.",,,,,,,,,,,,,,filing,10-Q Q3 2020 — Item 1. FINANCIAL STATEMENTS — Consolidated Financial Statements,
unpaired_actual,VST,2021,,,,,,,,subscribers,Subscribers / customers,,consolidated,,,,Q3 FY2020,"However, COVID-19 or another pandemic could have material and adverse effects on our results of operations, financial condition and cash flows due to, among other factors, a protracted slowdown of broad sectors of the economy, changes in demand or supply for commodities, significant changes in legislation or regulatory policy to address the pandemic (including moratoriums or conditions or disconnections and limits or restrictions or late fees), reduced demand for electricity (particularly from commercial and industrial customers), increased late or uncollectible customer payments, and the inability of the Company's contractors, suppliers, and other business partners to fulfill their contractual obligations.",,,,,,,,,,,,,,filing,10-Q Q3 2020 — Item 1A. RISK FACTORS,
unpaired_actual,VST,2021,,,,,,,,adjusted_ebitda,Adjusted EBITDA,,consolidated,,,,Q3 FY2020,"general and administrative expenses (1) 3 (4) (8) Other — (6) — 2 Change in Adjusted EBITDA $ 177 $ (9) $ (1) $ (6) Favorable/(unfavorable) change in depreciation and amortization 8 (11) — 8 Change in unrealized net (gains)/losses on hedging activities 760 89 (12) 16 Impairment of long-lived assets — — — (272) Generation plant retirement expenses — — — (32) Fresh start/purchase accounting impacts — (6) (1) 8 Transition and merger expenses 5 6 — 2 Other (including interest and COVID-19 related expenses) (15) 17 2 (12) Change in Net income (loss) $ 935 $ 86 $ (12) $ (288) The change in Texas segment results was driven by improved realized margin through hedging activities and plant optimization efforts, and higher unrealized gains, partially offset by higher operating expenses and other costs.",1,,,,,,,,,,,,,filing,10-Q Q3 2020 — Item 2. MANAGEMENT'S DISCUSSION AND ANALYSIS OF FINANCIAL CONDITION AND RESULTS OF OPERATIONS,
unpaired_actual,VST,2021,,,,,,,,revenue,Revenue,,consolidated,,,,Q3 FY2020,"The change in East segment results was driven by higher unrealized hedging gains and improved realized margin through hedging activities and plant optimization efforts, partially offset by lower capacity revenue and increased depreciation expenses.",,,,,,,,,,,,,,filing,10-Q Q3 2020 — Item 2. MANAGEMENT'S DISCUSSION AND ANALYSIS OF FINANCIAL CONDITION AND RESULTS OF OPERATIONS,
unpaired_actual,VST,2021,,,,,,,,capacity,Capacity,,consolidated,,,,Q4 FY2020,Renewables during this event were at capacity factors from 5% to sort of 15%.,5%,,,,,,,,,,,,,transcript,VST_Q4_2020,
unpaired_actual,VST,2021,,,,,,,,subscribers,Subscribers / customers,,consolidated,,,,Q4 FY2020,And I know we did announce that we were -- had $5 million to help customers.,$5 million,,,,,,,,,,,,,transcript,VST_Q4_2020,
unpaired_actual,VST,2021,,,,,,,,capacity,Capacity,,segment:generation,,,,Q4 FY2020,"The $197 million favorability in our collective generation segments was driven by higher margins in our Texas East and Sunset segments, including the higher period-over-period benefits from our OPI initiatives, partially offset by lower capacity revenues.",$197 million,,,,,,,,,,,,,transcript,VST_Q4_2020,
unpaired_actual,VST,2021,,,,,,,,product_milestone,Product / strategic milestone,,consolidated,,,,Q4 FY2020,"As of February 25, Vistra had more than $1.5 billion of cash and availability under its revolving credit facility to meet any liquidity needs.","25,",,,,,,,,,,,,,transcript,VST_Q4_2020,
unpaired_actual,VST,2021,,,,,,,,subscribers,Subscribers / customers,,consolidated,,,,Q4 FY2020,Both our customer base and our generation footprint remained intact and we believe were solid growth prospects.,,,,,,,,,,,,,,transcript,VST_Q4_2020,
unpaired_actual,VST,2021,,,,,,,,capital_investment,Capital investment,,consolidated,,,,Q4 FY2020,We are still back to where we were on our capital allocation plan in 2023 and forward.,,,,,,,,,,,,,,transcript,VST_Q4_2020,
unpaired_actual,VST,2021,,,,,,,,product_milestone,Product / strategic milestone,,consolidated,,,,Q4 FY2020,"Also available on our website are a copy of today's investor presentation, our Form 10-K and the related earnings release.",10,,,,,,,,,,,,,transcript,VST_Q4_2020,
unpaired_actual,VST,2021,,,,,,,,stores,Stores / locations,,consolidated,,,,Q4 FY2020,We brought on about 200 additional contractors on site.,about 200,,,,,,,,,,,,,transcript,VST_Q4_2020,
unpaired_actual,VST,2021,,,,,,,,capacity,Capacity,,consolidated,,,,Q4 FY2020,We ended up at a 70% capacity factor for coal during the week.,70%,,,,,,,,,,,,,transcript,VST_Q4_2020,
unpaired_actual,VST,2021,,,,,,,,subscribers,Subscribers / customers,,consolidated,,,,Q4 FY2020,"And retailers, no matter how much they were headed, whether it was through a P95 or P99 scenario, they were going to swing and likely pay much higher prices to cover their obligation to their customers.",,,,,,,,,,,,,,transcript,VST_Q4_2020,
unpaired_actual,VST,2021,,,,,,,,capacity,Capacity,,consolidated,,,,FY2020,PJM's Capacity Performance (CP) rules were designed to improve system reliability and include penalties for under-performing units and reward for over-performing units during shortage events.,,,,,,,,,,,,,,filing,10-K FY2020 — Item 1. BUSINESS,
unpaired_actual,VST,2021,,,,,,,,headcount,Headcount,,consolidated,,,,FY2020,"Further initiatives were launched to support the education, recruitment and retention of current and future employees, with particular emphasis being placed on driving equal access to opportunities throughout the organization.",,,,,,,,,,,,,,filing,10-K FY2020 — Item 1. BUSINESS,
unpaired_actual,VST,2021,,,,,,,,headcount,Headcount,,consolidated,,,,FY2020,"We have launched key programs to develop leaders at all levels of the organization, including monthly leader meetings for director-level employees focusing on gaining a deeper understanding of Vistra's strategy, developing cross-functional relationships and interacting with senior leadership of the company.",,,,,,,,,,,,,,filing,10-K FY2020 — Item 1. BUSINESS,
unpaired_actual,VST,2021,,,,,,,,gross_margin,Gross margin,,consolidated,,,,FY2020,"While the cost of allowances required to operate our RGGI-affected facilities is expected to increase in future years, we expect that the cost of compliance would be reflected in the power market, and the actual impact to gross margin would be largely offset by an increase in revenue.",,,,,,,,,,,,,,filing,10-K FY2020 — Item 1. BUSINESS,
unpaired_actual,VST,2021,,,,,,,,bad_debt_expense,Bad debt expense,,consolidated,,,,FY2020,"Increased unemployment of residential customers and decreased demand for products and services by commercial and industrial customers resulting from an economic downturn could lead to declines in the demand for energy and an increase in the number of uncollectible customer balances, which would negatively impact our overall sales and cash flows.",,,,,,,,,,,,,,filing,10-K FY2020 — Item 1A. RISK FACTORS,
unpaired_actual,VST,2021,,,,,,,,dividend,Dividend,,consolidated,,,,FY2020,"Our debt could have negative consequences for our financial condition including: • increasing our vulnerability to general economic and industry conditions; • requiring a significant portion of our cash flows from operations to be dedicated to the payment of principal and interest on our indebtedness, therefore reducing our ability to pay dividends to holders of our common stock or to fund our operations, capital expenditures and future business opportunities; • limiting our ability to enter into long-term power sales or fuel purchases which require credit support; • limiting our ability to fund operations or future acquisitions; • restricting our ability to make distributions or pay dividends with respect to our capital stock and the ability of our subsidiaries to make distributions to us, in light of restricted payment and other financial covenants in our credit facilities and other financing agreements; • inhibiting the growth of our stock price; • exposing us to the risk of increased interest rates because certain of our borrowings, including borrowings under the Vistra Operations Credit Facilities, are at variable rates of interest; • limiting our ability to obtain additional financing for working capital including collateral postings, capital expenditures, debt service requirements, acquisitions and general corporate or other purposes; and • limiting our ability to adjust to changing market conditions and placing us at a competitive disadvantage compared to our competitors who may have less debt.",,,,,,,,,,,,,,filing,10-K FY2020 — Item 1A. RISK FACTORS,
unpaired_actual,VST,2021,,,,,,,,product_milestone,Product / strategic milestone,,segment:energy,,,,FY2020,"Additionally, the increased demand for construction of renewables projects, such as energy storage systems and solar projects, may result in limited availability of qualified specialists, contractors, and necessary services and materials, which could lead to delays in and higher costs for the development and construction of our current and future planned projects.",,,,,,,,,,,,,,filing,10-K FY2020 — Item 1A. RISK FACTORS,
unpaired_actual,VST,2021,,,,,,,,revenue,Revenue,,consolidated,,,,FY2020,"If such degradations were to occur at the Comanche Peak Facility, the process of identifying and correcting the causes of the operational downgrade to return the facility to operation could require significant time and expense, resulting in both lost revenue and increased fuel and purchased power expense to meet supply commitments.",,,,,,,,,,,,,,filing,10-K FY2020 — Item 1A. RISK FACTORS,
unpaired_actual,VST,2021,,,,,,,,capacity,Capacity,,consolidated,,,,FY2020,"The operation and maintenance of power generation facilities and related mining operations involve many risks, including, as applicable, start-up risks, breakdown or failure of facilities, equipment or processes, operator error, lack of sufficient capital to maintain the facilities, the dependence on a specific fuel source, the inability to transport our product to our customers in an efficient manner due to the lack of transmission capacity or the impact of unusual or adverse weather conditions or other natural events, or terrorist attacks, as well as the risk of performance below expected levels of output, efficiency or reliability, the occurrence of any of which could result in substantial lost revenues and/or increased expenses.",,,,,,,,,,,,,,filing,10-K FY2020 — Item 1A. RISK FACTORS,
unpaired_actual,VST,2021,,,,,,,,stores,Stores / locations,,consolidated,,,,FY2020,"As the closure and CCR management work progresses and final closure plans and corrective action measures are developed and approved at each site, the scope and complexity of work and the amount of CCR material could be greater than current estimates and could, therefore, materially impact earnings through increased compliance expenditures.",,,,,,,,,,,,,,filing,10-K FY2020 — Item 1A. RISK FACTORS,
unpaired_actual,VST,2021,,,,,,,,subscribers,Subscribers / customers,,consolidated,,,,FY2020,"However, COVID-19 or another pandemic could have material and adverse effects on our results of operations, financial condition and cash flows due to, among other factors, a protracted slowdown of broad sectors of the economy, changes in demand or supply for commodities, significant changes in legislation or regulatory policy to address the pandemic (including moratoriums or conditions or disconnections and limits or restrictions or late fees), reduced demand for electricity (particularly from commercial and industrial customers), increased late or uncollectible customer payments, negative impacts on the health of our workforce, a deterioration of our ability to ensure business continuity (including increased risk from cybersecurity attacks as a result of a significant portion of our workforce continuing to work from home), and the inability of the Company's contractors, suppliers, and other business partners to fulfill their contractual obligations.",,,,,,,,,,,,,,filing,10-K FY2020 — Item 1A. RISK FACTORS,
unpaired_actual,VST,2021,,,,,,,,product_milestone,Product / strategic milestone,,segment:generation,,,,FY2020,"This severe weather event substantially increased the demand for natural gas used in our electric power generation business, and the cold further limited the availability of renewable generation across the region contributing to extremely high market prices for natural gas and electricity, which resulted in substantial increases in the costs to procure sufficient fuel supply and increased collateral posting requirements.",,,,,,,,,,,,,,filing,10-K FY2020 — Item 1A. RISK FACTORS,
unpaired_actual,VST,2021,,,,,,,,headcount,Headcount,,consolidated,,,,FY2020,"The policies, procedures, processes and controls in place may not always function as planned and cannot eliminate all the risks associated with these activities, including unauthorized hedging activity, or improper reporting thereof, by our employees in violation of our existing risk management policies and procedures.",,,,,,,,,,,,,,filing,10-K FY2020 — Item 1A. RISK FACTORS,
unpaired_actual,VST,2021,,,,,,,,share_repurchases,Share repurchases,,consolidated,,,,FY2020,"The actual timing, number and value of shares repurchased under the Share Repurchase Program or otherwise will be determined at our discretion and will depend on a number of factors, including our capital allocation priorities, the market price of our stock, general market and economic conditions, applicable legal requirements and compliance with the terms of our debt agreements.",,,,,,,,,,,,,,filing,"10-K FY2020 — Item 5. MARKET FOR REGISTRANT'S COMMON EQUITY, RELATED STOCKHOLDER MATTERS AND ISSUER PURCHASES OF EQUITY SECURITIES",
unpaired_actual,VST,2021,,,,,,,,subscribers,Subscribers / customers,,consolidated,,,,FY2020,"Based on numbers of meters, our total retail customer counts increased approximately 1% in 2020 and approximately 2% in both 2019 and 2018.",approximately 1%,,,,,,,,,,,,,filing,10-K FY2020 — Item 7. MANAGEMENT'S DISCUSSION AND ANALYSIS OF FINANCIAL CONDITION AND RESULTS OF OPERATIONS,
unpaired_actual,VST,2021,,,,,,,,subscribers,Subscribers / customers,,consolidated,,,,FY2020,Customer relationship intangibles assets are generally amortized using an accelerated method based on historical customer attrition rates and reflecting the expected pattern in which the economic benefits are realized over their estimated useful lives.,,,,,,,,,,,,,,filing,10-K FY2020 — Item 7. MANAGEMENT'S DISCUSSION AND ANALYSIS OF FINANCIAL CONDITION AND RESULTS OF OPERATIONS,
unpaired_actual,VST,2021,,,,,,,,capacity,Capacity,,consolidated,,,,FY2020,"Recoverability of long-lived assets is determined by a comparison of the carrying amount of the long-lived asset group to the net cash flows expected to be generated by the asset group, through considering specific assumptions for forward natural gas and electricity prices, forward capacity prices, the effects of enacted environmental rules, generation plant performance, forecasted capital expenditures, forecasted fuel prices and forecasted operating costs.",,,,,,,,,,,,,,filing,10-K FY2020 — Item 7. MANAGEMENT'S DISCUSSION AND ANALYSIS OF FINANCIAL CONDITION AND RESULTS OF OPERATIONS,
unpaired_actual,VST,2021,,,,,,,,adjusted_ebitda,Adjusted EBITDA,,consolidated,,,,FY2020,"Net income increased by $175 million to $309 million and Adjusted EBITDA increased by $176 million to $983 million in the year ended December 31, 2020 compared to the year ended December 31, 2019.",$175 million,,,,,,,,,,,,,filing,10-K FY2020 — Item 7. MANAGEMENT'S DISCUSSION AND ANALYSIS OF FINANCIAL CONDITION AND RESULTS OF OPERATIONS,
unpaired_actual,VST,2021,,,,,,,,dividend,Dividend,,consolidated,,,,FY2020,"The $673 million increase in available liquidity for the year ended December 31, 2020 was primarily driven by cash from operations, repayments of cash borrowings under the Revolving Credit Facility and a reduction of letters of credit outstanding under the Revolving Credit Facility reflecting the issuance of $303 million of letters of credit under the Secured LOC Facilities, partially offset by $1.259 billion of capital expenditures (including LTSA prepayments, nuclear fuel and development and growth expenditures), $747 million principal amount of outstanding Vistra Unsecured Senior Notes redeemed in 2020, $266 million in dividends paid to stockholders, the maturity of a $250 million Alternate LOC Facility and $100 million of term loans under the Vistra Operation Credit Facility repaid in March 2020.",$673 million,,,,,,,,,,,,,filing,10-K FY2020 — Item 7. MANAGEMENT'S DISCUSSION AND ANALYSIS OF FINANCIAL CONDITION AND RESULTS OF OPERATIONS,
unpaired_actual,VST,2021,,,,,,,,share_repurchases,Share repurchases,,consolidated,,,,FY2020,"The Share Repurchase Program was effective January 1, 2021, at which time the Prior Share Repurchase Plan terminated.",,,,,,,,,,,,,,filing,10-K FY2020 — Item 7. MANAGEMENT'S DISCUSSION AND ANALYSIS OF FINANCIAL CONDITION AND RESULTS OF OPERATIONS,
unpaired_actual,VST,2021,,,,,,,,headcount,Headcount,,consolidated,,,,FY2020,"After amendments in 2012, employees in the Retirement Plan now consist entirely of participants who were active and retired collective bargaining unit employees.","2012,",,,,,,,,,,,,,filing,10-K FY2020 — Item 8. FINANCIAL STATEMENTS AND SUPPLEMENTARY DATA — Consolidated Financial Statements,
unpaired_actual,VST,2021,,,,,,,,headcount,Headcount,,consolidated,,,,FY2020,"STOCK-BASED COMPENSATION Vistra 2016 Omnibus Incentive Plan On the Effective Date, the Vistra board of directors (Board) adopted the 2016 Omnibus Incentive Plan (2016 Incentive Plan), under which an aggregate of 22,500,000 shares of our common stock were reserved for issuance as equity-based awards to our non-employee directors, employees, and certain other persons.","22,500,000",,,,,,,,,,,,,filing,10-K FY2020 — Item 8. FINANCIAL STATEMENTS AND SUPPLEMENTARY DATA — Consolidated Financial Statements,
unpaired_actual,VST,2021,,,,,,,,revenue,Revenue,,consolidated,,,,FY2020,Revenue Recognition Revenue is recognized when electricity is delivered to our customers in an amount that we expect to invoice for volumes delivered or services provided.,,,,,,,,,,,,,,filing,10-K FY2020 — Item 8. FINANCIAL STATEMENTS AND SUPPLEMENTARY DATA — Consolidated Financial Statements,
unpaired_actual,VST,2021,,,,,,,,deliveries,Deliveries,,consolidated,,,,FY2020,"Income and expense, including gains and losses associated with the trust fund assets and the decommissioning liability, are offset by a corresponding change in a regulatory asset/liability (currently a regulatory liability reported in other noncurrent liabilities and deferred credits) that will ultimately be settled through changes in Oncor's delivery fees rates.",,,,,,,,,,,,,,filing,10-K FY2020 — Item 8. FINANCIAL STATEMENTS AND SUPPLEMENTARY DATA — Consolidated Financial Statements,
unpaired_actual,VST,2021,,,,,,,,revenue,Revenue,,consolidated,,,,FY2020,The impact of the adoption of the revenue standard was immaterial and we expect the adoption to continue to be immaterial to our net income on an ongoing basis.,,,,,,,,,,,,,,filing,10-K FY2020 — Item 8. FINANCIAL STATEMENTS AND SUPPLEMENTARY DATA — Consolidated Financial Statements,
unpaired_actual,VST,2021,,,,,,,,capacity,Capacity,,consolidated,,,,FY2020,"Our retail energy charges and wholesale generation, capacity and contract revenues will continue to be recognized when electricity and other services are delivered to our customers.",,,,,,,,,,,,,,filing,10-K FY2020 — Item 8. FINANCIAL STATEMENTS AND SUPPLEMENTARY DATA — Consolidated Financial Statements,
unpaired_actual,VST,2021,,,,,,,,capacity,Capacity,,consolidated,,,,FY2020,The contract was amended to increase the capacity of the planned development to a 36.25 MW battery ESS.,36.25,,,,,,,,,,,,,filing,10-K FY2020 — Item 8. FINANCIAL STATEMENTS AND SUPPLEMENTARY DATA — Consolidated Financial Statements,
unpaired_actual,VST,2021,,,,,,,,revenue,Revenue,,consolidated,,,,FY2020,Retail Energy Charges Revenue is recognized when electricity is delivered to our customers in an amount that we expect to invoice for volumes delivered or services provided.,,,,,,,,,,,,,,filing,10-K FY2020 — Item 8. FINANCIAL STATEMENTS AND SUPPLEMENTARY DATA — Consolidated Financial Statements,
unpaired_actual,VST,2021,,,,,,,,capacity,Capacity,,consolidated,,,,FY2020,"Forward Capacity Agreements — On the Merger Date, the Company assumed the obligation of Dynegy's agreements under which a portion of the PJM capacity that cleared for Planning Years 2018-2019, 2019-2020 and 2020-2021 was sold to a financial institution (Forward Capacity Agreements).",,,,,,,,,,,,,,filing,10-K FY2020 — Item 8. FINANCIAL STATEMENTS AND SUPPLEMENTARY DATA — Consolidated Financial Statements,
unpaired_actual,VST,2021,,,,,,,,share_repurchases,Share repurchases,,consolidated,,,,FY2020,"The Share Repurchase Program was effective January 1, 2021, at which time the Prior Share Repurchase Plan (described below) and all authorized amounts remaining thereunder terminated as of such date.",,,,,,,,,,,,,,filing,10-K FY2020 — Item 8. FINANCIAL STATEMENTS AND SUPPLEMENTARY DATA — Consolidated Financial Statements,
unpaired_actual,VST,2021,,,,,,,,operating_income,Operating income,,consolidated,,,,Q1 FY2021,"VISTRA CORP. CONDENSED CONSOLIDATED STATEMENTS OF OPERATIONS (Unaudited) (Millions of Dollars, Except Per Share Amounts) Three Months Ended March 31, 2021 2020 Operating revenues (Note 4) $ 3,207 $ 2,858 Fuel, purchased power costs and delivery fees ( 4,745 ) ( 1,333 ) Operating costs ( 371 ) ( 379 ) Depreciation and amortization ( 423 ) ( 419 ) Selling, general and administrative expenses ( 251 ) ( 252 ) Impairment of long-lived assets (Note 17) — ( 84 ) Operating income (loss) ( 2,583 ) 391 Other income (Note 17) 55 7 Other deductions (Note 17) ( 5 ) ( 31 ) Interest expense and related charges (Note 17) ( 29 ) ( 300 ) Impacts of Tax Receivable Agreement (Note 7) 37 ( 8 ) Equity in earnings of unconsolidated investment — 3 Income (loss) before income taxes ( 2,525 ) 62 Income tax (expense) benefit (Note 6) 485 ( 17 ) Net income (loss) $ ( 2,040 ) $ 45 Net (income) loss attributable to noncontrolling interest ( 3 ) 11 Net income (loss) attributable to Vistra $ ( 2,043 ) $ 56 Weighted average shares of common stock outstanding: Basic 484,699,267 487,944,564 Diluted 484,699,267 490,638,626 Net income (loss) per weighted average share of common stock outstanding: Basic $ ( 4.21 ) $ 0.11 Diluted $ ( 4.21 ) $ 0.11 See Notes to the Condensed Consolidated Financial Statements.",4,,,,,,,,,,,,,filing,10-Q Q1 2021 — Item 1. FINANCIAL STATEMENTS — Consolidated Financial Statements,
unpaired_actual,VST,2021,,,,,,,,dividend,Dividend,,consolidated,,,,Q1 FY2021,"1 Table of Contents VISTRA CORP. CONDENSED CONSOLIDATED STATEMENTS OF CASH FLOWS (Unaudited) (Millions of Dollars) Three Months Ended March 31, 2021 2020 Cash flows — operating activities: Net income (loss) $ ( 2,040 ) $ 45 Adjustments to reconcile net income (loss) to cash provided by (used in) operating activities: Depreciation and amortization 511 489 Deferred income tax expense (benefit), net ( 524 ) 13 Impairment of long-lived assets (Note 17) — 84 Loss on disposal of investment in NELP (Note 17) — 28 Unrealized net gain from mark-to-market valuations of commodities ( 96 ) ( 125 ) Unrealized net (gain) loss from mark-to-market valuations of interest rate swaps ( 88 ) 174 Asset retirement obligation accretion expense 11 12 Impacts of Tax Receivable Agreement (Note 7) ( 37 ) 8 Stock-based compensation 16 14 Other, net 11 3 Changes in operating assets and liabilities: Margin deposits, net ( 134 ) 99 Accrued interest ( 75 ) ( 77 ) Accrued taxes ( 79 ) ( 110 ) Accrued employee incentive ( 128 ) ( 90 ) Other operating assets and liabilities 999 ( 15 ) Cash provided by (used in) operating activities ( 1,653 ) 552 Cash flows — investing activities: Capital expenditures, including nuclear fuel purchases and LTSA prepayments ( 192 ) ( 261 ) Proceeds from sales of nuclear decommissioning trust fund securities (Note 17) 133 75 Investments in nuclear decommissioning trust fund securities (Note 17) ( 138 ) ( 80 ) Proceeds from sales of environmental allowances 45 74 Purchases of environmental allowances ( 28 ) ( 106 ) Insurance proceeds 40 — Other, net 11 14 Cash used in investing activities ( 129 ) ( 284 ) Cash flows — financing activities: Borrowing under Term Loan A (Note 10) 1,000 — Proceeds from forward capacity agreement (Note 10) 500 — Repayments/repurchases of debt (Note 10) ( 36 ) ( 223 ) Net borrowings under accounts receivable financing (Note 9) 425 — Borrowings under Revolving Credit Facility (Note 10) 1,300 425 Repayments under Revolving Credit Facility (Note 10) ( 1,000 ) ( 75 ) Share repurchases (Note 12) ( 175 ) — Dividends paid to stockholders (Note 12) ( 74 ) ( 66 ) Debt tender offer and other financing fees (Note 10) — ( 5 ) Other, net ( 1 ) ( 4 ) Cash provided by financing activities 1,939 52 2 Table of Contents VISTRA CORP. CONDENSED CONSOLIDATED STATEMENTS OF CASH FLOWS (Unaudited) (Millions of Dollars) Three Months Ended March 31, 2021 2020 Net change in cash, cash equivalents and restricted cash 157 320 Cash, cash equivalents and restricted cash — beginning balance 444 475 Cash, cash equivalents and restricted cash — ending balance $ 601 $ 795 See Notes to the Condensed Consolidated Financial Statements.",1,,,,,,,,,,,,,filing,10-Q Q1 2021 — Item 1. FINANCIAL STATEMENTS — Consolidated Financial Statements,
unpaired_actual,VST,2021,,,,,,,,capacity,Capacity,,consolidated,,,,Q1 FY2021,"17 Table of Contents On the Merger Date, the Company assumed the obligation of Dynegy's agreements under which a portion of the PJM capacity that cleared for Planning Years 2018-2019, 2019-2020 and 2020-2021 was sold to a financial institution (Legacy Forward Capacity Agreements, and, together with the 2021-2022 Forward Capacity Agreement, the Forward Capacity Agreements).",17,,,,,,,,,,,,,filing,10-Q Q1 2021 — Item 1. FINANCIAL STATEMENTS — Consolidated Financial Statements,
unpaired_actual,VST,2021,,,,,,,,revenue,Revenue,,consolidated,,,,Q1 FY2021,"Use of Estimates Preparation of financial statements requires estimates and assumptions about future events that affect the reporting of assets and liabilities at the balance sheet dates and the reported amounts of revenue and expense, including fair value measurements, estimates of expected obligations, judgments related to the potential timing of events and other estimates.",,,,,,,,,,,,,,filing,10-Q Q1 2021 — Item 1. FINANCIAL STATEMENTS — Consolidated Financial Statements,
unpaired_actual,VST,2021,,,,,,,,capacity,Capacity,,consolidated,,,,Q1 FY2021,The contract was amended to increase the capacity of the planned development to a 36.25 MW battery ESS.,36.25,,,,,,,,,,,,,filing,10-Q Q1 2021 — Item 1. FINANCIAL STATEMENTS — Consolidated Financial Statements,
unpaired_actual,VST,2021,,,,,,,,share_repurchases,Share repurchases,,consolidated,,,,Q1 FY2021,"The actual timing, number and value of shares repurchased under the Share Repurchase Program or otherwise will be determined at our discretion and will depend on a number of factors, including our capital allocation priorities, the market price of our stock, general market and economic conditions, applicable legal requirements and compliance with the terms of our debt agreements.",,,,,,,,,,,,,,filing,10-Q Q1 2021 — Item 1. FINANCIAL STATEMENTS — Consolidated Financial Statements,
unpaired_actual,VST,2021,,,,,,,,share_repurchases,Share repurchases,,consolidated,,,,Q1 FY2021,"In the three months ended March 31, 2021, 8,658,153 shares of our common stock were repurchased under the Share Repurchase Program for approximately $ 175 million (including related fees and expenses) at an average price of $ 20.21 per share of common stock.","8,658,153",,,,,,,,,,,,,filing,10-Q Q1 2021 — Item 1. FINANCIAL STATEMENTS — Consolidated Financial Statements,
unpaired_actual,VST,2021,,,,,,,,deliveries,Deliveries,,consolidated,,,,Q1 FY2021,"Derivative (condensed consolidated statements of operations presentation) Three Months Ended March 31, 2021 2020 Commodity contracts (Operating revenues) $ 86 $ 257 Commodity contracts (Fuel, purchased power costs and delivery fees) 40 ( 106 ) Interest rate swaps (Interest expense and related charges) 75 ( 178 ) Net gain (loss) $ 201 $ ( 27 ) Balance Sheet Presentation of Derivatives We elect to report derivative assets and liabilities in our condensed consolidated balance sheets on a gross basis without taking into consideration netting arrangements we have with counterparties to those derivatives.",$ 86,,,,,,,,,,,,,filing,10-Q Q1 2021 — Item 1. FINANCIAL STATEMENTS — Consolidated Financial Statements,
unpaired_actual,VST,2021,,,,,,,,operating_income,Operating income,,segment:retail,,,,Q1 FY2021,"35 Table of Contents Three Months ended Retail Texas East West Sunset Asset Closure Corporate and Other (b) Eliminations Consolidated Operating revenues (a): March 31, 2021 $ 1,750 $ 1,083 $ 724 $ 33 $ 279 $ — $ — $ ( 662 ) $ 3,207 March 31, 2020 1,908 861 734 82 346 — — ( 1,073 ) 2,858 Depreciation and amortization: March 31, 2021 $ ( 53 ) $ ( 124 ) $ ( 196 ) $ ( 5 ) $ ( 29 ) $ — $ ( 16 ) $ — $ ( 423 ) March 31, 2020 ( 80 ) ( 113 ) ( 168 ) ( 5 ) ( 39 ) — ( 14 ) — ( 419 ) Operating income (loss): March 31, 2021 $ 94 $ ( 2,556 ) $ 2 $ ( 35 ) $ ( 44 ) $ ( 16 ) $ ( 28 ) $ — $ ( 2,583 ) March 31, 2020 99 272 92 3 ( 27 ) ( 17 ) ( 31 ) — 391 Net income (loss): March 31, 2021 $ 88 $ ( 2,518 ) $ 1 $ ( 31 ) $ ( 43 ) $ — $ 463 $ — $ ( 2,040 ) March 31, 2020 95 273 65 4 ( 25 ) ( 18 ) ( 349 ) — 45 Capital expenditures, including nuclear fuel and excluding LTSA prepayments and development and growth expenditures: March 31, 2021 $ — $ 46 $ 6 $ 1 $ 4 $ — $ ( 2 ) $ — $ 55 March 31, 2020 — 69 18 1 12 — 22 — 122 ___________ (a) The following unrealized net gains (losses) from mark-to-market valuations of commodity positions are included in operating revenues: Three Months ended Retail Texas East West Sunset Asset Closure Corporate and Other Eliminations (1) Consolidated March 31, 2021 $ ( 4 ) $ ( 541 ) $ ( 35 ) $ ( 53 ) $ ( 99 ) $ — $ — $ 790 $ 58 March 31, 2020 1 203 54 7 55 — — ( 119 ) $ 201 ____________ (1) Amounts offset in fuel, purchased power costs and delivery fees in the Retail segment, with no impact to consolidated results.",35,,,,,,,,,,,,,filing,10-Q Q1 2021 — Item 1. FINANCIAL STATEMENTS — Consolidated Financial Statements,
unpaired_actual,VST,2021,,,,,,,,capacity,Capacity,,consolidated,,,,Q1 FY2021,We also recorded a $ 32 million impairment to a capacity contract which was linked in part to the Joppa/EEI facility and therefore determined to have a significant decrease in estimated useful life.,$ 32 million,,,,,,,,,,,,,filing,10-Q Q1 2021 — Item 1. FINANCIAL STATEMENTS — Consolidated Financial Statements,
unpaired_actual,VST,2021,,,,,,,,bad_debt_expense,Bad debt expense,,consolidated,,,,Q1 FY2021,"37 Table of Contents Allowance for Uncollectible Accounts Receivable Three Months Ended March 31, 2021 2020 Allowance for uncollectible accounts receivable at beginning of period $ 45 $ 42 Increase for bad debt expense 28 26 Decrease for account write-offs ( 30 ) ( 28 ) Allowance for uncollectible accounts receivable at end of period $ 43 $ 40 Inventories by Major Category March 31, 2021 December 31, 2020 Materials and supplies $ 261 $ 260 Fuel stock 189 236 Natural gas in storage 17 19 Total inventories $ 467 $ 515 Investments March 31, 2021 December 31, 2020 Nuclear plant decommissioning trust $ 1,718 $ 1,674 Assets related to employee benefit plans 41 41 Land 44 44 Total investments $ 1,803 $ 1,759 Investment in Unconsolidated Subsidiary Prior to March 2020, we owned a 50 % interest in NELP, a joint venture with NextEra Energy, Inc., which indirectly owned the Bellingham NEA facility and the Sayreville facility.",37,,,,,,,,,,,,,filing,10-Q Q1 2021 — Item 1. FINANCIAL STATEMENTS — Consolidated Financial Statements,
unpaired_actual,VST,2021,,,,,,,,deliveries,Deliveries,,consolidated,,,,Q1 FY2021,"Income and expense, including gains and losses associated with the trust fund assets and the decommissioning liability are offset by a corresponding change in a regulatory asset/liability (currently a regulatory liability reported in other noncurrent liabilities and deferred credits) that will ultimately be settled through changes in Oncor's delivery fees rates.",,,,,,,,,,,,,,filing,10-Q Q1 2021 — Item 1. FINANCIAL STATEMENTS — Consolidated Financial Statements,
unpaired_actual,VST,2021,,,,,,,,revenue,Revenue,,consolidated,,,,Q1 FY2021,"Three Months Ended March 31, 2021 2020 Proceeds from sales of securities $ 133 $ 75 Investments in securities $ ( 138 ) $ ( 80 ) Property, Plant and Equipment March 31, 2021 December 31, 2020 Power generation and structures $ 15,283 $ 15,222 Land 616 617 Office and other equipment 176 173 Total 16,075 16,012 Less accumulated depreciation ( 3,925 ) ( 3,614 ) Net of accumulated depreciation 12,150 12,398 Finance lease right-of-use assets (net of accumulated depreciation) 179 182 Nuclear fuel (net of accumulated amortization of $ 112 million and $ 91 million) 193 207 Construction work in progress 870 712 Property, plant and equipment — net $ 13,392 $ 13,499 Depreciation expenses totaled $ 355 million and $ 328 million for three months ended March 31, 2021 and 2020, respectively .",$ 133,,,,,,,,,,,,,filing,10-Q Q1 2021 — Item 1. FINANCIAL STATEMENTS — Consolidated Financial Statements,
unpaired_actual,VST,2021,,,,,,,,deliveries,Deliveries,,consolidated,,,,Q1 FY2021,"Since the costs to ultimately decommission that plant are recoverable through the regulatory rate making process as part of Oncor's delivery fees, a corresponding regulatory liability has been recorded to our condensed consolidated balance sheet of $ 121 million in other noncurrent liabilities and deferred credits.",$ 121 million,,,,,,,,,,,,,filing,10-Q Q1 2021 — Item 1. FINANCIAL STATEMENTS — Consolidated Financial Statements,
unpaired_actual,VST,2021,,,,,,,,revenue,Revenue,,consolidated,,,,Q1 FY2021,"REVENUE Three Months Ended March 31, 2021 Retail Texas East West Sunset Asset Closure Eliminations Consolidated Revenue from contracts with customers: Retail energy charge in ERCOT $ 1,149 $ — $ — $ — $ — $ — $ — $ 1,149 Retail energy charge in Northeast/Midwest 586 — — — — — — 586 Wholesale generation revenue from ISO/RTO — 3,246 156 38 723 — — 4,163 Capacity revenue from ISO/RTO (a) — — ( 4 ) — 39 — — 35 Revenue from other wholesale contracts — 2,028 163 21 58 — — 2,270 Total revenue from contracts with customers 1,735 5,274 315 59 820 — — 8,203 Other revenues: Intangible amortization ( 1 ) — 1 — ( 6 ) — — ( 6 ) Hedging and other revenues (b) 16 ( 4,442 ) 63 ( 27 ) ( 600 ) — — ( 4,990 ) Affiliate sales — 251 345 1 65 — ( 662 ) — Total other revenues 15 ( 4,191 ) 409 ( 26 ) ( 541 ) — ( 662 ) ( 4,996 ) Total revenues $ 1,750 $ 1,083 $ 724 $ 33 $ 279 $ — $ ( 662 ) $ 3,207 ____________ (a) Represents net capacity sold (purchased) in each ISO/RTO.","$ 1,149",,,,,,,,,,,,,filing,10-Q Q1 2021 — Item 1. FINANCIAL STATEMENTS — Consolidated Financial Statements,
unpaired_actual,VST,2021,,,,,,,,revenue,Revenue,,consolidated,,,,Q1 FY2021,"8 Table of Contents Three Months Ended March 31, 2020 Retail Texas East West Sunset Asset Closure Eliminations Consolidated Revenue from contracts with customers: Retail energy charge in ERCOT $ 1,253 $ — $ — $ — $ — $ — $ — $ 1,253 Retail energy charge in Northeast/Midwest 640 — — — — — — 640 Wholesale generation revenue from ISO/RTO — 96 58 33 74 — — 261 Capacity revenue from ISO/RTO (a) — — 3 — 42 — — 45 Revenue from other wholesale contracts — 50 164 4 49 — — 267 Total revenue from contracts with customers 1,893 146 225 37 165 — — 2,466 Other revenues: Intangible amortization ( 4 ) — — — ( 4 ) — — ( 8 ) Hedging and other revenues (b) 19 248 ( 25 ) 44 114 — — 400 Affiliate sales — 467 534 1 71 — ( 1,073 ) — Total other revenues 15 715 509 45 181 — ( 1,073 ) 392 Total revenues $ 1,908 $ 861 $ 734 $ 82 $ 346 $ — $ ( 1,073 ) $ 2,858 ____________ (a) Represents net capacity sold (purchased) in each ISO/RTO.",8,,,,,,,,,,,,,filing,10-Q Q1 2021 — Item 1. FINANCIAL STATEMENTS — Consolidated Financial Statements,
unpaired_actual,VST,2021,,,,,,,,adjusted_ebitda,Adjusted EBITDA,,consolidated,,,,Q1 FY2021,"Three Months Ended March 31, 2021 Compared to 2020 Lower margins driven by Winter Storm Uri $ (489) Other driven by higher SG&A and bad debt expense (21) Change in Adjusted EBITDA $ (510) Favorable impact of higher unrealized net gains on hedging activities 904 Future bill credits and other costs related to Winter Storm Uri (432) Increase in depreciation and amortization expenses 27 Lower transition and merger and other expenses 4 Change in net income (loss) $ (7) 53 Table of Contents Generation — Three Months Ended March 31, 2021 Compared to Three Months Ended March 31, 2020 Three Months Ended March 31, Texas East West Sunset 2021 2020 2021 2020 2021 2020 2021 2020 Operating revenues: Electricity sales $ 700 $ 260 $ 335 $ 195 $ 85 $ 74 $ 245 $ 181 Capacity revenue from ISO/RTO — — (4) 3 — — 39 42 Sales to affiliates 924 398 428 482 1 1 99 72 Rolloff of unrealized net gains (losses) representing positions settled in the current period (26) (41) 55 74 (5) (10) (52) (75) Unrealized net gains (losses) on hedging activities 158 175 (7) (72) (48) 17 (13) 132 Unrealized net gains (losses) on hedging activities with affiliates (673) 69 (83) 52 — — (34) (2) Other revenues — — — — — — (5) (4) Operating revenues 1,083 861 724 734 33 82 279 346 Fuel, purchased power costs and delivery fees: Fuel for generation facilities and purchased power costs (1,672) (212) (459) (358) (48) (46) (192) (125) Fuel for generation facilities and purchased power costs from affiliates — 2 — (3) — — (1) 1 Unrealized (gains) losses from hedging activities 19 (22) 15 (16) — (19) 7 (16) Ancillary and other costs (1,665) (35) (10) (10) — — (1) (2) Fuel, purchased power costs and delivery fees (3,318) (267) (454) (387) (48) (65) (187) (142) Net income (loss) $ (2,518) $ 273 $ 1 $ 65 $ (31) $ 4 $ (43) $ (25) Adjusted EBITDA $ (1,352) $ 223 $ 220 $ 238 $ 24 $ 21 $ 82 $ 63 Production volumes (GWh): Natural gas facilities 6,847 8,861 13,878 13,148 1,262 1,526 Lignite and coal facilities 5,892 5,479 8,533 5,778 Nuclear facilities 5,210 5,224 Solar/Battery facilities 96 79 Capacity factors: CCGT facilities 38.5 % 51.0 % 59.6 % 56.2 % 57.3 % 69.3 % Lignite and coal facilities 70.9 % 65.9 % 54.4 % 36.8 % Nuclear facilities 104.9 % 105.1 % Weather - percent of normal (a): Cooling degree days 59.7 % 160.9 % — % — % 37.6 % 59.8 % — % — % Heating degree days 121.7 % 78.0 % 96.4 % 83.6 % 110.3 % 96.0 % 94.7 % 84.0 % ____________ (a) Reflects cooling degree days or heating degree days for the region based on Weather Services International (WSI) data.",489,,,,,,,,,,,,,filing,10-Q Q1 2021 — Item 2. MANAGEMENT'S DISCUSSION AND ANALYSIS OF FINANCIAL CONDITION AND RESULTS OF OPERATIONS,
unpaired_actual,VST,2021,,,,,,,,share_repurchases,Share repurchases,,consolidated,,,,Q1 FY2021,The change was primarily driven by: • $1.0 billion in cash received from the issuance of term loans under the Term Loan A Facility in March 2021; • $500 million in cash received from the sale of a portion of the PJM capacity that cleared for Planning Years 2021-2022 in March 2021; • net borrowings of $425 million under the accounts receivable financing facilities in 2021; • net borrowings of $300 million under the Revolving Credit Facility in 2021; • repayment of $100 million of term loans under the Vistra Operations Credit Facility in March 2020; and • redemption of $81 million principal amount of outstanding of 8.000% senior notes in January 2020; partially offset by: • net borrowings of $350 million under the Revolving Credit Facility in 2020; and • $175 million in cash paid for share repurchases in 2021.,$1.0 billion,,,,,,,,,,,,,filing,10-Q Q1 2021 — Item 2. MANAGEMENT'S DISCUSSION AND ANALYSIS OF FINANCIAL CONDITION AND RESULTS OF OPERATIONS,
unpaired_actual,VST,2021,,,,,,,,dividend,Dividend,,consolidated,,,,Q1 FY2021,"The $49 million decrease in available liquidity for the three months ended March 31, 2021 was primarily driven by cash used in operations, $192 million of capital expenditures (including LTSA prepayments, nuclear fuel and development and growth expenditures), $175 million in cash paid for share repurchases and $74 million in dividends paid to stockholders, partially offset by $1.0 billion in cash received from the issuance of term loans under the Term Loan A Facility, $500 million in cash received from the sale of a portion of the PJM capacity that cleared for Planning Years 2021-2022, $425 million in net cash borrowings under the accounts receivable financing facilities, $300 million in net cash borrowings under the Revolving Credit Facility.",$49 million,,,,,,,,,,,,,filing,10-Q Q1 2021 — Item 2. MANAGEMENT'S DISCUSSION AND ANALYSIS OF FINANCIAL CONDITION AND RESULTS OF OPERATIONS,
unpaired_actual,VST,2021,,,,,,,,operating_income,Operating income,,consolidated,,,,Q1 FY2021,"Balance 2021 2022 Texas: Nuclear/Renewable/Coal Generation: $2.50/MWh increase in power price $ 7 $ 45 Nuclear/Renewable/Coal Generation: $2.50/MWh decrease in power price $ (5) $ (42) Gas Generation: $1.00/MWh increase in spark spread $ 7 $ 33 Gas Generation: $1.00/MWh decrease in spark spread $ (5) $ (30) Residual Natural Gas Position: $0.25/MMBtu increase in natural gas price $ — $ 6 Residual Natural Gas Position: $0.25/MMBtu decrease in natural gas price $ (7) $ (16) East: Gas Generation: $1.00/MWh increase in spark spread $ 4 $ 32 Gas Generation: $1.00/MWh decrease in spark spread $ (1) $ (29) Residual Natural Gas Position: $0.25/MMBtu increase in natural gas price $ (1) $ 4 Residual Natural Gas Position: $0.25/MMBtu decrease in natural gas price $ 1 $ (4) West: Gas Generation: $1.00/MWh increase in spark spread $ — $ 3 Gas Generation: $1.00/MWh decrease in spark spread $ — $ (3) Residual Natural Gas Position: $0.25/MMBtu increase in natural gas price $ — $ 1 Residual Natural Gas Position: $0.25/MMBtu decrease in natural gas price $ — $ (1) Sunset: Coal Generation: $2.50/MWh increase in power price $ 4 $ 34 Coal Generation: $2.50/MWh decrease in power price $ — $ (28) 46 Table of Contents RESULTS OF OPERATIONS Consolidated Financial Results — Three Months Ended March 31, 2021 Compared to Three Months Ended March 31, 2020 Three Months Ended March 31, Favorable (Unfavorable) $ Change 2021 2020 Operating revenues $ 3,207 $ 2,858 $ 349 Fuel, purchased power costs and delivery fees (4,745) (1,333) (3,412) Operating costs (371) (379) 8 Depreciation and amortization (423) (419) (4) Selling, general and administrative expenses (251) (252) 1 Impairment of long-lived assets — (84) 84 Operating income (loss) (2,583) 391 (2,974) Other income 55 7 48 Other deductions (5) (31) 26 Interest expense and related charges (29) (300) 271 Impacts of Tax Receivable Agreement 37 (8) 45 Equity in earnings of unconsolidated investment — 3 (3) Income (loss) before income taxes (2,525) 62 (2,587) Income tax (expense) benefit 485 (17) 502 Net income (loss) $ (2,040) $ 45 $ (2,085) Three Months Ended March 31, 2021 Retail Texas East West Sunset Asset Closure Eliminations / Corporate and Other Vistra Consolidated Operating revenues $ 1,750 $ 1,083 $ 724 $ 33 $ 279 $ — $ (662) $ 3,207 Fuel, purchased power costs and delivery fees (1,400) (3,318) (454) (48) (187) — 662 (4,745) Operating costs (31) (179) (54) (7) (93) (7) — (371) Depreciation and amortization (53) (124) (196) (5) (29) — (16) (423) Selling, general and administrative expenses (172) (18) (18) (8) (14) (9) (12) (251) Operating income (loss) 94 (2,556) 2 (35) (44) (16) (28) (2,583) Other income — 37 — — 1 16 1 55 Other deductions (4) (2) — — 1 — — (5) Interest expense and related charges (2) 3 (1) 4 (1) — (32) (29) Impacts of Tax Receivable Agreement — — — — — — 37 37 Income (loss) before income taxes 88 (2,518) 1 (31) (43) — (22) (2,525) Income tax benefit — — — — — — 485 485 Net income (loss) $ 88 $ (2,518) $ 1 $ (31) $ (43) $ — $ 463 $ (2,040) 47 Table of Contents Three Months Ended March 31, 2020 Retail Texas East West Sunset Asset Closure Eliminations / Corporate and Other Vistra Consolidated Operating revenues $ 1,908 $ 861 $ 734 $ 82 $ 346 $ — $ (1,073) $ 2,858 Fuel, purchased power costs and delivery fees (1,545) (267) (387) (65) (142) — 1,073 (1,333) Operating costs (30) (189) (54) (5) (90) (10) (1) (379) Depreciation and amortization (80) (113) (168) (5) (39) — (14) (419) Selling, general and administrative expenses (154) (20) (33) (4) (18) (7) (16) (252) Impairment of long-lived assets — — — — (84) — — (84) Operating income (loss) 99 272 92 3 (27) (17) (31) 391 Other income — 1 — — 3 — 3 7 Other deductions — (2) (28) — — (1) — (31) Interest expense and related charges (4) 2 (2) 1 (1) — (296) (300) Impacts of Tax Receivable Agreement — — — — — — (8) (8) Equity in earnings of unconsolidated investment — — 3 — — — — 3 Income (loss) before income taxes 95 273 65 4 (25) (18) (332) 62 Income tax expense — — — — — — (17) (17) Net income (loss) $ 95 $ 273 $ 65 $ 4 $ (25) $ (18) $ (349) $ 45 Consolidated results decreased $2.085 billion to a net loss of $2.040 billion in the three months ended March 31, 2021 compared to the three months ended March 31, 2020.",$2.50,,,,,,,,,,,,,filing,10-Q Q1 2021 — Item 2. MANAGEMENT'S DISCUSSION AND ANALYSIS OF FINANCIAL CONDITION AND RESULTS OF OPERATIONS,
unpaired_actual,VST,2021,,,,,,,,share_repurchases,Share repurchases,,consolidated,,,,Q1 FY2021,"The actual timing, number and value of shares repurchased under the Share Repurchase Program or otherwise will be determined at our discretion and will depend on a number of factors, including our capital allocation priorities, the market price of our stock, general market and economic conditions, applicable legal requirements and compliance with the terms of our debt agreements.",,,,,,,,,,,,,,filing,10-Q Q1 2021 — Item 2. UNREGISTERED SALES OF EQUITY SECURITIES AND USE OF PROCEEDS,
unpaired_actual,VST,2021,,,,,,,,operating_income,Operating income,,consolidated,,,,Q2 FY2021,"VISTRA CORP. CONDENSED CONSOLIDATED STATEMENTS OF OPERATIONS (Unaudited) (Millions of Dollars, Except Per Share Amounts) Three Months Ended June 30, Six Months Ended June 30, 2021 2020 2021 2020 Operating revenues (Note 4) $ 2,565 $ 2,509 $ 5,772 $ 5,367 Fuel, purchased power costs and delivery fees ( 1,320 ) ( 1,029 ) ( 6,065 ) ( 2,362 ) Operating costs ( 429 ) ( 412 ) ( 801 ) ( 792 ) Depreciation and amortization ( 464 ) ( 455 ) ( 887 ) ( 875 ) Selling, general and administrative expenses ( 252 ) ( 236 ) ( 502 ) ( 488 ) Impairment of long-lived assets (Note 17) ( 38 ) — ( 38 ) ( 84 ) Operating income (loss) 62 377 ( 2,521 ) 766 Other income (Note 17) 36 5 92 12 Other deductions (Note 17) ( 2 ) ( 4 ) ( 7 ) ( 35 ) Interest expense and related charges (Note 17) ( 135 ) ( 141 ) ( 164 ) ( 440 ) Impacts of Tax Receivable Agreement (Note 7) ( 41 ) ( 6 ) ( 4 ) ( 14 ) Equity in earnings of unconsolidated investment — 1 — 4 Income (loss) before income taxes ( 80 ) 232 ( 2,604 ) 293 Income tax (expense) benefit (Note 6) 115 ( 68 ) 600 ( 84 ) Net income (loss) $ 35 $ 164 $ ( 2,004 ) $ 209 Net (income) loss attributable to noncontrolling interest 1 2 ( 2 ) 13 Net income (loss) attributable to Vistra $ 36 $ 166 $ ( 2,006 ) $ 222 Weighted average shares of common stock outstanding: Basic 486,022,633 488,680,442 485,364,606 488,312,503 Diluted 487,366,226 490,468,735 485,364,606 490,709,932 Net income (loss) per weighted average share of common stock outstanding: Basic $ 0.07 $ 0.34 $ ( 4.13 ) $ 0.45 Diluted $ 0.07 $ 0.34 $ ( 4.13 ) $ 0.45 See Notes to the Condensed Consolidated Financial Statements.","30,",,,,,,,,,,,,,filing,10-Q Q2 2021 — Item 1. FINANCIAL STATEMENTS — Consolidated Financial Statements,
unpaired_actual,VST,2021,,,,,,,,dividend,Dividend,,consolidated,,,,Q2 FY2021,"1 Table of Contents VISTRA CORP. CONDENSED CONSOLIDATED STATEMENTS OF CASH FLOWS (Unaudited) (Millions of Dollars) Six Months Ended June 30, 2021 2020 Cash flows — operating activities: Net income (loss) $ ( 2,004 ) $ 209 Adjustments to reconcile net income (loss) to cash provided by (used in) operating activities: Depreciation and amortization 969 1,022 Deferred income tax expense (benefit), net ( 626 ) 73 Impairment of long-lived assets (Note 17) 38 84 Loss on disposal of investment in NELP (Note 17) — 29 Unrealized net (gain) loss from mark-to-market valuations of commodities 182 ( 123 ) Unrealized net (gain) loss from mark-to-market valuations of interest rate swaps ( 79 ) 192 Asset retirement obligation accretion expense 19 23 Impacts of Tax Receivable Agreement (Note 7) 4 14 Stock-based compensation 25 30 Other, net 56 55 Changes in operating assets and liabilities: Margin deposits, net ( 240 ) 58 Accrued interest 8 ( 6 ) Accrued taxes ( 75 ) ( 59 ) Accrued employee incentive ( 107 ) ( 70 ) Other operating assets and liabilities 773 ( 222 ) Cash provided by (used in) operating activities ( 1,057 ) 1,309 Cash flows — investing activities: Capital expenditures, including nuclear fuel purchases and LTSA prepayments ( 546 ) ( 588 ) Proceeds from sales of nuclear decommissioning trust fund securities (Note 17) 267 224 Investments in nuclear decommissioning trust fund securities (Note 17) ( 277 ) ( 234 ) Proceeds from sales of environmental allowances 64 88 Purchases of environmental allowances ( 173 ) ( 173 ) Insurance proceeds 63 15 Other, net 27 15 Cash used in investing activities ( 575 ) ( 653 ) Cash flows — financing activities: Issuances of long-term debt (Note 10) 1,250 — Borrowings under Term Loan A (Note 10) 1,250 — Repayment under Term Loan A (Note 10) ( 1,250 ) — Proceeds from forward capacity agreement (Note 10) 500 — Repayments/repurchases of debt (Note 10) ( 101 ) ( 756 ) Net borrowings under accounts receivable financing (Note 9) 361 — Borrowings under Revolving Credit Facility (Note 10) 1,300 925 Repayments under Revolving Credit Facility (Note 10) ( 1,300 ) ( 725 ) Share repurchases (Note 12) ( 175 ) — Dividends paid to stockholders (Note 12) ( 147 ) ( 132 ) Debt tender offer and other financing fees (Note 10) ( 13 ) ( 10 ) Other, net ( 4 ) — Cash provided by (used in) financing activities 1,671 ( 698 ) 2 Table of Contents VISTRA CORP. CONDENSED CONSOLIDATED STATEMENTS OF CASH FLOWS (Unaudited) (Millions of Dollars) Six Months Ended June 30, 2021 2020 Net change in cash, cash equivalents and restricted cash 39 ( 42 ) Cash, cash equivalents and restricted cash — beginning balance 444 475 Cash, cash equivalents and restricted cash — ending balance $ 483 $ 433 See Notes to the Condensed Consolidated Financial Statements.",1,,,,,,,,,,,,,filing,10-Q Q2 2021 — Item 1. FINANCIAL STATEMENTS — Consolidated Financial Statements,
unpaired_actual,VST,2021,,,,,,,,capacity,Capacity,,consolidated,,,,Q2 FY2021,"On the Merger Date, the Company assumed the obligation of Dynegy's agreements under which a portion of the PJM capacity that cleared for Planning Years 2018-2019, 2019-2020 and 2020-2021 was sold to a financial institution (Legacy Forward Capacity Agreements, and, together with the 2021-2022 Forward Capacity Agreement, the Forward Capacity Agreements).",,,,,,,,,,,,,,filing,10-Q Q2 2021 — Item 1. FINANCIAL STATEMENTS — Consolidated Financial Statements,
unpaired_actual,VST,2021,,,,,,,,capacity,Capacity,,consolidated,,,,Q2 FY2021,"In May 2021, the final capacity payment from PJM during the Planning Years 2020-2021 was paid, and the terms of the Legacy Forward Capacity were fulfilled.","2021,",,,,,,,,,,,,,filing,10-Q Q2 2021 — Item 1. FINANCIAL STATEMENTS — Consolidated Financial Statements,
unpaired_actual,VST,2021,,,,,,,,revenue,Revenue,,consolidated,,,,Q2 FY2021,"Use of Estimates Preparation of financial statements requires estimates and assumptions about future events that affect the reporting of assets and liabilities at the balance sheet dates and the reported amounts of revenue and expense, including fair value measurements, estimates of expected obligations, judgments related to the potential timing of events and other estimates.",,,,,,,,,,,,,,filing,10-Q Q2 2021 — Item 1. FINANCIAL STATEMENTS — Consolidated Financial Statements,
unpaired_actual,VST,2021,,,,,,,,capacity,Capacity,,consolidated,,,,Q2 FY2021,The contract was amended to increase the capacity of the planned development to a 36.25 MW battery ESS.,36.25,,,,,,,,,,,,,filing,10-Q Q2 2021 — Item 1. FINANCIAL STATEMENTS — Consolidated Financial Statements,
unpaired_actual,VST,2021,,,,,,,,share_repurchases,Share repurchases,,consolidated,,,,Q2 FY2021,"The actual timing, number and value of shares repurchased under the Share Repurchase Program or otherwise will be determined at our discretion and will depend on a number of factors, including our capital allocation priorities, the market price of our stock, general market and economic conditions, applicable legal requirements and compliance with the terms of our debt agreements.",,,,,,,,,,,,,,filing,10-Q Q2 2021 — Item 1. FINANCIAL STATEMENTS — Consolidated Financial Statements,
unpaired_actual,VST,2021,,,,,,,,share_repurchases,Share repurchases,,consolidated,,,,Q2 FY2021,"In the six months ended June 30, 2021, 8,658,153 shares of our common stock were repurchased under the Share Repurchase Program for approximately $ 175 million (including related fees and expenses) at an average price of $ 20.21 per share of common stock.","8,658,153",,,,,,,,,,,,,filing,10-Q Q2 2021 — Item 1. FINANCIAL STATEMENTS — Consolidated Financial Statements,
unpaired_actual,VST,2021,,,,,,,,share_repurchases,Share repurchases,,consolidated,,,,Q2 FY2021,"As of June 30, 2021, approximately $ 1.325 billion was available for additional repurchases under the Share Repurchase Program.",approximately $ 1.325 billion,,,,,,,,,,,,,filing,10-Q Q2 2021 — Item 1. FINANCIAL STATEMENTS — Consolidated Financial Statements,
unpaired_actual,VST,2021,,,,,,,,deliveries,Deliveries,,consolidated,,,,Q2 FY2021,"Derivative (condensed consolidated statements of operations presentation) Three Months Ended June 30, Six Months Ended June 30, 2021 2020 2021 2020 Commodity contracts (Operating revenues) $ ( 183 ) $ 6 $ ( 98 ) $ 263 Commodity contracts (Fuel, purchased power costs and delivery fees) 74 48 115 ( 58 ) Interest rate swaps (Interest expense and related charges) ( 22 ) ( 29 ) 53 ( 207 ) Net gain (loss) $ ( 131 ) $ 25 $ 70 $ ( 2 ) Balance Sheet Presentation of Derivatives We elect to report derivative assets and liabilities in our condensed consolidated balance sheets on a gross basis without taking into consideration netting arrangements we have with counterparties to those derivatives.","30,",,,,,,,,,,,,,filing,10-Q Q2 2021 — Item 1. FINANCIAL STATEMENTS — Consolidated Financial Statements,
unpaired_actual,VST,2021,,,,,,,,operating_income,Operating income,,segment:retail,,,,Q2 FY2021,"38 Table of Contents Three months ended Retail Texas East West Sunset Asset Closure Corporate and Other (b) Eliminations Consolidated Operating revenues (a): June 30, 2021 $ 1,919 $ ( 468 ) $ 505 $ 48 $ ( 48 ) $ — $ — $ 609 $ 2,565 June 30, 2020 1,956 841 465 45 221 2 — ( 1,021 ) 2,509 Depreciation and amortization: June 30, 2021 $ ( 54 ) $ ( 159 ) $ ( 193 ) $ ( 10 ) $ ( 30 ) $ — $ ( 18 ) $ — $ ( 464 ) June 30, 2020 ( 82 ) ( 120 ) ( 192 ) ( 5 ) ( 39 ) ( 1 ) ( 16 ) — ( 455 ) Operating income (loss): June 30, 2021 $ 1,811 $ ( 1,167 ) $ ( 95 ) $ ( 18 ) $ ( 427 ) $ ( 16 ) $ ( 26 ) $ — $ 62 June 30, 2020 232 305 ( 49 ) 14 ( 76 ) ( 14 ) ( 35 ) — 377 Net income (loss): June 30, 2021 $ 1,810 $ ( 1,138 ) $ ( 100 ) $ ( 13 ) $ ( 424 ) $ ( 14 ) $ ( 86 ) $ — $ 35 June 30, 2020 229 306 ( 49 ) 16 ( 76 ) ( 12 ) ( 250 ) — 164 Six Months ended Retail Texas East West Sunset Asset Closure Corporate and Other (b) Eliminations Consolidated Operating revenues (a): June 30, 2021 $ 3,669 $ 615 $ 1,230 $ 81 $ 230 $ — $ — $ ( 53 ) $ 5,772 June 30, 2020 3,864 1,702 1,189 127 578 2 — ( 2,095 ) 5,367 Depreciation and amortization: June 30, 2021 $ ( 107 ) $ ( 283 ) $ ( 389 ) $ ( 15 ) $ ( 59 ) $ — $ ( 34 ) $ — $ ( 887 ) June 30, 2020 ( 162 ) ( 233 ) ( 360 ) ( 9 ) ( 79 ) ( 1 ) ( 31 ) — ( 875 ) Operating income (loss): June 30, 2021 $ 1,905 $ ( 3,723 ) $ ( 92 ) $ ( 52 ) $ ( 472 ) $ ( 32 ) $ ( 55 ) $ — $ ( 2,521 ) June 30, 2020 329 574 34 17 ( 92 ) ( 30 ) ( 66 ) — 766 Net income (loss): June 30, 2021 $ 1,898 $ ( 3,656 ) $ ( 99 ) $ ( 44 ) $ ( 467 ) $ ( 13 ) $ 377 $ — $ ( 2,004 ) June 30, 2020 323 577 6 20 ( 89 ) ( 29 ) ( 599 ) — 209 Capital expenditures, including nuclear fuel and excluding LTSA prepayments and development and growth expenditures: June 30, 2021 $ — $ 142 $ 26 $ 2 $ 15 $ — $ 21 $ — $ 206 June 30, 2020 1 122 67 — 28 — 41 — 259 ___________ (a) The following unrealized net gains (losses) from mark-to-market valuations of commodity positions are included in operating revenues: (b) Three months ended Retail Texas East West Sunset Asset Closure Corporate and Other Eliminations (1) Consolidated June 30, 2021 $ ( 18 ) $ ( 1,116 ) $ ( 148 ) $ ( 35 ) $ ( 362 ) $ — $ — $ 1,336 $ ( 343 ) June 30, 2020 ( 5 ) 180 ( 68 ) ( 8 ) ( 94 ) — — ( 74 ) $ ( 69 ) Six Months ended Retail Texas East West Sunset Asset Closure Corporate and Other Eliminations (1) Consolidated June 30, 2021 $ ( 22 ) $ ( 1,657 ) $ ( 183 ) $ ( 88 ) $ ( 461 ) $ — $ — $ 2,126 $ ( 285 ) June 30, 2020 ( 5 ) 383 ( 13 ) ( 1 ) ( 40 ) — — ( 193 ) $ 131 ____________ (1) Amounts offset in fuel, purchased power costs and delivery fees in the Retail segment, with no impact to consolidated results.",38,,,,,,,,,,,,,filing,10-Q Q2 2021 — Item 1. FINANCIAL STATEMENTS — Consolidated Financial Statements,
unpaired_actual,VST,2021,,,,,,,,capacity,Capacity,,consolidated,,,,Q2 FY2021,"Both impairment losses were as a result of a significant decrease in the estimated useful life of the facilities, reflecting a decrease in the economic forecast of the facility and the inability to secure capacity revenues for the plant in the latest PJM capacity auction held in May 2021 for Zimmer.",2021,,,,,,,,,,,,,filing,10-Q Q2 2021 — Item 1. FINANCIAL STATEMENTS — Consolidated Financial Statements,
unpaired_actual,VST,2021,,,,,,,,capacity,Capacity,,consolidated,,,,Q2 FY2021,"In the first quarter of 2020, we also recorded a $ 32 million impairment to a capacity contract which was linked in part to the Joppa/EEI facility and therefore determined to have a significant decrease in estimated useful life.",$ 32 million,,,,,,,,,,,,,filing,10-Q Q2 2021 — Item 1. FINANCIAL STATEMENTS — Consolidated Financial Statements,
unpaired_actual,VST,2021,,,,,,,,bad_debt_expense,Bad debt expense,,consolidated,,,,Q2 FY2021,"Allowance for Uncollectible Accounts Receivable Six Months Ended June 30, 2021 2020 Allowance for uncollectible accounts receivable at beginning of period $ 45 $ 42 Increase for bad debt expense 55 45 Decrease for account write-offs ( 49 ) ( 49 ) Allowance for uncollectible accounts receivable at end of period $ 51 $ 38 Inventories by Major Category June 30, 2021 December 31, 2020 Materials and supplies $ 257 $ 260 Fuel stock 202 236 Natural gas in storage 27 19 Total inventories $ 486 $ 515 Investments June 30, 2021 December 31, 2020 Nuclear plant decommissioning trust $ 1,824 $ 1,674 Assets related to employee benefit plans 42 41 Land 44 44 Miscellaneous other 2 — Total investments $ 1,912 $ 1,759 41 Table of Contents Nuclear Decommissioning Trust Investments in a trust that will be used to fund the costs to decommission the Comanche Peak nuclear generation plant are carried at fair value.",$ 45,,,,,,,,,,,,,filing,10-Q Q2 2021 — Item 1. FINANCIAL STATEMENTS — Consolidated Financial Statements,
unpaired_actual,VST,2021,,,,,,,,deliveries,Deliveries,,consolidated,,,,Q2 FY2021,"Income and expense, including gains and losses associated with the trust fund assets and the decommissioning liability are offset by a corresponding change in a regulatory asset/liability (currently a regulatory liability reported in other noncurrent liabilities and deferred credits) that will ultimately be settled through changes in Oncor's delivery fees rates.",,,,,,,,,,,,,,filing,10-Q Q2 2021 — Item 1. FINANCIAL STATEMENTS — Consolidated Financial Statements,
unpaired_actual,VST,2021,,,,,,,,revenue,Revenue,,consolidated,,,,Q2 FY2021,"Three Months Ended June 30, Six Months Ended June 30, 2021 2020 2021 2020 Proceeds from sales of securities $ 134 $ 149 $ 267 $ 224 Investments in securities $ ( 139 ) $ ( 154 ) $ ( 277 ) $ ( 234 ) Property, Plant and Equipment June 30, 2021 December 31, 2020 Power generation and structures $ 15,894 $ 15,222 Land 615 617 Office and other equipment 176 173 Total 16,685 16,012 Less accumulated depreciation ( 4,204 ) ( 3,614 ) Net of accumulated depreciation 12,481 12,398 Finance lease right-of-use assets (net of accumulated depreciation) 177 182 Nuclear fuel (net of accumulated amortization of $ 131 million and $ 91 million) 200 207 Construction work in progress 469 712 Property, plant and equipment — net $ 13,327 $ 13,499 Depreciation expenses totaled $ 394 million and $ 356 million for the three months ended June 30, 2021 and 2020, respectively, and $ 749 million and $ 685 million for six months ended June 30, 2021 and 2020, respectively .","30,",,,,,,,,,,,,,filing,10-Q Q2 2021 — Item 1. FINANCIAL STATEMENTS — Consolidated Financial Statements,
unpaired_actual,VST,2021,,,,,,,,deliveries,Deliveries,,consolidated,,,,Q2 FY2021,"Since the costs to ultimately decommission that plant are recoverable through the regulatory rate making process as part of Oncor's delivery fees, a corresponding regulatory liability has been recorded to our condensed consolidated balance sheet of $ 214 million in other noncurrent liabilities and deferred credits.",$ 214 million,,,,,,,,,,,,,filing,10-Q Q2 2021 — Item 1. FINANCIAL STATEMENTS — Consolidated Financial Statements,
unpaired_actual,VST,2021,,,,,,,,adjusted_ebitda,Adjusted EBITDA,,consolidated,,,,Q2 FY2021,"Net income increased by $1.581 billion to $1.810 billion and Adjusted EBITDA increased by $109 million to $510 million in the three months ended June 30, 2021 compared to the three months ended June 30, 2020.",$1.581 billion,,,,,,,,,,,,,filing,10-Q Q2 2021 — Item 2. MANAGEMENT'S DISCUSSION AND ANALYSIS OF FINANCIAL CONDITION AND RESULTS OF OPERATIONS,
unpaired_actual,VST,2021,,,,,,,,adjusted_ebitda,Adjusted EBITDA,,consolidated,,,,Q2 FY2021,"Net income increased by $1.575 billion to $1.898 billion and Adjusted EBITDA decreased by $402 million to $310 million in the six months ended June 30, 2021 compared to the six months ended June 30, 2020.",$1.575 billion,,,,,,,,,,,,,filing,10-Q Q2 2021 — Item 2. MANAGEMENT'S DISCUSSION AND ANALYSIS OF FINANCIAL CONDITION AND RESULTS OF OPERATIONS,
unpaired_actual,VST,2021,,,,,,,,share_repurchases,Share repurchases,,consolidated,,,,Q2 FY2021,The change was primarily driven by: • the issuance of $1.250 billion principal amount of Vistra Operations senior unsecured notes in May 2021; • redemption of $581 million principal amount of outstanding of Vistra unsecured senior notes in 2020; • $500 million in cash received from the sale of a portion of the PJM capacity that cleared for Planning Years 2021-2022 in March 2021; • net borrowings of $361 million under the accounts receivable financing facilities in 2021; • repayment of $100 million of term loans under the Vistra Operations Credit Facility in March 2020; partially offset by: • net borrowings of $200 million under the Revolving Credit Facility in 2020; and • $175 million in cash paid for share repurchases in 2021.,$1.250 billion,,,,,,,,,,,,,filing,10-Q Q2 2021 — Item 2. MANAGEMENT'S DISCUSSION AND ANALYSIS OF FINANCIAL CONDITION AND RESULTS OF OPERATIONS,
unpaired_actual,VST,2021,,,,,,,,dividend,Dividend,,consolidated,,,,Q2 FY2021,"The $62 million decrease in available liquidity for the six months ended June 30, 2021 was primarily driven by cash used in operations, $546 million of capital expenditures (including LTSA prepayments, nuclear fuel and development and growth expenditures), $175 million in cash paid for share repurchases, $147 million in dividends paid to stockholders and a $95 million increase in letters of credit outstanding under the Revolving Credit Facility, partially offset by cash received from the issuance of $1.250 billion principal amount of Vistra Operations senior unsecured notes in May 2021, $500 million in cash received from the sale of a portion of the PJM capacity that cleared for Planning Years 2021-2022 and $361 million in net cash borrowings under the accounts receivable financing facilities.",$62 million,,,,,,,,,,,,,filing,10-Q Q2 2021 — Item 2. MANAGEMENT'S DISCUSSION AND ANALYSIS OF FINANCIAL CONDITION AND RESULTS OF OPERATIONS,
unpaired_actual,VST,2021,,,,,,,,operating_income,Operating income,,consolidated,,,,Q2 FY2021,"Balance 2021 2022 Texas: Nuclear/Renewable/Coal Generation: $2.50/MWh increase in power price $ 4 $ 30 Nuclear/Renewable/Coal Generation: $2.50/MWh decrease in power price $ (3) $ (28) Gas Generation: $1.00/MWh increase in spark spread $ 4 $ 34 Gas Generation: $1.00/MWh decrease in spark spread $ (3) $ (32) Residual Natural Gas Position: $0.25/MMBtu increase in natural gas price $ 2 $ (32) Residual Natural Gas Position: $0.25/MMBtu decrease in natural gas price $ (4) $ 25 East: Gas Generation: $1.00/MWh increase in spark spread $ 1 $ 15 Gas Generation: $1.00/MWh decrease in spark spread $ — $ (12) Residual Natural Gas Position: $0.25/MMBtu increase in natural gas price $ (3) $ (7) Residual Natural Gas Position: $0.25/MMBtu decrease in natural gas price $ 3 $ 7 West: Gas Generation: $1.00/MWh increase in spark spread $ — $ 2 Gas Generation: $1.00/MWh decrease in spark spread $ — $ (2) Sunset: Coal Generation: $2.50/MWh increase in power price $ 3 $ 17 Coal Generation: $2.50/MWh decrease in power price $ (2) $ (13) Residual Natural Gas Position: $0.25/MMBtu increase in natural gas price $ — $ (1) Residual Natural Gas Position: $0.25/MMBtu decrease in natural gas price $ — $ 1 PJM Auction Results In June 2021, Vistra reported its results from PJM's Reliability Pricing Model (RPM) auction results for planning year 2022-2023, and the table below lists clearing price per MW-day and our cleared capacity volumes by zone: Clearing Price per MW-day East Segment MW Cleared Sunset Segment MW Cleared Total MW Cleared RTO zone $ 50.00 2,967 — 2,967 ComEd zone $ 68.96 1,255 649 1,904 DEOK zone $ 71.69 99 870 969 MAAC zone $ 95.79 548 — 548 EMAAC zone $ 97.86 831 — 831 ATSI zone $ 50.00 — — — Total $ 66.90 5,700 1,519 7,219 Our capacity sales in PJM, net of purchases, for planning year 2022-2023, are as follows: East Segment Sunset Segment Total CP auction capacity sold, net (MW) 5,700 1,519 7,219 Bilateral capacity sold, net (MW) 325 — 325 Total segment capacity sold, net (MW) 6,025 1,519 7,544 Average price per MW-day $ 69.45 $ 70.52 $ 69.66 49 Table of Contents RESULTS OF OPERATIONS Consolidated Financial Results — Three and Six Months Ended June 30, 2021 Compared to Three and Six Months Ended June 30, 2020 Three Months Ended June 30, Favorable (Unfavorable) $ Change Six Months Ended June 30, Favorable (Unfavorable) $ Change 2021 2020 2021 2020 Operating revenues $ 2,565 $ 2,509 $ 56 $ 5,772 $ 5,367 $ 405 Fuel, purchased power costs and delivery fees (1,320) (1,029) (291) (6,065) (2,362) (3,703) Operating costs (429) (412) (17) (801) (792) (9) Depreciation and amortization (464) (455) (9) (887) (875) (12) Selling, general and administrative expenses (252) (236) (16) (502) (488) (14) Impairment of long-lived assets (38) — (38) (38) (84) 46 Operating income (loss) 62 377 (315) (2,521) 766 (3,287) Other income 36 5 31 92 12 80 Other deductions (2) (4) 2 (7) (35) 28 Interest expense and related charges (135) (141) 6 (164) (440) 276 Impacts of Tax Receivable Agreement (41) (6) (35) (4) (14) 10 Equity in earnings of unconsolidated investment — 1 (1) — 4 (4) Income (loss) before income taxes (80) 232 (312) (2,604) 293 (2,897) Income tax (expense) benefit 115 (68) 183 600 (84) 684 Net income (loss) $ 35 $ 164 $ (129) $ (2,004) $ 209 $ (2,213) Three Months Ended June 30, 2021 Retail Texas East West Sunset Asset Closure Eliminations / Corporate and Other Vistra Consolidated Operating revenues $ 1,919 $ (468) $ 505 $ 48 $ (48) $ — $ 609 $ 2,565 Fuel, purchased power costs and delivery fees 150 (333) (319) (38) (171) — (609) (1,320) Operating costs (29) (184) (69) (10) (126) (11) — (429) Depreciation and amortization (54) (159) (193) (10) (30) — (18) (464) Selling, general and administrative expenses (175) (23) (19) (8) (14) (5) (8) (252) Impairment of long-lived assets — — — — (38) — — (38) Operating income (loss) 1,811 (1,167) (95) (18) (427) (16) (26) 62 Other income 1 27 — — 3 2 3 36 Other deductions — (2) — — — — — (2) Interest expense and related charges (2) 4 (5) 5 — — (137) (135) Impacts of Tax Receivable Agreement — — — — — — (41) (41) Income (loss) before income taxes 1,810 (1,138) (100) (13) (424) (14) (201) (80) Income tax benefit — — — — — — 115 115 Net income (loss) $ 1,810 $ (1,138) $ (100) $ (13) $ (424) $ (14) $ (86) $ 35 50 Table of Contents Three Months Ended June 30, 2020 Retail Texas East West Sunset Asset Closure Eliminations / Corporate and Other Vistra Consolidated Operating revenues $ 1,956 $ 841 $ 465 $ 45 $ 221 $ 2 $ (1,021) $ 2,509 Fuel, purchased power costs and delivery fees (1,468) (207) (214) (13) (149) — 1,022 (1,029) Operating costs (28) (190) (85) (8) (90) (10) (1) (412) Depreciation and amortization (82) (120) (192) (5) (39) (1) (16) (455) Selling, general and administrative expenses (146) (19) (23) (5) (19) (5) (19) (236) Impairment of long-lived assets — — — — — — — — Operating income (loss) 232 305 (49) 14 (76) (14) (35) 377 Other income — 1 1 — 1 2 — 5 Other deductions — (2) (1) — — — (1) (4) Interest expense and related charges (3) 2 (1) 2 (1) — (140) (141) Impacts of Tax Receivable Agreement — — — — — — (6) (6) Equity in earnings of unconsolidated investment — — 1 — — — — 1 Income (loss) before income taxes 229 306 (49) 16 (76) (12) (182) 232 Income tax expense — — — — — — (68) (68) Net income (loss) $ 229 $ 306 $ (49) $ 16 $ (76) $ (12) $ (250) $ 164 Consolidated results decreased $315 million to operating income of $62 million in the three months ended June 30, 2021 compared to the three months ended June 30, 2020.",$2.50,,,,,,,,,,,,,filing,10-Q Q2 2021 — Item 2. MANAGEMENT'S DISCUSSION AND ANALYSIS OF FINANCIAL CONDITION AND RESULTS OF OPERATIONS,
unpaired_actual,VST,2021,,,,,,,,share_repurchases,Share repurchases,,consolidated,,,,Q2 FY2021,"The actual timing, number and value of shares repurchased under the Share Repurchase Program or otherwise will be determined at our discretion and will depend on a number of factors, including our capital allocation priorities, the market price of our stock, general market and economic conditions, applicable legal requirements and compliance with the terms of our debt agreements.",,,,,,,,,,,,,,filing,10-Q Q2 2021 — Item 2. UNREGISTERED SALES OF EQUITY SECURITIES AND USE OF PROCEEDS,
unpaired_actual,VST,2021,,,,,,,,adjusted_ebitda,Adjusted EBITDA,,consolidated,,,,Q2 FY2021,"In fact, with our long-term view that we will be able to generate $3 billion or more of adjusted EBITDA, with 60% to 70% conversion of free cash flow on an annual basis, we could repurchase our entire market cap in roughly five years, if we were to allocate all of this capital to share buybacks.",$3 billion,,,,,,,,,,,,,transcript,VST_Q2_2021,
unpaired_actual,VST,2021,,,,,,,,adjusted_ebitda,Adjusted EBITDA,,consolidated,,,,Q2 FY2021,"We were sitting here at 5 or 6, maybe 7 times debt-to-EBITDA, like the IPPs of the past.",5,,,,,,,,,,,,,transcript,VST_Q2_2021,
unpaired_actual,VST,2021,,,,,,,,subscribers,Subscribers / customers,,consolidated,,,,Q2 FY2021,"Given the uncertainty with COVID-19 especially, the Delta variant and the country's desire to return to normal, we have continued to prioritize the safety of our number one asset, our people, while delivering reliable and affordable power to our customers.",,,,,,,,,,,,,,transcript,VST_Q2_2021,
unpaired_actual,VST,2021,,,,,,,,adjusted_ebitda,Adjusted EBITDA,,consolidated,,,,Q2 FY2021,"Including these Uri impacts, Vistra's adjusted EBITDA from ongoing operations was $825 million.",$825 million,,,,,,,,,,,,,transcript,VST_Q2_2021,
unpaired_actual,VST,2021,,,,,,,,stores,Stores / locations,,consolidated,,,,Q2 FY2021,"As far as the sites themselves, we have both the Moss 300 and 100 which were completed and those are operating with an RA agreement from PG&E.",300,,,,,,,,,,,,,transcript,VST_Q2_2021,
unpaired_actual,VST,2021,,,,,,,,forward_price,Forward price / curve,,consolidated,,,,Q2 FY2021,"It is interesting that the recent positive movement in 2022 forward curves have brought pricing in line with Vistra's point of view, especially in ERCOT.",2022,,,,,,,,,,,,,transcript,VST_Q2_2021,
unpaired_actual,VST,2021,,,,,,,,hedge_ratio,Hedge ratio,,consolidated,,,,Q2 FY2021,"As of July 30, Vistra is now 54% and 93% hedged in ERCOT and PJM, up from 40% and 50% respectively for 2022.","30,",,,,,,,,,,,,,transcript,VST_Q2_2021,
unpaired_actual,VST,2021,,,,,,,,product_milestone,Product / strategic milestone,,consolidated,,,,Q2 FY2021,"Also available on our website are a copy of today's investor presentation, our Form 10-Q and the related press release.",10,,,,,,,,,,,,,transcript,VST_Q2_2021,
unpaired_actual,VST,2021,,,,,,,,adjusted_ebitda,Adjusted EBITDA,,consolidated,,,,Q2 FY2021,"We further offered our view that we believe 2022 Ongoing Operations adjusted EBITDA could come in line with this average consent, specifically, we noted that the average of our 2020 and 2021 Ongoing Operations adjusted EBITDA guidance midpoint was approximately $3.4 billion, which we believe could be indicative of 2022 financial performance and reflected our point of view pricing.",approximately $3.4 billion,,,,,,,,,,,,,transcript,VST_Q2_2021,
unpaired_actual,VST,2021,,,,,,,,adjusted_free_cash_flow,Adjusted free cash flow,,consolidated,,,,Q2 FY2021,"With the recent uplift in forward curves, especially in ERCOT, we continue to believe 2022 adjusted EBITDA from Ongoing Operations could be in the range of $3.4 billion, excluding the impact of the retail bill credits from Uri, with a 60% to 70% conversion to adjusted free cash flow before growth.",$3.4 billion,,,,,,,,,,,,,transcript,VST_Q2_2021,
unpaired_actual,VST,2021,,,,,,,,adjusted_ebitda,Adjusted EBITDA,,consolidated,,,,Q2 FY2021,"As shown on Slide 10, Vistra delivered strong financial results during the quarter, with adjusted EBITDA from Ongoing Operations of $825 million.","10,",,,,,,,,,,,,,transcript,VST_Q2_2021,
unpaired_actual,VST,2021,,,,,,,,adjusted_ebitda,Adjusted EBITDA,,consolidated,,,,Q2 FY2021,"Excluding the Uri related bill credits in fuel cost adjustments, Vistra's adjusted EBITDA from Ongoing Operations was $909 million.",$909 million,,,,,,,,,,,,,transcript,VST_Q2_2021,
unpaired_actual,VST,2021,,,,,,,,capacity,Capacity,,segment:generation,,,,Q2 FY2021,"The collective Generation segment ended the quarter with $213 million lower than second quarter 2020, driven primarily by lower realized prices in Texas after an exceptionally strong 2020 and lower capacity revenues.",$213 million,,,,,,,,,,,,,transcript,VST_Q2_2021,
unpaired_actual,VST,2021,,,,,,,,operating_income,Operating income,,consolidated,,,,Q3 FY2021,"VISTRA CORP. CONDENSED CONSOLIDATED STATEMENTS OF OPERATIONS (Unaudited) (Millions of Dollars, Except Per Share Amounts) Three Months Ended September 30, Nine Months Ended September 30, 2021 2020 2021 2020 Operating revenues (Note 4) $ 2,991 $ 3,552 $ 8,763 $ 8,919 Fuel, purchased power costs and delivery fees ( 1,763 ) ( 1,469 ) ( 7,827 ) ( 3,832 ) Operating costs ( 372 ) ( 457 ) ( 1,173 ) ( 1,249 ) Depreciation and amortization ( 468 ) ( 410 ) ( 1,355 ) ( 1,284 ) Selling, general and administrative expenses ( 269 ) ( 268 ) ( 771 ) ( 755 ) Impairment of long-lived assets (Note 17) — ( 272 ) ( 38 ) ( 356 ) Operating income (loss) 119 676 ( 2,401 ) 1,443 Other income (Note 17) 16 8 108 19 Other deductions (Note 17) ( 5 ) — ( 13 ) ( 35 ) Interest expense and related charges (Note 17) ( 124 ) ( 101 ) ( 288 ) ( 541 ) Impacts of Tax Receivable Agreement (Note 7) 35 58 31 44 Equity in earnings of unconsolidated investment — — — 4 Income (loss) before income taxes 41 641 ( 2,563 ) 934 Income tax (expense) benefit (Note 6) ( 31 ) ( 199 ) 569 ( 283 ) Net income (loss) $ 10 $ 442 $ ( 1,994 ) $ 651 Net (income) loss attributable to noncontrolling interest ( 3 ) 1 ( 6 ) 14 Net income (loss) attributable to Vistra $ 7 $ 443 $ ( 2,000 ) $ 665 Weighted average shares of common stock outstanding: Basic 482,516,965 488,824,580 483,150,213 488,484,441 Diluted 484,494,546 491,025,940 483,150,213 490,914,478 Net income (loss) per weighted average share of common stock outstanding: Basic $ 0.01 $ 0.91 $ ( 4.14 ) $ 1.36 Diluted $ 0.01 $ 0.90 $ ( 4.14 ) $ 1.35 See Notes to the Condensed Consolidated Financial Statements.","30,",,,,,,,,,,,,,filing,10-Q Q3 2021 — Item 1. FINANCIAL STATEMENTS — Consolidated Financial Statements,
unpaired_actual,VST,2021,,,,,,,,revenue,Revenue,,consolidated,,,,Q3 FY2021,"Nine Months Ended September 30, 2020 Retail Texas East West Sunset Asset Closure Eliminations Consolidated Revenue from contracts with customers: Retail energy charge in ERCOT $ 4,489 $ — $ — $ — $ — $ — $ — $ 4,489 Retail energy charge in Northeast/Midwest 1,862 — — — — — — 1,862 Wholesale generation revenue from ISO/RTO — 283 177 83 305 1 — 849 Capacity revenue from ISO/RTO (a) — — ( 34 ) — 124 — — 90 Revenue from other wholesale contracts — 183 508 40 146 — — 877 Total revenue from contracts with customers 6,351 466 651 123 575 1 — 8,167 Other revenues: Intangible amortization ( 1 ) — 1 — ( 16 ) — — ( 16 ) Hedging and other revenues (b) 35 529 25 85 92 2 — 768 Affiliate sales — 2,250 1,168 3 212 — ( 3,633 ) — Total other revenues 34 2,779 1,194 88 288 2 ( 3,633 ) 752 Total revenues $ 6,385 $ 3,245 $ 1,845 $ 211 $ 863 $ 3 $ ( 3,633 ) $ 8,919 ____________ (a) Represents net capacity sold (purchased) in each ISO/RTO.","$ 4,489",,,,,,,,,,,,,filing,10-Q Q3 2021 — Item 1. FINANCIAL STATEMENTS — Consolidated Financial Statements,
unpaired_actual,VST,2021,,,,,,,,deliveries,Deliveries,,consolidated,,,,Q3 FY2021,"Identifiable intangible liabilities are comprised of the following: Identifiable Intangible Liability September 30, 2021 December 31, 2020 Contractual service agreements $ 125 $ 129 Purchase and sale of power and capacity 10 87 Fuel and transportation purchase contracts 15 73 Total identifiable intangible liabilities $ 150 $ 289 12 Table of Contents Expense related to finite-lived identifiable intangible assets and liabilities (including the classification in the condensed consolidated statements of operations) consisted of: Identifiable Intangible Assets and Liabilities Condensed Consolidated Statements of Operations Three Months Ended September 30, Nine Months Ended September 30, 2021 2020 2021 2020 Retail customer relationship Depreciation and amortization $ 49 $ 62 $ 147 $ 214 Software and other technology-related assets Depreciation and amortization 20 19 58 56 Retail and wholesale contracts/purchase and sale/fuel and transportation contracts Operating revenues/fuel, purchased power costs and delivery fees 1 ( 4 ) ( 60 ) 11 Other identifiable intangible assets Operating revenues/fuel, purchased power costs and delivery fees/depreciation and amortization 91 66 196 162 Total intangible asset expense (a) $ 161 $ 143 $ 341 $ 443 ___________ (a) Amounts recorded in depreciation and amortization totaled $ 70 million and $ 82 million for the three months ended September 30, 2021 and 2020, respectively and $ 208 million and $ 272 million for the nine months ended September 30, 2021 and 2020.",$ 125,,,,,,,,,,,,,filing,10-Q Q3 2021 — Item 1. FINANCIAL STATEMENTS — Consolidated Financial Statements,
unpaired_actual,VST,2021,,,,,,,,dividend,Dividend,,consolidated,,,,Q3 FY2021,"1 Table of Contents VISTRA CORP. CONDENSED CONSOLIDATED STATEMENTS OF CASH FLOWS (Unaudited) (Millions of Dollars) Nine Months Ended September 30, 2021 2020 Cash flows — operating activities: Net income (loss) $ ( 1,994 ) $ 651 Adjustments to reconcile net income (loss) to cash provided by (used in) operating activities: Depreciation and amortization 1,551 1,512 Deferred income tax expense (benefit), net ( 587 ) 264 Impairment of long-lived assets (Note 17) 38 356 Loss on disposal of investment in NELP (Note 17) — 29 Unrealized net (gain) loss from mark-to-market valuations of commodities 771 ( 444 ) Unrealized net (gain) loss from mark-to-market valuations of interest rate swaps ( 92 ) 181 Asset retirement obligation accretion expense 27 33 Impacts of Tax Receivable Agreement (Note 7) ( 31 ) ( 44 ) Stock-based compensation 36 46 Other, net 79 115 Changes in operating assets and liabilities: Margin deposits, net ( 767 ) 60 Accrued interest ( 55 ) ( 97 ) Accrued taxes ( 63 ) ( 35 ) Accrued employee incentive ( 86 ) ( 20 ) Other operating assets and liabilities 680 ( 257 ) Cash provided by (used in) operating activities ( 493 ) 2,350 Cash flows — investing activities: Capital expenditures, including nuclear fuel purchases and LTSA prepayments ( 790 ) ( 838 ) Proceeds from sales of nuclear decommissioning trust fund securities (Note 17) 366 291 Investments in nuclear decommissioning trust fund securities (Note 17) ( 382 ) ( 307 ) Proceeds from sales of environmental allowances 102 91 Purchases of environmental allowances ( 247 ) ( 210 ) Insurance proceeds 74 15 Proceeds from sale of assets 7 23 Other, net 27 8 Cash used in investing activities ( 843 ) ( 927 ) Cash flows — financing activities: Issuances of long-term debt (Note 10) 1,250 — Borrowings under Term Loan A (Note 10) 1,250 — Repayment under Term Loan A (Note 10) ( 1,250 ) — Proceeds from forward capacity agreement (Note 10) 500 — Repayments/repurchases of debt (Note 10) ( 234 ) ( 955 ) Net borrowings under accounts receivable financing (Note 9) 175 175 Borrowings under Revolving Credit Facility (Note 10) 1,300 1,075 Repayments under Revolving Credit Facility (Note 10) ( 1,300 ) ( 1,425 ) Share repurchases (Note 12) ( 175 ) — Dividends paid to stockholders (Note 12) ( 219 ) ( 198 ) Debt tender offer and other financing fees (Note 10) ( 13 ) ( 17 ) Other, net ( 5 ) ( 3 ) Cash provided by (used in) financing activities 1,279 ( 1,348 ) 2 Table of Contents VISTRA CORP. CONDENSED CONSOLIDATED STATEMENTS OF CASH FLOWS (Unaudited) (Millions of Dollars) Nine Months Ended September 30, 2021 2020 Net change in cash, cash equivalents and restricted cash ( 57 ) 75 Cash, cash equivalents and restricted cash — beginning balance 444 475 Cash, cash equivalents and restricted cash — ending balance $ 387 $ 550 See Notes to the Condensed Consolidated Financial Statements.",1,,,,,,,,,,,,,filing,10-Q Q3 2021 — Item 1. FINANCIAL STATEMENTS — Consolidated Financial Statements,
unpaired_actual,VST,2021,,,,,,,,capacity,Capacity,,consolidated,,,,Q3 FY2021,"On the Merger Date, the Company assumed the obligation of Dynegy's agreements under which a portion of the PJM capacity that cleared for Planning Years 2018-2019, 2019-2020 and 2020-2021 was sold to a financial institution (Legacy Forward Capacity Agreements, and, together with the 2021-2022 Forward Capacity Agreement, the Forward Capacity Agreements).",,,,,,,,,,,,,,filing,10-Q Q3 2021 — Item 1. FINANCIAL STATEMENTS — Consolidated Financial Statements,
unpaired_actual,VST,2021,,,,,,,,capacity,Capacity,,consolidated,,,,Q3 FY2021,"In May 2021, the final capacity payment from PJM during the Planning Years 2020-2021 was paid, and the terms of the Legacy Forward Capacity were fulfilled.","2021,",,,,,,,,,,,,,filing,10-Q Q3 2021 — Item 1. FINANCIAL STATEMENTS — Consolidated Financial Statements,
unpaired_actual,VST,2021,,,,,,,,revenue,Revenue,,consolidated,,,,Q3 FY2021,"Use of Estimates Preparation of financial statements requires estimates and assumptions about future events that affect the reporting of assets and liabilities at the balance sheet dates and the reported amounts of revenue and expense, including fair value measurements, estimates of expected obligations, judgments related to the potential timing of events and other estimates.",,,,,,,,,,,,,,filing,10-Q Q3 2021 — Item 1. FINANCIAL STATEMENTS — Consolidated Financial Statements,
unpaired_actual,VST,2021,,,,,,,,share_repurchases,Share repurchases,,consolidated,,,,Q3 FY2021,"The actual timing, number and value of shares repurchased under the Share Repurchase Program or otherwise will be determined at our discretion and will depend on a number of factors, including our capital allocation priorities, the market price of our stock, general market and economic conditions, applicable legal requirements and compliance with the terms of our debt agreements.",,,,,,,,,,,,,,filing,10-Q Q3 2021 — Item 1. FINANCIAL STATEMENTS — Consolidated Financial Statements,
unpaired_actual,VST,2021,,,,,,,,share_repurchases,Share repurchases,,consolidated,,,,Q3 FY2021,"In the nine months ended September 30, 2021, 8,658,153 shares of our common stock were repurchased under the Prior Share Repurchase Program for approximately $ 175 million (including related fees and expenses) at an average price of $ 20.21 per share of common stock.","8,658,153",,,,,,,,,,,,,filing,10-Q Q3 2021 — Item 1. FINANCIAL STATEMENTS — Consolidated Financial Statements,
unpaired_actual,VST,2021,,,,,,,,share_repurchases,Share repurchases,,consolidated,,,,Q3 FY2021,"As of September 30, 2021, approximately $ 1.325 billion was available for additional repurchases under the Prior Share Repurchase Program, which amount has been superseded by the Share Repurchase Program.",approximately $ 1.325 billion,,,,,,,,,,,,,filing,10-Q Q3 2021 — Item 1. FINANCIAL STATEMENTS — Consolidated Financial Statements,
unpaired_actual,VST,2021,,,,,,,,capacity,Capacity,,consolidated,,,,Q3 FY2021,The contract was amended to increase the capacity of the planned development to a 36.25 MW battery ESS.,36.25,,,,,,,,,,,,,filing,10-Q Q3 2021 — Item 1. FINANCIAL STATEMENTS — Consolidated Financial Statements,
unpaired_actual,VST,2021,,,,,,,,bad_debt_expense,Bad debt expense,,consolidated,,,,Q3 FY2021,"Allowance for Uncollectible Accounts Receivable Nine Months Ended September 30, 2021 2020 Allowance for uncollectible accounts receivable at beginning of period $ 45 $ 42 Increase for bad debt expense 86 85 Decrease for account write-offs ( 72 ) ( 69 ) Allowance for uncollectible accounts receivable at end of period $ 59 $ 58 43 Table of Contents Inventories by Major Category September 30, 2021 December 31, 2020 Materials and supplies $ 260 $ 260 Fuel stock 173 236 Natural gas in storage 38 19 Total inventories $ 471 $ 515 Investments September 30, 2021 December 31, 2020 Nuclear plant decommissioning trust $ 1,827 $ 1,674 Assets related to employee benefit plans 41 41 Land 44 44 Miscellaneous other 3 — Total investments $ 1,915 $ 1,759 Nuclear Decommissioning Trust Investments in a trust that will be used to fund the costs to decommission the Comanche Peak nuclear generation plant are carried at fair value.",$ 45,,,,,,,,,,,,,filing,10-Q Q3 2021 — Item 1. FINANCIAL STATEMENTS — Consolidated Financial Statements,
unpaired_actual,VST,2021,,,,,,,,deliveries,Deliveries,,consolidated,,,,Q3 FY2021,"Income and expense, including gains and losses associated with the trust fund assets and the decommissioning liability are offset by a corresponding change in a regulatory asset/liability (currently a regulatory liability reported in other noncurrent liabilities and deferred credits) that will ultimately be settled through changes in Oncor's delivery fees rates.",,,,,,,,,,,,,,filing,10-Q Q3 2021 — Item 1. FINANCIAL STATEMENTS — Consolidated Financial Statements,
unpaired_actual,VST,2021,,,,,,,,dividend,Dividend,,consolidated,,,,Q3 FY2021,"In the event that the Company does not exercise its option to redeem all the shares of Series A Preferred Stock within 120 days after the first date on which a Change of Control Trigger Event (as defined in the Certificate of Designation) occurs, the then-applicable dividend rate for the Series A Preferred Stock will be increased by 5.00%.",120,,,,,,,,,,,,,filing,10-Q Q3 2021 — Item 1A. RISK FACTORS,
unpaired_actual,VST,2021,,,,,,,,operating_income,Operating income,,consolidated,,,,Q3 FY2021,"Balance 2021 2022 Texas: Nuclear/Renewable/Coal Generation: $2.50/MWh increase in power price $ 1 $ 18 Nuclear/Renewable/Coal Generation: $2.50/MWh decrease in power price $ (1) $ (18) Gas Generation: $1.00/MWh increase in spark spread $ 1 $ 20 Gas Generation: $1.00/MWh decrease in spark spread $ (1) $ (18) Residual Natural Gas Position: $0.25/MMBtu increase in natural gas price $ 1 $ (22) Residual Natural Gas Position: $0.25/MMBtu decrease in natural gas price $ (1) $ 15 East: Gas Generation: $1.00/MWh increase in spark spread $ — $ 6 Gas Generation: $1.00/MWh decrease in spark spread $ — $ (4) Residual Natural Gas Position: $0.25/MMBtu increase in natural gas price $ — $ (3) Residual Natural Gas Position: $0.25/MMBtu decrease in natural gas price $ — $ 3 West: Gas Generation: $1.00/MWh increase in spark spread $ — $ 1 Gas Generation: $1.00/MWh decrease in spark spread $ — $ — Sunset: Coal Generation: $2.50/MWh increase in power price $ — $ 7 Coal Generation: $2.50/MWh decrease in power price $ — $ (5) PJM Auction Results In June 2021, Vistra reported its results from PJM's Reliability Pricing Model (RPM) auction results for planning year 2022-2023, and the table below lists clearing price per MW-day and our cleared capacity volumes by zone: Clearing Price per MW-day East Segment MW Cleared Sunset Segment MW Cleared Total MW Cleared RTO zone $ 50.00 2,967 — 2,967 ComEd zone $ 68.96 1,255 649 1,904 DEOK zone $ 71.69 99 870 969 MAAC zone $ 95.79 548 — 548 EMAAC zone $ 97.86 831 — 831 ATSI zone $ 50.00 — — — Total $ 66.90 5,700 1,519 7,219 Our capacity sales in PJM, net of purchases, for planning year 2022-2023, are as follows: East Segment Sunset Segment Total Total capacity sold, net (MW) 5,700 1,519 7,219 Average price per MW-day $ 68.54 $ 70.52 $ 68.95 53 Table of Contents RESULTS OF OPERATIONS Consolidated Financial Results — Three and Nine Months Ended September 30, 2021 Compared to Three and Nine Months Ended September 30, 2020 Three Months Ended September 30, Favorable (Unfavorable) $ Change Nine Months Ended September 30, Favorable (Unfavorable) $ Change 2021 2020 2021 2020 Operating revenues $ 2,991 $ 3,552 $ (561) $ 8,763 $ 8,919 $ (156) Fuel, purchased power costs and delivery fees (1,763) (1,469) (294) (7,827) (3,832) (3,995) Operating costs (372) (457) 85 (1,173) (1,249) 76 Depreciation and amortization (468) (410) (58) (1,355) (1,284) (71) Selling, general and administrative expenses (269) (268) (1) (771) (755) (16) Impairment of long-lived assets — (272) 272 (38) (356) 318 Operating income (loss) 119 676 (557) (2,401) 1,443 (3,844) Other income 16 8 8 108 19 89 Other deductions (5) — (5) (13) (35) 22 Interest expense and related charges (124) (101) (23) (288) (541) 253 Impacts of Tax Receivable Agreement 35 58 (23) 31 44 (13) Equity in earnings of unconsolidated investment — — — — 4 (4) Income (loss) before income taxes 41 641 (600) (2,563) 934 (3,497) Income tax (expense) benefit (31) (199) 168 569 (283) 852 Net income (loss) $ 10 $ 442 $ (432) $ (1,994) $ 651 $ (2,645) Three Months Ended September 30, 2021 Retail Texas East West Sunset Asset Closure Eliminations / Corporate and Other Vistra Consolidated Operating revenues $ 2,160 $ 843 $ 508 $ 90 $ (122) $ — $ (488) $ 2,991 Fuel, purchased power costs and delivery fees (1,095) (482) (496) (78) (100) — 488 (1,763) Operating costs (38) (163) (57) (9) (104) (1) — (372) Depreciation and amortization (53) (179) (164) (15) (40) — (17) (468) Selling, general and administrative expenses (192) (23) (19) (7) (14) (5) (9) (269) Operating income (loss) 782 (4) (228) (19) (380) (6) (26) 119 Other income 1 7 — — 7 1 — 16 Other deductions — (2) — — (1) — (2) (5) Interest expense and related charges (2) 3 (5) 1 (1) (1) (119) (124) Impacts of Tax Receivable Agreement — — — — — — 35 35 Income (loss) before income taxes 781 4 (233) (18) (375) (6) (112) 41 Income tax expense (2) — — — — — (29) (31) Net income (loss) $ 779 $ 4 $ (233) $ (18) $ (375) $ (6) $ (141) $ 10 54 Table of Contents Three Months Ended September 30, 2020 Retail Texas East West Sunset Asset Closure Eliminations / Corporate and Other Vistra Consolidated Operating revenues $ 2,521 $ 1,541 $ 644 $ 84 $ 299 $ 1 $ (1,538) $ 3,552 Fuel, purchased power costs and delivery fees (2,119) (328) (295) (38) (227) — 1,538 (1,469) Operating costs (35) (180) (54) (8) (133) (47) — (457) Depreciation and amortization (67) (107) (181) (5) (22) (11) (17) (410) Selling, general and administrative expenses (190) (18) (12) (8) (15) (8) (17) (268) Impairment of long-lived assets — — — — (272) — — (272) Operating income (loss) 110 908 102 25 (370) (65) (34) 676 Other income 1 1 — 1 — 5 — 8 Other deductions — (3) — — 3 — — — Interest expense and related charges (2) 2 (2) 3 (1) — (101) (101) Impacts of Tax Receivable Agreement — — — — — — 58 58 Income (loss) before income taxes 109 908 100 29 (368) (60) (77) 641 Income tax expense — — — — — — (199) (199) Net income (loss) $ 109 $ 908 $ 100 $ 29 $ (368) $ (60) $ (276) $ 442 In the three months ended September 30, 2021, our operating segments delivered strong operating performance with a disciplined focus on cost management while generating and selling essential electricity in a safe and reliable manner during a period of mild weather.",$2.50,,,,,,,,,,,,,filing,10-Q Q3 2021 — Item 2. MANAGEMENT'S DISCUSSION AND ANALYSIS OF FINANCIAL CONDITION AND RESULTS OF OPERATIONS,
unpaired_actual,VST,2021,,,,,,,,adjusted_ebitda,Adjusted EBITDA,,consolidated,,,,Q3 FY2021,"Net income increased by $670 million to $779 million and Adjusted EBITDA increased by $205 million to $65 million in the three months ended September 30, 2021 compared to the three months ended September 30, 2020.",$670 million,,,,,,,,,,,,,filing,10-Q Q3 2021 — Item 2. MANAGEMENT'S DISCUSSION AND ANALYSIS OF FINANCIAL CONDITION AND RESULTS OF OPERATIONS,
unpaired_actual,VST,2021,,,,,,,,adjusted_ebitda,Adjusted EBITDA,,consolidated,,,,Q3 FY2021,"Net income increased by $2.244 billion to $2.677 billion and Adjusted EBITDA decreased by $196 million to $376 million in the nine months ended September 30, 2021 compared to the nine months ended September 30, 2020.",$2.244 billion,,,,,,,,,,,,,filing,10-Q Q3 2021 — Item 2. MANAGEMENT'S DISCUSSION AND ANALYSIS OF FINANCIAL CONDITION AND RESULTS OF OPERATIONS,
unpaired_actual,VST,2021,,,,,,,,share_repurchases,Share repurchases,,consolidated,,,,Q3 FY2021,The change was primarily driven by: • the issuance of $1.250 billion principal amount of Vistra Operations senior unsecured notes in May 2021; • redemption of $747 million principal amount of outstanding of Vistra unsecured senior notes in 2020; • $500 million in cash received from the sale of a portion of the PJM capacity that cleared for Planning Years 2021-2022 in March 2021; • net borrowings of $175 million under the accounts receivable financing facilities in 2021; • net repayment of $350 million in short-term borrowings under the Revolving Credit Facility in 2020; • repayment of $100 million of term loans under the Vistra Operations Credit Facility in March 2020; partially offset by $175 million in cash paid for share repurchases in 2021.,$1.250 billion,,,,,,,,,,,,,filing,10-Q Q3 2021 — Item 2. MANAGEMENT'S DISCUSSION AND ANALYSIS OF FINANCIAL CONDITION AND RESULTS OF OPERATIONS,
unpaired_actual,VST,2021,,,,,,,,dividend,Dividend,,consolidated,,,,Q3 FY2021,"The $328 million decrease in available liquidity for the nine months ended September 30, 2021 was primarily driven by cash used in operations, including higher cash margin deposits posted with third parties, $790 million of capital expenditures (including LTSA prepayments, nuclear fuel and development and growth expenditures), $175 million in cash paid for share repurchases, $219 million in dividends paid to stockholders and a $268 million increase in letters of credit outstanding under the Revolving Credit Facility, partially offset by cash received from the issuance of $1.250 billion principal amount of Vistra Operations senior unsecured notes in May 2021, $500 million in cash received from the sale of a portion of the PJM capacity that cleared for Planning Years 2021-2022 and $175 million in net cash borrowings under the accounts receivable financing facilities.",$328 million,,,,,,,,,,,,,filing,10-Q Q3 2021 — Item 2. MANAGEMENT'S DISCUSSION AND ANALYSIS OF FINANCIAL CONDITION AND RESULTS OF OPERATIONS,
unpaired_actual,VST,2021,,,,,,,,share_repurchases,Share repurchases,,consolidated,,,,Q3 FY2021,"The actual timing, number and value of shares repurchased under the Share Repurchase Program or otherwise will be determined at our discretion and will depend on a number of factors, including our capital allocation priorities, the market price of our stock, general market and economic conditions, applicable legal requirements and compliance with the terms of our debt agreements.",,,,,,,,,,,,,,filing,10-Q Q3 2021 — Item 2. UNREGISTERED SALES OF EQUITY SECURITIES AND USE OF PROCEEDS,
unpaired_actual,VST,2021,,,,,,,,adjusted_ebitda,Adjusted EBITDA,,consolidated,,,,Q3 FY2021,"EBITDA levels that our 3 billion plus even at the curves and prior to that, sure, we were seeing, when you market to the curve below $3 billion.",3 billion,,,,,,,,,,,,,transcript,VST_Q3_2021,
unpaired_actual,VST,2021,,,,,,,,adjusted_ebitda,Adjusted EBITDA,,consolidated,,,,Q3 FY2021,"Despite a weak Texas summer, we're Vistra delivered adjusted EBITDA from ongoing operations of $1.177 billion or $1.167 billion, excluding the impacts from winter storm Yuri realized in the 3rd quarter, which included a small positive impact from ERCOT's 180-day resettlement statements.",$1.177 billion,,,,,,,,,,,,,transcript,VST_Q3_2021,
unpaired_actual,VST,2021,,,,,,,,adjusted_ebitda,Adjusted EBITDA,,consolidated,,,,Q3 FY2021,"So that's not meant to be a free cash flow number if that's, I think was getting into the nature of your question, it is an EBITDA number.",,,,,,,,,,,,,,transcript,VST_Q3_2021,
unpaired_actual,VST,2021,,,,,,,,adjusted_ebitda,Adjusted EBITDA,,segment:vistra_zero,,,,Q3 FY2021,So we're able to actually ultimately grow EBITDA over time as we invest and so we do see an increasing EBITDA profile when we project that out.,,,,,,,,,,,,,,transcript,VST_Q3_2021,
unpaired_actual,VST,2021,,,,,,,,dividend_per_share,Dividend per share,,consolidated,,,,Q3 FY2021,"As we retire more and more of our shares over time, this $300 million dividend pool will be spread over fewer shares and will offer potentially outsized growth on the remaining shares, for example, if we were to execute all $6 billion worth of the share repurchases at our recent stock price, our annualized dividend per share would grow by more than 100% by year-end 2026.",$300 million,,,,,,,,,,,,,transcript,VST_Q3_2021,
unpaired_actual,VST,2021,,,,,,,,capacity,Capacity,,consolidated,,,,FY2021,PJM's Capacity Performance (CP) rules were designed to improve system reliability and include penalties for under-performing units and reward for over-performing units during shortage events.,,,,,,,,,,,,,,filing,10-K FY2021 — Item 1. BUSINESS,
unpaired_actual,VST,2021,,,,,,,,headcount,Headcount,,consolidated,,,,FY2021,"Further initiatives were launched to support the education, recruitment and retention of current and future employees, with particular emphasis being placed on driving equal access to opportunities throughout the organization.",,,,,,,,,,,,,,filing,10-K FY2021 — Item 1. BUSINESS,
unpaired_actual,VST,2021,,,,,,,,headcount,Headcount,,consolidated,,,,FY2021,"We have launched key programs to develop leaders at all levels of the organization, including monthly leader meetings for director-level employees focusing on gaining a deeper understanding of Vistra's strategy, developing cross-functional relationships and interacting with senior leadership of the company.",,,,,,,,,,,,,,filing,10-K FY2021 — Item 1. BUSINESS,
unpaired_actual,VST,2021,,,,,,,,headcount,Headcount,,consolidated,,,,FY2021,"In 2021, Vistra launched a formal mentoring program available to all employees to focus on topics like organizational knowledge, career development, individual development, collaboration and leadership.","2021,",,,,,,,,,,,,,filing,10-K FY2021 — Item 1. BUSINESS,
unpaired_actual,VST,2021,,,,,,,,gross_margin,Gross margin,,consolidated,,,,FY2021,"While the cost of allowances required to operate our RGGI-affected facilities is expected to increase in future years, we expect that the cost of compliance would be reflected in the power market, and the actual impact to gross margin would be largely offset by an increase in revenue.",,,,,,,,,,,,,,filing,10-K FY2021 — Item 1. BUSINESS,
unpaired_actual,VST,2021,,,,,,,,bad_debt_expense,Bad debt expense,,consolidated,,,,FY2021,"Increased unemployment of residential customers and decreased demand for products and services by commercial and industrial customers resulting from an economic downturn could lead to declines in the demand for energy and an increase in the number of uncollectible customer balances, which would negatively impact our overall sales and cash flows.",,,,,,,,,,,,,,filing,10-K FY2021 — Item 1A. RISK FACTORS,
unpaired_actual,VST,2021,,,,,,,,dividend,Dividend,,consolidated,,,,FY2021,"Our debt could have negative consequences for our financial condition including: • increasing our vulnerability to general economic and industry conditions; • requiring a significant portion of our cash flows from operations to be dedicated to the payment of principal and interest on our indebtedness, therefore reducing our ability to pay dividends to holders of our common stock or to fund our operations, capital expenditures and future business opportunities; • limiting our ability to enter into long-term power sales or fuel purchases which require credit support; • limiting our ability to fund operations or future acquisitions; • restricting our ability to make distributions or pay dividends with respect to our capital stock and the ability of our subsidiaries to make distributions to us, in light of restricted payment and other financial covenants in our credit facilities and other financing agreements; • inhibiting the growth of our stock price; • exposing us to the risk of increased interest rates because certain of our borrowings, including borrowings under the Vistra Operations Credit Facilities, are at variable rates of interest; • limiting our ability to obtain additional financing for working capital including collateral postings, capital expenditures, debt service requirements, acquisitions and general corporate or other purposes; and • limiting our ability to adjust to changing market conditions and placing us at a competitive disadvantage compared to our competitors who may have less debt.",,,,,,,,,,,,,,filing,10-K FY2021 — Item 1A. RISK FACTORS,
unpaired_actual,VST,2021,,,,,,,,revenue,Revenue,,segment:aws,,,,FY2021,"Various factors could result in increased costs or result in delays or cancellation of our current or future renewable projects, or the loss of, or declines in the value of, our investments in projects including, but not limited to, risks relating to siting, financing, engineering and construction, permitting, interconnection requests, federal and state regulatory approvals, new legislation or regulatory changes impacting the industry, commissioning delays, import tariffs, changes to federal income tax laws, economic events or factors, environmental and community concerns, availability of or requirements for additional funding, enhanced competition, or the potential for termination of the power sales contract as a result of a failure to meet certain milestones.",,,,,,,,,,,,,,filing,10-K FY2021 — Item 1A. RISK FACTORS,
unpaired_actual,VST,2021,,,,,,,,product_milestone,Product / strategic milestone,,consolidated,,,,FY2021,"Additionally, the increased demand for construction of renewables projects, such as ESSs and solar projects, and other labor market and supply chain constraints have resulted, and may continue to result, in limited availability of qualified specialists, contractors, and necessary services or materials, leading to delays in and higher costs for the development and construction of our current and future planned projects.",,,,,,,,,,,,,,filing,10-K FY2021 — Item 1A. RISK FACTORS,
unpaired_actual,VST,2021,,,,,,,,revenue,Revenue,,consolidated,,,,FY2021,"If such degradations were to occur at the Comanche Peak Facility, the process of identifying and correcting the causes of the operational downgrade to return the facility to operation could require significant time and expense, resulting in both lost revenue and increased fuel and purchased power expense to meet supply commitments.",,,,,,,,,,,,,,filing,10-K FY2021 — Item 1A. RISK FACTORS,
unpaired_actual,VST,2021,,,,,,,,capacity,Capacity,,consolidated,,,,FY2021,"The operation and maintenance of power generation facilities and related mining operations involve many risks, including, as applicable, start-up risks, breakdown or failure of facilities, equipment or processes, operator error, lack of sufficient capital to maintain the facilities, the dependence on a specific fuel source, the inability to transport our product to our customers in an efficient manner due to the lack of transmission capacity or the impact of unusual or adverse weather conditions or other natural events, or terrorist attacks, as well as the risk of performance below expected levels of output, efficiency or reliability, the occurrence of any of which could result in substantial lost revenues and/or increased expenses.",,,,,,,,,,,,,,filing,10-K FY2021 — Item 1A. RISK FACTORS,
unpaired_actual,VST,2021,,,,,,,,stores,Stores / locations,,consolidated,,,,FY2021,"As the closure and CCR management work progresses and final closure plans and corrective action measures are developed and approved at each site, the scope and complexity of work and the amount of CCR material could be greater than current estimates and could, therefore, materially impact earnings through increased compliance expenditures.",,,,,,,,,,,,,,filing,10-K FY2021 — Item 1A. RISK FACTORS,
unpaired_actual,VST,2021,,,,,,,,subscribers,Subscribers / customers,,consolidated,,,,FY2021,"However, COVID-19 or another pandemic could have material and adverse effects on our results of operations, financial condition and cash flows due to, among other factors, a protracted slowdown of broad sectors of the economy, changes in demand or supply for commodities, significant changes in legislation or regulatory policy to address the pandemic (including prohibitions on certain marketing channels, moratoriums or conditions on disconnections or limits or restrictions on late fees), reduced demand for electricity (particularly from commercial and industrial customers), increased late or uncollectible customer payments, negative impacts on the health of our workforce, a deterioration of our ability to ensure business continuity (including increased vulnerability to cyber and other information technology risks as a result of a significant portion of our workforce continuing to work from home), and the inability of the Company's contractors, suppliers, and other business partners to fulfill their contractual obligations.",,,,,,,,,,,,,,filing,10-K FY2021 — Item 1A. RISK FACTORS,
unpaired_actual,VST,2021,,,,,,,,headcount,Headcount,,consolidated,,,,FY2021,"Further, we are facing an increasingly competitive market for hiring and retaining skilled employees in certain skill areas, which is exacerbated by the effects of the COVID-19 pandemic and increased acceptance of hiring remote working employees by our competitors and other companies.",,,,,,,,,,,,,,filing,10-K FY2021 — Item 1A. RISK FACTORS,
unpaired_actual,VST,2021,,,,,,,,headcount,Headcount,,consolidated,,,,FY2021,Difficulties in attracting and retaining highly qualified skilled employees may restrict our ability to adequately support our business needs and/or result in increased personnel costs.,,,,,,,,,,,,,,filing,10-K FY2021 — Item 1A. RISK FACTORS,
unpaired_actual,VST,2021,,,,,,,,product_milestone,Product / strategic milestone,,segment:generation,,,,FY2021,"This severe weather event substantially increased the demand for natural gas used in our electric power generation business, and the cold further limited the availability of renewable generation across the region contributing to extremely high market prices for natural gas and electricity, which resulted in substantial increases in the costs to procure sufficient fuel supply and increased collateral posting requirements.",,,,,,,,,,,,,,filing,10-K FY2021 — Item 1A. RISK FACTORS,
unpaired_actual,VST,2021,,,,,,,,headcount,Headcount,,consolidated,,,,FY2021,"The policies, procedures, processes and controls in place may not always function as planned and cannot eliminate all the risks associated with these activities, including unauthorized hedging activity, or improper reporting thereof, by our employees in violation of our existing risk management policies and procedures.",,,,,,,,,,,,,,filing,10-K FY2021 — Item 1A. RISK FACTORS,
unpaired_actual,VST,2021,,,,,,,,share_repurchases,Share repurchases,,consolidated,,,,FY2021,"The actual timing, number and value of shares repurchased under the Share Repurchase Program or otherwise will be determined at our discretion and will depend on a number of factors, including our capital allocation priorities, the market price of our stock, general market and economic conditions, applicable legal requirements and compliance with the terms of our debt agreements.",,,,,,,,,,,,,,filing,"10-K FY2021 — Item 5. MARKET FOR REGISTRANT'S COMMON EQUITY, RELATED STOCKHOLDER MATTERS AND ISSUER PURCHASES OF EQUITY SECURITIES",
unpaired_actual,VST,2021,,,,,,,,subscribers,Subscribers / customers,,consolidated,,,,FY2021,"Based on numbers of meters, our total retail customer counts increased approximately 3%, 1% and 2% in 2021, 2020 and 2019, respectively.",approximately 3%,,,,,,,,,,,,,filing,10-K FY2021 — Item 7. MANAGEMENT'S DISCUSSION AND ANALYSIS OF FINANCIAL CONDITION AND RESULTS OF OPERATIONS,
unpaired_actual,VST,2021,,,,,,,,operating_income,Operating income,,consolidated,,,,FY2021,"RESULTS OF OPERATIONS Vistra Consolidated Financial Results — Year Ended December 31, 2021 Compared to Year Ended December 31, 2020 Year Ended December 31, Favorable (Unfavorable) $ Change 2021 2020 Operating revenues $ 12,077 $ 11,443 $ 634 Fuel, purchased power costs and delivery fees (9,169) (5,174) (3,995) Operating costs (1,559) (1,622) 63 Depreciation and amortization (1,753) (1,737) (16) Selling, general and administrative expenses (1,040) (1,035) (5) Impairment of long-lived and other assets (71) (356) 285 Operating income (loss) (1,515) 1,519 (3,034) Other income 140 34 106 Other deductions (16) (42) 26 Interest expense and related charges (384) (630) 246 Impacts of Tax Receivable Agreement 53 5 48 Equity in earnings of unconsolidated investment — 4 (4) Income (loss) before income taxes (1,722) 890 (2,612) Income tax (expense) benefit 458 (266) 724 Net income (loss) $ (1,264) $ 624 $ (1,888) 64 Table of Contents Year Ended December 31, 2021 Retail Texas East West Sunset Asset Closure Eliminations / Corporate and Other Vistra Consolidated Operating revenues $ 7,871 $ 2,790 $ 2,587 $ 374 $ 739 $ — $ (2,284) $ 12,077 Fuel, purchased power costs and delivery fees (4,568) (3,991) (2,123) (253) (518) — 2,284 (9,169) Operating costs (127) (704) (243) (37) (417) (30) (1) (1,559) Depreciation and amortization (212) (608) (698) (60) (139) — (36) (1,753) Selling, general and administrative expenses (718) (88) (75) (32) (55) (26) (46) (1,040) Impairment of long-lived and other assets (33) — — — (38) — — (71) Operating income (loss) 2,213 (2,601) (552) (8) (428) (56) (83) (1,515) Other income 1 84 — — 15 35 5 140 Other deductions (7) (9) — — 2 — (2) (16) Interest expense and related charges (9) 14 (15) 9 (2) (1) (380) (384) Impacts of Tax Receivable Agreement — — — — — — 53 53 Income (loss) before income taxes 2,198 (2,512) (567) 1 (413) (22) (407) (1,722) Income tax benefit (expense) (2) — — — — — 460 458 Net income (loss) $ 2,196 $ (2,512) $ (567) $ 1 $ (413) $ (22) $ 53 $ (1,264) Year Ended December 31, 2020 Retail Texas East West Sunset Asset Closure Eliminations / Corporate and Other Vistra Consolidated Operating revenues $ 8,270 $ 4,116 $ 2,415 $ 282 $ 1,252 $ 3 $ (4,895) $ 11,443 Fuel, purchased power costs and delivery fees (6,857) (1,078) (1,262) (168) (704) — 4,895 (5,174) Operating costs (123) (727) (270) (30) (408) (63) (1) (1,622) Depreciation and amortization (303) (475) (721) (19) (133) (22) (64) (1,737) Selling, general and administrative expenses (675) (75) (89) (26) (71) (27) (72) (1,035) Impairment of long-lived assets and other assets — — — — (356) — — (356) Operating income (loss) 312 1,761 73 39 (420) (109) (137) 1,519 Other income 6 3 1 1 6 10 7 34 Other deductions 1 (12) (30) — 2 (2) (1) (42) Interest expense and related charges (10) 8 (7) 10 (2) — (629) (630) Impacts of Tax Receivable Agreement — — — — — — 5 5 Equity in earnings of unconsolidated investment — — 4 — — — — 4 Income (loss) before income taxes 309 1,760 41 50 (414) (101) (755) 890 Income tax expense — — — — — — (266) (266) Net income (loss) $ 309 $ 1,760 $ 41 $ 50 $ (414) $ (101) $ (1,021) $ 624 65 Table of Contents In February 2021, Winter Storm Uri resulted in a $2.2 billion negative impact on the Company's pre-tax earnings in the year ended December 31, 2021, after taking into account approximately $544 million in securitization proceeds Vistra expects to receive from ERCOT as further described in Note 1 to the Financial Statements.","31,",,,,,,,,,,,,,filing,10-K FY2021 — Item 7. MANAGEMENT'S DISCUSSION AND ANALYSIS OF FINANCIAL CONDITION AND RESULTS OF OPERATIONS,
unpaired_actual,VST,2021,,,,,,,,share_repurchases,Share repurchases,,consolidated,,,,FY2021,The change was primarily driven by: • proceeds of $1.975 billion from the issuance of preferred stock in 2021; • the issuance of $1.250 billion principal amount of Vistra Operations senior unsecured notes in 2021; • $500 million in cash received from the sale of a portion of the PJM capacity that cleared for Planning Years 2021-2022 in 2021; • redemption of $747 million principal amount of outstanding of Vistra unsecured senior notes in 2020; • net repayment of $350 million in short-term borrowings under the Revolving Credit Facility in 2020; and • repayment of $100 million of term loans under the Vistra Operations Credit Facilities in 2020; partially offset by: • $471 million in cash paid for share repurchases in 2021; and • net repayments of $300 million under the Receivables Facility in 2021 compared to net repayments of $150 million in 2020.,$1.975 billion,,,,,,,,,,,,,filing,10-K FY2021 — Item 7. MANAGEMENT'S DISCUSSION AND ANALYSIS OF FINANCIAL CONDITION AND RESULTS OF OPERATIONS,
unpaired_actual,VST,2021,,,,,,,,dividend,Dividend,,consolidated,,,,FY2021,"The $180 million increase in available liquidity for the year ended December 31, 2021 was primarily driven by proceeds of $1.975 billion from the issuance of preferred stock in 2021, cash received from the issuance of $1.250 billion principal amount of Vistra Operations senior unsecured notes in May 2021 and $500 million in cash received from the sale of a portion of the PJM capacity that cleared for Planning Years 2021-2022, partially offset by cash used in operations, including higher cash margin deposits posted with third parties, $1.033 billion of capital expenditures (including LTSA prepayments, nuclear fuel and development and growth expenditures), a $734 increase in letters of credit outstanding under the Revolving Credit Facility, $290 million in dividends paid to stockholders, $471 million in cash paid for share repurchases, $300 million in net cash repayments under the accounts receivable financing facilities and the maturity of a $250 million Alternate LOC Facility.",$180 million,,,,,,,,,,,,,filing,10-K FY2021 — Item 7. MANAGEMENT'S DISCUSSION AND ANALYSIS OF FINANCIAL CONDITION AND RESULTS OF OPERATIONS,
unpaired_actual,VST,2021,,,,,,,,headcount,Headcount,,consolidated,,,,FY2021,"STOCK-BASED COMPENSATION Vistra 2016 Omnibus Incentive Plan On the Effective Date, the Vistra board of directors (Board) adopted the 2016 Omnibus Incentive Plan (2016 Incentive Plan), under which an aggregate of 22,500,000 shares of our common stock were reserved for issuance as equity-based awards to our non-employee directors, employees, and certain other persons.","22,500,000",,,,,,,,,,,,,filing,10-K FY2021 — Item 8. FINANCIAL STATEMENTS AND SUPPLEMENTARY DATA — Consolidated Financial Statements,
unpaired_actual,VST,2021,,,,,,,,capacity,Capacity,,consolidated,,,,FY2021,The contract was amended to increase the capacity of the planned development to a 36.25 MW battery ESS.,36.25,,,,,,,,,,,,,filing,10-K FY2021 — Item 8. FINANCIAL STATEMENTS AND SUPPLEMENTARY DATA — Consolidated Financial Statements,
unpaired_actual,VST,2021,,,,,,,,dividend,Dividend,,consolidated,,,,FY2021,"Year Ended December 31, 2021 2020 2019 Net income (loss) attributable to Vistra $ ( 1,274 ) $ 636 $ 928 Less cumulative dividends attributable to Series A Preferred Stock ( 17 ) — — Less cumulative dividends attributable to Series B Preferred Stock ( 4 ) — — Net income (loss) attributable to common stock — basic ( 1,295 ) 636 928 Weighted average shares of common stock outstanding — basic 482,214,544 488,668,263 494,146,268 Net income (loss) per weighted average share of common stock outstanding — basic $ ( 2.69 ) $ 1.30 $ 1.88 Dilutive securities: Stock-based incentive compensation plan — 2,422,205 5,789,223 Weighted average shares of common stock outstanding — diluted 482,214,544 491,090,468 499,935,490 Net income (loss) per weighted average share of common stock outstanding — diluted $ ( 2.69 ) $ 1.30 $ 1.86 Stock-based incentive compensation plan awards excluded from the calculation of diluted earnings per share because the effect would have been antidilutive totaled 14,412,299 , 12,553,414 and 2,447,850 shares for the years ended December 31, 2021, 2020 and 2019, respectively.","1,274",,,,,,,,,,,,,filing,10-K FY2021 — Item 8. FINANCIAL STATEMENTS AND SUPPLEMENTARY DATA — Consolidated Financial Statements,
unpaired_actual,VST,2021,,,,,,,,capacity,Capacity,,consolidated,,,,FY2021,"On the Merger Date, the Company assumed the obligation of Dynegy's agreements under which a portion of the PJM capacity that cleared for Planning Years 2018-2019, 2019-2020 and 2020-2021 was sold to a financial institution (Legacy Forward Capacity Agreements, and, together with the 2021-2022 Forward Capacity Agreement, the Forward Capacity Agreements).",,,,,,,,,,,,,,filing,10-K FY2021 — Item 8. FINANCIAL STATEMENTS AND SUPPLEMENTARY DATA — Consolidated Financial Statements,
unpaired_actual,VST,2021,,,,,,,,capacity,Capacity,,consolidated,,,,FY2021,"In May 2021, the final capacity payment from PJM during the Planning Years 2020-2021 was paid, and the terms of the Legacy Forward Capacity were fulfilled.","2021,",,,,,,,,,,,,,filing,10-K FY2021 — Item 8. FINANCIAL STATEMENTS AND SUPPLEMENTARY DATA — Consolidated Financial Statements,
unpaired_actual,VST,2021,,,,,,,,share_repurchases,Share repurchases,,consolidated,,,,FY2021,"The 2020 Share Repurchase Program was effective January 1, 2021, at which time the 2018 Share Repurchase Plan (described below) and all authorized amounts remaining thereunder terminated as of such date.",2020,,,,,,,,,,,,,filing,10-K FY2021 — Item 8. FINANCIAL STATEMENTS AND SUPPLEMENTARY DATA — Consolidated Financial Statements,
unpaired_actual,VST,2021,,,,,,,,headcount,Headcount,,consolidated,,,,FY2021,"After amendments in 2012, employees in the Retirement Plan now consist entirely of participants who were active and retired collective bargaining unit employees.","2012,",,,,,,,,,,,,,filing,10-K FY2021 — Item 8. FINANCIAL STATEMENTS AND SUPPLEMENTARY DATA — Consolidated Financial Statements,
unpaired_actual,VST,2021,,,,,,,,dividend,Dividend,,consolidated,,,,Q1 FY2022,"VISTRA CORP. CONDENSED CONSOLIDATED STATEMENTS OF OPERATIONS (Unaudited) (Millions of Dollars, Except Per Share Amounts) Three Months Ended March 31, 2022 2021 Operating revenues (Note 4) $ 3,125 $ 3,207 Fuel, purchased power costs and delivery fees ( 2,279 ) ( 4,745 ) Operating costs ( 416 ) ( 371 ) Depreciation and amortization ( 430 ) ( 423 ) Selling, general and administrative expenses ( 288 ) ( 251 ) Operating loss ( 288 ) ( 2,583 ) Other income (Note 17) 5 55 Other deductions (Note 17) ( 4 ) ( 5 ) Interest expense and related charges (Note 17) ( 7 ) ( 29 ) Impacts of Tax Receivable Agreement (Note 7) ( 81 ) 37 Loss before income taxes ( 375 ) ( 2,525 ) Income tax benefit (Note 6) 91 485 Net loss $ ( 284 ) $ ( 2,040 ) Net income attributable to noncontrolling interest ( 1 ) ( 3 ) Net loss attributable to Vistra $ ( 285 ) $ ( 2,043 ) Cumulative dividends attributable to preferred stock ( 38 ) — Net loss attributable to Vistra common stock $ ( 323 ) $ ( 2,043 ) Weighted average shares of common stock outstanding: Basic 451,603,354 484,699,267 Diluted 451,603,354 484,699,267 Net loss per weighted average share of common stock outstanding: Basic $ ( 0.72 ) $ ( 4.21 ) Diluted $ ( 0.72 ) $ ( 4.21 ) See Notes to the Condensed Consolidated Financial Statements.",4,,,,,,,,,,,,,filing,10-Q Q1 2022 — Item 1. FINANCIAL STATEMENTS — Consolidated Financial Statements,
unpaired_actual,VST,2021,,,,,,,,dividend,Dividend,,consolidated,,,,Q1 FY2022,"Three Months Ended March 31, 2022 2021 Net loss attributable to Vistra $ ( 285 ) $ ( 2,043 ) Less cumulative dividends attributable to Series A Preferred Stock ( 20 ) — Less cumulative dividends attributable to Series B Preferred Stock ( 18 ) — Net loss attributable to common stock — basic ( 323 ) ( 2,043 ) Weighted average shares of common stock outstanding — basic 451,603,354 484,699,267 Net loss per weighted average share of common stock outstanding — basic $ ( 0.72 ) $ ( 4.21 ) Dilutive securities: Stock-based incentive compensation plan — — Weighted average shares of common stock outstanding — diluted 451,603,354 484,699,267 Net loss per weighted average share of common stock outstanding — diluted $ ( 0.72 ) $ ( 4.21 ) Stock-based incentive compensation plan awards excluded from the calculation of diluted earnings per share because the effect would have been antidilutive totaled 9,776,484 and 15,254,972 shares for the three months ended March 31, 2022 and 2021, respectively.",285,,,,,,,,,,,,,filing,10-Q Q1 2022 — Item 1. FINANCIAL STATEMENTS — Consolidated Financial Statements,
unpaired_actual,VST,2021,,,,,,,,capacity,Capacity,,consolidated,,,,Q1 FY2022,"On the Merger Date, the Company assumed the obligation of Dynegy's agreements under which a portion of the PJM capacity that cleared for Planning Years 2018-2019, 2019-2020 and 2020-2021 was sold to a financial institution (Legacy Forward Capacity Agreements, and, together with the 2021-2022 Forward Capacity Agreement, the Forward Capacity Agreements).",,,,,,,,,,,,,,filing,10-Q Q1 2022 — Item 1. FINANCIAL STATEMENTS — Consolidated Financial Statements,
unpaired_actual,VST,2021,,,,,,,,capacity,Capacity,,consolidated,,,,Q1 FY2022,"In May 2021, the final capacity payment from PJM during the Planning Years 2020-2021 was paid, and the terms of the Legacy Forward Capacity were fulfilled.","2021,",,,,,,,,,,,,,filing,10-Q Q1 2022 — Item 1. FINANCIAL STATEMENTS — Consolidated Financial Statements,
unpaired_actual,VST,2021,,,,,,,,revenue,Revenue,,consolidated,,,,Q1 FY2022,"Use of Estimates Preparation of financial statements requires estimates and assumptions about future events that affect the reporting of assets and liabilities at the balance sheet dates and the reported amounts of revenue and expense, including fair value measurements, estimates of expected obligations, judgments related to the potential timing of events and other estimates.",,,,,,,,,,,,,,filing,10-Q Q1 2022 — Item 1. FINANCIAL STATEMENTS — Consolidated Financial Statements,
unpaired_actual,VST,2021,,,,,,,,capacity,Capacity,,consolidated,,,,Q1 FY2022,The contract was amended to increase the capacity of the planned development to a 36.25 MW battery ESS.,36.25,,,,,,,,,,,,,filing,10-Q Q1 2022 — Item 1. FINANCIAL STATEMENTS — Consolidated Financial Statements,
unpaired_actual,VST,2021,,,,,,,,share_repurchases,Share repurchases,,consolidated,,,,Q1 FY2022,"The actual timing, number and value of shares repurchased under the Share Repurchase Program or otherwise will be determined at our discretion and will depend on a number of factors, including our capital allocation priorities, the market price of our stock, general market and economic conditions, applicable legal requirements and compliance with the terms of our debt agreements and the certificate of designation of the Series A Preferred Stock and the Series B Preferred Stock, respectively.",,,,,,,,,,,,,,filing,10-Q Q1 2022 — Item 1. FINANCIAL STATEMENTS — Consolidated Financial Statements,
unpaired_actual,VST,2021,,,,,,,,dividend,Dividend,,consolidated,,,,Q1 FY2022,"In February 2022, the Board declared a semi-annual dividend of $ 40.00 per share of Series A Preferred Stock that was paid in April 2022.",$ 40.00,,,,,,,,,,,,,filing,10-Q Q1 2022 — Item 1. FINANCIAL STATEMENTS — Consolidated Financial Statements,
unpaired_actual,VST,2021,,,,,,,,bad_debt_expense,Bad debt expense,,consolidated,,,,Q1 FY2022,"39 Table of Contents Allowance for Uncollectible Accounts Receivable Three Months Ended March 31, 2022 2021 Allowance for uncollectible accounts receivable at beginning of period $ 45 $ 45 Increase for bad debt expense 29 28 Decrease for account write-offs ( 25 ) ( 30 ) Allowance for uncollectible accounts receivable at end of period $ 49 $ 43 Inventories by Major Category March 31, 2022 December 31, 2021 Materials and supplies $ 263 $ 260 Fuel stock 266 314 Natural gas in storage 17 36 Total inventories $ 546 $ 610 Investments March 31, 2022 December 31, 2021 Nuclear plant decommissioning trust $ 1,862 $ 1,960 Assets related to employee benefit plans 41 42 Land 44 44 Miscellaneous other 5 3 Total investments $ 1,952 $ 2,049 Nuclear Decommissioning Trust Investments in a trust that will be used to fund the costs to decommission the Comanche Peak nuclear generation plant are carried at fair value.",39,,,,,,,,,,,,,filing,10-Q Q1 2022 — Item 1. FINANCIAL STATEMENTS — Consolidated Financial Statements,
unpaired_actual,VST,2021,,,,,,,,deliveries,Deliveries,,consolidated,,,,Q1 FY2022,"Income and expense, including gains and losses associated with the trust fund assets and the decommissioning liability are offset by a corresponding change in a regulatory asset/liability (currently a regulatory liability reported in other noncurrent liabilities and deferred credits) that will ultimately be settled through changes in Oncor's delivery fees rates.",,,,,,,,,,,,,,filing,10-Q Q1 2022 — Item 1. FINANCIAL STATEMENTS — Consolidated Financial Statements,
unpaired_actual,VST,2021,,,,,,,,adjusted_ebitda,Adjusted EBITDA,,consolidated,,,,Q1 FY2022,"57 Table of Contents Asset Closure Segment — Three Months Ended March 31, 2022 Compared to Three Months Ended March 31, 2021 Three Months Ended March 31, Favorable (Unfavorable) Change 2022 2021 Operating revenues $ 107 $ 22 $ 85 Fuel, purchased power costs and delivery fees (102) (27) (75) Operating costs $ (44) $ (40) $ (4) Depreciation and amortization (14) (4) (10) Selling, general and administrative expenses (10) (15) 5 Operating loss (63) (64) 1 Other income 2 16 (14) Loss before income taxes (62) (48) (14) Net loss $ (62) $ (48) $ (14) Adjusted EBITDA $ (6) $ (33) $ 27 Production volumes (GWh) 3,199 1,497 1,702 Results and volumes for the Asset Closure segment include results from the Zimmer and Joppa generation plants that we plan to retire in May 2022 and September 2022, respectively.",57,,,,,,,,,,,,,filing,10-Q Q1 2022 — Item 2. MANAGEMENT'S DISCUSSION AND ANALYSIS OF FINANCIAL CONDITION AND RESULTS OF OPERATIONS,
unpaired_actual,VST,2021,,,,,,,,share_repurchases,Share repurchases,,consolidated,,,,Q1 FY2022,"The change was primarily driven by: • $710 million in cash paid for share repurchases in 2022, including $114 million of settled share repurchases accrued as of December 31, 2021 and $16 million of share repurchases accrued as of March 31, 2022, compared to $175 million in cash paid in 2021; • $1.0 billion in cash received from the issuance of term loans under the Term Loan A Facility in 2021; • $500 million in cash received from the sale of a portion of the PJM capacity that cleared for Planning Years 2021-2022 in 2021; • Net borrowings of $300 million under the Revolving Credit Facility in 2021; These increases in cash used in financing activities are partially offset by net borrowings of $500 million under the accounts receivable financing facilities in 2022 compared to net borrowings of $425 million in 2021.",$710 million,,,,,,,,,,,,,filing,10-Q Q1 2022 — Item 2. MANAGEMENT'S DISCUSSION AND ANALYSIS OF FINANCIAL CONDITION AND RESULTS OF OPERATIONS,
unpaired_actual,VST,2021,,,,,,,,dividend,Dividend,,consolidated,,,,Q1 FY2022,"The $556 million increase in available liquidity for the three months ended March 31, 2022 was primarily driven by cash provided by operations, including the change in margin deposits related to commodity contracts, $1.0 billion in availability under the new Commodity-Linked Facility and $500 million in net cash borrowings under the accounts receivable financing facilities, partially offset by $710 million in cash paid for share repurchases, $373 million of capital expenditures (including LTSA prepayments, nuclear fuel and development and growth expenditures), a $141 million increase in letters of credit outstanding under the Revolving Credit Facility and $77 million in dividends paid to common stockholders.",$556 million,,,,,,,,,,,,,filing,10-Q Q1 2022 — Item 2. MANAGEMENT'S DISCUSSION AND ANALYSIS OF FINANCIAL CONDITION AND RESULTS OF OPERATIONS,
unpaired_actual,VST,2021,,,,,,,,operating_income,Operating income,,consolidated,,,,Q1 FY2022,"Balance 2022 2023 Texas: Nuclear/Renewable/Coal Generation: $2.50/MWh increase in power price $ 6 $ 32 Nuclear/Renewable/Coal Generation: $2.50/MWh decrease in power price $ (5) $ (31) Gas Generation: $1.00/MWh increase in spark spread $ 6 $ 36 Gas Generation: $1.00/MWh decrease in spark spread $ (5) $ (35) Residual Natural Gas Position: $0.25/MMBtu increase in natural gas price $ (5) $ (28) Residual Natural Gas Position: $0.25/MMBtu decrease in natural gas price $ 5 $ 22 East: Gas Generation: $1.00/MWh increase in spark spread $ 2 $ 16 Gas Generation: $1.00/MWh decrease in spark spread $ (1) $ (15) Residual Natural Gas Position: $0.25/MMBtu increase in natural gas price $ — $ — Residual Natural Gas Position: $0.25/MMBtu decrease in natural gas price $ — $ — West: Gas Generation: $1.00/MWh increase in spark spread $ — $ 2 Gas Generation: $1.00/MWh decrease in spark spread $ — $ (2) Residual Natural Gas Position: $0.25/MMBtu increase in natural gas price $ — $ 1 Residual Natural Gas Position: $0.25/MMBtu decrease in natural gas price $ — $ (1) Sunset: Coal Generation: $2.50/MWh increase in power price $ 3 $ 25 Coal Generation: $2.50/MWh decrease in power price $ (3) $ (24) Residual Natural Gas Position: $0.25/MMBtu increase in natural gas price $ — $ (11) Residual Natural Gas Position: $0.25/MMBtu increase in natural gas price $ — $ 11 48 Table of Contents RESULTS OF OPERATIONS Consolidated Financial Results — Three Months Ended March 31, 2022 Compared to Three Months Ended March 31, 2021 Three Months Ended March 31, Favorable (Unfavorable) $ Change 2022 2021 Operating revenues $ 3,125 $ 3,207 $ (82) Fuel, purchased power costs and delivery fees (2,279) (4,745) 2,466 Operating costs (416) (371) (45) Depreciation and amortization (430) (423) (7) Selling, general and administrative expenses (288) (251) (37) Operating loss (288) (2,583) 2,295 Other income 5 55 (50) Other deductions (4) (5) 1 Interest expense and related charges (7) (29) 22 Impacts of Tax Receivable Agreement (81) 37 (118) Loss before income taxes (375) (2,525) 2,150 Income tax benefit 91 485 (394) Net loss $ (284) $ (2,040) $ 1,756 Three Months Ended March 31, 2022 Retail Texas East West Sunset Asset Closure Eliminations / Corporate and Other Vistra Consolidated Operating revenues $ 1,825 $ (1,095) $ 955 $ 72 $ (140) $ 107 $ 1,401 $ 3,125 Fuel, purchased power costs and delivery fees 864 (526) (828) (73) (213) (102) (1,401) (2,279) Operating costs (33) (201) (57) (12) (68) (44) (1) (416) Depreciation and amortization (36) (123) (179) (42) (19) (14) (17) (430) Selling, general and administrative expenses (188) (32) (17) (6) (10) (10) (25) (288) Impairment of long-lived assets — — — — — — — — Operating income (loss) 2,432 (1,977) (126) (61) (450) (63) (43) (288) Other income — 1 — — — 2 2 5 Other deductions (3) (1) — — — — — (4) Interest expense and related charges (1) 5 (2) — — (1) (8) (7) Impacts of Tax Receivable Agreement — — — — — — (81) (81) Income (loss) before income taxes 2,428 (1,972) (128) (61) (450) (62) (130) (375) Income tax benefit — — — — — — 91 91 Net income (loss) $ 2,428 $ (1,972) $ (128) $ (61) $ (450) $ (62) $ (39) $ (284) 49 Table of Contents Three Months Ended March 31, 2021 Retail Texas East West Sunset Asset Closure Eliminations / Corporate and Other Vistra Consolidated Operating revenues $ 1,750 $ 1,083 $ 724 $ 33 $ 257 $ 22 $ (662) $ 3,207 Fuel, purchased power costs and delivery fees (1,400) (3,318) (454) (48) (160) (27) 662 (4,745) Operating costs (31) (179) (54) (7) (60) (40) — (371) Depreciation and amortization (53) (124) (196) (5) (25) (4) (16) (423) Selling, general and administrative expenses (172) (18) (18) (8) (8) (15) (12) (251) Operating income (loss) 94 (2,556) 2 (35) 4 (64) (28) (2,583) Other income — 37 — — 1 16 1 55 Other deductions (4) (2) — — 1 — — (5) Interest expense and related charges (2) 3 (1) 4 (1) — (32) (29) Impacts of Tax Receivable Agreement — — — — — — 37 37 Income (loss) before income taxes 88 (2,518) 1 (31) 5 (48) (22) (2,525) Income tax benefit — — — — — — 485 485 Net income (loss) $ 88 $ (2,518) $ 1 $ (31) $ 5 $ (48) $ 463 $ (2,040) In the first quarter 2022, our operating segments delivered strong operating performance with a disciplined focus on cost management, while generating and selling essential electricity in a safe and reliable manner.",$2.50,,,,,,,,,,,,,filing,10-Q Q1 2022 — Item 2. MANAGEMENT'S DISCUSSION AND ANALYSIS OF FINANCIAL CONDITION AND RESULTS OF OPERATIONS,
unpaired_actual,VST,2021,,,,,,,,share_repurchases,Share repurchases,,consolidated,,,,Q1 FY2022,"The actual timing, number and value of shares repurchased under the Share Repurchase Program or otherwise will be determined at our discretion and will depend on a number of factors, including our capital allocation priorities, the market price of our stock, general market and economic conditions, applicable legal requirements and compliance with the terms of our debt agreements and the certificate of designation of the Series A Preferred Stock and the Series B Preferred Stock, respectively.",,,,,,,,,,,,,,filing,10-Q Q1 2022 — Item 2. UNREGISTERED SALES OF EQUITY SECURITIES AND USE OF PROCEEDS,
unpaired_actual,VST,2021,,,,,,,,dividend,Dividend,,consolidated,,,,Q2 FY2022,"Three Months Ended June 30, Six Months Ended June 30, 2022 2021 2022 2021 Net income (loss) attributable to Vistra $ ( 1,365 ) $ 36 $ ( 1,650 ) $ ( 2,006 ) Less cumulative dividends attributable to Series A Preferred Stock ( 20 ) — ( 40 ) — Less cumulative dividends attributable to Series B Preferred Stock ( 17 ) — ( 35 ) — Net income (loss) attributable to common stock — basic ( 1,402 ) 36 ( 1,725 ) ( 2,006 ) Weighted average shares of common stock outstanding — basic 429,193,031 486,022,633 440,336,286 485,364,606 Net income (loss) per weighted average share of common stock outstanding — basic $ ( 3.27 ) $ 0.07 $ ( 3.92 ) $ ( 4.13 ) Dilutive securities: Stock-based incentive compensation plan — 1,343,593 — — Weighted average shares of common stock outstanding — diluted 429,193,031 487,366,226 440,336,286 485,364,606 Net income (loss) per weighted average share of common stock outstanding — diluted $ ( 3.27 ) $ 0.07 $ ( 3.92 ) $ ( 4.13 ) Stock-based incentive compensation plan awards excluded from the calculation of diluted earnings per share because the effect would have been antidilutive totaled 5,567,585 and 14,433,851 shares for the three months ended June 30, 2022 and 2021, respectively, and 8,052,517 and 15,734,553 shares for the six months ended June 30, 2022 and 2021, respectively.","30,",,,,,,,,,,,,,filing,10-Q Q2 2022 — Item 1. FINANCIAL STATEMENTS — Consolidated Financial Statements,
unpaired_actual,VST,2021,,,,,,,,capacity,Capacity,,consolidated,,,,Q2 FY2022,"In May 2022, the final capacity payment from PJM during the Planning Years 2021-2022 was paid, and the terms of the 2021-2022 Forward Capacity were fulfilled.","2022,",,,,,,,,,,,,,filing,10-Q Q2 2022 — Item 1. FINANCIAL STATEMENTS — Consolidated Financial Statements,
unpaired_actual,VST,2021,,,,,,,,capacity,Capacity,,consolidated,,,,Q2 FY2022,"On the Merger Date, the Company assumed the obligation of Dynegy's agreements under which a portion of the PJM capacity that cleared for Planning Years 2018-2019, 2019-2020 and 2020-2021 was sold to a financial institution (Legacy Forward Capacity Agreements, and, together with the 2021-2022 Forward Capacity Agreement, the Forward Capacity Agreements).",,,,,,,,,,,,,,filing,10-Q Q2 2022 — Item 1. FINANCIAL STATEMENTS — Consolidated Financial Statements,
unpaired_actual,VST,2021,,,,,,,,capacity,Capacity,,consolidated,,,,Q2 FY2022,"In May 2021, the final capacity payment from PJM during the Planning Years 2020-2021 was paid, and the terms of the Legacy Forward Capacity were fulfilled.","2021,",,,,,,,,,,,,,filing,10-Q Q2 2022 — Item 1. FINANCIAL STATEMENTS — Consolidated Financial Statements,
unpaired_actual,VST,2021,,,,,,,,revenue,Revenue,,consolidated,,,,Q2 FY2022,"Use of Estimates Preparation of financial statements requires estimates and assumptions about future events that affect the reporting of assets and liabilities at the balance sheet dates and the reported amounts of revenue and expense, including fair value measurements, estimates of expected obligations, judgments related to the potential timing of events and other estimates.",,,,,,,,,,,,,,filing,10-Q Q2 2022 — Item 1. FINANCIAL STATEMENTS — Consolidated Financial Statements,
unpaired_actual,VST,2021,,,,,,,,capacity,Capacity,,consolidated,,,,Q2 FY2022,The contract was amended to increase the capacity of the planned development to a 36.25 MW battery ESS.,36.25,,,,,,,,,,,,,filing,10-Q Q2 2022 — Item 1. FINANCIAL STATEMENTS — Consolidated Financial Statements,
unpaired_actual,VST,2021,,,,,,,,share_repurchases,Share repurchases,,consolidated,,,,Q2 FY2022,"The actual timing, number and value of shares repurchased under the Share Repurchase Program or otherwise will be determined at our discretion and will depend on a number of factors, including our capital allocation priorities, the market price of our stock, general market and economic conditions, applicable legal requirements and compliance with the terms of our debt agreements and the certificate of designation of the Series A Preferred Stock and the Series B Preferred Stock, respectively.",,,,,,,,,,,,,,filing,10-Q Q2 2022 — Item 1. FINANCIAL STATEMENTS — Consolidated Financial Statements,
unpaired_actual,VST,2021,,,,,,,,dividend,Dividend,,consolidated,,,,Q2 FY2022,"In February 2022, the Board declared a semi-annual dividend of $ 40.00 per share of Series A Preferred Stock that was paid in April 2022.",$ 40.00,,,,,,,,,,,,,filing,10-Q Q2 2022 — Item 1. FINANCIAL STATEMENTS — Consolidated Financial Statements,
unpaired_actual,VST,2021,,,,,,,,dividend,Dividend,,consolidated,,,,Q2 FY2022,"31 Table of Contents In May 2022, the Board declared a semi-annual dividend of $ 35.97 (including amounts accrued from December 10, 2021 to December 15, 2021) per share of Series B Preferred Stock that was paid in June 2022. Dividend Restrictions The Vistra Operations Credit Agreement generally restricts the ability of Vistra Operations to make distributions to any direct or indirect parent unless such distributions are expressly permitted thereunder.",31,,,,,,,,,,,,,filing,10-Q Q2 2022 — Item 1. FINANCIAL STATEMENTS — Consolidated Financial Statements,
unpaired_actual,VST,2021,,,,,,,,bad_debt_expense,Bad debt expense,,consolidated,,,,Q2 FY2022,"Allowance for Uncollectible Accounts Receivable Six Months Ended June 30, 2022 2021 Allowance for uncollectible accounts receivable at beginning of period $ 45 $ 45 Increase for bad debt expense 65 55 Decrease for account write-offs ( 58 ) ( 49 ) Allowance for uncollectible accounts receivable at end of period $ 52 $ 51 Inventories by Major Category June 30, 2022 December 31, 2021 Materials and supplies $ 264 $ 260 Fuel stock 276 314 Natural gas in storage 61 36 Total inventories $ 601 $ 610 Investments June 30, 2022 December 31, 2021 Nuclear plant decommissioning trust $ 1,627 $ 1,960 Assets related to employee benefit plans 41 42 Land 42 44 Miscellaneous other 5 3 Total investments $ 1,715 $ 2,049 46 Table of Contents Nuclear Decommissioning Trust Investments in a trust that will be used to fund the costs to decommission the Comanche Peak nuclear generation plant are carried at fair value.",$ 45,,,,,,,,,,,,,filing,10-Q Q2 2022 — Item 1. FINANCIAL STATEMENTS — Consolidated Financial Statements,
unpaired_actual,VST,2021,,,,,,,,deliveries,Deliveries,,consolidated,,,,Q2 FY2022,"Income and expense, including gains and losses associated with the trust fund assets and the decommissioning liability are offset by a corresponding change in a regulatory asset/liability (currently a regulatory asset reported in other noncurrent assets) that will ultimately be settled through changes in Oncor's delivery fees rates.",,,,,,,,,,,,,,filing,10-Q Q2 2022 — Item 1. FINANCIAL STATEMENTS — Consolidated Financial Statements,
unpaired_actual,VST,2021,,,,,,,,capacity,Capacity,,consolidated,,,,Q2 FY2022,"Balance 2022 2023 Texas: Nuclear/Renewable/Coal Generation: $2.50/MWh increase in power price $ 3 $ 18 Nuclear/Renewable/Coal Generation: $2.50/MWh decrease in power price $ (3) $ (17) Gas Generation: $1.00/MWh increase in spark spread $ 4 $ 20 Gas Generation: $1.00/MWh decrease in spark spread $ (3) $ (19) Residual Natural Gas Position: $0.25/MMBtu increase in natural gas price $ 1 $ (19) Residual Natural Gas Position: $0.25/MMBtu decrease in natural gas price $ (1) $ 13 East: Gas Generation: $1.00/MWh increase in spark spread $ 2 $ 6 Gas Generation: $1.00/MWh decrease in spark spread $ (1) $ (4) Residual Natural Gas Position: $0.25/MMBtu increase in natural gas price $ (1) $ 6 Residual Natural Gas Position: $0.25/MMBtu decrease in natural gas price $ 1 $ (6) West: Gas Generation: $1.00/MWh increase in spark spread $ — $ — Gas Generation: $1.00/MWh decrease in spark spread $ — $ — Residual Natural Gas Position: $0.25/MMBtu increase in natural gas price $ — $ 1 Residual Natural Gas Position: $0.25/MMBtu decrease in natural gas price $ — $ (1) Sunset: Coal Generation: $2.50/MWh increase in power price $ 1 $ 13 Coal Generation: $2.50/MWh decrease in power price $ (1) $ (12) Residual Natural Gas Position: $0.25/MMBtu increase in natural gas price $ 1 $ (10) Residual Natural Gas Position: $0.25/MMBtu increase in natural gas price $ (1) $ 10 PJM Auction Results In June 2022, Vistra reported its results from PJM's Reliability Pricing Model (RPM) auction results for planning year 2023-2024, and the table below lists clearing price per MW-day and our cleared capacity volumes by zone: Clearing Price per MW-day East Segment MW Cleared Sunset Segment MW Cleared Total MW Cleared RTO zone $ 34.13 2,890 — 2,890 ComEd zone $ 34.13 1,151 408 1,559 DEOK zone $ 34.13 11 924 935 EMAAC zone $ 49.49 828 — 828 MAAC zone $ 49.49 545 — 545 ATSI zone $ 34.13 112 — 112 Total $ 37.20 5,537 1,332 6,869 55 Table of Contents RESULTS OF OPERATIONS In the three and six months ended June 30, 2022, our operating segments delivered strong operating performance with a disciplined focus on cost management, while generating and selling essential electricity in a safe and reliable manner.",$2.50,,,,,,,,,,,,,filing,10-Q Q2 2022 — Item 2. MANAGEMENT'S DISCUSSION AND ANALYSIS OF FINANCIAL CONDITION AND RESULTS OF OPERATIONS,
unpaired_actual,VST,2021,,,,,,,,adjusted_ebitda,Adjusted EBITDA,,consolidated,,,,Q2 FY2022,"Three Months Ended June 30, 2022 Compared to 2021 Texas East West Sunset Favorable/(unfavorable) change in revenue net of fuel $ (13) $ 4 $ 19 $ (30) Winter Storm Uri impact 47 — — — Unfavorable change in other operating costs (25) (4) (1) (18) Favorable/(unfavorable) change in selling, general and administrative expenses (4) 4 1 — Other 32 — — 7 Change in Adjusted EBITDA $ 37 $ 4 $ 19 $ (41) Favorable change in depreciation and amortization 15 14 21 8 Change in unrealized net losses on hedging activities (572) (512) (1) 108 Generation plant retirement, transition and merger expenses — — — (2) Fresh start/purchase accounting impacts (1) (73) — (4) Winter Storm Uri impact (ERCOT default uplift and Koch earn-out) 22 — — — Other (including interest and COVID-19 related expenses) (1) 5 (1) 9 Change in Net income (loss) $ (500) $ (562) $ 38 $ 78 The change in Texas and East segment results was primarily driven by higher unrealized hedging losses in the three months ended June 30, 2022 versus the three ended June 30, 2021 due to material increases in forward power prices in 2022.",13,,,,,,,,,,,,,filing,10-Q Q2 2022 — Item 2. MANAGEMENT'S DISCUSSION AND ANALYSIS OF FINANCIAL CONDITION AND RESULTS OF OPERATIONS,
unpaired_actual,VST,2021,,,,,,,,revenue,Revenue,,consolidated,,,,Q2 FY2022,"The change in Sunset segment results was driven by lower unrealized hedging losses in the three months ended June 30, 2022 versus the three months ended June 30, 2021 due to unrealized gains on forward lignite and coal purchases as forward prices increased in the three months ended June 30, 2022, partially offset by a favorable change in revenue net of fuel.",,,,,,,,,,,,,,filing,10-Q Q2 2022 — Item 2. MANAGEMENT'S DISCUSSION AND ANALYSIS OF FINANCIAL CONDITION AND RESULTS OF OPERATIONS,
unpaired_actual,VST,2021,,,,,,,,adjusted_ebitda,Adjusted EBITDA,,consolidated,,,,Q2 FY2022,"Six Months Ended June 30, 2022 Compared to 2021 Texas East West Sunset Favorable/(unfavorable) change in revenue net of fuel $ 79 $ (17) $ 24 $ (57) Winter Storm Uri impact 1,548 (50) — (17) Unfavorable change in other operating costs (52) (8) (6) (25) Favorable/(unfavorable) change in selling, general and administrative expenses (14) 5 3 (4) Other (2) 2 — 9 Change in Adjusted EBITDA $ 1,559 $ (68) $ 21 $ (94) Favorable/(unfavorable) change in depreciation and amortization 14 31 (16) 14 Change in unrealized net losses on hedging activities (2,081) (585) 9 (290) Generation plant retirement expenses — — — (5) Fresh start/purchase accounting impacts (2) (74) — (3) Winter Storm Uri impact (ERCOT default uplift and Koch earn-out) 566 — — 1 Other (including interest and COVID-19 related expenses) (10) 4 (6) (1) Change in Net income (loss) $ 46 $ (692) $ 8 $ (378) The change in Texas segment results was primarily driven by the Winter Storm Uri impacts in 2021, partially offset by higher unrealized hedging losses in the six months ended June 30, 2022 versus the six months ended June 30, 2021 due to increases in forward power prices.",$ 79,,,,,,,,,,,,,filing,10-Q Q2 2022 — Item 2. MANAGEMENT'S DISCUSSION AND ANALYSIS OF FINANCIAL CONDITION AND RESULTS OF OPERATIONS,
unpaired_actual,VST,2021,,,,,,,,revenue,Revenue,,consolidated,,,,Q2 FY2022,"69 Table of Contents The change in Sunset segment results was driven by higher unrealized hedging losses in the six months ended June 30, 2022 versus the six months ended June 30, 2021 due to increases in forward power prices and an unfavorable change in revenue net of fuel.",69,,,,,,,,,,,,,filing,10-Q Q2 2022 — Item 2. MANAGEMENT'S DISCUSSION AND ANALYSIS OF FINANCIAL CONDITION AND RESULTS OF OPERATIONS,
unpaired_actual,VST,2021,,,,,,,,adjusted_ebitda,Adjusted EBITDA,,consolidated,,,,Q2 FY2022,"Asset Closure Segment — Three and Six Months Ended June 30, 2022 Compared to Three and Six Months Ended June 30, 2021 Three Months Ended June 30, Favorable (Unfavorable) Change Six Months Ended June 30, Favorable (Unfavorable) Change 2022 2021 2022 2021 Operating revenues $ 121 $ (41) $ 162 $ 228 $ (19) $ 247 Fuel, purchased power costs and delivery fees (119) (32) (87) (221) (59) (162) Operating costs $ (34) $ (68) $ 34 $ (78) $ (108) $ 30 Depreciation and amortization (9) (4) (5) (23) (8) (15) Selling, general and administrative expenses (9) (11) 2 (19) (26) 7 Impairment of long-lived assets — (38) 38 — (38) 38 Operating loss (50) (194) 144 (113) (258) 145 Other income 6 2 4 8 19 (11) Other deductions — — — (1) — (1) Interest expense and related charges (1) — (1) (1) — (1) Loss before income taxes (45) (192) 147 (107) (239) 132 Net loss $ (45) $ (192) $ 147 $ (107) $ (239) $ 132 Adjusted EBITDA $ (24) $ (43) $ 19 $ (30) $ (76) $ 46 Production volumes (GWh) 2,660 2,055 605 5,859 3,552 2,307 Results and volumes for the Asset Closure segment include those from the Zimmer and Joppa generation plants that we retired in May 2022 and plan to retire in September 2022, respectively.","30,",,,,,,,,,,,,,filing,10-Q Q2 2022 — Item 2. MANAGEMENT'S DISCUSSION AND ANALYSIS OF FINANCIAL CONDITION AND RESULTS OF OPERATIONS,
unpaired_actual,VST,2021,,,,,,,,dividend,Dividend,,consolidated,,,,Q2 FY2022,"The $860 million increase in available liquidity for the six months ended June 30, 2022 was primarily driven by $1.498 billion principal amount of Vistra Operations senior secured notes issued, $1.05 billion in net borrowings under the new Commodity-Linked Facility and $725 million in net cash borrowings under the accounts receivable financing facilities, partially offset by cash used in operations, including the change in margin deposits related to commodity contracts, $1.194 billion in cash paid for share repurchases, $613 million of capital expenditures (including LTSA prepayments, nuclear fuel and development and growth expenditures), a $911 million increase in letters of credit outstanding under the Revolving Credit Facility, $152 million in dividends paid to common stockholders and $76 million in dividends paid to preferred stockholders.",$860 million,,,,,,,,,,,,,filing,10-Q Q2 2022 — Item 2. MANAGEMENT'S DISCUSSION AND ANALYSIS OF FINANCIAL CONDITION AND RESULTS OF OPERATIONS,
unpaired_actual,VST,2021,,,,,,,,share_repurchases,Share repurchases,,consolidated,,,,Q2 FY2022,"The actual timing, number and value of shares repurchased under the Share Repurchase Program or otherwise will be determined at our discretion and will depend on a number of factors, including our capital allocation priorities, the market price of our stock, general market and economic conditions, applicable legal requirements and compliance with the terms of our debt agreements and the certificate of designation of the Series A Preferred Stock and the Series B Preferred Stock, respectively.",,,,,,,,,,,,,,filing,10-Q Q2 2022 — Item 2. UNREGISTERED SALES OF EQUITY SECURITIES AND USE OF PROCEEDS,
unpaired_actual,VST,2021,,,,,,,,dividend,Dividend,,consolidated,,,,Q3 FY2022,"Three Months Ended September 30, Nine Months Ended September 30, 2022 2021 2022 2021 Net income (loss) attributable to Vistra $ 668 $ 7 $ ( 981 ) $ ( 2,000 ) Less cumulative dividends attributable to Series A Preferred Stock ( 20 ) — ( 60 ) — Less cumulative dividends attributable to Series B Preferred Stock ( 17 ) — ( 52 ) — Net income (loss) attributable to common stock — basic 631 7 ( 1,093 ) ( 2,000 ) Weighted average shares of common stock outstanding — basic 413,762,896 482,516,965 431,381,151 483,150,213 Net income (loss) per weighted average share of common stock outstanding — basic $ 1.53 $ 0.01 $ ( 2.53 ) $ ( 4.14 ) Dilutive securities: Stock-based incentive compensation plan 3,719,615 1,977,581 — — Weighted average shares of common stock outstanding — diluted 417,482,511 484,494,546 431,381,151 483,150,213 Net income (loss) per weighted average share of common stock outstanding — diluted $ 1.51 $ 0.01 $ ( 2.53 ) $ ( 4.14 ) Stock-based incentive compensation plan awards excluded from the calculation of diluted earnings per share because the effect would have been antidilutive totaled 1,757,365 and 12,851,055 shares for the three months ended September 30, 2022 and 2021, respectively, and 8,076,314 and 15,223,763 shares for the nine months ended September 30, 2022 and 2021, respectively.","30,",,,,,,,,,,,,,filing,10-Q Q3 2022 — Item 1. FINANCIAL STATEMENTS — Consolidated Financial Statements,
unpaired_actual,VST,2021,,,,,,,,capacity,Capacity,,consolidated,,,,Q3 FY2022,"In May 2022, the final capacity payment from PJM during the Planning Years 2021-2022 was paid, and the terms of the 2021-2022 Forward Capacity were fulfilled.","2022,",,,,,,,,,,,,,filing,10-Q Q3 2022 — Item 1. FINANCIAL STATEMENTS — Consolidated Financial Statements,
unpaired_actual,VST,2021,,,,,,,,capacity,Capacity,,consolidated,,,,Q3 FY2022,"On the Merger Date, the Company assumed the obligation of Dynegy's agreements under which a portion of the PJM capacity that cleared for Planning Years 2018-2019, 2019-2020 and 2020-2021 was sold to a financial institution (Legacy Forward Capacity Agreements, and, together with the 2021-2022 Forward Capacity Agreement, the Forward Capacity Agreements).",,,,,,,,,,,,,,filing,10-Q Q3 2022 — Item 1. FINANCIAL STATEMENTS — Consolidated Financial Statements,
unpaired_actual,VST,2021,,,,,,,,capacity,Capacity,,consolidated,,,,Q3 FY2022,"In May 2021, the final capacity payment from PJM during the Planning Years 2020-2021 was paid, and the terms of the Legacy Forward Capacity were fulfilled.","2021,",,,,,,,,,,,,,filing,10-Q Q3 2022 — Item 1. FINANCIAL STATEMENTS — Consolidated Financial Statements,
unpaired_actual,VST,2021,,,,,,,,revenue,Revenue,,consolidated,,,,Q3 FY2022,"Use of Estimates Preparation of financial statements requires estimates and assumptions about future events that affect the reporting of assets and liabilities at the balance sheet dates and the reported amounts of revenue and expense, including fair value measurements, estimates of expected obligations, judgments related to the potential timing of events and other estimates.",,,,,,,,,,,,,,filing,10-Q Q3 2022 — Item 1. FINANCIAL STATEMENTS — Consolidated Financial Statements,
unpaired_actual,VST,2021,,,,,,,,capacity,Capacity,,consolidated,,,,Q3 FY2022,The contract was amended to increase the capacity of the planned development to a 36.25 MW battery ESS.,36.25,,,,,,,,,,,,,filing,10-Q Q3 2022 — Item 1. FINANCIAL STATEMENTS — Consolidated Financial Statements,
unpaired_actual,VST,2021,,,,,,,,share_repurchases,Share repurchases,,consolidated,,,,Q3 FY2022,"The actual timing, number and value of shares repurchased under the Share Repurchase Program or otherwise will be determined at our discretion and will depend on a number of factors, including our capital allocation priorities, the market price of our stock, general market and economic conditions, applicable legal requirements and compliance with the terms of our debt agreements and the certificate of designation of the Series A Preferred Stock and the Series B Preferred Stock, respectively.",,,,,,,,,,,,,,filing,10-Q Q3 2022 — Item 1. FINANCIAL STATEMENTS — Consolidated Financial Statements,
unpaired_actual,VST,2021,,,,,,,,dividend,Dividend,,consolidated,,,,Q3 FY2022,"In February 2022 and July 2022, the Board declared semi-annual dividends of $ 40.00 per share of Series A Preferred Stock that were paid in April 2022 and October 2022, respectively.",$ 40.00,,,,,,,,,,,,,filing,10-Q Q3 2022 — Item 1. FINANCIAL STATEMENTS — Consolidated Financial Statements,
unpaired_actual,VST,2021,,,,,,,,dividend,Dividend,,consolidated,,,,Q3 FY2022,"32 Table of Contents In May 2022, the Board declared a semi-annual dividend of $ 35.97 (including amounts accrued from December 10, 2021 to December 15, 2021) per share of Series B Preferred Stock that was paid in June 2022.",32,,,,,,,,,,,,,filing,10-Q Q3 2022 — Item 1. FINANCIAL STATEMENTS — Consolidated Financial Statements,
unpaired_actual,VST,2021,,,,,,,,bad_debt_expense,Bad debt expense,,consolidated,,,,Q3 FY2022,"Allowance for Uncollectible Accounts Receivable Nine Months Ended September 30, 2022 2021 Allowance for uncollectible accounts receivable at beginning of period $ 45 $ 45 Increase for bad debt expense 136 86 Decrease for account write-offs ( 90 ) ( 72 ) Allowance for uncollectible accounts receivable at end of period $ 91 $ 59 Inventories by Major Category September 30, 2022 December 31, 2021 Materials and supplies $ 272 $ 260 Fuel stock 258 314 Natural gas in storage 60 36 Total inventories $ 590 $ 610 Investments September 30, 2022 December 31, 2021 Nuclear plant decommissioning trust $ 1,547 $ 1,960 Assets related to employee benefit plans 40 42 Land 41 44 Miscellaneous other 9 3 Total investments $ 1,637 $ 2,049 48 Table of Contents Nuclear Decommissioning Trust Investments in a trust that will be used to fund the costs to decommission the Comanche Peak nuclear generation plant are carried at fair value.",$ 45,,,,,,,,,,,,,filing,10-Q Q3 2022 — Item 1. FINANCIAL STATEMENTS — Consolidated Financial Statements,
unpaired_actual,VST,2021,,,,,,,,deliveries,Deliveries,,consolidated,,,,Q3 FY2022,"Income and expense, including gains and losses associated with the trust fund assets and the decommissioning liability are offset by a corresponding change in a regulatory asset/liability (currently a regulatory asset reported in other noncurrent assets) that will ultimately be settled through changes in Oncor's delivery fees rates.",,,,,,,,,,,,,,filing,10-Q Q3 2022 — Item 1. FINANCIAL STATEMENTS — Consolidated Financial Statements,
unpaired_actual,VST,2021,,,,,,,,capacity,Capacity,,consolidated,,,,Q3 FY2022,"Facility Location ISO/RTO Fuel Type Net Generation Capacity (MW) Actual or Expected Retirement Date (a) Segment Baldwin Baldwin, IL MISO Coal 1,185 By the end of 2025 Sunset Coleto Creek Goliad, TX ERCOT Coal 650 By the end of 2027 Sunset Edwards Bartonville, IL MISO Coal 585 January 1, 2023 Sunset Joppa Joppa, IL MISO Coal 802 Retired September 1, 2022 Asset Closure Joppa Joppa, IL MISO Natural Gas 221 Retired September 1, 2022 Asset Closure Kincaid Kincaid, IL PJM Coal 1,108 By the end of 2027 Sunset Miami Fort North Bend, OH PJM Coal 1,020 By the end of 2027 Sunset Newton Newton, IL MISO/PJM Coal 615 By the end of 2027 Sunset Zimmer Moscow, OH PJM Coal 1,300 Retired June 1, 2022 Asset Closure Total 7,486 ____________ (a) Generation facilities may retire earlier than the end of 2027 if economic or other conditions dictate.","1,185",,,,,,,,,,,,,filing,10-Q Q3 2022 — Item 1. FINANCIAL STATEMENTS — Consolidated Financial Statements,
unpaired_actual,VST,2021,,,,,,,,product_milestone,Product / strategic milestone,,consolidated,,,,Q3 FY2022,"Changes to the geopolitical situation and the inflationary environment, among other factors, have also created supply chain constraints that have reduced the availability and increased the costs of certain fuels, such as coal, as well as reduced the availability of certain equipment and supply relevant to construction of renewables projects.",,,,,,,,,,,,,,filing,10-Q Q3 2022 — Item 2. MANAGEMENT'S DISCUSSION AND ANALYSIS OF FINANCIAL CONDITION AND RESULTS OF OPERATIONS,
unpaired_actual,VST,2021,,,,,,,,capital_expenditure,Capital expenditure,,consolidated,,,,Q3 FY2022,"Further, we are proactively managing through increased costs of materials and supply chain disruptions and continuing to prudently re-evaluate the business cases and timing of our planned development projects, which has resulted in a deferral of some of our planned capital spend for our renewables projects from 2022 to 2023 and beyond.",,,,,,,,,,,,,,filing,10-Q Q3 2022 — Item 2. MANAGEMENT'S DISCUSSION AND ANALYSIS OF FINANCIAL CONDITION AND RESULTS OF OPERATIONS,
unpaired_actual,VST,2021,,,,,,,,capacity,Capacity,,consolidated,,,,Q3 FY2022,"Balance 2022 2023 Texas: Nuclear/Renewable/Coal Generation: $2.50/MWh increase in power price $ 2 $ 10 Nuclear/Renewable/Coal Generation: $2.50/MWh decrease in power price $ (2) $ (9) Gas Generation: $1.00/MWh increase in spark spread $ 1 $ 12 Gas Generation: $1.00/MWh decrease in spark spread $ (1) $ (11) Residual Natural Gas Position: $0.25/MMBtu increase in natural gas price $ 1 $ (20) Residual Natural Gas Position: $0.25/MMBtu decrease in natural gas price $ (1) $ 14 East: Gas Generation: $1.00/MWh increase in spark spread $ — $ 7 Gas Generation: $1.00/MWh decrease in spark spread $ — $ (6) Residual Natural Gas Position: $0.25/MMBtu increase in natural gas price $ 1 $ (6) Residual Natural Gas Position: $0.25/MMBtu decrease in natural gas price $ (1) $ 6 West: Gas Generation: $1.00/MWh increase in spark spread $ — $ — Gas Generation: $1.00/MWh decrease in spark spread $ — $ — Residual Natural Gas Position: $0.25/MMBtu increase in natural gas price $ — $ 1 Residual Natural Gas Position: $0.25/MMBtu decrease in natural gas price $ — $ (1) Sunset: Coal Generation: $2.50/MWh increase in power price $ 1 $ 15 Coal Generation: $2.50/MWh decrease in power price $ (1) $ (14) Residual Natural Gas Position: $0.25/MMBtu increase in natural gas price $ — $ (8) Residual Natural Gas Position: $0.25/MMBtu decrease in natural gas price $ — $ 8 PJM Auction Results In June 2022, Vistra reported its results from PJM's Reliability Pricing Model (RPM) auction results for planning year 2023-2024, and the table below lists clearing price per MW-day and our cleared capacity volumes by zone: Clearing Price per MW-day East Segment MW Cleared Sunset Segment MW Cleared Total MW Cleared RTO zone $ 34.13 2,890 — 2,890 ComEd zone $ 34.13 1,151 408 1,559 DEOK zone $ 34.13 11 924 935 EMAAC zone $ 49.49 828 — 828 MAAC zone $ 49.49 545 — 545 ATSI zone $ 34.13 112 — 112 Total $ 37.20 5,537 1,332 6,869 58 Table of Contents RESULTS OF OPERATIONS In the three and nine months ended September 30, 2022, our operating segments delivered strong operating performance with a disciplined focus on cost management, while generating and selling essential electricity in a safe and reliable manner.",$2.50,,,,,,,,,,,,,filing,10-Q Q3 2022 — Item 2. MANAGEMENT'S DISCUSSION AND ANALYSIS OF FINANCIAL CONDITION AND RESULTS OF OPERATIONS,
unpaired_actual,VST,2021,,,,,,,,operating_income,Operating income,,consolidated,,,,Q3 FY2022,"Consolidated Financial Results — Three and Nine Months Ended September 30, 2022 Compared to Three and Nine Months Ended September 30, 2021 Three Months Ended September 30, Favorable (Unfavorable) $ Change Nine Months Ended September 30, Favorable (Unfavorable) $ Change 2022 2021 2022 2021 Operating revenues $ 5,146 $ 2,991 $ 2,155 $ 9,859 $ 8,763 $ 1,096 Fuel, purchased power costs and delivery fees (3,139) (1,763) (1,376) (7,580) (7,827) 247 Operating costs (400) (372) (28) (1,250) (1,173) (77) Depreciation and amortization (390) (468) 78 (1,214) (1,355) 141 Selling, general and administrative expenses (323) (269) (54) (894) (771) (123) Impairment of long-lived assets — — — — (38) 38 Operating income (loss) 894 119 775 (1,079) (2,401) 1,322 Other income 10 16 (6) 88 108 (20) Other deductions (5) (5) — (18) (13) (5) Interest expense and related charges (71) (124) 53 (186) (288) 102 Impacts of Tax Receivable Agreement 86 35 51 (29) 31 (60) Income (loss) before income taxes 914 41 873 (1,224) (2,563) 1,339 Income tax (expense) benefit (236) (31) (205) 262 569 (307) Net income (loss) $ 678 $ 10 $ 668 $ (962) $ (1,994) $ 1,032 Three Months Ended September 30, 2022 Retail Texas East West Sunset Asset Closure Eliminations / Corporate and Other Vistra Consolidated Operating revenues $ 3,258 $ 3,627 $ 1,126 $ 236 $ 280 $ 68 $ (3,449) $ 5,146 Fuel, purchased power costs and delivery fees (4,161) (1,119) (983) (155) (144) (27) 3,450 (3,139) Operating costs (43) (193) (58) (10) (71) (25) — (400) Depreciation and amortization (36) (135) (187) 4 (19) 1 (18) (390) Selling, general and administrative expenses (238) (33) (18) (5) (10) (11) (8) (323) Operating income (loss) (1,220) 2,147 (120) 70 36 6 (25) 894 Other income 2 1 1 — — 6 — 10 Other deductions (5) (1) — — 1 — — (5) Interest expense and related charges (4) 9 — 2 (1) (1) (76) (71) Impacts of Tax Receivable Agreement — — — — — — 86 86 Income (loss) before income taxes (1,227) 2,156 (119) 72 36 11 (15) 914 Income tax expense — — — — — — (236) (236) Net income (loss) $ (1,227) $ 2,156 $ (119) $ 72 $ 36 $ 11 $ (251) $ 678 59 Table of Contents Three Months Ended September 30, 2021 Retail Texas East West Sunset Asset Closure Eliminations / Corporate and Other Vistra Consolidated Operating revenues $ 2,160 $ 843 $ 508 $ 90 $ (62) $ (60) $ (488) $ 2,991 Fuel, purchased power costs and delivery fees (1,095) (482) (496) (78) (86) (14) 488 (1,763) Operating costs (38) (163) (57) (9) (65) (40) — (372) Depreciation and amortization (53) (179) (164) (15) (27) (13) (17) (468) Selling, general and administrative expenses (192) (23) (19) (7) (8) (11) (9) (269) Operating income (loss) 782 (4) (228) (19) (248) (138) (26) 119 Other income 1 7 — — 2 6 — 16 Other deductions — (2) — — (1) — (2) (5) Interest expense and related charges (2) 3 (5) 1 (1) (1) (119) (124) Impacts of Tax Receivable Agreement — — — — — — 35 35 Income (loss) before income taxes 781 4 (233) (18) (248) (133) (112) 41 Income tax expense (2) — — — — — (29) (31) Net income (loss) $ 779 $ 4 $ (233) $ (18) $ (248) $ (133) $ (141) $ 10 Consolidated operating income increased $775 million to $894 million in the three months ended September 30, 2022 compared to the three months ended September 30, 2021.","30,",,,,,,,,,,,,,filing,10-Q Q3 2022 — Item 2. MANAGEMENT'S DISCUSSION AND ANALYSIS OF FINANCIAL CONDITION AND RESULTS OF OPERATIONS,
unpaired_actual,VST,2021,,,,,,,,adjusted_ebitda,Adjusted EBITDA,,consolidated,,,,Q3 FY2022,"Three Months Ended September 30, 2022 Compared to 2021 Texas East West Sunset Favorable/(unfavorable) change in revenue net of fuel $ 61 $ (56) $ 8 $ (48) Winter Storm Uri impact 3 — (1) — Favorable/(unfavorable) change in other operating costs (32) (1) 2 (8) Favorable/(unfavorable) change in selling, general and administrative expenses (18) 2 — (5) Other 1 — — 1 Change in Adjusted EBITDA $ 15 $ (55) $ 9 $ (60) Favorable/(unfavorable) change in depreciation and amortization 42 (23) 19 8 Change in unrealized net gains/(losses) on hedging activities 2,090 186 61 353 Impairment of long-lived assets 2 — — — Generation plant retirement, transition and merger expenses — — — (1) Fresh start/purchase accounting impacts (2) — — (5) Winter Storm Uri impact (ERCOT default uplift and Koch earn-out) (3) — — — Other (including interest and COVID-19 related expenses) 8 6 1 (11) Change in Net income (loss) $ 2,152 $ 114 $ 90 $ 284 The change in Texas segment results was primarily driven by unrealized hedging gains in the three months ended September 30, 2022 compared to unrealized hedging losses in the three months ended September 30, 2021 due to decreases in forward power prices in the three months ended September 30, 2022 compared to increases in forward power prices in the three months ended September 30, 2021.",$ 61,,,,,,,,,,,,,filing,10-Q Q3 2022 — Item 2. MANAGEMENT'S DISCUSSION AND ANALYSIS OF FINANCIAL CONDITION AND RESULTS OF OPERATIONS,
unpaired_actual,VST,2021,,,,,,,,revenue,Revenue,,consolidated,,,,Q3 FY2022,"Additionally, revenue net of fuel is lower in the three months ended September 30, 2022 compared to the three months ended September 30, 2021 due primarily to higher-than-expected migration of customers to default service providers at rates below prevailing wholesale market prices and lower capacity revenue.",,,,,,,,,,,,,,filing,10-Q Q3 2022 — Item 2. MANAGEMENT'S DISCUSSION AND ANALYSIS OF FINANCIAL CONDITION AND RESULTS OF OPERATIONS,
unpaired_actual,VST,2021,,,,,,,,revenue,Revenue,,segment:generation,,,,Q3 FY2022,"The increases in revenue net of fuel and operating costs are due to strong generation fleet performance during periods of higher pricing and inflationary pressures, respectively, in the nine months ended September 30, 2022.",,,,,,,,,,,,,,filing,10-Q Q3 2022 — Item 2. MANAGEMENT'S DISCUSSION AND ANALYSIS OF FINANCIAL CONDITION AND RESULTS OF OPERATIONS,
unpaired_actual,VST,2021,,,,,,,,revenue,Revenue,,consolidated,,,,Q3 FY2022,"Additionally, revenue net of fuel is lower in the nine months ended September 30, 2022 compared to the nine months ended September 30, 2021 due primarily to higher-than-expected migration of customers to default service providers at rates below prevailing wholesale market prices and lower capacity revenue.",,,,,,,,,,,,,,filing,10-Q Q3 2022 — Item 2. MANAGEMENT'S DISCUSSION AND ANALYSIS OF FINANCIAL CONDITION AND RESULTS OF OPERATIONS,
unpaired_actual,VST,2021,,,,,,,,dividend,Dividend,,consolidated,,,,Q3 FY2022,"The change was primarily driven by: • the issuance of $1.250 billion principal amount of Vistra Operations senior unsecured notes in May 2021; • $1.590 billion in cash paid for share repurchases in 2022, including $114 million of unsettled share repurchases accrued as of December 31, 2021 and excluding $18 million of unsettled share repurchases accrued as of September 30, 2022, compared to $175 million in cash paid in 2021; • $500 million in cash received from the sale of a portion of the PJM capacity that cleared for Planning Years 2021-2022 in 2021; and • dividends of $76 million paid to preferred stockholders in 2022.",$1.250 billion,,,,,,,,,,,,,filing,10-Q Q3 2022 — Item 2. MANAGEMENT'S DISCUSSION AND ANALYSIS OF FINANCIAL CONDITION AND RESULTS OF OPERATIONS,
unpaired_actual,VST,2021,,,,,,,,dividend,Dividend,,consolidated,,,,Q3 FY2022,"The $859 million increase in available liquidity for the nine months ended September 30, 2022 was primarily driven by $1.5 billion principal amount of Vistra Operations senior secured notes issued, $1.701 billion in available capacity under the Commodity-Linked Facility under the aggregate commitments in effect as of September 30, 2022, $1.0 billion in additional aggregate commitments under the Revolving Credit Facility resulting from the Credit Agreement Amendments and $625 million in net cash borrowings under the accounts receivable financing facilities, partially offset by $1.590 billion in cash paid for share repurchases, $909 million of capital expenditures (including LTSA prepayments, nuclear fuel and development and growth expenditures), a $1.052 billion increase in letters of credit outstanding under the Revolving Credit Facility, $227 million in dividends paid to common stockholders and $76 million in dividends paid to preferred stockholders.",$859 million,,,,,,,,,,,,,filing,10-Q Q3 2022 — Item 2. MANAGEMENT'S DISCUSSION AND ANALYSIS OF FINANCIAL CONDITION AND RESULTS OF OPERATIONS,
unpaired_actual,VST,2021,,,,,,,,subscribers,Subscribers / customers,,consolidated,,,,Q3 FY2022,"As electricity pricing has trended higher, we have observed increased customer migration to the default service provider in territories outside of Texas, where default service rates do not yet fully reflect the higher commodity pricing environment.",,,,,,,,,,,,,,filing,10-Q Q3 2022 — Item 2. MANAGEMENT'S DISCUSSION AND ANALYSIS OF FINANCIAL CONDITION AND RESULTS OF OPERATIONS,
unpaired_actual,VST,2021,,,,,,,,share_repurchases,Share repurchases,,consolidated,,,,Q3 FY2022,"The actual timing, number and value of shares repurchased under the Share Repurchase Program or otherwise will be determined at our discretion and will depend on a number of factors, including our capital allocation priorities, the market price of our stock, general market and economic conditions, applicable legal requirements and compliance with the terms of our debt agreements and the certificate of designation of the Series A Preferred Stock and the Series B Preferred Stock, respectively.",,,,,,,,,,,,,,filing,10-Q Q3 2022 — Item 2. UNREGISTERED SALES OF EQUITY SECURITIES AND USE OF PROCEEDS,
unpaired_actual,VST,2021,,,,,,,,capacity,Capacity,,consolidated,,,,FY2022,PJM's Capacity Performance (CP) rules were designed to improve system reliability and include penalties for under-performing units and reward for over-performing units during shortage events.,,,,,,,,,,,,,,filing,10-K FY2022 — Item 1. BUSINESS,
unpaired_actual,VST,2021,,,,,,,,headcount,Headcount,,consolidated,,,,FY2022,"Further initiatives were launched to support the education, recruitment and retention of current and future employees, with particular emphasis being placed on driving equal access to opportunities throughout the organization.",,,,,,,,,,,,,,filing,10-K FY2022 — Item 1. BUSINESS,
unpaired_actual,VST,2021,,,,,,,,gross_margin,Gross margin,,consolidated,,,,FY2022,"While the cost of allowances required to operate our RGGI-affected facilities is expected to increase in future years, we expect that the cost of compliance would be reflected in the power market, and the actual impact to gross margin would be largely offset by an increase in revenue.",,,,,,,,,,,,,,filing,10-K FY2022 — Item 1. BUSINESS,
unpaired_actual,VST,2021,,,,,,,,bad_debt_expense,Bad debt expense,,consolidated,,,,FY2022,"Increased unemployment of residential customers and decreased demand for products and services by commercial and industrial customers resulting from an economic downturn could lead to declines in the demand for energy and an increase in the number of uncollectible customer balances, which would negatively impact our overall sales and cash flows.",,,,,,,,,,,,,,filing,10-K FY2022 — Item 1A. RISK FACTORS,
unpaired_actual,VST,2021,,,,,,,,revenue,Revenue,,segment:aws,,,,FY2022,"Various factors could result in increased costs or result in delays or cancellation of our current or future renewable projects, or the loss of, or declines in the value of, our investments in projects including, but not limited to, risks relating to siting, financing, engineering and construction, permitting, interconnection requests, federal and state regulatory approvals, new legislation or regulatory changes impacting the industry, commissioning delays, import tariffs, changes to federal income tax laws, economic events or factors, environmental and community concerns, availability of or requirements for additional funding, enhanced competition, or the potential for termination of the power sales contract as a result of a failure to meet certain milestones.",,,,,,,,,,,,,,filing,10-K FY2022 — Item 1A. RISK FACTORS,
unpaired_actual,VST,2021,,,,,,,,product_milestone,Product / strategic milestone,,consolidated,,,,FY2022,"Additionally, the increased demand for construction of renewables projects, such as ESSs and solar projects, and other labor market and supply chain constraints have resulted, and may continue to result, in limited availability of qualified specialists, contractors, and necessary services or materials, leading to delays in and higher costs for the development and construction of our current and future planned projects.",,,,,,,,,,,,,,filing,10-K FY2022 — Item 1A. RISK FACTORS,
unpaired_actual,VST,2021,,,,,,,,revenue,Revenue,,consolidated,,,,FY2022,"If such degradations were to occur at the Comanche Peak Facility, the process of identifying and correcting the causes of the operational downgrade to return the facility to operation could require significant time and expense, resulting in both lost revenue and increased fuel and purchased power expense to meet supply commitments.",,,,,,,,,,,,,,filing,10-K FY2022 — Item 1A. RISK FACTORS,
unpaired_actual,VST,2021,,,,,,,,capacity,Capacity,,consolidated,,,,FY2022,"The operation and maintenance of power generation facilities and related mining operations involve many risks, including, as applicable, start-up risks, breakdown or failure of facilities, equipment or processes, operator error, lack of sufficient capital to maintain the facilities, the dependence on a specific fuel source, the ability to timely obtain parts for equipment repairs, the inability to transport our product to our customers in an efficient manner due to the lack of transmission capacity or the impact of unusual or adverse weather conditions or other natural events, or terrorist attacks, as well as the risk of performance below expected levels of output, efficiency or reliability, the occurrence of any of which could result in substantial lost revenues and/or increased expenses.",,,,,,,,,,,,,,filing,10-K FY2022 — Item 1A. RISK FACTORS,
unpaired_actual,VST,2021,,,,,,,,stores,Stores / locations,,consolidated,,,,FY2022,"As the closure and CCR management work progresses and final closure plans and corrective action measures are developed and approved at each site, the scope and complexity of work and the amount of CCR material could be greater than current estimates and could, therefore, materially impact earnings through increased compliance expenditures.",,,,,,,,,,,,,,filing,10-K FY2022 — Item 1A. RISK FACTORS,
unpaired_actual,VST,2021,,,,,,,,subscribers,Subscribers / customers,,consolidated,,,,FY2022,"The global or national outbreak of an illness or other communicable disease, or any other public health crisis, such as COVID-19, may cause disruptions to our business and operational plans, as a result of a number of factors, including (a) a protracted slowdown of broad sectors of the economy, (b) changes in demand or supply for commodities, (c) significant changes in legislation or regulatory policy to address the pandemic (including prohibitions on certain marketing channels, moratoriums or conditions on disconnections or limits or restrictions on late fees), (d) reduced demand for electricity (particularly from commercial and industrial customers), (e) increased late or uncollectible customer payments, (f) negative impacts on the health of our workforce, (g) a deterioration of our ability to ensure business continuity (including increased vulnerability to cyber and other information technology risks as a result of a significant portion of our workforce continuing to work from home), and (h) the inability of the Company's contractors, suppliers, and other business partners to fulfill their contractual obligations.",,,,,,,,,,,,,,filing,10-K FY2022 — Item 1A. RISK FACTORS,
unpaired_actual,VST,2021,,,,,,,,headcount,Headcount,,consolidated,,,,FY2022,"Further, we are facing an increasingly competitive market for hiring and retaining skilled employees in certain skill areas, which is exacerbated by the effects of the COVID-19 pandemic and increased acceptance of hiring remote working employees by our competitors and other companies.",,,,,,,,,,,,,,filing,10-K FY2022 — Item 1A. RISK FACTORS,
unpaired_actual,VST,2021,,,,,,,,headcount,Headcount,,consolidated,,,,FY2022,Difficulties in attracting and retaining highly qualified skilled employees may restrict our ability to adequately support our business needs and/or result in increased personnel costs.,,,,,,,,,,,,,,filing,10-K FY2022 — Item 1A. RISK FACTORS,
unpaired_actual,VST,2021,,,,,,,,product_milestone,Product / strategic milestone,,segment:generation,,,,FY2022,"This severe weather event substantially increased the demand for natural gas used in our electric power generation business, and the cold further limited the availability of renewable generation across the region contributing to extremely high market prices for natural gas and electricity, which resulted in substantial increases in the costs to procure sufficient fuel supply and increased collateral posting requirements.",,,,,,,,,,,,,,filing,10-K FY2022 — Item 1A. RISK FACTORS,
unpaired_actual,VST,2021,,,,,,,,subscribers,Subscribers / customers,,consolidated,,,,FY2022,"Based on numbers of meters, our total retail customer counts increased approximately 3%, 3% and 1% in 2022, 2021 and 2020, respectively.",approximately 3%,,,,,,,,,,,,,filing,10-K FY2022 — Item 1A. Risk Factors – Regulatory and Legislative Risks,
unpaired_actual,VST,2021,,,,,,,,revenue,Revenue,,segment:generation,,,,FY2022,"The increases in revenue net of fuel and operating costs are due to strong generation fleet performance during periods of higher pricing and inflationary pressures, respectively, in the year ended December 31, 2022.",,,,,,,,,,,,,,filing,10-K FY2022 — Item 1A. Risk Factors – Regulatory and Legislative Risks,
unpaired_actual,VST,2021,,,,,,,,subscribers,Subscribers / customers,,consolidated,,,,FY2022,"As electricity pricing trended higher in 2022, we experienced increased customer migration to the default service provider in territories outside of Texas, where default service rates do not yet fully reflect the higher commodity pricing environment.","2022,",,,,,,,,,,,,,filing,10-K FY2022 — Item 1A. Risk Factors – Regulatory and Legislative Risks,
unpaired_actual,VST,2021,,,,,,,,revenue,Revenue,,consolidated,,,,FY2022,"The change in East segment results was primarily driven by (i) higher unrealized hedging losses in the year ended December 31, 2022 compared to the year ended December 31, 2021 due to increases in forward power prices in the year ended December 31, 2022 (ii) lower revenue net of fuel in the year ended December 31, 2022 compared to the year ended December 31, 2021 due primarily to higher-than-expected migration of customers to default service providers at rates below prevailing wholesale market prices and lower capacity revenue and (iii) termination of an unfavorable acquired contract in 2021 which resulted in derecognition of an intangible liability.",2021,,,,,,,,,,,,,filing,10-K FY2022 — Item 1A. Risk Factors – Regulatory and Legislative Risks,
unpaired_actual,VST,2021,,,,,,,,revenue,Revenue,,consolidated,,,,FY2022,"Year Ended December 31, Increase (Decrease) 2022 2021 Capital expenditures, including LTSA prepayments $ (628) $ (549) (79) Nuclear fuel purchases (198) (44) (154) Growth and development expenditures (475) (440) (35) Total capital expenditures (1,301) (1,033) (268) Net sales (purchases) of environmental allowances (28) (213) 185 Net sales of (investments in) nuclear decommissioning trust fund securities (23) (22) (1) Insurance proceeds related to capital activity 39 89 (50) Proceeds from sale of nuclear fuel 57 — 57 Other investing activity 17 26 (9) Cash used in investing activities $ (1,239) $ (1,153) $ (86) Financing Cash Flows Year Ended December 31, 2022 Compared to Year Ended December 31, 2021 — Cash used in financing activities totaled $80 million in the year ended December 31, 2022 compared to cash provided by financing activities of $2.274 billion in the year ended December 31, 2021.","31,",,,,,,,,,,,,,filing,10-K FY2022 — Item 1A. Risk Factors – Regulatory and Legislative Risks,
unpaired_actual,VST,2021,,,,,,,,dividend,Dividend,,consolidated,,,,FY2022,"Year Ended December 31, Increase (Decrease) 2022 2021 Issuances of preferred stock in 2021 $ — $ 2,000 $ (2,000) Share repurchases (1,949) (471) (1,478) Other net borrowings (repayments), including the forward capacity agreements (251) 119 (370) Dividends paid to common stockholders (302) (290) (12) Dividends paid to preferred stockholders (151) — (151) Issuance of senior secured (2022) and senior unsecured (2021) notes 1,498 1,250 248 Net borrowings (repayments) under the accounts receivable financing facilities 425 (300) 725 Net short-term borrowings (repayments) 650 — 650 Other financing activity — (34) 34 Cash provided by (used in) financing activities $ (80) $ 2,274 $ (2,354) Debt Activity See Note 9 to the Financial Statements for details of the Receivables Facility and Repurchase Facility and Note 10 to the Financial Statements for details of the Vistra Operations Credit Facilities, the Commodity-Linked Facility and other long-term debt.","31,",,,,,,,,,,,,,filing,10-K FY2022 — Item 1A. Risk Factors – Regulatory and Legislative Risks,
unpaired_actual,VST,2021,,,,,,,,dividend,Dividend,,consolidated,,,,FY2022,"The $80 million decrease in available liquidity for the year ended December 31, 2022 was primarily driven by $1.949 billion in cash paid for share repurchases, $1.301 billion of capital expenditures (including LTSA prepayments, nuclear fuel and development and growth expenditures), a $418 million increase in letters of credit outstanding under the Revolving Credit Facility, $302 million in dividends paid to common stockholders and $151 million in dividends paid to preferred stockholders, partially offset by cash provided by operations, cash received from the issuance of $1.5 billion principal amount of Vistra Operations senior secured notes issued, $808 million in available capacity under the Commodity-Linked Facility under the aggregate commitments in effect as of December 31, 2022, $650 million in additional aggregate commitments under the Revolving Credit Facility resulting from the Credit Agreement Amendments and $425 million in net cash borrowings under the accounts receivable financing facilities.",$80 million,,,,,,,,,,,,,filing,10-K FY2022 — Item 1A. Risk Factors – Regulatory and Legislative Risks,
unpaired_actual,VST,2021,,,,,,,,headcount,Headcount,,consolidated,,,,FY2022,"STOCK-BASED COMPENSATION Vistra 2016 Omnibus Incentive Plan On the Effective Date, the Vistra board of directors (Board) adopted the 2016 Omnibus Incentive Plan (2016 Incentive Plan), under which an aggregate of 22,500,000 shares of our common stock were reserved for issuance as equity-based awards to our non-employee directors, employees, and certain other persons.","22,500,000",,,,,,,,,,,,,filing,10-K FY2022 — Item 8. FINANCIAL STATEMENTS AND SUPPLEMENTARY DATA — Consolidated Financial Statements,
unpaired_actual,VST,2021,,,,,,,,capacity,Capacity,,consolidated,,,,FY2022,The contract was amended to increase the capacity of the planned development to a 36.25 MW battery ESS.,36.25,,,,,,,,,,,,,filing,10-K FY2022 — Item 8. FINANCIAL STATEMENTS AND SUPPLEMENTARY DATA — Consolidated Financial Statements,
unpaired_actual,VST,2021,,,,,,,,capacity,Capacity,,consolidated,,,,FY2022,"Name Location ISO/RTO Fuel Type Net Generation Capacity (MW) Actual or Expected Retirement Date (a) Segment Baldwin Baldwin, IL MISO Coal 1,185 By the end of 2025 Sunset Coleto Creek Goliad, TX ERCOT Coal 650 By the end of 2027 Sunset Edwards Bartonville, IL MISO Coal 585 Retired January 1, 2023 Sunset Joppa Joppa, IL MISO Coal 802 Retired September 1, 2022 Asset Closure Joppa Joppa, IL MISO Natural Gas 221 Retired September 1, 2022 Asset Closure Kincaid Kincaid, IL PJM Coal 1,108 By the end of 2027 Sunset Miami Fort North Bend, OH PJM Coal 1,020 By the end of 2027 Sunset Newton Newton, IL MISO/PJM Coal 615 By the end of 2027 Sunset Zimmer Moscow, OH PJM Coal 1,300 Retired June 1, 2022 Asset Closure Total 7,486 ____________ (a) Generation facilities may retire earlier than the end of 2027 if economic or other conditions dictate.","1,185",,,,,,,,,,,,,filing,10-K FY2022 — Item 8. FINANCIAL STATEMENTS AND SUPPLEMENTARY DATA — Consolidated Financial Statements,
unpaired_actual,VST,2021,,,,,,,,dividend,Dividend,,consolidated,,,,FY2022,"Year Ended December 31, 2022 2021 2020 Net income (loss) attributable to Vistra $ ( 1,227 ) $ ( 1,274 ) $ 636 Less cumulative dividends attributable to Series A Preferred Stock ( 80 ) ( 17 ) — Less cumulative dividends attributable to Series B Preferred Stock ( 70 ) ( 4 ) — Net income (loss) attributable to common stock — basic ( 1,377 ) ( 1,295 ) 636 Weighted average shares of common stock outstanding — basic 422,447,074 482,214,544 488,668,263 Net income (loss) per weighted average share of common stock outstanding — basic $ ( 3.26 ) $ ( 2.69 ) $ 1.30 Dilutive securities: Stock-based incentive compensation plan — — 2,422,205 Weighted average shares of common stock outstanding — diluted 422,447,074 482,214,544 491,090,468 Net income (loss) per weighted average share of common stock outstanding — diluted $ ( 3.26 ) $ ( 2.69 ) $ 1.30 Stock-based incentive compensation plan awards excluded from the calculation of diluted earnings per share because the effect would have been antidilutive totaled 8,292,647 , 14,412,299 and 12,553,414 shares for the years ended December 31, 2022, 2021 and 2020, respectively.","1,227",,,,,,,,,,,,,filing,10-K FY2022 — Item 8. FINANCIAL STATEMENTS AND SUPPLEMENTARY DATA — Consolidated Financial Statements,
unpaired_actual,VST,2021,,,,,,,,capacity,Capacity,,consolidated,,,,FY2022,"In May 2022, the final capacity payment from PJM during the Planning Years 2021-2022 was paid, and the terms of the 2021-2022 Forward Capacity were fulfilled.","2022,",,,,,,,,,,,,,filing,10-K FY2022 — Item 8. FINANCIAL STATEMENTS AND SUPPLEMENTARY DATA — Consolidated Financial Statements,
unpaired_actual,VST,2021,,,,,,,,capacity,Capacity,,consolidated,,,,FY2022,"On the Merger Date, the Company assumed the obligation of Dynegy's agreements under which a portion of the PJM capacity that cleared for Planning Years 2018-2019, 2019-2020 and 2020-2021 was sold to a financial institution (Legacy Forward Capacity Agreements, and, together with the 2021-2022 Forward Capacity Agreement, the Forward Capacity Agreements).",,,,,,,,,,,,,,filing,10-K FY2022 — Item 8. FINANCIAL STATEMENTS AND SUPPLEMENTARY DATA — Consolidated Financial Statements,
unpaired_actual,VST,2021,,,,,,,,capacity,Capacity,,consolidated,,,,FY2022,"In May 2021, the final capacity payment from PJM during the Planning Years 2020-2021 was paid, and the terms of the Legacy Forward Capacity were fulfilled.","2021,",,,,,,,,,,,,,filing,10-K FY2022 — Item 8. FINANCIAL STATEMENTS AND SUPPLEMENTARY DATA — Consolidated Financial Statements,
unpaired_actual,VST,2021,,,,,,,,revenue,Revenue,,consolidated,,,,FY2022,"99 Table of Contents Use of Estimates Preparation of financial statements requires estimates and assumptions about future events that affect the reporting of assets and liabilities at the balance sheet dates and the reported amounts of revenue and expense, including fair value measurements, estimates of expected obligations, judgments related to the potential timing of events and other estimates.",99,,,,,,,,,,,,,filing,10-K FY2022 — Item 8. FINANCIAL STATEMENTS AND SUPPLEMENTARY DATA — Consolidated Financial Statements,
unpaired_actual,VST,2021,,,,,,,,headcount,Headcount,,consolidated,,,,FY2022,"After amendments in 2012, employees in the Retirement Plan now consist entirely of participants who were active and retired collective bargaining unit employees.","2012,",,,,,,,,,,,,,filing,10-K FY2022 — Item 8. FINANCIAL STATEMENTS AND SUPPLEMENTARY DATA — Consolidated Financial Statements,
unpaired_actual,VST,2021,,,,,,,,revenue,Revenue,,consolidated,,,,Q1 FY2020,SEC XBRL Revenue for Q1 FY2020: 2858000000 USD,$2858000000,,,,,,,,,,,,,xbrl,XBRL Revenue Q1 FY2020,
unpaired_actual,VST,2021,,,,,,,,operating_income,Operating income,,consolidated,,,,Q1 FY2020,SEC XBRL Operating Income for Q1 FY2020: 391000000 USD,$391000000,,,,,,,,,,,,,xbrl,XBRL Operating Income Q1 FY2020,
unpaired_actual,VST,2021,,,,,,,,net_income,Net Income,,consolidated,,,,Q1 FY2020,SEC XBRL Net Income for Q1 FY2020: 56000000 USD,$56000000,,,,,,,,,,,,,xbrl,XBRL Net Income Q1 FY2020,
unpaired_actual,VST,2021,,,,,,,,eps,Diluted EPS,,consolidated,,,,Q1 FY2020,SEC XBRL Diluted EPS for Q1 FY2020: 0.11 USD/share,$0.11,,,,,,,,,,,,,xbrl,XBRL Diluted EPS Q1 FY2020,
unpaired_actual,VST,2021,,,,,,,,operating_cash_flow,Operating Cash Flow,,consolidated,,,,Q1 FY2020,SEC XBRL Operating Cash Flow for Q1 FY2020: 552000000 USD,$552000000,,,,,,,,,,,,,xbrl,XBRL Operating Cash Flow Q1 FY2020,
unpaired_actual,VST,2021,,,,,,,,capital_expenditure,Capital expenditure,,consolidated,,,,Q1 FY2020,SEC XBRL Capital Expenditures for Q1 FY2020: 261000000 USD,$261000000,,,,,,,,,,,,,xbrl,XBRL Capital Expenditures Q1 FY2020,
unpaired_actual,VST,2021,,,,,,,,operating_margin,Operating margin,,consolidated,,,,Q1 FY2020,SEC XBRL derived Operating margin for Q1 FY2020: 13.6809% (391000000 / 2858000000),13.6809%,,,,,,,,,,,,,xbrl,XBRL Operating margin Q1 FY2020,
unpaired_actual,VST,2021,,,,,,,,revenue,Revenue,,consolidated,,,,Q2 FY2020,SEC XBRL Revenue for Q2 FY2020: 2509000000 USD,$2509000000,,,,,,,,,,,,,xbrl,XBRL Revenue Q2 FY2020,
unpaired_actual,VST,2021,,,,,,,,operating_income,Operating income,,consolidated,,,,Q2 FY2020,SEC XBRL Operating Income for Q2 FY2020: 377000000 USD,$377000000,,,,,,,,,,,,,xbrl,XBRL Operating Income Q2 FY2020,
unpaired_actual,VST,2021,,,,,,,,net_income,Net Income,,consolidated,,,,Q2 FY2020,SEC XBRL Net Income for Q2 FY2020: 166000000 USD,$166000000,,,,,,,,,,,,,xbrl,XBRL Net Income Q2 FY2020,
unpaired_actual,VST,2021,,,,,,,,eps,Diluted EPS,,consolidated,,,,Q2 FY2020,SEC XBRL Diluted EPS for Q2 FY2020: 0.34 USD/share,$0.34,,,,,,,,,,,,,xbrl,XBRL Diluted EPS Q2 FY2020,
unpaired_actual,VST,2021,,,,,,,,operating_cash_flow,Operating Cash Flow,,consolidated,,,,Q2 FY2020,SEC XBRL Operating Cash Flow for Q2 FY2020: 757000000 USD,$757000000,,,,,,,,,,,,,xbrl,XBRL Operating Cash Flow Q2 FY2020,
unpaired_actual,VST,2021,,,,,,,,capital_expenditure,Capital expenditure,,consolidated,,,,Q2 FY2020,SEC XBRL Capital Expenditures for Q2 FY2020: 327000000 USD,$327000000,,,,,,,,,,,,,xbrl,XBRL Capital Expenditures Q2 FY2020,
unpaired_actual,VST,2021,,,,,,,,operating_margin,Operating margin,,consolidated,,,,Q2 FY2020,SEC XBRL derived Operating margin for Q2 FY2020: 15.0259% (377000000 / 2509000000),15.0259%,,,,,,,,,,,,,xbrl,XBRL Operating margin Q2 FY2020,
unpaired_actual,VST,2021,,,,,,,,revenue,Revenue,,consolidated,,,,Q3 FY2020,SEC XBRL Revenue for Q3 FY2020: 3552000000 USD,$3552000000,,,,,,,,,,,,,xbrl,XBRL Revenue Q3 FY2020,
unpaired_actual,VST,2021,,,,,,,,operating_income,Operating income,,consolidated,,,,Q3 FY2020,SEC XBRL Operating Income for Q3 FY2020: 676000000 USD,$676000000,,,,,,,,,,,,,xbrl,XBRL Operating Income Q3 FY2020,
unpaired_actual,VST,2021,,,,,,,,net_income,Net Income,,consolidated,,,,Q3 FY2020,SEC XBRL Net Income for Q3 FY2020: 443000000 USD,$443000000,,,,,,,,,,,,,xbrl,XBRL Net Income Q3 FY2020,
unpaired_actual,VST,2021,,,,,,,,eps,Diluted EPS,,consolidated,,,,Q3 FY2020,SEC XBRL Diluted EPS for Q3 FY2020: 0.9 USD/share,$0.9,,,,,,,,,,,,,xbrl,XBRL Diluted EPS Q3 FY2020,
unpaired_actual,VST,2021,,,,,,,,operating_cash_flow,Operating Cash Flow,,consolidated,,,,Q3 FY2020,SEC XBRL Operating Cash Flow for Q3 FY2020: 1041000000 USD,$1041000000,,,,,,,,,,,,,xbrl,XBRL Operating Cash Flow Q3 FY2020,
unpaired_actual,VST,2021,,,,,,,,capital_expenditure,Capital expenditure,,consolidated,,,,Q3 FY2020,SEC XBRL Capital Expenditures for Q3 FY2020: 250000000 USD,$250000000,,,,,,,,,,,,,xbrl,XBRL Capital Expenditures Q3 FY2020,
unpaired_actual,VST,2021,,,,,,,,operating_margin,Operating margin,,consolidated,,,,Q3 FY2020,SEC XBRL derived Operating margin for Q3 FY2020: 19.0315% (676000000 / 3552000000),19.0315%,,,,,,,,,,,,,xbrl,XBRL Operating margin Q3 FY2020,
unpaired_actual,VST,2021,,,,,,,,revenue,Revenue,,consolidated,,,,FY2020,SEC XBRL Revenue for FY2020: 11443000000 USD,$11443000000,,,,,,,,,,,,,xbrl,XBRL Revenue FY2020,
unpaired_actual,VST,2021,,,,,,,,operating_income,Operating income,,consolidated,,,,FY2020,SEC XBRL Operating Income for FY2020: 1519000000 USD,$1519000000,,,,,,,,,,,,,xbrl,XBRL Operating Income FY2020,
unpaired_actual,VST,2021,,,,,,,,net_income,Net Income,,consolidated,,,,FY2020,SEC XBRL Net Income for FY2020: 636000000 USD,$636000000,,,,,,,,,,,,,xbrl,XBRL Net Income FY2020,
unpaired_actual,VST,2021,,,,,,,,eps,Diluted EPS,,consolidated,,,,FY2020,SEC XBRL Diluted EPS for FY2020: 1.3 USD/share,$1.3,,,,,,,,,,,,,xbrl,XBRL Diluted EPS FY2020,
unpaired_actual,VST,2021,,,,,,,,operating_cash_flow,Operating Cash Flow,,consolidated,,,,FY2020,SEC XBRL Operating Cash Flow for FY2020: 3337000000 USD,$3337000000,,,,,,,,,,,,,xbrl,XBRL Operating Cash Flow FY2020,
unpaired_actual,VST,2021,,,,,,,,capital_expenditure,Capital expenditure,,consolidated,,,,FY2020,SEC XBRL Capital Expenditures for FY2020: 1259000000 USD,$1259000000,,,,,,,,,,,,,xbrl,XBRL Capital Expenditures FY2020,
unpaired_actual,VST,2021,,,,,,,,operating_margin,Operating margin,,consolidated,,,,FY2020,SEC XBRL derived Operating margin for FY2020: 13.2745% (1519000000 / 11443000000),13.2745%,,,,,,,,,,,,,xbrl,XBRL Operating margin FY2020,
unpaired_actual,VST,2021,,,,,,,,revenue,Revenue,,consolidated,,,,Q1 FY2021,SEC XBRL Revenue for Q1 FY2021: 3207000000 USD,$3207000000,,,,,,,,,,,,,xbrl,XBRL Revenue Q1 FY2021,
unpaired_actual,VST,2021,,,,,,,,operating_income,Operating income,,consolidated,,,,Q1 FY2021,SEC XBRL Operating Income for Q1 FY2021: -2583000000 USD,$-2583000000,,,,,,,,,,,,,xbrl,XBRL Operating Income Q1 FY2021,
unpaired_actual,VST,2021,,,,,,,,net_income,Net Income,,consolidated,,,,Q1 FY2021,SEC XBRL Net Income for Q1 FY2021: -2043000000 USD,$-2043000000,,,,,,,,,,,,,xbrl,XBRL Net Income Q1 FY2021,
unpaired_actual,VST,2021,,,,,,,,eps,Diluted EPS,,consolidated,,,,Q1 FY2021,SEC XBRL Diluted EPS for Q1 FY2021: -4.21 USD/share,$-4.21,,,,,,,,,,,,,xbrl,XBRL Diluted EPS Q1 FY2021,
unpaired_actual,VST,2021,,,,,,,,operating_cash_flow,Operating Cash Flow,,consolidated,,,,Q1 FY2021,SEC XBRL Operating Cash Flow for Q1 FY2021: -1653000000 USD,$-1653000000,,,,,,,,,,,,,xbrl,XBRL Operating Cash Flow Q1 FY2021,
unpaired_actual,VST,2021,,,,,,,,capital_expenditure,Capital expenditure,,consolidated,,,,Q1 FY2021,SEC XBRL Capital Expenditures for Q1 FY2021: 192000000 USD,$192000000,,,,,,,,,,,,,xbrl,XBRL Capital Expenditures Q1 FY2021,
unpaired_actual,VST,2021,,,,,,,,operating_margin,Operating margin,,consolidated,,,,Q1 FY2021,SEC XBRL derived Operating margin for Q1 FY2021: -80.5426% (-2583000000 / 3207000000),-80.5426%,,,,,,,,,,,,,xbrl,XBRL Operating margin Q1 FY2021,
unpaired_actual,VST,2021,,,,,,,,revenue,Revenue,,consolidated,,,,Q2 FY2021,SEC XBRL Revenue for Q2 FY2021: 2565000000 USD,$2565000000,,,,,,,,,,,,,xbrl,XBRL Revenue Q2 FY2021,
unpaired_actual,VST,2021,,,,,,,,operating_income,Operating income,,consolidated,,,,Q2 FY2021,SEC XBRL Operating Income for Q2 FY2021: 62000000 USD,$62000000,,,,,,,,,,,,,xbrl,XBRL Operating Income Q2 FY2021,
unpaired_actual,VST,2021,,,,,,,,net_income,Net Income,,consolidated,,,,Q2 FY2021,SEC XBRL Net Income for Q2 FY2021: 36000000 USD,$36000000,,,,,,,,,,,,,xbrl,XBRL Net Income Q2 FY2021,
unpaired_actual,VST,2021,,,,,,,,eps,Diluted EPS,,consolidated,,,,Q2 FY2021,SEC XBRL Diluted EPS for Q2 FY2021: 0.07 USD/share,$0.07,,,,,,,,,,,,,xbrl,XBRL Diluted EPS Q2 FY2021,
unpaired_actual,VST,2021,,,,,,,,operating_cash_flow,Operating Cash Flow,,consolidated,,,,Q2 FY2021,SEC XBRL Operating Cash Flow for Q2 FY2021: 596000000 USD,$596000000,,,,,,,,,,,,,xbrl,XBRL Operating Cash Flow Q2 FY2021,
unpaired_actual,VST,2021,,,,,,,,capital_expenditure,Capital expenditure,,consolidated,,,,Q2 FY2021,SEC XBRL Capital Expenditures for Q2 FY2021: 354000000 USD,$354000000,,,,,,,,,,,,,xbrl,XBRL Capital Expenditures Q2 FY2021,
unpaired_actual,VST,2021,,,,,,,,operating_margin,Operating margin,,consolidated,,,,Q2 FY2021,SEC XBRL derived Operating margin for Q2 FY2021: 2.4172% (62000000 / 2565000000),2.4172%,,,,,,,,,,,,,xbrl,XBRL Operating margin Q2 FY2021,
unpaired_actual,VST,2021,,,,,,,,revenue,Revenue,,consolidated,,,,Q3 FY2021,SEC XBRL Revenue for Q3 FY2021: 2991000000 USD,$2991000000,,,,,,,,,,,,,xbrl,XBRL Revenue Q3 FY2021,
unpaired_actual,VST,2021,,,,,,,,operating_income,Operating income,,consolidated,,,,Q3 FY2021,SEC XBRL Operating Income for Q3 FY2021: 119000000 USD,$119000000,,,,,,,,,,,,,xbrl,XBRL Operating Income Q3 FY2021,
unpaired_actual,VST,2021,,,,,,,,net_income,Net Income,,consolidated,,,,Q3 FY2021,SEC XBRL Net Income for Q3 FY2021: 7000000 USD,$7000000,,,,,,,,,,,,,xbrl,XBRL Net Income Q3 FY2021,
unpaired_actual,VST,2021,,,,,,,,eps,Diluted EPS,,consolidated,,,,Q3 FY2021,SEC XBRL Diluted EPS for Q3 FY2021: 0.01 USD/share,$0.01,,,,,,,,,,,,,xbrl,XBRL Diluted EPS Q3 FY2021,
unpaired_actual,VST,2021,,,,,,,,operating_cash_flow,Operating Cash Flow,,consolidated,,,,Q3 FY2021,SEC XBRL Operating Cash Flow for Q3 FY2021: 564000000 USD,$564000000,,,,,,,,,,,,,xbrl,XBRL Operating Cash Flow Q3 FY2021,
unpaired_actual,VST,2021,,,,,,,,capital_expenditure,Capital expenditure,,consolidated,,,,Q3 FY2021,SEC XBRL Capital Expenditures for Q3 FY2021: 244000000 USD,$244000000,,,,,,,,,,,,,xbrl,XBRL Capital Expenditures Q3 FY2021,
unpaired_actual,VST,2021,,,,,,,,operating_margin,Operating margin,,consolidated,,,,Q3 FY2021,SEC XBRL derived Operating margin for Q3 FY2021: 3.9786% (119000000 / 2991000000),3.9786%,,,,,,,,,,,,,xbrl,XBRL Operating margin Q3 FY2021,
unpaired_actual,VST,2021,,,,,,,,revenue,Revenue,,consolidated,,,,FY2021,SEC XBRL Revenue for FY2021: 12077000000 USD,$12077000000,,,,,,,,,,,,,xbrl,XBRL Revenue FY2021,
unpaired_actual,VST,2021,,,,,,,,operating_income,Operating income,,consolidated,,,,FY2021,SEC XBRL Operating Income for FY2021: -1515000000 USD,$-1515000000,,,,,,,,,,,,,xbrl,XBRL Operating Income FY2021,
unpaired_actual,VST,2021,,,,,,,,net_income,Net Income,,consolidated,,,,FY2021,SEC XBRL Net Income for FY2021: -1274000000 USD,$-1274000000,,,,,,,,,,,,,xbrl,XBRL Net Income FY2021,
unpaired_actual,VST,2021,,,,,,,,eps,Diluted EPS,,consolidated,,,,FY2021,SEC XBRL Diluted EPS for FY2021: -2.69 USD/share,$-2.69,,,,,,,,,,,,,xbrl,XBRL Diluted EPS FY2021,
unpaired_actual,VST,2021,,,,,,,,operating_cash_flow,Operating Cash Flow,,consolidated,,,,FY2021,SEC XBRL Operating Cash Flow for FY2021: -206000000 USD,$-206000000,,,,,,,,,,,,,xbrl,XBRL Operating Cash Flow FY2021,
unpaired_actual,VST,2021,,,,,,,,operating_margin,Operating margin,,consolidated,,,,FY2021,SEC XBRL derived Operating margin for FY2021: -12.5445% (-1515000000 / 12077000000),-12.5445%,,,,,,,,,,,,,xbrl,XBRL Operating margin FY2021,
unpaired_actual,VST,2021,,,,,,,,revenue,Revenue,,consolidated,,,,Q1 FY2022,SEC XBRL Revenue for Q1 FY2022: 3125000000 USD,$3125000000,,,,,,,,,,,,,xbrl,XBRL Revenue Q1 FY2022,
unpaired_actual,VST,2021,,,,,,,,operating_income,Operating income,,consolidated,,,,Q1 FY2022,SEC XBRL Operating Income for Q1 FY2022: -288000000 USD,$-288000000,,,,,,,,,,,,,xbrl,XBRL Operating Income Q1 FY2022,
unpaired_actual,VST,2021,,,,,,,,net_income,Net Income,,consolidated,,,,Q1 FY2022,SEC XBRL Net Income for Q1 FY2022: -285000000 USD,$-285000000,,,,,,,,,,,,,xbrl,XBRL Net Income Q1 FY2022,
unpaired_actual,VST,2021,,,,,,,,eps,Diluted EPS,,consolidated,,,,Q1 FY2022,SEC XBRL Diluted EPS for Q1 FY2022: -0.72 USD/share,$-0.72,,,,,,,,,,,,,xbrl,XBRL Diluted EPS Q1 FY2022,
unpaired_actual,VST,2021,,,,,,,,operating_cash_flow,Operating Cash Flow,,consolidated,,,,Q1 FY2022,SEC XBRL Operating Cash Flow for Q1 FY2022: 591000000 USD,$591000000,,,,,,,,,,,,,xbrl,XBRL Operating Cash Flow Q1 FY2022,
unpaired_actual,VST,2021,,,,,,,,capital_expenditure,Capital expenditure,,consolidated,,,,Q1 FY2022,SEC XBRL Capital Expenditures for Q1 FY2022: 373000000 USD,$373000000,,,,,,,,,,,,,xbrl,XBRL Capital Expenditures Q1 FY2022,
unpaired_actual,VST,2021,,,,,,,,operating_margin,Operating margin,,consolidated,,,,Q1 FY2022,SEC XBRL derived Operating margin for Q1 FY2022: -9.2160% (-288000000 / 3125000000),-9.2160%,,,,,,,,,,,,,xbrl,XBRL Operating margin Q1 FY2022,
unpaired_actual,VST,2021,,,,,,,,revenue,Revenue,,consolidated,,,,Q2 FY2022,SEC XBRL Revenue for Q2 FY2022: 1588000000 USD,$1588000000,,,,,,,,,,,,,xbrl,XBRL Revenue Q2 FY2022,
unpaired_actual,VST,2021,,,,,,,,operating_income,Operating income,,consolidated,,,,Q2 FY2022,SEC XBRL Operating Income for Q2 FY2022: -1683000000 USD,$-1683000000,,,,,,,,,,,,,xbrl,XBRL Operating Income Q2 FY2022,
unpaired_actual,VST,2021,,,,,,,,net_income,Net Income,,consolidated,,,,Q2 FY2022,SEC XBRL Net Income for Q2 FY2022: -1365000000 USD,$-1365000000,,,,,,,,,,,,,xbrl,XBRL Net Income Q2 FY2022,
unpaired_actual,VST,2021,,,,,,,,eps,Diluted EPS,,consolidated,,,,Q2 FY2022,SEC XBRL Diluted EPS for Q2 FY2022: -3.27 USD/share,$-3.27,,,,,,,,,,,,,xbrl,XBRL Diluted EPS Q2 FY2022,
unpaired_actual,VST,2021,,,,,,,,operating_cash_flow,Operating Cash Flow,,consolidated,,,,Q2 FY2022,SEC XBRL Operating Cash Flow for Q2 FY2022: -1314000000 USD,$-1314000000,,,,,,,,,,,,,xbrl,XBRL Operating Cash Flow Q2 FY2022,
unpaired_actual,VST,2021,,,,,,,,capital_expenditure,Capital expenditure,,consolidated,,,,Q2 FY2022,SEC XBRL Capital Expenditures for Q2 FY2022: 240000000 USD,$240000000,,,,,,,,,,,,,xbrl,XBRL Capital Expenditures Q2 FY2022,
unpaired_actual,VST,2021,,,,,,,,operating_margin,Operating margin,,consolidated,,,,Q2 FY2022,SEC XBRL derived Operating margin for Q2 FY2022: -105.9824% (-1683000000 / 1588000000),-105.9824%,,,,,,,,,,,,,xbrl,XBRL Operating margin Q2 FY2022,
unpaired_actual,VST,2021,,,,,,,,revenue,Revenue,,consolidated,,,,Q3 FY2022,SEC XBRL Revenue for Q3 FY2022: 5146000000 USD,$5146000000,,,,,,,,,,,,,xbrl,XBRL Revenue Q3 FY2022,
unpaired_actual,VST,2021,,,,,,,,operating_income,Operating income,,consolidated,,,,Q3 FY2022,SEC XBRL Operating Income for Q3 FY2022: 894000000 USD,$894000000,,,,,,,,,,,,,xbrl,XBRL Operating Income Q3 FY2022,
unpaired_actual,VST,2021,,,,,,,,net_income,Net Income,,consolidated,,,,Q3 FY2022,SEC XBRL Net Income for Q3 FY2022: 668000000 USD,$668000000,,,,,,,,,,,,,xbrl,XBRL Net Income Q3 FY2022,
unpaired_actual,VST,2021,,,,,,,,eps,Diluted EPS,,consolidated,,,,Q3 FY2022,SEC XBRL Diluted EPS for Q3 FY2022: 1.51 USD/share,$1.51,,,,,,,,,,,,,xbrl,XBRL Diluted EPS Q3 FY2022,
unpaired_actual,VST,2021,,,,,,,,operating_cash_flow,Operating Cash Flow,,consolidated,,,,Q3 FY2022,SEC XBRL Operating Cash Flow for Q3 FY2022: 815000000 USD,$815000000,,,,,,,,,,,,,xbrl,XBRL Operating Cash Flow Q3 FY2022,
unpaired_actual,VST,2021,,,,,,,,capital_expenditure,Capital expenditure,,consolidated,,,,Q3 FY2022,SEC XBRL Capital Expenditures for Q3 FY2022: 296000000 USD,$296000000,,,,,,,,,,,,,xbrl,XBRL Capital Expenditures Q3 FY2022,
unpaired_actual,VST,2021,,,,,,,,operating_margin,Operating margin,,consolidated,,,,Q3 FY2022,SEC XBRL derived Operating margin for Q3 FY2022: 17.3727% (894000000 / 5146000000),17.3727%,,,,,,,,,,,,,xbrl,XBRL Operating margin Q3 FY2022,
unpaired_actual,VST,2021,,,,,,,,revenue,Revenue,,consolidated,,,,FY2022,SEC XBRL Revenue for FY2022: 13728000000 USD,$13728000000,,,,,,,,,,,,,xbrl,XBRL Revenue FY2022,
unpaired_actual,VST,2021,,,,,,,,operating_income,Operating income,,consolidated,,,,FY2022,SEC XBRL Operating Income for FY2022: -1177000000 USD,$-1177000000,,,,,,,,,,,,,xbrl,XBRL Operating Income FY2022,
unpaired_actual,VST,2021,,,,,,,,net_income,Net Income,,consolidated,,,,FY2022,SEC XBRL Net Income for FY2022: -1227000000 USD,$-1227000000,,,,,,,,,,,,,xbrl,XBRL Net Income FY2022,
unpaired_actual,VST,2021,,,,,,,,eps,Diluted EPS,,consolidated,,,,FY2022,SEC XBRL Diluted EPS for FY2022: -3.26 USD/share,$-3.26,,,,,,,,,,,,,xbrl,XBRL Diluted EPS FY2022,
unpaired_actual,VST,2021,,,,,,,,operating_cash_flow,Operating Cash Flow,,consolidated,,,,FY2022,SEC XBRL Operating Cash Flow for FY2022: 485000000 USD,$485000000,,,,,,,,,,,,,xbrl,XBRL Operating Cash Flow FY2022,
unpaired_actual,VST,2021,,,,,,,,capital_expenditure,Capital expenditure,,consolidated,,,,FY2022,SEC XBRL Capital Expenditures for FY2022: 1301000000 USD,$1301000000,,,,,,,,,,,,,xbrl,XBRL Capital Expenditures FY2022,
unpaired_actual,VST,2021,,,,,,,,operating_margin,Operating margin,,consolidated,,,,FY2022,SEC XBRL derived Operating margin for FY2022: -8.5737% (-1177000000 / 13728000000),-8.5737%,,,,,,,,,,,,,xbrl,XBRL Operating margin FY2022,
